0	0
1.30605e-13	-0.000112657
2.61209e-13	-0.000112871
3.91814e-13	-0.000113086
5.22418e-13	-0.000113301
6.53023e-13	-0.000113516
7.83628e-13	-0.000113731
9.14232e-13	-0.000113946
1.04484e-12	-0.000114161
1.17544e-12	-0.000114377
1.30605e-12	-0.000114593
1.43665e-12	-0.000114809
1.56726e-12	-0.000115025
1.69786e-12	-0.000115241
1.82846e-12	-0.000115457
1.95907e-12	-0.000115674
2.08967e-12	-0.00011589
2.22028e-12	-0.000116107
2.35088e-12	-0.000116324
2.48149e-12	-0.000116541
2.61209e-12	-0.000116758
2.7427e-12	-0.000116976
2.8733e-12	-0.000117193
3.00391e-12	-0.000117411
3.13451e-12	-0.000117629
3.26512e-12	-0.000117847
3.39572e-12	-0.000118065
3.52632e-12	-0.000118283
3.65693e-12	-0.000118502
3.78753e-12	-0.00011872
3.91814e-12	-0.000118939
4.04874e-12	-0.000119158
4.17935e-12	-0.000119377
4.30995e-12	-0.000119596
4.44056e-12	-0.000119815
4.57116e-12	-0.000120035
4.70177e-12	-0.000120254
4.83237e-12	-0.000120474
4.96298e-12	-0.000120693
5.09358e-12	-0.000120913
5.22418e-12	-0.000121133
5.35479e-12	-0.000121353
5.48539e-12	-0.000121574
5.616e-12	-0.000121794
5.7466e-12	-0.000122015
5.87721e-12	-0.000122235
6.00781e-12	-0.000122456
6.13842e-12	-0.000122677
6.26902e-12	-0.000122898
6.39963e-12	-0.000123119
6.53023e-12	-0.00012334
6.66084e-12	-0.000123562
6.79144e-12	-0.000123783
6.92204e-12	-0.000124005
7.05265e-12	-0.000124227
7.18325e-12	-0.000124448
7.31386e-12	-0.00012467
7.44446e-12	-0.000124892
7.57507e-12	-0.000125114
7.70567e-12	-0.000125337
7.83628e-12	-0.000125559
7.96688e-12	-0.000125782
8.09749e-12	-0.000126004
8.22809e-12	-0.000126227
8.3587e-12	-0.00012645
8.4893e-12	-0.000126672
8.6199e-12	-0.000126895
8.75051e-12	-0.000127118
8.88111e-12	-0.000127342
9.01172e-12	-0.000127565
9.14232e-12	-0.000127788
9.27293e-12	-0.000128012
9.40353e-12	-0.000128235
9.53414e-12	-0.000128459
9.66474e-12	-0.000128683
9.79535e-12	-0.000128906
9.92595e-12	-0.00012913
1.00566e-11	-0.000129354
1.01872e-11	-0.000129578
1.03178e-11	-0.000129802
1.04484e-11	-0.000130027
1.0579e-11	-0.000130251
1.07096e-11	-0.000130475
1.08402e-11	-0.0001307
1.09708e-11	-0.000130924
1.11014e-11	-0.000131149
1.1232e-11	-0.000131374
1.13626e-11	-0.000131598
1.14932e-11	-0.000131823
1.16238e-11	-0.000132048
1.17544e-11	-0.000132273
1.1885e-11	-0.000132498
1.20156e-11	-0.000132723
1.21462e-11	-0.000132949
1.22768e-11	-0.000133174
1.24074e-11	-0.000133399
1.2538e-11	-0.000133624
1.26686e-11	-0.00013385
1.27993e-11	-0.000134075
1.29299e-11	-0.000134301
1.30605e-11	-0.000134526
1.31911e-11	-0.000134752
1.33217e-11	-0.000134978
1.34523e-11	-0.000135203
1.35829e-11	-0.000135429
1.37135e-11	-0.000135655
1.38441e-11	-0.000135881
1.39747e-11	-0.000136107
1.41053e-11	-0.000136333
1.42359e-11	-0.000136559
1.43665e-11	-0.000136785
1.44971e-11	-0.000137011
1.46277e-11	-0.000137237
1.47583e-11	-0.000137463
1.48889e-11	-0.00013769
1.50195e-11	-0.000137916
1.51501e-11	-0.000138142
1.52807e-11	-0.000138368
1.54113e-11	-0.000138595
1.55419e-11	-0.000138821
1.56726e-11	-0.000139047
1.58032e-11	-0.000139274
1.59338e-11	-0.0001395
1.60644e-11	-0.000139727
1.6195e-11	-0.000139953
1.63256e-11	-0.00014018
1.64562e-11	-0.000140406
1.65868e-11	-0.000140633
1.67174e-11	-0.000140859
1.6848e-11	-0.000141086
1.69786e-11	-0.000141312
1.71092e-11	-0.000141539
1.72398e-11	-0.000141765
1.73704e-11	-0.000141992
1.7501e-11	-0.000142218
1.76316e-11	-0.000142445
1.77622e-11	-0.000142672
1.78928e-11	-0.000142898
1.80234e-11	-0.000143125
1.8154e-11	-0.000143351
1.82846e-11	-0.000143578
1.84153e-11	-0.000143804
1.85459e-11	-0.000144031
1.86765e-11	-0.000144257
1.88071e-11	-0.000144484
1.89377e-11	-0.00014471
1.90683e-11	-0.000144937
1.91989e-11	-0.000145163
1.93295e-11	-0.00014539
1.94601e-11	-0.000145616
1.95907e-11	-0.000145842
1.97213e-11	-0.000146069
1.98519e-11	-0.000146295
1.99825e-11	-0.000146521
2.01131e-11	-0.000146748
2.02437e-11	-0.000146974
2.03743e-11	-0.0001472
2.05049e-11	-0.000147426
2.06355e-11	-0.000147652
2.07661e-11	-0.000147878
2.08967e-11	-0.000148104
2.10273e-11	-0.00014833
2.11579e-11	-0.000148556
2.12886e-11	-0.000148782
2.14192e-11	-0.000149008
2.15498e-11	-0.000149234
2.16804e-11	-0.000149459
2.1811e-11	-0.000149685
2.19416e-11	-0.000149911
2.20722e-11	-0.000150136
2.22028e-11	-0.000150362
2.23334e-11	-0.000150587
2.2464e-11	-0.000150813
2.25946e-11	-0.000151038
2.27252e-11	-0.000151263
2.28558e-11	-0.000151488
2.29864e-11	-0.000151713
2.3117e-11	-0.000151938
2.32476e-11	-0.000152163
2.33782e-11	-0.000152388
2.35088e-11	-0.000152613
2.36394e-11	-0.000152838
2.377e-11	-0.000153062
2.39006e-11	-0.000153287
2.40312e-11	-0.000153511
2.41619e-11	-0.000153736
2.42925e-11	-0.00015396
2.44231e-11	-0.000154184
2.45537e-11	-0.000154408
2.46843e-11	-0.000154632
2.48149e-11	-0.000154856
2.49455e-11	-0.00015508
2.50761e-11	-0.000155303
2.52067e-11	-0.000155527
2.53373e-11	-0.00015575
2.54679e-11	-0.000155973
2.55985e-11	-0.000156197
2.57291e-11	-0.00015642
2.58597e-11	-0.000156643
2.59903e-11	-0.000156866
2.61209e-11	-0.000157088
2.62515e-11	-0.000157311
2.63821e-11	-0.000157533
2.65127e-11	-0.000157756
2.66433e-11	-0.000157978
2.67739e-11	-0.0001582
2.69046e-11	-0.000158422
2.70352e-11	-0.000158644
2.71658e-11	-0.000158865
2.72964e-11	-0.000159087
2.7427e-11	-0.000159308
2.75576e-11	-0.000159529
2.76882e-11	-0.00015975
2.78188e-11	-0.000159971
2.79494e-11	-0.000160192
2.808e-11	-0.000160413
2.82106e-11	-0.000160633
2.83412e-11	-0.000160853
2.84718e-11	-0.000161074
2.86024e-11	-0.000161293
2.8733e-11	-0.000161513
2.88636e-11	-0.000161733
2.89942e-11	-0.000161952
2.91248e-11	-0.000162172
2.92554e-11	-0.000162391
2.9386e-11	-0.00016261
2.95166e-11	-0.000162828
2.96472e-11	-0.000163047
2.97779e-11	-0.000163265
2.99085e-11	-0.000163483
3.00391e-11	-0.000163701
3.01697e-11	-0.000163919
3.03003e-11	-0.000164137
3.04309e-11	-0.000164354
3.05615e-11	-0.000164571
3.06921e-11	-0.000164788
3.08227e-11	-0.000165005
3.09533e-11	-0.000165221
3.10839e-11	-0.000165438
3.12145e-11	-0.000165654
3.13451e-11	-0.00016587
3.14757e-11	-0.000166086
3.16063e-11	-0.000166301
3.17369e-11	-0.000166516
3.18675e-11	-0.000166731
3.19981e-11	-0.000166946
3.21287e-11	-0.000167161
3.22593e-11	-0.000167375
3.23899e-11	-0.000167589
3.25205e-11	-0.000167803
3.26512e-11	-0.000168016
3.27818e-11	-0.00016823
3.29124e-11	-0.000168443
3.3043e-11	-0.000168656
3.31736e-11	-0.000168868
3.33042e-11	-0.000169081
3.34348e-11	-0.000169293
3.35654e-11	-0.000169504
3.3696e-11	-0.000169716
3.38266e-11	-0.000169927
3.39572e-11	-0.000170138
3.40878e-11	-0.000170349
3.42184e-11	-0.00017056
3.4349e-11	-0.00017077
3.44796e-11	-0.00017098
3.46102e-11	-0.000171189
3.47408e-11	-0.000171399
3.48714e-11	-0.000171608
3.5002e-11	-0.000171816
3.51326e-11	-0.000172025
3.52632e-11	-0.000172233
3.53939e-11	-0.000172441
3.55245e-11	-0.000172648
3.56551e-11	-0.000172856
3.57857e-11	-0.000173063
3.59163e-11	-0.000173269
3.60469e-11	-0.000173475
3.61775e-11	-0.000173681
3.63081e-11	-0.000173887
3.64387e-11	-0.000174093
3.65693e-11	-0.000174298
3.66999e-11	-0.000174502
3.68305e-11	-0.000174707
3.69611e-11	-0.000174911
3.70917e-11	-0.000175114
3.72223e-11	-0.000175318
3.73529e-11	-0.000175521
3.74835e-11	-0.000175723
3.76141e-11	-0.000175926
3.77447e-11	-0.000176128
3.78753e-11	-0.000176329
3.80059e-11	-0.00017653
3.81365e-11	-0.000176731
3.82672e-11	-0.000176932
3.83978e-11	-0.000177132
3.85284e-11	-0.000177332
3.8659e-11	-0.000177531
3.87896e-11	-0.00017773
3.89202e-11	-0.000177929
3.90508e-11	-0.000178127
3.91814e-11	-0.000178325
3.9312e-11	-0.000178522
3.94426e-11	-0.000178719
3.95732e-11	-0.000178916
3.97038e-11	-0.000179112
3.98344e-11	-0.000179308
3.9965e-11	-0.000179503
4.00956e-11	-0.000179699
4.02262e-11	-0.000179893
4.03568e-11	-0.000180087
4.04874e-11	-0.000180281
4.0618e-11	-0.000180475
4.07486e-11	-0.000180668
4.08792e-11	-0.00018086
4.10098e-11	-0.000181052
4.11405e-11	-0.000181244
4.12711e-11	-0.000181435
4.14017e-11	-0.000181626
4.15323e-11	-0.000181816
4.16629e-11	-0.000182006
4.17935e-11	-0.000182195
4.19241e-11	-0.000182384
4.20547e-11	-0.000182573
4.21853e-11	-0.000182761
4.23159e-11	-0.000182948
4.24465e-11	-0.000183136
4.25771e-11	-0.000183322
4.27077e-11	-0.000183508
4.28383e-11	-0.000183694
4.29689e-11	-0.000183879
4.30995e-11	-0.000184064
4.32301e-11	-0.000184248
4.33607e-11	-0.000184432
4.34913e-11	-0.000184615
4.36219e-11	-0.000184798
4.37525e-11	-0.00018498
4.38832e-11	-0.000185162
4.40138e-11	-0.000185343
4.41444e-11	-0.000185524
4.4275e-11	-0.000185704
4.44056e-11	-0.000185883
4.45362e-11	-0.000186063
4.46668e-11	-0.000186241
4.47974e-11	-0.000186419
4.4928e-11	-0.000186597
4.50586e-11	-0.000186774
4.51892e-11	-0.00018695
4.53198e-11	-0.000187126
4.54504e-11	-0.000187301
4.5581e-11	-0.000187476
4.57116e-11	-0.00018765
4.58422e-11	-0.000187824
4.59728e-11	-0.000187997
4.61034e-11	-0.000188169
4.6234e-11	-0.000188341
4.63646e-11	-0.000188513
4.64952e-11	-0.000188683
4.66258e-11	-0.000188854
4.67565e-11	-0.000189023
4.68871e-11	-0.000189192
4.70177e-11	-0.000189361
4.71483e-11	-0.000189528
4.72789e-11	-0.000189696
4.74095e-11	-0.000189862
4.75401e-11	-0.000190028
4.76707e-11	-0.000190194
4.78013e-11	-0.000190358
4.79319e-11	-0.000190522
4.80625e-11	-0.000190686
4.81931e-11	-0.000190849
4.83237e-11	-0.000191011
4.84543e-11	-0.000191173
4.85849e-11	-0.000191334
4.87155e-11	-0.000191494
4.88461e-11	-0.000191653
4.89767e-11	-0.000191812
4.91073e-11	-0.000191971
4.92379e-11	-0.000192128
4.93685e-11	-0.000192285
4.94991e-11	-0.000192442
4.96298e-11	-0.000192597
4.97604e-11	-0.000192752
4.9891e-11	-0.000192907
5.00216e-11	-0.00019306
5.01522e-11	-0.000193213
5.02828e-11	-0.000193365
5.04134e-11	-0.000193517
5.0544e-11	-0.000193668
5.06746e-11	-0.000193818
5.08052e-11	-0.000193967
5.09358e-11	-0.000194116
5.10664e-11	-0.000194264
5.1197e-11	-0.000194411
5.13276e-11	-0.000194557
5.14582e-11	-0.000194703
5.15888e-11	-0.000194848
5.17194e-11	-0.000194992
5.185e-11	-0.000195136
5.19806e-11	-0.000195278
5.21112e-11	-0.00019542
5.22418e-11	-0.000195562
5.23725e-11	-0.000195702
5.25031e-11	-0.000195842
5.26337e-11	-0.000195981
5.27643e-11	-0.000196119
5.28949e-11	-0.000196256
5.30255e-11	-0.000196393
5.31561e-11	-0.000196528
5.32867e-11	-0.000196663
5.34173e-11	-0.000196798
5.35479e-11	-0.000196931
5.36785e-11	-0.000197063
5.38091e-11	-0.000197195
5.39397e-11	-0.000197326
5.40703e-11	-0.000197456
5.42009e-11	-0.000197585
5.43315e-11	-0.000197714
5.44621e-11	-0.000197842
5.45927e-11	-0.000197968
5.47233e-11	-0.000198094
5.48539e-11	-0.000198219
5.49845e-11	-0.000198343
5.51151e-11	-0.000198467
5.52458e-11	-0.000198589
5.53764e-11	-0.000198711
5.5507e-11	-0.000198832
5.56376e-11	-0.000198951
5.57682e-11	-0.00019907
5.58988e-11	-0.000199188
5.60294e-11	-0.000199306
5.616e-11	-0.000199422
5.62906e-11	-0.000199537
5.64212e-11	-0.000199652
5.65518e-11	-0.000199765
5.66824e-11	-0.000199878
5.6813e-11	-0.00019999
5.69436e-11	-0.000200101
5.70742e-11	-0.00020021
5.72048e-11	-0.000200319
5.73354e-11	-0.000200427
5.7466e-11	-0.000200534
5.75966e-11	-0.00020064
5.77272e-11	-0.000200746
5.78578e-11	-0.00020085
5.79884e-11	-0.000200953
5.81191e-11	-0.000201055
5.82497e-11	-0.000201156
5.83803e-11	-0.000201257
5.85109e-11	-0.000201356
5.86415e-11	-0.000201454
5.87721e-11	-0.000201552
5.89027e-11	-0.000201648
5.90333e-11	-0.000201743
5.91639e-11	-0.000201837
5.92945e-11	-0.000201931
5.94251e-11	-0.000202023
5.95557e-11	-0.000202114
5.96863e-11	-0.000202204
5.98169e-11	-0.000202293
5.99475e-11	-0.000202382
6.00781e-11	-0.000202469
6.02087e-11	-0.000202555
6.03393e-11	-0.000202639
6.04699e-11	-0.000202723
6.06005e-11	-0.000202806
6.07311e-11	-0.000202888
6.08618e-11	-0.000202969
6.09924e-11	-0.000203048
6.1123e-11	-0.000203127
6.12536e-11	-0.000203204
6.13842e-11	-0.00020328
6.15148e-11	-0.000203355
6.16454e-11	-0.000203429
6.1776e-11	-0.000203502
6.19066e-11	-0.000203574
6.20372e-11	-0.000203645
6.21678e-11	-0.000203714
6.22984e-11	-0.000203783
6.2429e-11	-0.00020385
6.25596e-11	-0.000203916
6.26902e-11	-0.000203981
6.28208e-11	-0.000204045
6.29514e-11	-0.000204108
6.3082e-11	-0.000204169
6.32126e-11	-0.000204229
6.33432e-11	-0.000204289
6.34738e-11	-0.000204347
6.36044e-11	-0.000204403
6.37351e-11	-0.000204459
6.38657e-11	-0.000204513
6.39963e-11	-0.000204566
6.41269e-11	-0.000204618
6.42575e-11	-0.000204669
6.43881e-11	-0.000204718
6.45187e-11	-0.000204766
6.46493e-11	-0.000204813
6.47799e-11	-0.000204859
6.49105e-11	-0.000204904
6.50411e-11	-0.000204947
6.51717e-11	-0.000204989
6.53023e-11	-0.000205029
6.54329e-11	-0.000205069
6.55635e-11	-0.000205107
6.56941e-11	-0.000205144
6.58247e-11	-0.000205179
6.59553e-11	-0.000205214
6.60859e-11	-0.000205247
6.62165e-11	-0.000205278
6.63471e-11	-0.000205309
6.64777e-11	-0.000205338
6.66084e-11	-0.000205365
6.6739e-11	-0.000205392
6.68696e-11	-0.000205417
6.70002e-11	-0.00020544
6.71308e-11	-0.000205463
6.72614e-11	-0.000205484
6.7392e-11	-0.000205503
6.75226e-11	-0.000205521
6.76532e-11	-0.000205538
6.77838e-11	-0.000205554
6.79144e-11	-0.000205568
6.8045e-11	-0.00020558
6.81756e-11	-0.000205592
6.83062e-11	-0.000205601
6.84368e-11	-0.00020561
6.85674e-11	-0.000205617
6.8698e-11	-0.000205623
6.88286e-11	-0.000205627
6.89592e-11	-0.000205629
6.90898e-11	-0.000205631
6.92204e-11	-0.000205631
6.93511e-11	-0.000205629
6.94817e-11	-0.000205626
6.96123e-11	-0.000205621
6.97429e-11	-0.000205615
6.98735e-11	-0.000205608
7.00041e-11	-0.000205599
7.01347e-11	-0.000205588
7.02653e-11	-0.000205576
7.03959e-11	-0.000205563
7.05265e-11	-0.000205548
7.06571e-11	-0.000205531
7.07877e-11	-0.000205513
7.09183e-11	-0.000205494
7.10489e-11	-0.000205473
7.11795e-11	-0.00020545
7.13101e-11	-0.000205426
7.14407e-11	-0.0002054
7.15713e-11	-0.000205372
7.17019e-11	-0.000205343
7.18325e-11	-0.000205313
7.19631e-11	-0.000205281
7.20937e-11	-0.000205247
7.22244e-11	-0.000205212
7.2355e-11	-0.000205175
7.24856e-11	-0.000205136
7.26162e-11	-0.000205096
7.27468e-11	-0.000205054
7.28774e-11	-0.000205011
7.3008e-11	-0.000204966
7.31386e-11	-0.000204919
7.32692e-11	-0.000204871
7.33998e-11	-0.000204821
7.35304e-11	-0.000204769
7.3661e-11	-0.000204716
7.37916e-11	-0.000204661
7.39222e-11	-0.000204604
7.40528e-11	-0.000204546
7.41834e-11	-0.000204486
7.4314e-11	-0.000204424
7.44446e-11	-0.00020436
7.45752e-11	-0.000204295
7.47058e-11	-0.000204228
7.48364e-11	-0.000204159
7.4967e-11	-0.000204089
7.50977e-11	-0.000204017
7.52283e-11	-0.000203943
7.53589e-11	-0.000203867
7.54895e-11	-0.000203789
7.56201e-11	-0.00020371
7.57507e-11	-0.000203629
7.58813e-11	-0.000203546
7.60119e-11	-0.000203461
7.61425e-11	-0.000203375
7.62731e-11	-0.000203286
7.64037e-11	-0.000203196
7.65343e-11	-0.000203104
7.66649e-11	-0.00020301
7.67955e-11	-0.000202915
7.69261e-11	-0.000202817
7.70567e-11	-0.000202718
7.71873e-11	-0.000202617
7.73179e-11	-0.000202513
7.74485e-11	-0.000202408
7.75791e-11	-0.000202302
7.77097e-11	-0.000202193
7.78404e-11	-0.000202082
7.7971e-11	-0.000201969
7.81016e-11	-0.000201855
7.82322e-11	-0.000201738
7.83628e-11	-0.00020162
7.84934e-11	-0.0002015
7.8624e-11	-0.000201377
7.87546e-11	-0.000201253
7.88852e-11	-0.000201127
7.90158e-11	-0.000200999
7.91464e-11	-0.000200869
7.9277e-11	-0.000200736
7.94076e-11	-0.000200602
7.95382e-11	-0.000200466
7.96688e-11	-0.000200328
7.97994e-11	-0.000200188
7.993e-11	-0.000200046
8.00606e-11	-0.000199901
8.01912e-11	-0.000199755
8.03218e-11	-0.000199607
8.04524e-11	-0.000199456
8.0583e-11	-0.000199304
8.07137e-11	-0.000199149
8.08443e-11	-0.000198993
8.09749e-11	-0.000198834
8.11055e-11	-0.000198673
8.12361e-11	-0.00019851
8.13667e-11	-0.000198345
8.14973e-11	-0.000198178
8.16279e-11	-0.000198009
8.17585e-11	-0.000197838
8.18891e-11	-0.000197664
8.20197e-11	-0.000197488
8.21503e-11	-0.00019731
8.22809e-11	-0.00019713
8.24115e-11	-0.000196948
8.25421e-11	-0.000196764
8.26727e-11	-0.000196577
8.28033e-11	-0.000196388
8.29339e-11	-0.000196197
8.30645e-11	-0.000196004
8.31951e-11	-0.000195809
8.33257e-11	-0.000195611
8.34563e-11	-0.000195411
8.3587e-11	-0.000195209
8.37176e-11	-0.000195004
8.38482e-11	-0.000194798
8.39788e-11	-0.000194589
8.41094e-11	-0.000194377
8.424e-11	-0.000194164
8.43706e-11	-0.000193948
8.45012e-11	-0.00019373
8.46318e-11	-0.000193509
8.47624e-11	-0.000193287
8.4893e-11	-0.000193061
8.50236e-11	-0.000192834
8.51542e-11	-0.000192604
8.52848e-11	-0.000192372
8.54154e-11	-0.000192137
8.5546e-11	-0.0001919
8.56766e-11	-0.000191661
8.58072e-11	-0.000191419
8.59378e-11	-0.000191175
8.60684e-11	-0.000190928
8.6199e-11	-0.000190679
8.63296e-11	-0.000190428
8.64603e-11	-0.000190174
8.65909e-11	-0.000189918
8.67215e-11	-0.000189659
8.68521e-11	-0.000189398
8.69827e-11	-0.000189134
8.71133e-11	-0.000188868
8.72439e-11	-0.000188599
8.73745e-11	-0.000188328
8.75051e-11	-0.000188054
8.76357e-11	-0.000187778
8.77663e-11	-0.000187499
8.78969e-11	-0.000187218
8.80275e-11	-0.000186934
8.81581e-11	-0.000186648
8.82887e-11	-0.000186359
8.84193e-11	-0.000186068
8.85499e-11	-0.000185774
8.86805e-11	-0.000185477
8.88111e-11	-0.000185178
8.89417e-11	-0.000184876
8.90723e-11	-0.000184571
8.9203e-11	-0.000184264
8.93336e-11	-0.000183954
8.94642e-11	-0.000183642
8.95948e-11	-0.000183327
8.97254e-11	-0.000183009
8.9856e-11	-0.000182689
8.99866e-11	-0.000182366
9.01172e-11	-0.00018204
9.02478e-11	-0.000181711
9.03784e-11	-0.00018138
9.0509e-11	-0.000181046
9.06396e-11	-0.00018071
9.07702e-11	-0.00018037
9.09008e-11	-0.000180028
9.10314e-11	-0.000179683
9.1162e-11	-0.000179336
9.12926e-11	-0.000178985
9.14232e-11	-0.000178632
9.15538e-11	-0.000178276
9.16844e-11	-0.000177917
9.1815e-11	-0.000177556
9.19456e-11	-0.000177191
9.20763e-11	-0.000176824
9.22069e-11	-0.000176454
9.23375e-11	-0.000176081
9.24681e-11	-0.000175705
9.25987e-11	-0.000175326
9.27293e-11	-0.000174945
9.28599e-11	-0.00017456
9.29905e-11	-0.000174173
9.31211e-11	-0.000173783
9.32517e-11	-0.00017339
9.33823e-11	-0.000172993
9.35129e-11	-0.000172594
9.36435e-11	-0.000172192
9.37741e-11	-0.000171787
9.39047e-11	-0.000171379
9.40353e-11	-0.000170968
9.41659e-11	-0.000170555
9.42965e-11	-0.000170138
9.44271e-11	-0.000169718
9.45577e-11	-0.000169295
9.46883e-11	-0.000168869
9.48189e-11	-0.00016844
9.49496e-11	-0.000168008
9.50802e-11	-0.000167573
9.52108e-11	-0.000167134
9.53414e-11	-0.000166693
9.5472e-11	-0.000166249
9.56026e-11	-0.000165801
9.57332e-11	-0.000165351
9.58638e-11	-0.000164897
9.59944e-11	-0.00016444
9.6125e-11	-0.00016398
9.62556e-11	-0.000163517
9.63862e-11	-0.000163051
9.65168e-11	-0.000162581
9.66474e-11	-0.000162109
9.6778e-11	-0.000161633
9.69086e-11	-0.000161154
9.70392e-11	-0.000160672
9.71698e-11	-0.000160186
9.73004e-11	-0.000159697
9.7431e-11	-0.000159206
9.75616e-11	-0.00015871
9.76923e-11	-0.000158212
9.78229e-11	-0.00015771
9.79535e-11	-0.000157205
9.80841e-11	-0.000156697
9.82147e-11	-0.000156185
9.83453e-11	-0.00015567
9.84759e-11	-0.000155152
9.86065e-11	-0.00015463
9.87371e-11	-0.000154105
9.88677e-11	-0.000153577
9.89983e-11	-0.000153045
9.91289e-11	-0.00015251
9.92595e-11	-0.000151972
9.93901e-11	-0.00015143
9.95207e-11	-0.000150885
9.96513e-11	-0.000150336
9.97819e-11	-0.000149784
9.99125e-11	-0.000149228
1.00043e-10	-0.000148669
1.00174e-10	-0.000148106
1.00304e-10	-0.00014754
1.00435e-10	-0.000146971
1.00566e-10	-0.000146398
1.00696e-10	-0.000145821
1.00827e-10	-0.000145241
1.00957e-10	-0.000144658
1.01088e-10	-0.000144071
1.01219e-10	-0.00014348
1.01349e-10	-0.000142886
1.0148e-10	-0.000142288
1.0161e-10	-0.000141686
1.01741e-10	-0.000141081
1.01872e-10	-0.000140473
1.02002e-10	-0.00013986
1.02133e-10	-0.000139245
1.02263e-10	-0.000138625
1.02394e-10	-0.000138002
1.02525e-10	-0.000137375
1.02655e-10	-0.000136744
1.02786e-10	-0.00013611
1.02916e-10	-0.000135472
1.03047e-10	-0.00013483
1.03178e-10	-0.000134185
1.03308e-10	-0.000133536
1.03439e-10	-0.000132883
1.03569e-10	-0.000132226
1.037e-10	-0.000131566
1.03831e-10	-0.000130902
1.03961e-10	-0.000130234
1.04092e-10	-0.000129562
1.04222e-10	-0.000128886
1.04353e-10	-0.000128207
1.04484e-10	-0.000127524
1.04614e-10	-0.000126836
1.04745e-10	-0.000126145
1.04876e-10	-0.000125451
1.05006e-10	-0.000124752
1.05137e-10	-0.000124049
1.05267e-10	-0.000123342
1.05398e-10	-0.000122632
1.05529e-10	-0.000121918
1.05659e-10	-0.000121199
1.0579e-10	-0.000120477
1.0592e-10	-0.00011975
1.06051e-10	-0.00011902
1.06182e-10	-0.000118286
1.06312e-10	-0.000117547
1.06443e-10	-0.000116805
1.06573e-10	-0.000116059
1.06704e-10	-0.000115308
1.06835e-10	-0.000114554
1.06965e-10	-0.000113795
1.07096e-10	-0.000113033
1.07226e-10	-0.000112266
1.07357e-10	-0.000111495
1.07488e-10	-0.00011072
1.07618e-10	-0.000109941
1.07749e-10	-0.000109158
1.07879e-10	-0.000108371
1.0801e-10	-0.000107579
1.08141e-10	-0.000106783
1.08271e-10	-0.000105983
1.08402e-10	-0.000105179
1.08532e-10	-0.000104371
1.08663e-10	-0.000103559
1.08794e-10	-0.000102742
1.08924e-10	-0.000101921
1.09055e-10	-0.000101095
1.09185e-10	-0.000100266
1.09316e-10	-9.94321e-05
1.09447e-10	-9.85939e-05
1.09577e-10	-9.77514e-05
1.09708e-10	-9.69046e-05
1.09838e-10	-9.60535e-05
1.09969e-10	-9.5198e-05
1.101e-10	-9.43382e-05
1.1023e-10	-9.34739e-05
1.10361e-10	-9.26053e-05
1.10492e-10	-9.17323e-05
1.10622e-10	-9.08549e-05
1.10753e-10	-8.9973e-05
1.10883e-10	-8.90867e-05
1.11014e-10	-8.81959e-05
1.11145e-10	-8.73007e-05
1.11275e-10	-8.6401e-05
1.11406e-10	-8.54968e-05
1.11536e-10	-8.45881e-05
1.11667e-10	-8.36749e-05
1.11798e-10	-8.27571e-05
1.11928e-10	-8.18348e-05
1.12059e-10	-8.0908e-05
1.12189e-10	-7.99765e-05
1.1232e-10	-7.90405e-05
1.12451e-10	-7.80999e-05
1.12581e-10	-7.71547e-05
1.12712e-10	-7.62049e-05
1.12842e-10	-7.52504e-05
1.12973e-10	-7.42913e-05
1.13104e-10	-7.33275e-05
1.13234e-10	-7.23591e-05
1.13365e-10	-7.13859e-05
1.13495e-10	-7.04081e-05
1.13626e-10	-6.94256e-05
1.13757e-10	-6.84383e-05
1.13887e-10	-6.74462e-05
1.14018e-10	-6.64495e-05
1.14148e-10	-6.54479e-05
1.14279e-10	-6.44416e-05
1.1441e-10	-6.34305e-05
1.1454e-10	-6.24146e-05
1.14671e-10	-6.13938e-05
1.14801e-10	-6.03682e-05
1.14932e-10	-5.93378e-05
1.15063e-10	-5.83025e-05
1.15193e-10	-5.72623e-05
1.15324e-10	-5.62173e-05
1.15454e-10	-5.51673e-05
1.15585e-10	-5.41124e-05
1.15716e-10	-5.30526e-05
1.15846e-10	-5.19879e-05
1.15977e-10	-5.09182e-05
1.16108e-10	-4.98435e-05
1.16238e-10	-4.87639e-05
1.16369e-10	-4.76792e-05
1.16499e-10	-4.65895e-05
1.1663e-10	-4.54948e-05
1.16761e-10	-4.43951e-05
1.16891e-10	-4.32903e-05
1.17022e-10	-4.21805e-05
1.17152e-10	-4.10655e-05
1.17283e-10	-3.99455e-05
1.17414e-10	-3.88204e-05
1.17544e-10	-3.76901e-05
1.17675e-10	-3.65547e-05
1.17805e-10	-3.54142e-05
1.17936e-10	-3.42685e-05
1.18067e-10	-3.31176e-05
1.18197e-10	-3.19615e-05
1.18328e-10	-3.08002e-05
1.18458e-10	-2.96337e-05
1.18589e-10	-2.8462e-05
1.1872e-10	-2.7285e-05
1.1885e-10	-2.61027e-05
1.18981e-10	-2.49152e-05
1.19111e-10	-2.37223e-05
1.19242e-10	-2.25242e-05
1.19373e-10	-2.13208e-05
1.19503e-10	-2.0112e-05
1.19634e-10	-1.88978e-05
1.19764e-10	-1.76783e-05
1.19895e-10	-1.64535e-05
1.20026e-10	-1.52232e-05
1.20156e-10	-1.39875e-05
1.20287e-10	-1.27464e-05
1.20417e-10	-1.14999e-05
1.20548e-10	-1.02479e-05
1.20679e-10	-8.99045e-06
1.20809e-10	-7.72753e-06
1.2094e-10	-6.45911e-06
1.2107e-10	-5.18518e-06
1.21201e-10	-3.90574e-06
1.21332e-10	-2.62075e-06
1.21462e-10	-1.33021e-06
1.21593e-10	-3.41082e-08
1.21724e-10	1.26758e-06
1.21854e-10	2.57486e-06
1.21985e-10	3.88775e-06
1.22115e-10	5.20627e-06
1.22246e-10	6.53043e-06
1.22377e-10	7.86024e-06
1.22507e-10	9.19572e-06
1.22638e-10	1.05369e-05
1.22768e-10	1.18838e-05
1.22899e-10	1.32363e-05
1.2303e-10	1.45946e-05
1.2316e-10	1.59587e-05
1.23291e-10	1.73285e-05
1.23421e-10	1.87041e-05
1.23552e-10	2.00855e-05
1.23683e-10	2.14727e-05
1.23813e-10	2.28657e-05
1.23944e-10	2.42645e-05
1.24074e-10	2.56692e-05
1.24205e-10	2.70797e-05
1.24336e-10	2.84962e-05
1.24466e-10	2.99185e-05
1.24597e-10	3.13467e-05
1.24727e-10	3.27809e-05
1.24858e-10	3.4221e-05
1.24989e-10	3.56671e-05
1.25119e-10	3.71191e-05
1.2525e-10	3.85771e-05
1.2538e-10	4.00411e-05
1.25511e-10	4.15112e-05
1.25642e-10	4.29872e-05
1.25772e-10	4.44694e-05
1.25903e-10	4.59575e-05
1.26033e-10	4.74518e-05
1.26164e-10	4.89522e-05
1.26295e-10	5.04586e-05
1.26425e-10	5.19712e-05
1.26556e-10	5.349e-05
1.26686e-10	5.50149e-05
1.26817e-10	5.65459e-05
1.26948e-10	5.80832e-05
1.27078e-10	5.96266e-05
1.27209e-10	6.11763e-05
1.27339e-10	6.27322e-05
1.2747e-10	6.42944e-05
1.27601e-10	6.58628e-05
1.27731e-10	6.74375e-05
1.27862e-10	6.90185e-05
1.27993e-10	7.06058e-05
1.28123e-10	7.21995e-05
1.28254e-10	7.37995e-05
1.28384e-10	7.54058e-05
1.28515e-10	7.70186e-05
1.28646e-10	7.86377e-05
1.28776e-10	8.02632e-05
1.28907e-10	8.18952e-05
1.29037e-10	8.35336e-05
1.29168e-10	8.51785e-05
1.29299e-10	8.68298e-05
1.29429e-10	8.84876e-05
1.2956e-10	9.0152e-05
1.2969e-10	9.18228e-05
1.29821e-10	9.35002e-05
1.29952e-10	9.51841e-05
1.30082e-10	9.68747e-05
1.30213e-10	9.85718e-05
1.30343e-10	0.000100275
1.30474e-10	0.000101986
1.30605e-10	0.000103703
1.30735e-10	0.000105426
1.30866e-10	0.000107157
1.30996e-10	0.000108894
1.31127e-10	0.000110637
1.31258e-10	0.000112388
1.31388e-10	0.000114145
1.31519e-10	0.000115909
1.31649e-10	0.000117679
1.3178e-10	0.000119457
1.31911e-10	0.000121241
1.32041e-10	0.000123032
1.32172e-10	0.00012483
1.32302e-10	0.000126634
1.32433e-10	0.000128446
1.32564e-10	0.000130264
1.32694e-10	0.00013209
1.32825e-10	0.000133922
1.32955e-10	0.000135761
1.33086e-10	0.000137607
1.33217e-10	0.00013946
1.33347e-10	0.000141321
1.33478e-10	0.000143188
1.33609e-10	0.000145062
1.33739e-10	0.000146943
1.3387e-10	0.000148831
1.34e-10	0.000150726
1.34131e-10	0.000152629
1.34262e-10	0.000154538
1.34392e-10	0.000156455
1.34523e-10	0.000158378
1.34653e-10	0.000160309
1.34784e-10	0.000162247
1.34915e-10	0.000164192
1.35045e-10	0.000166145
1.35176e-10	0.000168104
1.35306e-10	0.000170071
1.35437e-10	0.000172045
1.35568e-10	0.000174027
1.35698e-10	0.000176015
1.35829e-10	0.000178011
1.35959e-10	0.000180015
1.3609e-10	0.000182025
1.36221e-10	0.000184043
1.36351e-10	0.000186068
1.36482e-10	0.000188101
1.36612e-10	0.000190141
1.36743e-10	0.000192189
1.36874e-10	0.000194244
1.37004e-10	0.000196306
1.37135e-10	0.000198376
1.37265e-10	0.000200454
1.37396e-10	0.000202539
1.37527e-10	0.000204631
1.37657e-10	0.000206731
1.37788e-10	0.000208839
1.37918e-10	0.000210954
1.38049e-10	0.000213077
1.3818e-10	0.000215207
1.3831e-10	0.000217345
1.38441e-10	0.000219491
1.38571e-10	0.000221644
1.38702e-10	0.000223805
1.38833e-10	0.000225974
1.38963e-10	0.000228151
1.39094e-10	0.000230335
1.39225e-10	0.000232527
1.39355e-10	0.000234727
1.39486e-10	0.000236934
1.39616e-10	0.000239149
1.39747e-10	0.000241373
1.39878e-10	0.000243604
1.40008e-10	0.000245843
1.40139e-10	0.000248089
1.40269e-10	0.000250344
1.404e-10	0.000252607
1.40531e-10	0.000254877
1.40661e-10	0.000257156
1.40792e-10	0.000259442
1.40922e-10	0.000261737
1.41053e-10	0.000264039
1.41184e-10	0.00026635
1.41314e-10	0.000268668
1.41445e-10	0.000270995
1.41575e-10	0.000273329
1.41706e-10	0.000275672
1.41837e-10	0.000278023
1.41967e-10	0.000280382
1.42098e-10	0.000282749
1.42228e-10	0.000285125
1.42359e-10	0.000287508
1.4249e-10	0.0002899
1.4262e-10	0.0002923
1.42751e-10	0.000294708
1.42881e-10	0.000297125
1.43012e-10	0.00029955
1.43143e-10	0.000301983
1.43273e-10	0.000304424
1.43404e-10	0.000306874
1.43534e-10	0.000309332
1.43665e-10	0.000311798
1.43796e-10	0.000314273
1.43926e-10	0.000316757
1.44057e-10	0.000319248
1.44187e-10	0.000321749
1.44318e-10	0.000324257
1.44449e-10	0.000326774
1.44579e-10	0.0003293
1.4471e-10	0.000331834
1.44841e-10	0.000334377
1.44971e-10	0.000336928
1.45102e-10	0.000339488
1.45232e-10	0.000342056
1.45363e-10	0.000344633
1.45494e-10	0.000347219
1.45624e-10	0.000349813
1.45755e-10	0.000352416
1.45885e-10	0.000355028
1.46016e-10	0.000357648
1.46147e-10	0.000360278
1.46277e-10	0.000362916
1.46408e-10	0.000365562
1.46538e-10	0.000368218
1.46669e-10	0.000370882
1.468e-10	0.000373555
1.4693e-10	0.000376237
1.47061e-10	0.000378928
1.47191e-10	0.000381627
1.47322e-10	0.000384336
1.47453e-10	0.000387053
1.47583e-10	0.00038978
1.47714e-10	0.000392515
1.47844e-10	0.00039526
1.47975e-10	0.000398013
1.48106e-10	0.000400775
1.48236e-10	0.000403547
1.48367e-10	0.000406327
1.48497e-10	0.000409117
1.48628e-10	0.000411915
1.48759e-10	0.000414723
1.48889e-10	0.00041754
1.4902e-10	0.000420366
1.4915e-10	0.000423201
1.49281e-10	0.000426045
1.49412e-10	0.000428899
1.49542e-10	0.000431762
1.49673e-10	0.000434634
1.49803e-10	0.000437515
1.49934e-10	0.000440406
1.50065e-10	0.000443306
1.50195e-10	0.000446215
1.50326e-10	0.000449133
1.50457e-10	0.000452061
1.50587e-10	0.000454999
1.50718e-10	0.000457945
1.50848e-10	0.000460902
1.50979e-10	0.000463867
1.5111e-10	0.000466842
1.5124e-10	0.000469827
1.51371e-10	0.000472821
1.51501e-10	0.000475824
1.51632e-10	0.000478837
1.51763e-10	0.00048186
1.51893e-10	0.000484892
1.52024e-10	0.000487934
1.52154e-10	0.000490985
1.52285e-10	0.000494047
1.52416e-10	0.000497117
1.52546e-10	0.000500198
1.52677e-10	0.000503288
1.52807e-10	0.000506388
1.52938e-10	0.000509497
1.53069e-10	0.000512617
1.53199e-10	0.000515746
1.5333e-10	0.000518885
1.5346e-10	0.000522033
1.53591e-10	0.000525192
1.53722e-10	0.00052836
1.53852e-10	0.000531539
1.53983e-10	0.000534727
1.54113e-10	0.000537925
1.54244e-10	0.000541133
1.54375e-10	0.000544351
1.54505e-10	0.000547579
1.54636e-10	0.000550817
1.54766e-10	0.000554065
1.54897e-10	0.000557323
1.55028e-10	0.000560591
1.55158e-10	0.000563869
1.55289e-10	0.000567157
1.55419e-10	0.000570456
1.5555e-10	0.000573764
1.55681e-10	0.000577083
1.55811e-10	0.000580412
1.55942e-10	0.000583751
1.56073e-10	0.0005871
1.56203e-10	0.000590459
1.56334e-10	0.000593829
1.56464e-10	0.000597209
1.56595e-10	0.0006006
1.56726e-10	0.000604
1.56856e-10	0.000607411
1.56987e-10	0.000610833
1.57117e-10	0.000614264
1.57248e-10	0.000617706
1.57379e-10	0.000621159
1.57509e-10	0.000624622
1.5764e-10	0.000628095
1.5777e-10	0.000631579
1.57901e-10	0.000635074
1.58032e-10	0.000638579
1.58162e-10	0.000642094
1.58293e-10	0.00064562
1.58423e-10	0.000649157
1.58554e-10	0.000652704
1.58685e-10	0.000656262
1.58815e-10	0.000659831
1.58946e-10	0.00066341
1.59076e-10	0.000667
1.59207e-10	0.000670601
1.59338e-10	0.000674212
1.59468e-10	0.000677834
1.59599e-10	0.000681467
1.59729e-10	0.000685111
1.5986e-10	0.000688765
1.59991e-10	0.000692431
1.60121e-10	0.000696107
1.60252e-10	0.000699794
1.60382e-10	0.000703492
1.60513e-10	0.000707201
1.60644e-10	0.00071092
1.60774e-10	0.000714651
1.60905e-10	0.000718393
1.61035e-10	0.000722146
1.61166e-10	0.000725909
1.61297e-10	0.000729684
1.61427e-10	0.00073347
1.61558e-10	0.000737267
1.61689e-10	0.000741075
1.61819e-10	0.000744894
1.6195e-10	0.000748725
1.6208e-10	0.000752566
1.62211e-10	0.000756419
1.62342e-10	0.000760283
1.62472e-10	0.000764158
1.62603e-10	0.000768044
1.62733e-10	0.000771942
1.62864e-10	0.000775851
1.62995e-10	0.000779771
1.63125e-10	0.000783703
1.63256e-10	0.000787646
1.63386e-10	0.0007916
1.63517e-10	0.000795566
1.63648e-10	0.000799543
1.63778e-10	0.000803532
1.63909e-10	0.000807532
1.64039e-10	0.000811543
1.6417e-10	0.000815566
1.64301e-10	0.000819601
1.64431e-10	0.000823647
1.64562e-10	0.000827705
1.64692e-10	0.000831774
1.64823e-10	0.000835855
1.64954e-10	0.000839948
1.65084e-10	0.000844052
1.65215e-10	0.000848168
1.65345e-10	0.000852295
1.65476e-10	0.000856435
1.65607e-10	0.000860586
1.65737e-10	0.000864748
1.65868e-10	0.000868923
1.65998e-10	0.000873109
1.66129e-10	0.000877307
1.6626e-10	0.000881518
1.6639e-10	0.000885739
1.66521e-10	0.000889973
1.66651e-10	0.000894219
1.66782e-10	0.000898477
1.66913e-10	0.000902746
1.67043e-10	0.000907028
1.67174e-10	0.000911321
1.67305e-10	0.000915627
1.67435e-10	0.000919944
1.67566e-10	0.000924274
1.67696e-10	0.000928616
1.67827e-10	0.00093297
1.67958e-10	0.000937336
1.68088e-10	0.000941714
1.68219e-10	0.000946104
1.68349e-10	0.000950507
1.6848e-10	0.000954921
1.68611e-10	0.000959348
1.68741e-10	0.000963787
1.68872e-10	0.000968239
1.69002e-10	0.000972703
1.69133e-10	0.000977179
1.69264e-10	0.000981667
1.69394e-10	0.000986168
1.69525e-10	0.000990681
1.69655e-10	0.000995207
1.69786e-10	0.000999745
1.69917e-10	0.0010043
1.70047e-10	0.00100886
1.70178e-10	0.00101343
1.70308e-10	0.00101802
1.70439e-10	0.00102262
1.7057e-10	0.00102723
1.707e-10	0.00103186
1.70831e-10	0.0010365
1.70961e-10	0.00104115
1.71092e-10	0.00104581
1.71223e-10	0.00105049
1.71353e-10	0.00105518
1.71484e-10	0.00105988
1.71614e-10	0.00106459
1.71745e-10	0.00106932
1.71876e-10	0.00107406
1.72006e-10	0.00107881
1.72137e-10	0.00108358
1.72267e-10	0.00108836
1.72398e-10	0.00109315
1.72529e-10	0.00109795
1.72659e-10	0.00110277
1.7279e-10	0.0011076
1.72921e-10	0.00111244
1.73051e-10	0.0011173
1.73182e-10	0.00112217
1.73312e-10	0.00112705
1.73443e-10	0.00113194
1.73574e-10	0.00113685
1.73704e-10	0.00114177
1.73835e-10	0.00114671
1.73965e-10	0.00115165
1.74096e-10	0.00115661
1.74227e-10	0.00116159
1.74357e-10	0.00116657
1.74488e-10	0.00117157
1.74618e-10	0.00117659
1.74749e-10	0.00118161
1.7488e-10	0.00118665
1.7501e-10	0.0011917
1.75141e-10	0.00119677
1.75271e-10	0.00120185
1.75402e-10	0.00120694
1.75533e-10	0.00121205
1.75663e-10	0.00121717
1.75794e-10	0.0012223
1.75924e-10	0.00122745
1.76055e-10	0.00123261
1.76186e-10	0.00123778
1.76316e-10	0.00124297
1.76447e-10	0.00124817
1.76577e-10	0.00125338
1.76708e-10	0.00125861
1.76839e-10	0.00126385
1.76969e-10	0.00126911
1.771e-10	0.00127438
1.7723e-10	0.00127966
1.77361e-10	0.00128496
1.77492e-10	0.00129027
1.77622e-10	0.00129559
1.77753e-10	0.00130093
1.77883e-10	0.00130628
1.78014e-10	0.00131164
1.78145e-10	0.00131702
1.78275e-10	0.00132241
1.78406e-10	0.00132782
1.78537e-10	0.00133324
1.78667e-10	0.00133868
1.78798e-10	0.00134412
1.78928e-10	0.00134959
1.79059e-10	0.00135506
1.7919e-10	0.00136055
1.7932e-10	0.00136606
1.79451e-10	0.00137157
1.79581e-10	0.00137711
1.79712e-10	0.00138265
1.79843e-10	0.00138821
1.79973e-10	0.00139379
1.80104e-10	0.00139938
1.80234e-10	0.00140498
1.80365e-10	0.0014106
1.80496e-10	0.00141623
1.80626e-10	0.00142187
1.80757e-10	0.00142753
1.80887e-10	0.00143321
1.81018e-10	0.0014389
1.81149e-10	0.0014446
1.81279e-10	0.00145032
1.8141e-10	0.00145605
1.8154e-10	0.00146179
1.81671e-10	0.00146755
1.81802e-10	0.00147333
1.81932e-10	0.00147912
1.82063e-10	0.00148492
1.82193e-10	0.00149074
1.82324e-10	0.00149657
1.82455e-10	0.00150242
1.82585e-10	0.00150828
1.82716e-10	0.00151416
1.82846e-10	0.00152005
1.82977e-10	0.00152596
1.83108e-10	0.00153188
1.83238e-10	0.00153781
1.83369e-10	0.00154376
1.83499e-10	0.00154973
1.8363e-10	0.00155571
1.83761e-10	0.0015617
1.83891e-10	0.00156771
1.84022e-10	0.00157373
1.84153e-10	0.00157977
1.84283e-10	0.00158583
1.84414e-10	0.00159189
1.84544e-10	0.00159798
1.84675e-10	0.00160408
1.84806e-10	0.00161019
1.84936e-10	0.00161632
1.85067e-10	0.00162246
1.85197e-10	0.00162862
1.85328e-10	0.00163479
1.85459e-10	0.00164098
1.85589e-10	0.00164718
1.8572e-10	0.0016534
1.8585e-10	0.00165963
1.85981e-10	0.00166588
1.86112e-10	0.00167215
1.86242e-10	0.00167843
1.86373e-10	0.00168472
1.86503e-10	0.00169103
1.86634e-10	0.00169736
1.86765e-10	0.0017037
1.86895e-10	0.00171005
1.87026e-10	0.00171642
1.87156e-10	0.00172281
1.87287e-10	0.00172921
1.87418e-10	0.00173563
1.87548e-10	0.00174206
1.87679e-10	0.00174851
1.87809e-10	0.00175497
1.8794e-10	0.00176145
1.88071e-10	0.00176794
1.88201e-10	0.00177445
1.88332e-10	0.00178098
1.88462e-10	0.00178752
1.88593e-10	0.00179407
1.88724e-10	0.00180065
1.88854e-10	0.00180723
1.88985e-10	0.00181384
1.89115e-10	0.00182046
1.89246e-10	0.00182709
1.89377e-10	0.00183374
1.89507e-10	0.00184041
1.89638e-10	0.00184709
1.89769e-10	0.00185379
1.89899e-10	0.0018605
1.9003e-10	0.00186723
1.9016e-10	0.00187398
1.90291e-10	0.00188074
1.90422e-10	0.00188751
1.90552e-10	0.00189431
1.90683e-10	0.00190111
1.90813e-10	0.00190794
1.90944e-10	0.00191478
1.91075e-10	0.00192164
1.91205e-10	0.00192851
1.91336e-10	0.0019354
1.91466e-10	0.0019423
1.91597e-10	0.00194922
1.91728e-10	0.00195616
1.91858e-10	0.00196312
1.91989e-10	0.00197008
1.92119e-10	0.00197707
1.9225e-10	0.00198407
1.92381e-10	0.00199109
1.92511e-10	0.00199812
1.92642e-10	0.00200517
1.92772e-10	0.00201224
1.92903e-10	0.00201932
1.93034e-10	0.00202642
1.93164e-10	0.00203354
1.93295e-10	0.00204067
1.93425e-10	0.00204782
1.93556e-10	0.00205499
1.93687e-10	0.00206217
1.93817e-10	0.00206936
1.93948e-10	0.00207658
1.94078e-10	0.00208381
1.94209e-10	0.00209106
1.9434e-10	0.00209832
1.9447e-10	0.0021056
1.94601e-10	0.0021129
1.94731e-10	0.00212021
1.94862e-10	0.00212754
1.94993e-10	0.00213489
1.95123e-10	0.00214225
1.95254e-10	0.00214963
1.95385e-10	0.00215703
1.95515e-10	0.00216444
1.95646e-10	0.00217187
1.95776e-10	0.00217932
1.95907e-10	0.00218679
1.96038e-10	0.00219427
1.96168e-10	0.00220176
1.96299e-10	0.00220928
1.96429e-10	0.00221681
1.9656e-10	0.00222436
1.96691e-10	0.00223192
1.96821e-10	0.00223951
1.96952e-10	0.00224711
1.97082e-10	0.00225472
1.97213e-10	0.00226236
1.97344e-10	0.00227001
1.97474e-10	0.00227767
1.97605e-10	0.00228536
1.97735e-10	0.00229306
1.97866e-10	0.00230078
1.97997e-10	0.00230851
1.98127e-10	0.00231627
1.98258e-10	0.00232404
1.98388e-10	0.00233182
1.98519e-10	0.00233963
1.9865e-10	0.00234745
1.9878e-10	0.00235529
1.98911e-10	0.00236315
1.99041e-10	0.00237102
1.99172e-10	0.00237891
1.99303e-10	0.00238682
1.99433e-10	0.00239474
1.99564e-10	0.00240269
1.99694e-10	0.00241065
1.99825e-10	0.00241863
1.99956e-10	0.00242662
2.00086e-10	0.00243463
2.00217e-10	0.00244266
2.00347e-10	0.00245071
2.00478e-10	0.00245878
2.00609e-10	0.00246686
2.00739e-10	0.00247496
2.0087e-10	0.00248308
2.01001e-10	0.00249121
2.01131e-10	0.00249937
2.01262e-10	0.00250754
2.01392e-10	0.00251573
2.01523e-10	0.00252393
2.01654e-10	0.00253216
2.01784e-10	0.0025404
2.01915e-10	0.00254866
2.02045e-10	0.00255694
2.02176e-10	0.00256523
2.02307e-10	0.00257354
2.02437e-10	0.00258187
2.02568e-10	0.00259022
2.02698e-10	0.00259859
2.02829e-10	0.00260697
2.0296e-10	0.00261538
2.0309e-10	0.0026238
2.03221e-10	0.00263224
2.03351e-10	0.00264069
2.03482e-10	0.00264917
2.03613e-10	0.00265766
2.03743e-10	0.00266617
2.03874e-10	0.0026747
2.04004e-10	0.00268324
2.04135e-10	0.00269181
2.04266e-10	0.00270039
2.04396e-10	0.00270899
2.04527e-10	0.00271761
2.04657e-10	0.00272625
2.04788e-10	0.0027349
2.04919e-10	0.00274358
2.05049e-10	0.00275227
2.0518e-10	0.00276098
2.0531e-10	0.00276971
2.05441e-10	0.00277845
2.05572e-10	0.00278722
2.05702e-10	0.002796
2.05833e-10	0.0028048
2.05963e-10	0.00281362
2.06094e-10	0.00282246
2.06225e-10	0.00283132
2.06355e-10	0.00284019
2.06486e-10	0.00284909
2.06616e-10	0.002858
2.06747e-10	0.00286693
2.06878e-10	0.00287588
2.07008e-10	0.00288485
2.07139e-10	0.00289383
2.0727e-10	0.00290284
2.074e-10	0.00291186
2.07531e-10	0.0029209
2.07661e-10	0.00292996
2.07792e-10	0.00293904
2.07923e-10	0.00294814
2.08053e-10	0.00295726
2.08184e-10	0.00296639
2.08314e-10	0.00297555
2.08445e-10	0.00298472
2.08576e-10	0.00299391
2.08706e-10	0.00300312
2.08837e-10	0.00301235
2.08967e-10	0.0030216
2.09098e-10	0.00303087
2.09229e-10	0.00304015
2.09359e-10	0.00304946
2.0949e-10	0.00305878
2.0962e-10	0.00306812
2.09751e-10	0.00307748
2.09882e-10	0.00308686
2.10012e-10	0.00309626
2.10143e-10	0.00310568
2.10273e-10	0.00311512
2.10404e-10	0.00312457
2.10535e-10	0.00313405
2.10665e-10	0.00314354
2.10796e-10	0.00315306
2.10926e-10	0.00316259
2.11057e-10	0.00317214
2.11188e-10	0.00318171
2.11318e-10	0.0031913
2.11449e-10	0.00320091
2.11579e-10	0.00321054
2.1171e-10	0.00322019
2.11841e-10	0.00322985
2.11971e-10	0.00323954
2.12102e-10	0.00324924
2.12232e-10	0.00325897
2.12363e-10	0.00326871
2.12494e-10	0.00327848
2.12624e-10	0.00328826
2.12755e-10	0.00329806
2.12886e-10	0.00330788
2.13016e-10	0.00331772
2.13147e-10	0.00332758
2.13277e-10	0.00333746
2.13408e-10	0.00334736
2.13539e-10	0.00335728
2.13669e-10	0.00336721
2.138e-10	0.00337717
2.1393e-10	0.00338715
2.14061e-10	0.00339714
2.14192e-10	0.00340716
2.14322e-10	0.0034172
2.14453e-10	0.00342725
2.14583e-10	0.00343732
2.14714e-10	0.00344742
2.14845e-10	0.00345753
2.14975e-10	0.00346767
2.15106e-10	0.00347782
2.15236e-10	0.00348799
2.15367e-10	0.00349818
2.15498e-10	0.00350839
2.15628e-10	0.00351863
2.15759e-10	0.00352888
2.15889e-10	0.00353915
2.1602e-10	0.00354944
2.16151e-10	0.00355975
2.16281e-10	0.00357008
2.16412e-10	0.00358043
2.16542e-10	0.0035908
2.16673e-10	0.00360119
2.16804e-10	0.0036116
2.16934e-10	0.00362203
2.17065e-10	0.00363248
2.17195e-10	0.00364295
2.17326e-10	0.00365344
2.17457e-10	0.00366395
2.17587e-10	0.00367448
2.17718e-10	0.00368503
2.17848e-10	0.0036956
2.17979e-10	0.00370619
2.1811e-10	0.0037168
2.1824e-10	0.00372743
2.18371e-10	0.00373808
2.18502e-10	0.00374875
2.18632e-10	0.00375944
2.18763e-10	0.00377015
2.18893e-10	0.00378088
2.19024e-10	0.00379163
2.19155e-10	0.0038024
2.19285e-10	0.00381319
2.19416e-10	0.003824
2.19546e-10	0.00383483
2.19677e-10	0.00384568
2.19808e-10	0.00385655
2.19938e-10	0.00386745
2.20069e-10	0.00387836
2.20199e-10	0.00388929
2.2033e-10	0.00390024
2.20461e-10	0.00391121
2.20591e-10	0.00392221
2.20722e-10	0.00393322
2.20852e-10	0.00394426
2.20983e-10	0.00395531
2.21114e-10	0.00396638
2.21244e-10	0.00397748
2.21375e-10	0.0039886
2.21505e-10	0.00399973
2.21636e-10	0.00401089
2.21767e-10	0.00402206
2.21897e-10	0.00403326
2.22028e-10	0.00404448
2.22158e-10	0.00405572
2.22289e-10	0.00406698
2.2242e-10	0.00407826
2.2255e-10	0.00408956
2.22681e-10	0.00410088
2.22811e-10	0.00411222
2.22942e-10	0.00412358
2.23073e-10	0.00413496
2.23203e-10	0.00414636
2.23334e-10	0.00415779
2.23464e-10	0.00416923
2.23595e-10	0.0041807
2.23726e-10	0.00419218
2.23856e-10	0.00420369
2.23987e-10	0.00421521
2.24118e-10	0.00422676
2.24248e-10	0.00423833
2.24379e-10	0.00424992
2.24509e-10	0.00426153
2.2464e-10	0.00427316
2.24771e-10	0.00428481
2.24901e-10	0.00429648
2.25032e-10	0.00430817
2.25162e-10	0.00431989
2.25293e-10	0.00433162
2.25424e-10	0.00434338
2.25554e-10	0.00435515
2.25685e-10	0.00436695
2.25815e-10	0.00437877
2.25946e-10	0.00439061
2.26077e-10	0.00440247
2.26207e-10	0.00441435
2.26338e-10	0.00442625
2.26468e-10	0.00443817
2.26599e-10	0.00445011
2.2673e-10	0.00446208
2.2686e-10	0.00447406
2.26991e-10	0.00448607
2.27121e-10	0.0044981
2.27252e-10	0.00451015
2.27383e-10	0.00452221
2.27513e-10	0.0045343
2.27644e-10	0.00454642
2.27774e-10	0.00455855
2.27905e-10	0.0045707
2.28036e-10	0.00458288
2.28166e-10	0.00459507
2.28297e-10	0.00460729
2.28427e-10	0.00461953
2.28558e-10	0.00463179
2.28689e-10	0.00464407
2.28819e-10	0.00465637
2.2895e-10	0.00466869
2.2908e-10	0.00468103
2.29211e-10	0.0046934
2.29342e-10	0.00470578
2.29472e-10	0.00471819
2.29603e-10	0.00473062
2.29734e-10	0.00474307
2.29864e-10	0.00475554
2.29995e-10	0.00476803
2.30125e-10	0.00478054
2.30256e-10	0.00479308
2.30387e-10	0.00480563
2.30517e-10	0.00481821
2.30648e-10	0.00483081
2.30778e-10	0.00484343
2.30909e-10	0.00485607
2.3104e-10	0.00486873
2.3117e-10	0.00488142
2.31301e-10	0.00489412
2.31431e-10	0.00490685
2.31562e-10	0.0049196
2.31693e-10	0.00493236
2.31823e-10	0.00494515
2.31954e-10	0.00495797
2.32084e-10	0.0049708
2.32215e-10	0.00498365
2.32346e-10	0.00499653
2.32476e-10	0.00500943
2.32607e-10	0.00502235
2.32737e-10	0.00503529
2.32868e-10	0.00504825
2.32999e-10	0.00506123
2.33129e-10	0.00507424
2.3326e-10	0.00508726
2.3339e-10	0.00510031
2.33521e-10	0.00511338
2.33652e-10	0.00512647
2.33782e-10	0.00513958
2.33913e-10	0.00515271
2.34043e-10	0.00516587
2.34174e-10	0.00517905
2.34305e-10	0.00519224
2.34435e-10	0.00520546
2.34566e-10	0.00521871
2.34696e-10	0.00523197
2.34827e-10	0.00524525
2.34958e-10	0.00525856
2.35088e-10	0.00527189
2.35219e-10	0.00528524
2.3535e-10	0.00529861
2.3548e-10	0.005312
2.35611e-10	0.00532541
2.35741e-10	0.00533885
2.35872e-10	0.0053523
2.36003e-10	0.00536578
2.36133e-10	0.00537928
2.36264e-10	0.00539281
2.36394e-10	0.00540635
2.36525e-10	0.00541992
2.36656e-10	0.0054335
2.36786e-10	0.00544711
2.36917e-10	0.00546074
2.37047e-10	0.00547439
2.37178e-10	0.00548807
2.37309e-10	0.00550176
2.37439e-10	0.00551548
2.3757e-10	0.00552922
2.377e-10	0.00554298
2.37831e-10	0.00555676
2.37962e-10	0.00557056
2.38092e-10	0.00558439
2.38223e-10	0.00559824
2.38353e-10	0.00561211
2.38484e-10	0.005626
2.38615e-10	0.00563991
2.38745e-10	0.00565384
2.38876e-10	0.0056678
2.39006e-10	0.00568178
2.39137e-10	0.00569578
2.39268e-10	0.0057098
2.39398e-10	0.00572384
2.39529e-10	0.00573791
2.39659e-10	0.00575199
2.3979e-10	0.0057661
2.39921e-10	0.00578023
2.40051e-10	0.00579438
2.40182e-10	0.00580856
2.40312e-10	0.00582275
2.40443e-10	0.00583697
2.40574e-10	0.00585121
2.40704e-10	0.00586547
2.40835e-10	0.00587976
2.40966e-10	0.00589406
2.41096e-10	0.00590839
2.41227e-10	0.00592273
2.41357e-10	0.0059371
2.41488e-10	0.0059515
2.41619e-10	0.00596591
2.41749e-10	0.00598035
2.4188e-10	0.0059948
2.4201e-10	0.00600928
2.42141e-10	0.00602378
2.42272e-10	0.00603831
2.42402e-10	0.00605285
2.42533e-10	0.00606742
2.42663e-10	0.00608201
2.42794e-10	0.00609662
2.42925e-10	0.00611125
2.43055e-10	0.0061259
2.43186e-10	0.00614058
2.43316e-10	0.00615528
2.43447e-10	0.00617
2.43578e-10	0.00618474
2.43708e-10	0.0061995
2.43839e-10	0.00621429
2.43969e-10	0.00622909
2.441e-10	0.00624392
2.44231e-10	0.00625877
2.44361e-10	0.00627364
2.44492e-10	0.00628854
2.44622e-10	0.00630346
2.44753e-10	0.00631839
2.44884e-10	0.00633335
2.45014e-10	0.00634834
2.45145e-10	0.00636334
2.45275e-10	0.00637837
2.45406e-10	0.00639341
2.45537e-10	0.00640848
2.45667e-10	0.00642357
2.45798e-10	0.00643869
2.45928e-10	0.00645382
2.46059e-10	0.00646898
2.4619e-10	0.00648416
2.4632e-10	0.00649936
2.46451e-10	0.00651458
2.46582e-10	0.00652982
2.46712e-10	0.00654509
2.46843e-10	0.00656038
2.46973e-10	0.00657569
2.47104e-10	0.00659102
2.47235e-10	0.00660637
2.47365e-10	0.00662175
2.47496e-10	0.00663714
2.47626e-10	0.00665256
2.47757e-10	0.006668
2.47888e-10	0.00668347
2.48018e-10	0.00669895
2.48149e-10	0.00671446
2.48279e-10	0.00672998
2.4841e-10	0.00674553
2.48541e-10	0.0067611
2.48671e-10	0.0067767
2.48802e-10	0.00679231
2.48932e-10	0.00680795
2.49063e-10	0.00682361
2.49194e-10	0.00683929
2.49324e-10	0.00685499
2.49455e-10	0.00687072
2.49585e-10	0.00688646
2.49716e-10	0.00690223
2.49847e-10	0.00691802
2.49977e-10	0.00693383
2.50108e-10	0.00694966
2.50238e-10	0.00696552
2.50369e-10	0.0069814
2.505e-10	0.00699729
2.5063e-10	0.00701321
2.50761e-10	0.00702916
2.50891e-10	0.00704512
2.51022e-10	0.00706111
2.51153e-10	0.00707711
2.51283e-10	0.00709314
2.51414e-10	0.00710919
2.51544e-10	0.00712526
2.51675e-10	0.00714136
2.51806e-10	0.00715747
2.51936e-10	0.00717361
2.52067e-10	0.00718977
2.52198e-10	0.00720595
2.52328e-10	0.00722215
2.52459e-10	0.00723838
2.52589e-10	0.00725462
2.5272e-10	0.00727089
2.52851e-10	0.00728718
2.52981e-10	0.00730349
2.53112e-10	0.00731982
2.53242e-10	0.00733617
2.53373e-10	0.00735255
2.53504e-10	0.00736895
2.53634e-10	0.00738537
2.53765e-10	0.00740181
2.53895e-10	0.00741827
2.54026e-10	0.00743475
2.54157e-10	0.00745126
2.54287e-10	0.00746778
2.54418e-10	0.00748433
2.54548e-10	0.0075009
2.54679e-10	0.00751749
2.5481e-10	0.0075341
2.5494e-10	0.00755074
2.55071e-10	0.00756739
2.55201e-10	0.00758407
2.55332e-10	0.00760077
2.55463e-10	0.00761749
2.55593e-10	0.00763423
2.55724e-10	0.00765099
2.55854e-10	0.00766778
2.55985e-10	0.00768459
2.56116e-10	0.00770141
2.56246e-10	0.00771826
2.56377e-10	0.00773513
2.56507e-10	0.00775202
2.56638e-10	0.00776894
2.56769e-10	0.00778587
2.56899e-10	0.00780283
2.5703e-10	0.0078198
2.5716e-10	0.0078368
2.57291e-10	0.00785382
2.57422e-10	0.00787086
2.57552e-10	0.00788792
2.57683e-10	0.00790501
2.57814e-10	0.00792211
2.57944e-10	0.00793924
2.58075e-10	0.00795639
2.58205e-10	0.00797355
2.58336e-10	0.00799074
2.58467e-10	0.00800795
2.58597e-10	0.00802519
2.58728e-10	0.00804244
2.58858e-10	0.00805971
2.58989e-10	0.00807701
2.5912e-10	0.00809433
2.5925e-10	0.00811167
2.59381e-10	0.00812902
2.59511e-10	0.00814641
2.59642e-10	0.00816381
2.59773e-10	0.00818123
2.59903e-10	0.00819867
2.60034e-10	0.00821614
2.60164e-10	0.00823362
2.60295e-10	0.00825113
2.60426e-10	0.00826866
2.60556e-10	0.0082862
2.60687e-10	0.00830377
2.60817e-10	0.00832136
2.60948e-10	0.00833898
2.61079e-10	0.00835661
2.61209e-10	0.00837426
2.6134e-10	0.00839193
2.6147e-10	0.00840963
2.61601e-10	0.00842735
2.61732e-10	0.00844508
2.61862e-10	0.00846284
2.61993e-10	0.00848062
2.62123e-10	0.00849842
2.62254e-10	0.00851624
2.62385e-10	0.00853408
2.62515e-10	0.00855194
2.62646e-10	0.00856982
2.62776e-10	0.00858772
2.62907e-10	0.00860565
2.63038e-10	0.00862359
2.63168e-10	0.00864155
2.63299e-10	0.00865954
2.6343e-10	0.00867755
2.6356e-10	0.00869557
2.63691e-10	0.00871362
2.63821e-10	0.00873169
2.63952e-10	0.00874978
2.64083e-10	0.00876788
2.64213e-10	0.00878601
2.64344e-10	0.00880416
2.64474e-10	0.00882233
2.64605e-10	0.00884052
2.64736e-10	0.00885873
2.64866e-10	0.00887697
2.64997e-10	0.00889522
2.65127e-10	0.00891349
2.65258e-10	0.00893178
2.65389e-10	0.00895009
2.65519e-10	0.00896843
2.6565e-10	0.00898678
2.6578e-10	0.00900515
2.65911e-10	0.00902355
2.66042e-10	0.00904196
2.66172e-10	0.00906039
2.66303e-10	0.00907885
2.66433e-10	0.00909732
2.66564e-10	0.00911582
2.66695e-10	0.00913433
2.66825e-10	0.00915287
2.66956e-10	0.00917142
2.67086e-10	0.00919
2.67217e-10	0.00920859
2.67348e-10	0.00922721
2.67478e-10	0.00924584
2.67609e-10	0.00926449
2.67739e-10	0.00928317
2.6787e-10	0.00930186
2.68001e-10	0.00932058
2.68131e-10	0.00933931
2.68262e-10	0.00935807
2.68392e-10	0.00937684
2.68523e-10	0.00939563
2.68654e-10	0.00941444
2.68784e-10	0.00943328
2.68915e-10	0.00945213
2.69046e-10	0.009471
2.69176e-10	0.00948989
2.69307e-10	0.0095088
2.69437e-10	0.00952774
2.69568e-10	0.00954669
2.69699e-10	0.00956566
2.69829e-10	0.00958464
2.6996e-10	0.00960365
2.7009e-10	0.00962268
2.70221e-10	0.00964173
2.70352e-10	0.0096608
2.70482e-10	0.00967988
2.70613e-10	0.00969899
2.70743e-10	0.00971811
2.70874e-10	0.00973726
2.71005e-10	0.00975642
2.71135e-10	0.0097756
2.71266e-10	0.00979481
2.71396e-10	0.00981403
2.71527e-10	0.00983327
2.71658e-10	0.00985253
2.71788e-10	0.00987181
2.71919e-10	0.0098911
2.72049e-10	0.00991042
2.7218e-10	0.00992975
2.72311e-10	0.00994911
2.72441e-10	0.00996848
2.72572e-10	0.00998787
2.72702e-10	0.0100073
2.72833e-10	0.0100267
2.72964e-10	0.0100462
2.73094e-10	0.0100656
2.73225e-10	0.0100851
2.73355e-10	0.0101046
2.73486e-10	0.0101241
2.73617e-10	0.0101437
2.73747e-10	0.0101632
2.73878e-10	0.0101828
2.74008e-10	0.0102024
2.74139e-10	0.010222
2.7427e-10	0.0102417
2.744e-10	0.0102613
2.74531e-10	0.010281
2.74662e-10	0.0103007
2.74792e-10	0.0103204
2.74923e-10	0.0103401
2.75053e-10	0.0103599
2.75184e-10	0.0103796
2.75315e-10	0.0103994
2.75445e-10	0.0104192
2.75576e-10	0.010439
2.75706e-10	0.0104589
2.75837e-10	0.0104787
2.75968e-10	0.0104986
2.76098e-10	0.0105185
2.76229e-10	0.0105384
2.76359e-10	0.0105583
2.7649e-10	0.0105783
2.76621e-10	0.0105982
2.76751e-10	0.0106182
2.76882e-10	0.0106382
2.77012e-10	0.0106582
2.77143e-10	0.0106782
2.77274e-10	0.0106983
2.77404e-10	0.0107184
2.77535e-10	0.0107385
2.77665e-10	0.0107586
2.77796e-10	0.0107787
2.77927e-10	0.0107988
2.78057e-10	0.010819
2.78188e-10	0.0108391
2.78318e-10	0.0108593
2.78449e-10	0.0108795
2.7858e-10	0.0108998
2.7871e-10	0.01092
2.78841e-10	0.0109403
2.78971e-10	0.0109605
2.79102e-10	0.0109808
2.79233e-10	0.0110011
2.79363e-10	0.0110215
2.79494e-10	0.0110418
2.79624e-10	0.0110622
2.79755e-10	0.0110826
2.79886e-10	0.0111029
2.80016e-10	0.0111234
2.80147e-10	0.0111438
2.80278e-10	0.0111642
2.80408e-10	0.0111847
2.80539e-10	0.0112052
2.80669e-10	0.0112257
2.808e-10	0.0112462
2.80931e-10	0.0112667
2.81061e-10	0.0112873
2.81192e-10	0.0113078
2.81322e-10	0.0113284
2.81453e-10	0.011349
2.81584e-10	0.0113696
2.81714e-10	0.0113902
2.81845e-10	0.0114109
2.81975e-10	0.0114315
2.82106e-10	0.0114522
2.82237e-10	0.0114729
2.82367e-10	0.0114936
2.82498e-10	0.0115143
2.82628e-10	0.0115351
2.82759e-10	0.0115558
2.8289e-10	0.0115766
2.8302e-10	0.0115974
2.83151e-10	0.0116182
2.83281e-10	0.011639
2.83412e-10	0.0116598
2.83543e-10	0.0116807
2.83673e-10	0.0117016
2.83804e-10	0.0117224
2.83934e-10	0.0117433
2.84065e-10	0.0117642
2.84196e-10	0.0117852
2.84326e-10	0.0118061
2.84457e-10	0.0118271
2.84587e-10	0.011848
2.84718e-10	0.011869
2.84849e-10	0.01189
2.84979e-10	0.0119111
2.8511e-10	0.0119321
2.8524e-10	0.0119531
2.85371e-10	0.0119742
2.85502e-10	0.0119953
2.85632e-10	0.0120164
2.85763e-10	0.0120375
2.85894e-10	0.0120586
2.86024e-10	0.0120797
2.86155e-10	0.0121009
2.86285e-10	0.0121221
2.86416e-10	0.0121432
2.86547e-10	0.0121644
2.86677e-10	0.0121856
2.86808e-10	0.0122069
2.86938e-10	0.0122281
2.87069e-10	0.0122494
2.872e-10	0.0122706
2.8733e-10	0.0122919
2.87461e-10	0.0123132
2.87591e-10	0.0123345
2.87722e-10	0.0123558
2.87853e-10	0.0123772
2.87983e-10	0.0123985
2.88114e-10	0.0124199
2.88244e-10	0.0124413
2.88375e-10	0.0124627
2.88506e-10	0.0124841
2.88636e-10	0.0125055
2.88767e-10	0.0125269
2.88897e-10	0.0125484
2.89028e-10	0.0125698
2.89159e-10	0.0125913
2.89289e-10	0.0126128
2.8942e-10	0.0126343
2.8955e-10	0.0126558
2.89681e-10	0.0126773
2.89812e-10	0.0126989
2.89942e-10	0.0127204
2.90073e-10	0.012742
2.90203e-10	0.0127636
2.90334e-10	0.0127852
2.90465e-10	0.0128068
2.90595e-10	0.0128284
2.90726e-10	0.01285
2.90856e-10	0.0128717
2.90987e-10	0.0128933
2.91118e-10	0.012915
2.91248e-10	0.0129367
2.91379e-10	0.0129584
2.91509e-10	0.0129801
2.9164e-10	0.0130018
2.91771e-10	0.0130235
2.91901e-10	0.0130453
2.92032e-10	0.013067
2.92163e-10	0.0130888
2.92293e-10	0.0131105
2.92424e-10	0.0131323
2.92554e-10	0.0131541
2.92685e-10	0.013176
2.92816e-10	0.0131978
2.92946e-10	0.0132196
2.93077e-10	0.0132415
2.93207e-10	0.0132633
2.93338e-10	0.0132852
2.93469e-10	0.0133071
2.93599e-10	0.013329
2.9373e-10	0.0133509
2.9386e-10	0.0133728
2.93991e-10	0.0133947
2.94122e-10	0.0134167
2.94252e-10	0.0134386
2.94383e-10	0.0134606
2.94513e-10	0.0134825
2.94644e-10	0.0135045
2.94775e-10	0.0135265
2.94905e-10	0.0135485
2.95036e-10	0.0135705
2.95166e-10	0.0135925
2.95297e-10	0.0136146
2.95428e-10	0.0136366
2.95558e-10	0.0136587
2.95689e-10	0.0136807
2.95819e-10	0.0137028
2.9595e-10	0.0137249
2.96081e-10	0.013747
2.96211e-10	0.0137691
2.96342e-10	0.0137912
2.96472e-10	0.0138133
2.96603e-10	0.0138355
2.96734e-10	0.0138576
2.96864e-10	0.0138798
2.96995e-10	0.0139019
2.97125e-10	0.0139241
2.97256e-10	0.0139463
2.97387e-10	0.0139685
2.97517e-10	0.0139907
2.97648e-10	0.0140129
2.97779e-10	0.0140351
2.97909e-10	0.0140574
2.9804e-10	0.0140796
2.9817e-10	0.0141018
2.98301e-10	0.0141241
2.98432e-10	0.0141464
2.98562e-10	0.0141686
2.98693e-10	0.0141909
2.98823e-10	0.0142132
2.98954e-10	0.0142355
2.99085e-10	0.0142578
2.99215e-10	0.0142801
2.99346e-10	0.0143024
2.99476e-10	0.0143248
2.99607e-10	0.0143471
2.99738e-10	0.0143695
2.99868e-10	0.0143918
2.99999e-10	0.0144142
3.00129e-10	0.0144366
3.0026e-10	0.0144589
3.00391e-10	0.0144813
3.00521e-10	0.0145037
3.00652e-10	0.0145261
3.00782e-10	0.0145485
3.00913e-10	0.0145709
3.01044e-10	0.0145934
3.01174e-10	0.0146158
3.01305e-10	0.0146382
3.01435e-10	0.0146607
3.01566e-10	0.0146831
3.01697e-10	0.0147056
3.01827e-10	0.014728
3.01958e-10	0.0147505
3.02088e-10	0.014773
3.02219e-10	0.0147955
3.0235e-10	0.014818
3.0248e-10	0.0148405
3.02611e-10	0.014863
3.02741e-10	0.0148855
3.02872e-10	0.014908
3.03003e-10	0.0149305
3.03133e-10	0.014953
3.03264e-10	0.0149756
3.03395e-10	0.0149981
3.03525e-10	0.0150206
3.03656e-10	0.0150432
3.03786e-10	0.0150658
3.03917e-10	0.0150883
3.04048e-10	0.0151109
3.04178e-10	0.0151335
3.04309e-10	0.015156
3.04439e-10	0.0151786
3.0457e-10	0.0152012
3.04701e-10	0.0152238
3.04831e-10	0.0152464
3.04962e-10	0.015269
3.05092e-10	0.0152916
3.05223e-10	0.0153142
3.05354e-10	0.0153368
3.05484e-10	0.0153594
3.05615e-10	0.0153821
3.05745e-10	0.0154047
3.05876e-10	0.0154273
3.06007e-10	0.0154499
3.06137e-10	0.0154726
3.06268e-10	0.0154952
3.06398e-10	0.0155179
3.06529e-10	0.0155405
3.0666e-10	0.0155632
3.0679e-10	0.0155858
3.06921e-10	0.0156085
3.07051e-10	0.0156312
3.07182e-10	0.0156538
3.07313e-10	0.0156765
3.07443e-10	0.0156992
3.07574e-10	0.0157218
3.07704e-10	0.0157445
3.07835e-10	0.0157672
3.07966e-10	0.0157899
3.08096e-10	0.0158126
3.08227e-10	0.0158353
3.08357e-10	0.0158579
3.08488e-10	0.0158806
3.08619e-10	0.0159033
3.08749e-10	0.015926
3.0888e-10	0.0159487
3.09011e-10	0.0159714
3.09141e-10	0.0159941
3.09272e-10	0.0160168
3.09402e-10	0.0160395
3.09533e-10	0.0160622
3.09664e-10	0.016085
3.09794e-10	0.0161077
3.09925e-10	0.0161304
3.10055e-10	0.0161531
3.10186e-10	0.0161758
3.10317e-10	0.0161985
3.10447e-10	0.0162212
3.10578e-10	0.0162439
3.10708e-10	0.0162667
3.10839e-10	0.0162894
3.1097e-10	0.0163121
3.111e-10	0.0163348
3.11231e-10	0.0163575
3.11361e-10	0.0163802
3.11492e-10	0.016403
3.11623e-10	0.0164257
3.11753e-10	0.0164484
3.11884e-10	0.0164711
3.12014e-10	0.0164938
3.12145e-10	0.0165165
3.12276e-10	0.0165393
3.12406e-10	0.016562
3.12537e-10	0.0165847
3.12667e-10	0.0166074
3.12798e-10	0.0166301
3.12929e-10	0.0166528
3.13059e-10	0.0166755
3.1319e-10	0.0166982
3.1332e-10	0.0167209
3.13451e-10	0.0167436
3.13582e-10	0.0167663
3.13712e-10	0.016789
3.13843e-10	0.0168117
3.13973e-10	0.0168344
3.14104e-10	0.0168571
3.14235e-10	0.0168798
3.14365e-10	0.0169025
3.14496e-10	0.0169252
3.14627e-10	0.0169479
3.14757e-10	0.0169706
3.14888e-10	0.0169932
3.15018e-10	0.0170159
3.15149e-10	0.0170386
3.1528e-10	0.0170613
3.1541e-10	0.0170839
3.15541e-10	0.0171066
3.15671e-10	0.0171293
3.15802e-10	0.0171519
3.15933e-10	0.0171746
3.16063e-10	0.0171972
3.16194e-10	0.0172199
3.16324e-10	0.0172425
3.16455e-10	0.0172651
3.16586e-10	0.0172878
3.16716e-10	0.0173104
3.16847e-10	0.017333
3.16977e-10	0.0173556
3.17108e-10	0.0173783
3.17239e-10	0.0174009
3.17369e-10	0.0174235
3.175e-10	0.0174461
3.1763e-10	0.0174687
3.17761e-10	0.0174913
3.17892e-10	0.0175138
3.18022e-10	0.0175364
3.18153e-10	0.017559
3.18283e-10	0.0175816
3.18414e-10	0.0176041
3.18545e-10	0.0176267
3.18675e-10	0.0176492
3.18806e-10	0.0176718
3.18936e-10	0.0176943
3.19067e-10	0.0177168
3.19198e-10	0.0177394
3.19328e-10	0.0177619
3.19459e-10	0.0177844
3.19589e-10	0.0178069
3.1972e-10	0.0178294
3.19851e-10	0.0178519
3.19981e-10	0.0178744
3.20112e-10	0.0178968
3.20243e-10	0.0179193
3.20373e-10	0.0179418
3.20504e-10	0.0179642
3.20634e-10	0.0179867
3.20765e-10	0.0180091
3.20896e-10	0.0180315
3.21026e-10	0.0180539
3.21157e-10	0.0180764
3.21287e-10	0.0180988
3.21418e-10	0.0181212
3.21549e-10	0.0181435
3.21679e-10	0.0181659
3.2181e-10	0.0181883
3.2194e-10	0.0182106
3.22071e-10	0.018233
3.22202e-10	0.0182553
3.22332e-10	0.0182777
3.22463e-10	0.0183
3.22593e-10	0.0183223
3.22724e-10	0.0183446
3.22855e-10	0.0183669
3.22985e-10	0.0183892
3.23116e-10	0.0184114
3.23246e-10	0.0184337
3.23377e-10	0.0184559
3.23508e-10	0.0184782
3.23638e-10	0.0185004
3.23769e-10	0.0185226
3.23899e-10	0.0185448
3.2403e-10	0.018567
3.24161e-10	0.0185892
3.24291e-10	0.0186114
3.24422e-10	0.0186335
3.24552e-10	0.0186557
3.24683e-10	0.0186778
3.24814e-10	0.0186999
3.24944e-10	0.0187221
3.25075e-10	0.0187442
3.25205e-10	0.0187663
3.25336e-10	0.0187883
3.25467e-10	0.0188104
3.25597e-10	0.0188324
3.25728e-10	0.0188545
3.25859e-10	0.0188765
3.25989e-10	0.0188985
3.2612e-10	0.0189205
3.2625e-10	0.0189425
3.26381e-10	0.0189645
3.26512e-10	0.0189864
3.26642e-10	0.0190084
3.26773e-10	0.0190303
3.26903e-10	0.0190522
3.27034e-10	0.0190741
3.27165e-10	0.019096
3.27295e-10	0.0191179
3.27426e-10	0.0191397
3.27556e-10	0.0191616
3.27687e-10	0.0191834
3.27818e-10	0.0192052
3.27948e-10	0.019227
3.28079e-10	0.0192488
3.28209e-10	0.0192705
3.2834e-10	0.0192923
3.28471e-10	0.019314
3.28601e-10	0.0193357
3.28732e-10	0.0193574
3.28862e-10	0.0193791
3.28993e-10	0.0194008
3.29124e-10	0.0194225
3.29254e-10	0.0194441
3.29385e-10	0.0194657
3.29515e-10	0.0194873
3.29646e-10	0.0195089
3.29777e-10	0.0195305
3.29907e-10	0.019552
3.30038e-10	0.0195736
3.30168e-10	0.0195951
3.30299e-10	0.0196166
3.3043e-10	0.019638
3.3056e-10	0.0196595
3.30691e-10	0.0196809
3.30821e-10	0.0197024
3.30952e-10	0.0197238
3.31083e-10	0.0197452
3.31213e-10	0.0197665
3.31344e-10	0.0197879
3.31475e-10	0.0198092
3.31605e-10	0.0198305
3.31736e-10	0.0198518
3.31866e-10	0.0198731
3.31997e-10	0.0198943
3.32128e-10	0.0199156
3.32258e-10	0.0199368
3.32389e-10	0.019958
3.32519e-10	0.0199791
3.3265e-10	0.0200003
3.32781e-10	0.0200214
3.32911e-10	0.0200425
3.33042e-10	0.0200636
3.33172e-10	0.0200847
3.33303e-10	0.0201057
3.33434e-10	0.0201268
3.33564e-10	0.0201478
3.33695e-10	0.0201687
3.33825e-10	0.0201897
3.33956e-10	0.0202106
3.34087e-10	0.0202316
3.34217e-10	0.0202525
3.34348e-10	0.0202733
3.34478e-10	0.0202942
3.34609e-10	0.020315
3.3474e-10	0.0203358
3.3487e-10	0.0203566
3.35001e-10	0.0203773
3.35131e-10	0.0203981
3.35262e-10	0.0204188
3.35393e-10	0.0204395
3.35523e-10	0.0204601
3.35654e-10	0.0204808
3.35784e-10	0.0205014
3.35915e-10	0.0205219
3.36046e-10	0.0205425
3.36176e-10	0.020563
3.36307e-10	0.0205836
3.36437e-10	0.020604
3.36568e-10	0.0206245
3.36699e-10	0.0206449
3.36829e-10	0.0206654
3.3696e-10	0.0206857
3.37091e-10	0.0207061
3.37221e-10	0.0207264
3.37352e-10	0.0207468
3.37482e-10	0.020767
3.37613e-10	0.0207873
3.37744e-10	0.0208075
3.37874e-10	0.0208277
3.38005e-10	0.0208479
3.38135e-10	0.020868
3.38266e-10	0.0208882
3.38397e-10	0.0209082
3.38527e-10	0.0209283
3.38658e-10	0.0209484
3.38788e-10	0.0209684
3.38919e-10	0.0209883
3.3905e-10	0.0210083
3.3918e-10	0.0210282
3.39311e-10	0.0210481
3.39441e-10	0.021068
3.39572e-10	0.0210878
3.39703e-10	0.0211076
3.39833e-10	0.0211274
3.39964e-10	0.0211471
3.40094e-10	0.0211669
3.40225e-10	0.0211866
3.40356e-10	0.0212062
3.40486e-10	0.0212258
3.40617e-10	0.0212454
3.40747e-10	0.021265
3.40878e-10	0.0212845
3.41009e-10	0.021304
3.41139e-10	0.0213235
3.4127e-10	0.021343
3.414e-10	0.0213624
3.41531e-10	0.0213818
3.41662e-10	0.0214011
3.41792e-10	0.0214204
3.41923e-10	0.0214397
3.42053e-10	0.021459
3.42184e-10	0.0214782
3.42315e-10	0.0214974
3.42445e-10	0.0215165
3.42576e-10	0.0215356
3.42707e-10	0.0215547
3.42837e-10	0.0215738
3.42968e-10	0.0215928
3.43098e-10	0.0216118
3.43229e-10	0.0216307
3.4336e-10	0.0216497
3.4349e-10	0.0216685
3.43621e-10	0.0216874
3.43751e-10	0.0217062
3.43882e-10	0.021725
3.44013e-10	0.0217437
3.44143e-10	0.0217624
3.44274e-10	0.0217811
3.44404e-10	0.0217998
3.44535e-10	0.0218184
3.44666e-10	0.0218369
3.44796e-10	0.0218555
3.44927e-10	0.021874
3.45057e-10	0.0218924
3.45188e-10	0.0219108
3.45319e-10	0.0219292
3.45449e-10	0.0219476
3.4558e-10	0.0219659
3.4571e-10	0.0219841
3.45841e-10	0.0220024
3.45972e-10	0.0220206
3.46102e-10	0.0220387
3.46233e-10	0.0220569
3.46363e-10	0.0220749
3.46494e-10	0.022093
3.46625e-10	0.022111
3.46755e-10	0.022129
3.46886e-10	0.0221469
3.47016e-10	0.0221648
3.47147e-10	0.0221826
3.47278e-10	0.0222004
3.47408e-10	0.0222182
3.47539e-10	0.0222359
3.47669e-10	0.0222536
3.478e-10	0.0222713
3.47931e-10	0.0222889
3.48061e-10	0.0223065
3.48192e-10	0.022324
3.48323e-10	0.0223415
3.48453e-10	0.0223589
3.48584e-10	0.0223763
3.48714e-10	0.0223937
3.48845e-10	0.022411
3.48976e-10	0.0224283
3.49106e-10	0.0224455
3.49237e-10	0.0224627
3.49367e-10	0.0224798
3.49498e-10	0.0224969
3.49629e-10	0.022514
3.49759e-10	0.022531
3.4989e-10	0.022548
3.5002e-10	0.0225649
3.50151e-10	0.0225818
3.50282e-10	0.0225987
3.50412e-10	0.0226155
3.50543e-10	0.0226322
3.50673e-10	0.0226489
3.50804e-10	0.0226656
3.50935e-10	0.0226822
3.51065e-10	0.0226988
3.51196e-10	0.0227153
3.51326e-10	0.0227318
3.51457e-10	0.0227483
3.51588e-10	0.0227646
3.51718e-10	0.022781
3.51849e-10	0.0227973
3.51979e-10	0.0228135
3.5211e-10	0.0228297
3.52241e-10	0.0228459
3.52371e-10	0.022862
3.52502e-10	0.0228781
3.52632e-10	0.0228941
3.52763e-10	0.0229101
3.52894e-10	0.022926
3.53024e-10	0.0229419
3.53155e-10	0.0229577
3.53285e-10	0.0229734
3.53416e-10	0.0229892
3.53547e-10	0.0230049
3.53677e-10	0.0230205
3.53808e-10	0.0230361
3.53939e-10	0.0230516
3.54069e-10	0.0230671
3.542e-10	0.0230825
3.5433e-10	0.0230979
3.54461e-10	0.0231132
3.54592e-10	0.0231285
3.54722e-10	0.0231437
3.54853e-10	0.0231589
3.54983e-10	0.023174
3.55114e-10	0.0231891
3.55245e-10	0.0232041
3.55375e-10	0.023219
3.55506e-10	0.023234
3.55636e-10	0.0232488
3.55767e-10	0.0232636
3.55898e-10	0.0232784
3.56028e-10	0.0232931
3.56159e-10	0.0233077
3.56289e-10	0.0233223
3.5642e-10	0.0233369
3.56551e-10	0.0233514
3.56681e-10	0.0233658
3.56812e-10	0.0233802
3.56942e-10	0.0233945
3.57073e-10	0.0234088
3.57204e-10	0.023423
3.57334e-10	0.0234371
3.57465e-10	0.0234512
3.57595e-10	0.0234653
3.57726e-10	0.0234793
3.57857e-10	0.0234932
3.57987e-10	0.0235071
3.58118e-10	0.0235209
3.58248e-10	0.0235347
3.58379e-10	0.0235484
3.5851e-10	0.023562
3.5864e-10	0.0235756
3.58771e-10	0.0235892
3.58901e-10	0.0236027
3.59032e-10	0.0236161
3.59163e-10	0.0236294
3.59293e-10	0.0236427
3.59424e-10	0.023656
3.59555e-10	0.0236692
3.59685e-10	0.0236823
3.59816e-10	0.0236954
3.59946e-10	0.0237084
3.60077e-10	0.0237213
3.60208e-10	0.0237342
3.60338e-10	0.023747
3.60469e-10	0.0237598
3.60599e-10	0.0237725
3.6073e-10	0.0237852
3.60861e-10	0.0237978
3.60991e-10	0.0238103
3.61122e-10	0.0238227
3.61252e-10	0.0238351
3.61383e-10	0.0238475
3.61514e-10	0.0238597
3.61644e-10	0.023872
3.61775e-10	0.0238841
3.61905e-10	0.0238962
3.62036e-10	0.0239082
3.62167e-10	0.0239202
3.62297e-10	0.0239321
3.62428e-10	0.0239439
3.62558e-10	0.0239557
3.62689e-10	0.0239674
3.6282e-10	0.023979
3.6295e-10	0.0239906
3.63081e-10	0.0240021
3.63211e-10	0.0240135
3.63342e-10	0.0240249
3.63473e-10	0.0240362
3.63603e-10	0.0240475
3.63734e-10	0.0240587
3.63864e-10	0.0240698
3.63995e-10	0.0240808
3.64126e-10	0.0240918
3.64256e-10	0.0241027
3.64387e-10	0.0241136
3.64517e-10	0.0241243
3.64648e-10	0.0241351
3.64779e-10	0.0241457
3.64909e-10	0.0241563
3.6504e-10	0.0241668
3.65171e-10	0.0241772
3.65301e-10	0.0241876
3.65432e-10	0.0241979
3.65562e-10	0.0242081
3.65693e-10	0.0242183
3.65824e-10	0.0242284
3.65954e-10	0.0242384
3.66085e-10	0.0242483
3.66215e-10	0.0242582
3.66346e-10	0.024268
3.66477e-10	0.0242777
3.66607e-10	0.0242874
3.66738e-10	0.024297
3.66868e-10	0.0243065
3.66999e-10	0.024316
3.6713e-10	0.0243253
3.6726e-10	0.0243346
3.67391e-10	0.0243439
3.67521e-10	0.024353
3.67652e-10	0.0243621
3.67783e-10	0.0243711
3.67913e-10	0.0243801
3.68044e-10	0.0243889
3.68174e-10	0.0243977
3.68305e-10	0.0244064
3.68436e-10	0.0244151
3.68566e-10	0.0244236
3.68697e-10	0.0244321
3.68827e-10	0.0244405
3.68958e-10	0.0244489
3.69089e-10	0.0244571
3.69219e-10	0.0244653
3.6935e-10	0.0244734
3.6948e-10	0.0244815
3.69611e-10	0.0244894
3.69742e-10	0.0244973
3.69872e-10	0.0245051
3.70003e-10	0.0245128
3.70133e-10	0.0245205
3.70264e-10	0.024528
3.70395e-10	0.0245355
3.70525e-10	0.0245429
3.70656e-10	0.0245503
3.70786e-10	0.0245575
3.70917e-10	0.0245647
3.71048e-10	0.0245718
3.71178e-10	0.0245788
3.71309e-10	0.0245857
3.7144e-10	0.0245926
3.7157e-10	0.0245993
3.71701e-10	0.024606
3.71831e-10	0.0246126
3.71962e-10	0.0246192
3.72093e-10	0.0246256
3.72223e-10	0.024632
3.72354e-10	0.0246383
3.72484e-10	0.0246445
3.72615e-10	0.0246506
3.72746e-10	0.0246566
3.72876e-10	0.0246626
3.73007e-10	0.0246684
3.73137e-10	0.0246742
3.73268e-10	0.0246799
3.73399e-10	0.0246855
3.73529e-10	0.0246911
3.7366e-10	0.0246965
3.7379e-10	0.0247019
3.73921e-10	0.0247071
3.74052e-10	0.0247123
3.74182e-10	0.0247174
3.74313e-10	0.0247224
3.74443e-10	0.0247274
3.74574e-10	0.0247322
3.74705e-10	0.024737
3.74835e-10	0.0247417
3.74966e-10	0.0247462
3.75096e-10	0.0247507
3.75227e-10	0.0247551
3.75358e-10	0.0247595
3.75488e-10	0.0247637
3.75619e-10	0.0247678
3.75749e-10	0.0247719
3.7588e-10	0.0247759
3.76011e-10	0.0247797
3.76141e-10	0.0247835
3.76272e-10	0.0247872
3.76402e-10	0.0247908
3.76533e-10	0.0247943
3.76664e-10	0.0247978
3.76794e-10	0.0248011
3.76925e-10	0.0248043
3.77056e-10	0.0248075
3.77186e-10	0.0248106
3.77317e-10	0.0248135
3.77447e-10	0.0248164
3.77578e-10	0.0248192
3.77709e-10	0.0248219
3.77839e-10	0.0248245
3.7797e-10	0.024827
3.781e-10	0.0248294
3.78231e-10	0.0248317
3.78362e-10	0.0248339
3.78492e-10	0.0248361
3.78623e-10	0.0248381
3.78753e-10	0.02484
3.78884e-10	0.0248419
3.79015e-10	0.0248436
3.79145e-10	0.0248453
3.79276e-10	0.0248468
3.79406e-10	0.0248483
3.79537e-10	0.0248496
3.79668e-10	0.0248509
3.79798e-10	0.0248521
3.79929e-10	0.0248532
3.80059e-10	0.0248541
3.8019e-10	0.024855
3.80321e-10	0.0248558
3.80451e-10	0.0248565
3.80582e-10	0.024857
3.80712e-10	0.0248575
3.80843e-10	0.0248579
3.80974e-10	0.0248582
3.81104e-10	0.0248584
3.81235e-10	0.0248585
3.81365e-10	0.0248584
3.81496e-10	0.0248583
3.81627e-10	0.0248581
3.81757e-10	0.0248578
3.81888e-10	0.0248574
3.82018e-10	0.0248568
3.82149e-10	0.0248562
3.8228e-10	0.0248555
3.8241e-10	0.0248547
3.82541e-10	0.0248537
3.82672e-10	0.0248527
3.82802e-10	0.0248516
3.82933e-10	0.0248503
3.83063e-10	0.024849
3.83194e-10	0.0248475
3.83325e-10	0.024846
3.83455e-10	0.0248443
3.83586e-10	0.0248426
3.83716e-10	0.0248407
3.83847e-10	0.0248387
3.83978e-10	0.0248366
3.84108e-10	0.0248344
3.84239e-10	0.0248321
3.84369e-10	0.0248297
3.845e-10	0.0248272
3.84631e-10	0.0248246
3.84761e-10	0.0248219
3.84892e-10	0.0248191
3.85022e-10	0.0248161
3.85153e-10	0.0248131
3.85284e-10	0.0248099
3.85414e-10	0.0248067
3.85545e-10	0.0248033
3.85675e-10	0.0247998
3.85806e-10	0.0247962
3.85937e-10	0.0247925
3.86067e-10	0.0247887
3.86198e-10	0.0247848
3.86328e-10	0.0247808
3.86459e-10	0.0247766
3.8659e-10	0.0247724
3.8672e-10	0.024768
3.86851e-10	0.0247635
3.86981e-10	0.0247589
3.87112e-10	0.0247542
3.87243e-10	0.0247494
3.87373e-10	0.0247445
3.87504e-10	0.0247394
3.87634e-10	0.0247343
3.87765e-10	0.024729
3.87896e-10	0.0247236
3.88026e-10	0.0247181
3.88157e-10	0.0247125
3.88288e-10	0.0247068
3.88418e-10	0.0247009
3.88549e-10	0.024695
3.88679e-10	0.0246889
3.8881e-10	0.0246827
3.88941e-10	0.0246764
3.89071e-10	0.02467
3.89202e-10	0.0246634
3.89332e-10	0.0246568
3.89463e-10	0.02465
3.89594e-10	0.0246431
3.89724e-10	0.0246361
3.89855e-10	0.024629
3.89985e-10	0.0246217
3.90116e-10	0.0246143
3.90247e-10	0.0246068
3.90377e-10	0.0245992
3.90508e-10	0.0245915
3.90638e-10	0.0245837
3.90769e-10	0.0245757
3.909e-10	0.0245676
3.9103e-10	0.0245594
3.91161e-10	0.024551
3.91291e-10	0.0245426
3.91422e-10	0.024534
3.91553e-10	0.0245253
3.91683e-10	0.0245165
3.91814e-10	0.0245075
3.91944e-10	0.0244985
3.92075e-10	0.0244893
3.92206e-10	0.02448
3.92336e-10	0.0244705
3.92467e-10	0.024461
3.92597e-10	0.0244513
3.92728e-10	0.0244415
3.92859e-10	0.0244315
3.92989e-10	0.0244215
3.9312e-10	0.0244113
3.9325e-10	0.024401
3.93381e-10	0.0243905
3.93512e-10	0.0243799
3.93642e-10	0.0243692
3.93773e-10	0.0243584
3.93904e-10	0.0243475
3.94034e-10	0.0243364
3.94165e-10	0.0243252
3.94295e-10	0.0243138
3.94426e-10	0.0243024
3.94557e-10	0.0242908
3.94687e-10	0.0242791
3.94818e-10	0.0242672
3.94948e-10	0.0242552
3.95079e-10	0.0242431
3.9521e-10	0.0242309
3.9534e-10	0.0242185
3.95471e-10	0.024206
3.95601e-10	0.0241933
3.95732e-10	0.0241806
3.95863e-10	0.0241677
3.95993e-10	0.0241546
3.96124e-10	0.0241415
3.96254e-10	0.0241282
3.96385e-10	0.0241147
3.96516e-10	0.0241012
3.96646e-10	0.0240875
3.96777e-10	0.0240736
3.96907e-10	0.0240597
3.97038e-10	0.0240456
3.97169e-10	0.0240313
3.97299e-10	0.024017
3.9743e-10	0.0240025
3.9756e-10	0.0239878
3.97691e-10	0.023973
3.97822e-10	0.0239581
3.97952e-10	0.0239431
3.98083e-10	0.0239279
3.98213e-10	0.0239125
3.98344e-10	0.0238971
3.98475e-10	0.0238815
3.98605e-10	0.0238657
3.98736e-10	0.0238498
3.98866e-10	0.0238338
3.98997e-10	0.0238177
3.99128e-10	0.0238014
3.99258e-10	0.0237849
3.99389e-10	0.0237683
3.9952e-10	0.0237516
3.9965e-10	0.0237348
3.99781e-10	0.0237178
3.99911e-10	0.0237006
4.00042e-10	0.0236833
4.00173e-10	0.0236659
4.00303e-10	0.0236483
4.00434e-10	0.0236306
4.00564e-10	0.0236128
4.00695e-10	0.0235948
4.00826e-10	0.0235766
4.00956e-10	0.0235583
4.01087e-10	0.0235399
4.01217e-10	0.0235213
4.01348e-10	0.0235026
4.01479e-10	0.0234838
4.01609e-10	0.0234648
4.0174e-10	0.0234456
4.0187e-10	0.0234263
4.02001e-10	0.0234069
4.02132e-10	0.0233873
4.02262e-10	0.0233675
4.02393e-10	0.0233476
4.02523e-10	0.0233276
4.02654e-10	0.0233074
4.02785e-10	0.0232871
4.02915e-10	0.0232666
4.03046e-10	0.023246
4.03176e-10	0.0232252
4.03307e-10	0.0232043
4.03438e-10	0.0231832
4.03568e-10	0.023162
4.03699e-10	0.0231406
4.03829e-10	0.0231191
4.0396e-10	0.0230974
4.04091e-10	0.0230756
4.04221e-10	0.0230536
4.04352e-10	0.0230315
4.04482e-10	0.0230092
4.04613e-10	0.0229867
4.04744e-10	0.0229641
4.04874e-10	0.0229414
4.05005e-10	0.0229185
4.05136e-10	0.0228955
4.05266e-10	0.0228723
4.05397e-10	0.0228489
4.05527e-10	0.0228254
4.05658e-10	0.0228017
4.05789e-10	0.0227779
4.05919e-10	0.0227539
4.0605e-10	0.0227298
4.0618e-10	0.0227055
4.06311e-10	0.0226811
4.06442e-10	0.0226565
4.06572e-10	0.0226317
4.06703e-10	0.0226068
4.06833e-10	0.0225817
4.06964e-10	0.0225565
4.07095e-10	0.0225311
4.07225e-10	0.0225055
4.07356e-10	0.0224798
4.07486e-10	0.022454
4.07617e-10	0.0224279
4.07748e-10	0.0224017
4.07878e-10	0.0223754
4.08009e-10	0.0223489
4.08139e-10	0.0223222
4.0827e-10	0.0222954
4.08401e-10	0.0222684
4.08531e-10	0.0222412
4.08662e-10	0.0222139
4.08792e-10	0.0221864
4.08923e-10	0.0221588
4.09054e-10	0.022131
4.09184e-10	0.022103
4.09315e-10	0.0220749
4.09445e-10	0.0220466
4.09576e-10	0.0220182
4.09707e-10	0.0219895
4.09837e-10	0.0219608
4.09968e-10	0.0219318
4.10098e-10	0.0219027
4.10229e-10	0.0218734
4.1036e-10	0.0218439
4.1049e-10	0.0218143
4.10621e-10	0.0217845
4.10752e-10	0.0217546
4.10882e-10	0.0217245
4.11013e-10	0.0216942
4.11143e-10	0.0216637
4.11274e-10	0.0216331
4.11405e-10	0.0216023
4.11535e-10	0.0215714
4.11666e-10	0.0215402
4.11796e-10	0.0215089
4.11927e-10	0.0214775
4.12058e-10	0.0214458
4.12188e-10	0.021414
4.12319e-10	0.0213821
4.12449e-10	0.0213499
4.1258e-10	0.0213176
4.12711e-10	0.0212851
4.12841e-10	0.0212524
4.12972e-10	0.0212196
4.13102e-10	0.0211866
4.13233e-10	0.0211534
4.13364e-10	0.02112
4.13494e-10	0.0210865
4.13625e-10	0.0210528
4.13755e-10	0.0210189
4.13886e-10	0.0209849
4.14017e-10	0.0209506
4.14147e-10	0.0209162
4.14278e-10	0.0208817
4.14408e-10	0.0208469
4.14539e-10	0.020812
4.1467e-10	0.0207769
4.148e-10	0.0207416
4.14931e-10	0.0207061
4.15061e-10	0.0206705
4.15192e-10	0.0206347
4.15323e-10	0.0205987
4.15453e-10	0.0205625
4.15584e-10	0.0205261
4.15714e-10	0.0204896
4.15845e-10	0.0204529
4.15976e-10	0.020416
4.16106e-10	0.0203789
4.16237e-10	0.0203417
4.16368e-10	0.0203042
4.16498e-10	0.0202666
4.16629e-10	0.0202288
4.16759e-10	0.0201909
4.1689e-10	0.0201527
4.17021e-10	0.0201144
4.17151e-10	0.0200758
4.17282e-10	0.0200371
4.17412e-10	0.0199983
4.17543e-10	0.0199592
4.17674e-10	0.0199199
4.17804e-10	0.0198805
4.17935e-10	0.0198409
4.18065e-10	0.0198011
4.18196e-10	0.0197611
4.18327e-10	0.0197209
4.18457e-10	0.0196805
4.18588e-10	0.01964
4.18718e-10	0.0195992
4.18849e-10	0.0195583
4.1898e-10	0.0195172
4.1911e-10	0.0194759
4.19241e-10	0.0194344
4.19371e-10	0.0193927
4.19502e-10	0.0193509
4.19633e-10	0.0193088
4.19763e-10	0.0192666
4.19894e-10	0.0192242
4.20024e-10	0.0191816
4.20155e-10	0.0191387
4.20286e-10	0.0190957
4.20416e-10	0.0190526
4.20547e-10	0.0190092
4.20677e-10	0.0189656
4.20808e-10	0.0189219
4.20939e-10	0.0188779
4.21069e-10	0.0188338
4.212e-10	0.0187894
4.2133e-10	0.0187449
4.21461e-10	0.0187002
4.21592e-10	0.0186553
4.21722e-10	0.0186101
4.21853e-10	0.0185648
4.21984e-10	0.0185193
4.22114e-10	0.0184736
4.22245e-10	0.0184278
4.22375e-10	0.0183817
4.22506e-10	0.0183354
4.22637e-10	0.0182889
4.22767e-10	0.0182423
4.22898e-10	0.0181954
4.23028e-10	0.0181483
4.23159e-10	0.0181011
4.2329e-10	0.0180536
4.2342e-10	0.018006
4.23551e-10	0.0179581
4.23681e-10	0.0179101
4.23812e-10	0.0178618
4.23943e-10	0.0178134
4.24073e-10	0.0177647
4.24204e-10	0.0177159
4.24334e-10	0.0176668
4.24465e-10	0.0176176
4.24596e-10	0.0175681
4.24726e-10	0.0175185
4.24857e-10	0.0174686
4.24987e-10	0.0174186
4.25118e-10	0.0173683
4.25249e-10	0.0173179
4.25379e-10	0.0172672
4.2551e-10	0.0172163
4.2564e-10	0.0171653
4.25771e-10	0.017114
4.25902e-10	0.0170625
4.26032e-10	0.0170109
4.26163e-10	0.016959
4.26293e-10	0.0169069
4.26424e-10	0.0168546
4.26555e-10	0.0168021
4.26685e-10	0.0167494
4.26816e-10	0.0166965
4.26946e-10	0.0166434
4.27077e-10	0.0165901
4.27208e-10	0.0165366
4.27338e-10	0.0164828
4.27469e-10	0.0164289
4.276e-10	0.0163747
4.2773e-10	0.0163204
4.27861e-10	0.0162658
4.27991e-10	0.016211
4.28122e-10	0.0161561
4.28253e-10	0.0161009
4.28383e-10	0.0160455
4.28514e-10	0.0159899
4.28644e-10	0.015934
4.28775e-10	0.015878
4.28906e-10	0.0158218
4.29036e-10	0.0157653
4.29167e-10	0.0157086
4.29297e-10	0.0156518
4.29428e-10	0.0155947
4.29559e-10	0.0155374
4.29689e-10	0.0154799
4.2982e-10	0.0154221
4.2995e-10	0.0153642
4.30081e-10	0.015306
4.30212e-10	0.0152477
4.30342e-10	0.0151891
4.30473e-10	0.0151303
4.30603e-10	0.0150713
4.30734e-10	0.015012
4.30865e-10	0.0149526
4.30995e-10	0.0148929
4.31126e-10	0.0148331
4.31256e-10	0.014773
4.31387e-10	0.0147127
4.31518e-10	0.0146521
4.31648e-10	0.0145914
4.31779e-10	0.0145304
4.31909e-10	0.0144692
4.3204e-10	0.0144078
4.32171e-10	0.0143462
4.32301e-10	0.0142844
4.32432e-10	0.0142223
4.32562e-10	0.0141601
4.32693e-10	0.0140976
4.32824e-10	0.0140348
4.32954e-10	0.0139719
4.33085e-10	0.0139088
4.33216e-10	0.0138454
4.33346e-10	0.0137818
4.33477e-10	0.013718
4.33607e-10	0.0136539
4.33738e-10	0.0135897
4.33869e-10	0.0135252
4.33999e-10	0.0134605
4.3413e-10	0.0133955
4.3426e-10	0.0133304
4.34391e-10	0.013265
4.34522e-10	0.0131994
4.34652e-10	0.0131335
4.34783e-10	0.0130675
4.34913e-10	0.0130012
4.35044e-10	0.0129347
4.35175e-10	0.012868
4.35305e-10	0.012801
4.35436e-10	0.0127338
4.35566e-10	0.0126664
4.35697e-10	0.0125988
4.35828e-10	0.0125309
4.35958e-10	0.0124628
4.36089e-10	0.0123945
4.36219e-10	0.0123259
4.3635e-10	0.0122572
4.36481e-10	0.0121882
4.36611e-10	0.0121189
4.36742e-10	0.0120495
4.36872e-10	0.0119798
4.37003e-10	0.0119098
4.37134e-10	0.0118397
4.37264e-10	0.0117693
4.37395e-10	0.0116987
4.37525e-10	0.0116278
4.37656e-10	0.0115568
4.37787e-10	0.0114854
4.37917e-10	0.0114139
4.38048e-10	0.0113421
4.38178e-10	0.0112701
4.38309e-10	0.0111979
4.3844e-10	0.0111254
4.3857e-10	0.0110527
4.38701e-10	0.0109798
4.38832e-10	0.0109066
4.38962e-10	0.0108332
4.39093e-10	0.0107595
4.39223e-10	0.0106856
4.39354e-10	0.0106115
4.39485e-10	0.0105372
4.39615e-10	0.0104626
4.39746e-10	0.0103878
4.39876e-10	0.0103127
4.40007e-10	0.0102374
4.40138e-10	0.0101619
4.40268e-10	0.0100861
4.40399e-10	0.0100101
4.40529e-10	0.00993383
4.4066e-10	0.00985734
4.40791e-10	0.00978062
4.40921e-10	0.00970365
4.41052e-10	0.00962645
4.41182e-10	0.009549
4.41313e-10	0.00947132
4.41444e-10	0.00939339
4.41574e-10	0.00931523
4.41705e-10	0.00923682
4.41835e-10	0.00915818
4.41966e-10	0.00907929
4.42097e-10	0.00900016
4.42227e-10	0.00892079
4.42358e-10	0.00884118
4.42488e-10	0.00876132
4.42619e-10	0.00868122
4.4275e-10	0.00860088
4.4288e-10	0.00852029
4.43011e-10	0.00843946
4.43141e-10	0.00835839
4.43272e-10	0.00827707
4.43403e-10	0.00819551
4.43533e-10	0.0081137
4.43664e-10	0.00803165
4.43794e-10	0.00794935
4.43925e-10	0.00786681
4.44056e-10	0.00778402
4.44186e-10	0.00770099
4.44317e-10	0.0076177
4.44448e-10	0.00753417
4.44578e-10	0.0074504
4.44709e-10	0.00736637
4.44839e-10	0.0072821
4.4497e-10	0.00719758
4.45101e-10	0.00711281
4.45231e-10	0.0070278
4.45362e-10	0.00694253
4.45492e-10	0.00685702
4.45623e-10	0.00677125
4.45754e-10	0.00668524
4.45884e-10	0.00659898
4.46015e-10	0.00651246
4.46145e-10	0.0064257
4.46276e-10	0.00633868
4.46407e-10	0.00625141
4.46537e-10	0.0061639
4.46668e-10	0.00607612
4.46798e-10	0.0059881
4.46929e-10	0.00589983
4.4706e-10	0.0058113
4.4719e-10	0.00572252
4.47321e-10	0.00563349
4.47451e-10	0.0055442
4.47582e-10	0.00545466
4.47713e-10	0.00536487
4.47843e-10	0.00527482
4.47974e-10	0.00518451
4.48104e-10	0.00509396
4.48235e-10	0.00500314
4.48366e-10	0.00491208
4.48496e-10	0.00482075
4.48627e-10	0.00472917
4.48757e-10	0.00463733
4.48888e-10	0.00454524
4.49019e-10	0.00445289
4.49149e-10	0.00436029
4.4928e-10	0.00426742
4.4941e-10	0.0041743
4.49541e-10	0.00408092
4.49672e-10	0.00398728
4.49802e-10	0.00389339
4.49933e-10	0.00379923
4.50064e-10	0.00370482
4.50194e-10	0.00361015
4.50325e-10	0.00351521
4.50455e-10	0.00342002
4.50586e-10	0.00332457
4.50717e-10	0.00322886
4.50847e-10	0.00313288
4.50978e-10	0.00303665
4.51108e-10	0.00294015
4.51239e-10	0.0028434
4.5137e-10	0.00274638
4.515e-10	0.0026491
4.51631e-10	0.00255156
4.51761e-10	0.00245375
4.51892e-10	0.00235568
4.52023e-10	0.00225735
4.52153e-10	0.00215876
4.52284e-10	0.0020599
4.52414e-10	0.00196078
4.52545e-10	0.00186139
4.52676e-10	0.00176174
4.52806e-10	0.00166183
4.52937e-10	0.00156165
4.53067e-10	0.00146121
4.53198e-10	0.0013605
4.53329e-10	0.00125952
4.53459e-10	0.00115828
4.5359e-10	0.00105677
4.5372e-10	0.000954997
4.53851e-10	0.000852956
4.53982e-10	0.000750649
4.54112e-10	0.000648073
4.54243e-10	0.000545231
4.54373e-10	0.00044212
4.54504e-10	0.000338742
4.54635e-10	0.000235095
4.54765e-10	0.00013118
4.54896e-10	2.69961e-05
4.55026e-10	-7.74569e-05
4.55157e-10	-0.000182179
4.55288e-10	-0.000287171
4.55418e-10	-0.000392433
4.55549e-10	-0.000497965
4.55679e-10	-0.000603767
4.5581e-10	-0.00070984
4.55941e-10	-0.000816183
4.56071e-10	-0.000922798
4.56202e-10	-0.00102968
4.56333e-10	-0.00113684
4.56463e-10	-0.00124427
4.56594e-10	-0.00135197
4.56724e-10	-0.00145995
4.56855e-10	-0.00156819
4.56986e-10	-0.00167671
4.57116e-10	-0.0017855
4.57247e-10	-0.00189457
4.57377e-10	-0.00200391
4.57508e-10	-0.00211352
4.57639e-10	-0.00222341
4.57769e-10	-0.00233357
4.579e-10	-0.00244401
4.5803e-10	-0.00255472
4.58161e-10	-0.00266571
4.58292e-10	-0.00277697
4.58422e-10	-0.0028885
4.58553e-10	-0.00300032
4.58683e-10	-0.00311241
4.58814e-10	-0.00322477
4.58945e-10	-0.00333741
4.59075e-10	-0.00345033
4.59206e-10	-0.00356353
4.59336e-10	-0.003677
4.59467e-10	-0.00379075
4.59598e-10	-0.00390478
4.59728e-10	-0.00401908
4.59859e-10	-0.00413367
4.59989e-10	-0.00424853
4.6012e-10	-0.00436367
4.60251e-10	-0.00447909
4.60381e-10	-0.00459479
4.60512e-10	-0.00471077
4.60642e-10	-0.00482703
4.60773e-10	-0.00494357
4.60904e-10	-0.00506038
4.61034e-10	-0.00517748
4.61165e-10	-0.00529486
4.61295e-10	-0.00541252
4.61426e-10	-0.00553046
4.61557e-10	-0.00564869
4.61687e-10	-0.00576719
4.61818e-10	-0.00588598
4.61949e-10	-0.00600504
4.62079e-10	-0.00612439
4.6221e-10	-0.00624403
4.6234e-10	-0.00636394
4.62471e-10	-0.00648414
4.62602e-10	-0.00660462
4.62732e-10	-0.00672538
4.62863e-10	-0.00684643
4.62993e-10	-0.00696776
4.63124e-10	-0.00708938
4.63255e-10	-0.00721128
4.63385e-10	-0.00733346
4.63516e-10	-0.00745593
4.63646e-10	-0.00757869
4.63777e-10	-0.00770173
4.63908e-10	-0.00782505
4.64038e-10	-0.00794866
4.64169e-10	-0.00807256
4.64299e-10	-0.00819674
4.6443e-10	-0.0083212
4.64561e-10	-0.00844596
4.64691e-10	-0.008571
4.64822e-10	-0.00869633
4.64952e-10	-0.00882194
4.65083e-10	-0.00894784
4.65214e-10	-0.00907403
4.65344e-10	-0.00920051
4.65475e-10	-0.00932728
4.65605e-10	-0.00945433
4.65736e-10	-0.00958167
4.65867e-10	-0.0097093
4.65997e-10	-0.00983722
4.66128e-10	-0.00996543
4.66258e-10	-0.0100939
4.66389e-10	-0.0102227
4.6652e-10	-0.0103518
4.6665e-10	-0.0104812
4.66781e-10	-0.0106108
4.66911e-10	-0.0107408
4.67042e-10	-0.010871
4.67173e-10	-0.0110015
4.67303e-10	-0.0111323
4.67434e-10	-0.0112635
4.67565e-10	-0.0113949
4.67695e-10	-0.0115265
4.67826e-10	-0.0116585
4.67956e-10	-0.0117908
4.68087e-10	-0.0119234
4.68218e-10	-0.0120562
4.68348e-10	-0.0121894
4.68479e-10	-0.0123228
4.68609e-10	-0.0124566
4.6874e-10	-0.0125906
4.68871e-10	-0.0127249
4.69001e-10	-0.0128595
4.69132e-10	-0.0129945
4.69262e-10	-0.0131297
4.69393e-10	-0.0132652
4.69524e-10	-0.013401
4.69654e-10	-0.013537
4.69785e-10	-0.0136734
4.69915e-10	-0.0138101
4.70046e-10	-0.0139471
4.70177e-10	-0.0140843
4.70307e-10	-0.0142219
4.70438e-10	-0.0143598
4.70568e-10	-0.0144979
4.70699e-10	-0.0146364
4.7083e-10	-0.0147751
4.7096e-10	-0.0149142
4.71091e-10	-0.0150535
4.71221e-10	-0.0151931
4.71352e-10	-0.0153331
4.71483e-10	-0.0154733
4.71613e-10	-0.0156138
4.71744e-10	-0.0157547
4.71874e-10	-0.0158958
4.72005e-10	-0.0160372
4.72136e-10	-0.0161789
4.72266e-10	-0.0163209
4.72397e-10	-0.0164632
4.72527e-10	-0.0166059
4.72658e-10	-0.0167488
4.72789e-10	-0.016892
4.72919e-10	-0.0170355
4.7305e-10	-0.0171793
4.73181e-10	-0.0173234
4.73311e-10	-0.0174678
4.73442e-10	-0.0176125
4.73572e-10	-0.0177575
4.73703e-10	-0.0179028
4.73834e-10	-0.0180484
4.73964e-10	-0.0181943
4.74095e-10	-0.0183406
4.74225e-10	-0.0184871
4.74356e-10	-0.0186339
4.74487e-10	-0.018781
4.74617e-10	-0.0189284
4.74748e-10	-0.0190761
4.74878e-10	-0.0192241
4.75009e-10	-0.0193724
4.7514e-10	-0.0195211
4.7527e-10	-0.01967
4.75401e-10	-0.0198192
4.75531e-10	-0.0199687
4.75662e-10	-0.0201186
4.75793e-10	-0.0202687
4.75923e-10	-0.0204191
4.76054e-10	-0.0205699
4.76184e-10	-0.0207209
4.76315e-10	-0.0208722
4.76446e-10	-0.0210239
4.76576e-10	-0.0211758
4.76707e-10	-0.0213281
4.76837e-10	-0.0214806
4.76968e-10	-0.0216335
4.77099e-10	-0.0217867
4.77229e-10	-0.0219401
4.7736e-10	-0.0220939
4.7749e-10	-0.022248
4.77621e-10	-0.0224024
4.77752e-10	-0.0225571
4.77882e-10	-0.0227121
4.78013e-10	-0.0228673
4.78143e-10	-0.023023
4.78274e-10	-0.0231789
4.78405e-10	-0.0233351
4.78535e-10	-0.0234916
4.78666e-10	-0.0236484
4.78797e-10	-0.0238056
4.78927e-10	-0.023963
4.79058e-10	-0.0241207
4.79188e-10	-0.0242788
4.79319e-10	-0.0244371
4.7945e-10	-0.0245958
4.7958e-10	-0.0247548
4.79711e-10	-0.0249141
4.79841e-10	-0.0250737
4.79972e-10	-0.0252335
4.80103e-10	-0.0253937
4.80233e-10	-0.0255543
4.80364e-10	-0.0257151
4.80494e-10	-0.0258762
4.80625e-10	-0.0260376
4.80756e-10	-0.0261994
4.80886e-10	-0.0263614
4.81017e-10	-0.0265238
4.81147e-10	-0.0266864
4.81278e-10	-0.0268494
4.81409e-10	-0.0270127
4.81539e-10	-0.0271763
4.8167e-10	-0.0273402
4.818e-10	-0.0275044
4.81931e-10	-0.0276689
4.82062e-10	-0.0278337
4.82192e-10	-0.0279989
4.82323e-10	-0.0281643
4.82453e-10	-0.0283301
4.82584e-10	-0.0284961
4.82715e-10	-0.0286625
4.82845e-10	-0.0288292
4.82976e-10	-0.0289962
4.83106e-10	-0.0291635
4.83237e-10	-0.0293311
4.83368e-10	-0.029499
4.83498e-10	-0.0296672
4.83629e-10	-0.0298358
4.83759e-10	-0.0300047
4.8389e-10	-0.0301738
4.84021e-10	-0.0303433
4.84151e-10	-0.0305131
4.84282e-10	-0.0306832
4.84413e-10	-0.0308536
4.84543e-10	-0.0310243
4.84674e-10	-0.0311953
4.84804e-10	-0.0313667
4.84935e-10	-0.0315384
4.85066e-10	-0.0317103
4.85196e-10	-0.0318826
4.85327e-10	-0.0320552
4.85457e-10	-0.0322281
4.85588e-10	-0.0324013
4.85719e-10	-0.0325748
4.85849e-10	-0.0327487
4.8598e-10	-0.0329228
4.8611e-10	-0.0330973
4.86241e-10	-0.0332721
4.86372e-10	-0.0334472
4.86502e-10	-0.0336226
4.86633e-10	-0.0337983
4.86763e-10	-0.0339743
4.86894e-10	-0.0341506
4.87025e-10	-0.0343273
4.87155e-10	-0.0345043
4.87286e-10	-0.0346815
4.87416e-10	-0.0348591
4.87547e-10	-0.035037
4.87678e-10	-0.0352153
4.87808e-10	-0.0353938
4.87939e-10	-0.0355726
4.88069e-10	-0.0357518
4.882e-10	-0.0359313
4.88331e-10	-0.0361111
4.88461e-10	-0.0362912
4.88592e-10	-0.0364716
4.88722e-10	-0.0366523
4.88853e-10	-0.0368334
4.88984e-10	-0.0370147
4.89114e-10	-0.0371964
4.89245e-10	-0.0373784
4.89375e-10	-0.0375607
4.89506e-10	-0.0377433
4.89637e-10	-0.0379262
4.89767e-10	-0.0381095
4.89898e-10	-0.038293
4.90029e-10	-0.0384769
4.90159e-10	-0.0386611
4.9029e-10	-0.0388456
4.9042e-10	-0.0390304
4.90551e-10	-0.0392155
4.90682e-10	-0.039401
4.90812e-10	-0.0395867
4.90943e-10	-0.0397728
4.91073e-10	-0.0399592
4.91204e-10	-0.0401459
4.91335e-10	-0.0403329
4.91465e-10	-0.0405203
4.91596e-10	-0.0407079
4.91726e-10	-0.0408959
4.91857e-10	-0.0410842
4.91988e-10	-0.0412727
4.92118e-10	-0.0414617
4.92249e-10	-0.0416509
4.92379e-10	-0.0418404
4.9251e-10	-0.0420303
4.92641e-10	-0.0422205
4.92771e-10	-0.0424109
4.92902e-10	-0.0426018
4.93032e-10	-0.0427929
4.93163e-10	-0.0429843
4.93294e-10	-0.0431761
4.93424e-10	-0.0433681
4.93555e-10	-0.0435605
4.93685e-10	-0.0437532
4.93816e-10	-0.0439462
4.93947e-10	-0.0441396
4.94077e-10	-0.0443332
4.94208e-10	-0.0445272
4.94338e-10	-0.0447214
4.94469e-10	-0.044916
4.946e-10	-0.0451109
4.9473e-10	-0.0453062
4.94861e-10	-0.0455017
4.94991e-10	-0.0456976
4.95122e-10	-0.0458937
4.95253e-10	-0.0460902
4.95383e-10	-0.046287
4.95514e-10	-0.0464841
4.95645e-10	-0.0466816
4.95775e-10	-0.0468793
4.95906e-10	-0.0470774
4.96036e-10	-0.0472758
4.96167e-10	-0.0474745
4.96298e-10	-0.0476735
4.96428e-10	-0.0478728
4.96559e-10	-0.0480725
4.96689e-10	-0.0482725
4.9682e-10	-0.0484727
4.96951e-10	-0.0486733
4.97081e-10	-0.0488743
4.97212e-10	-0.0490755
4.97342e-10	-0.049277
4.97473e-10	-0.0494789
4.97604e-10	-0.0496811
4.97734e-10	-0.0498836
4.97865e-10	-0.0500864
4.97995e-10	-0.0502895
4.98126e-10	-0.0504929
4.98257e-10	-0.0506967
4.98387e-10	-0.0509008
4.98518e-10	-0.0511052
4.98648e-10	-0.0513099
4.98779e-10	-0.0515149
4.9891e-10	-0.0517202
4.9904e-10	-0.0519259
4.99171e-10	-0.0521319
4.99301e-10	-0.0523381
4.99432e-10	-0.0525447
4.99563e-10	-0.0527517
4.99693e-10	-0.0529589
4.99824e-10	-0.0531664
4.99954e-10	-0.0533743
5.00085e-10	-0.0535825
5.00216e-10	-0.053791
5.00346e-10	-0.0539998
5.00477e-10	-0.0542089
5.00607e-10	-0.0544184
5.00738e-10	-0.0546281
5.00869e-10	-0.0548382
5.00999e-10	-0.0550486
5.0113e-10	-0.0552593
5.01261e-10	-0.0554703
5.01391e-10	-0.0556816
5.01522e-10	-0.0558933
5.01652e-10	-0.0561053
5.01783e-10	-0.0563175
5.01914e-10	-0.0565301
5.02044e-10	-0.0567431
5.02175e-10	-0.0569563
5.02305e-10	-0.0571698
5.02436e-10	-0.0573837
5.02567e-10	-0.0575978
5.02697e-10	-0.0578123
5.02828e-10	-0.0580271
5.02958e-10	-0.0582423
5.03089e-10	-0.0584577
5.0322e-10	-0.0586734
5.0335e-10	-0.0588895
5.03481e-10	-0.0591059
5.03611e-10	-0.0593226
5.03742e-10	-0.0595396
5.03873e-10	-0.0597569
5.04003e-10	-0.0599745
5.04134e-10	-0.0601925
5.04264e-10	-0.0604107
5.04395e-10	-0.0606293
5.04526e-10	-0.0608482
5.04656e-10	-0.0610674
5.04787e-10	-0.0612869
5.04917e-10	-0.0615067
5.05048e-10	-0.0617269
5.05179e-10	-0.0619473
5.05309e-10	-0.0621681
5.0544e-10	-0.0623892
5.0557e-10	-0.0626106
5.05701e-10	-0.0628323
5.05832e-10	-0.0630543
5.05962e-10	-0.0632767
5.06093e-10	-0.0634993
5.06223e-10	-0.0637223
5.06354e-10	-0.0639456
5.06485e-10	-0.0641692
5.06615e-10	-0.0643931
5.06746e-10	-0.0646173
5.06877e-10	-0.0648418
5.07007e-10	-0.0650667
5.07138e-10	-0.0652918
5.07268e-10	-0.0655173
5.07399e-10	-0.0657431
5.0753e-10	-0.0659691
5.0766e-10	-0.0661955
5.07791e-10	-0.0664223
5.07921e-10	-0.0666493
5.08052e-10	-0.0668766
5.08183e-10	-0.0671043
5.08313e-10	-0.0673322
5.08444e-10	-0.0675605
5.08574e-10	-0.0677891
5.08705e-10	-0.068018
5.08836e-10	-0.0682472
5.08966e-10	-0.0684767
5.09097e-10	-0.0687065
5.09227e-10	-0.0689367
5.09358e-10	-0.0691671
5.09489e-10	-0.0693979
5.09619e-10	-0.0696289
5.0975e-10	-0.0698603
5.0988e-10	-0.070092
5.10011e-10	-0.070324
5.10142e-10	-0.0705563
5.10272e-10	-0.0707889
5.10403e-10	-0.0710219
5.10533e-10	-0.0712551
5.10664e-10	-0.0714886
5.10795e-10	-0.0717225
5.10925e-10	-0.0719567
5.11056e-10	-0.0721911
5.11186e-10	-0.0724259
5.11317e-10	-0.072661
5.11448e-10	-0.0728964
5.11578e-10	-0.0731321
5.11709e-10	-0.0733681
5.11839e-10	-0.0736045
5.1197e-10	-0.0738411
5.12101e-10	-0.074078
5.12231e-10	-0.0743153
5.12362e-10	-0.0745528
5.12493e-10	-0.0747907
5.12623e-10	-0.0750289
5.12754e-10	-0.0752674
5.12884e-10	-0.0755061
5.13015e-10	-0.0757452
5.13146e-10	-0.0759846
5.13276e-10	-0.0762243
5.13407e-10	-0.0764643
5.13537e-10	-0.0767047
5.13668e-10	-0.0769453
5.13799e-10	-0.0771862
5.13929e-10	-0.0774274
5.1406e-10	-0.077669
5.1419e-10	-0.0779108
5.14321e-10	-0.078153
5.14452e-10	-0.0783954
5.14582e-10	-0.0786382
5.14713e-10	-0.0788812
5.14843e-10	-0.0791246
5.14974e-10	-0.0793683
5.15105e-10	-0.0796122
5.15235e-10	-0.0798565
5.15366e-10	-0.0801011
5.15496e-10	-0.080346
5.15627e-10	-0.0805912
5.15758e-10	-0.0808367
5.15888e-10	-0.0810825
5.16019e-10	-0.0813286
5.16149e-10	-0.081575
5.1628e-10	-0.0818217
5.16411e-10	-0.0820687
5.16541e-10	-0.082316
5.16672e-10	-0.0825636
5.16802e-10	-0.0828115
5.16933e-10	-0.0830597
5.17064e-10	-0.0833082
5.17194e-10	-0.083557
5.17325e-10	-0.0838062
5.17455e-10	-0.0840556
5.17586e-10	-0.0843053
5.17717e-10	-0.0845553
5.17847e-10	-0.0848056
5.17978e-10	-0.0850562
5.18109e-10	-0.0853072
5.18239e-10	-0.0855584
5.1837e-10	-0.0858099
5.185e-10	-0.0860617
5.18631e-10	-0.0863138
5.18762e-10	-0.0865662
5.18892e-10	-0.0868189
5.19023e-10	-0.0870719
5.19153e-10	-0.0873252
5.19284e-10	-0.0875788
5.19415e-10	-0.0878327
5.19545e-10	-0.0880869
5.19676e-10	-0.0883414
5.19806e-10	-0.0885962
5.19937e-10	-0.0888513
5.20068e-10	-0.0891067
5.20198e-10	-0.0893623
5.20329e-10	-0.0896183
5.20459e-10	-0.0898746
5.2059e-10	-0.0901312
5.20721e-10	-0.090388
5.20851e-10	-0.0906452
5.20982e-10	-0.0909026
5.21112e-10	-0.0911604
5.21243e-10	-0.0914184
5.21374e-10	-0.0916767
5.21504e-10	-0.0919353
5.21635e-10	-0.0921943
5.21765e-10	-0.0924535
5.21896e-10	-0.092713
5.22027e-10	-0.0929728
5.22157e-10	-0.0932329
5.22288e-10	-0.0934932
5.22418e-10	-0.0937539
5.22549e-10	-0.0940149
5.2268e-10	-0.0942761
5.2281e-10	-0.0945377
5.22941e-10	-0.0947995
5.23071e-10	-0.0950616
5.23202e-10	-0.095324
5.23333e-10	-0.0955867
5.23463e-10	-0.0958497
5.23594e-10	-0.096113
5.23725e-10	-0.0963766
5.23855e-10	-0.0966405
5.23986e-10	-0.0969046
5.24116e-10	-0.097169
5.24247e-10	-0.0974338
5.24378e-10	-0.0976988
5.24508e-10	-0.0979641
5.24639e-10	-0.0982297
5.24769e-10	-0.0984956
5.249e-10	-0.0987617
5.25031e-10	-0.0990282
5.25161e-10	-0.0992949
5.25292e-10	-0.0995619
5.25422e-10	-0.0998292
5.25553e-10	-0.100097
5.25684e-10	-0.100365
5.25814e-10	-0.100633
5.25945e-10	-0.100901
5.26075e-10	-0.10117
5.26206e-10	-0.101439
5.26337e-10	-0.101708
5.26467e-10	-0.101978
5.26598e-10	-0.102248
5.26728e-10	-0.102518
5.26859e-10	-0.102788
5.2699e-10	-0.103059
5.2712e-10	-0.10333
5.27251e-10	-0.103601
5.27381e-10	-0.103873
5.27512e-10	-0.104145
5.27643e-10	-0.104417
5.27773e-10	-0.104689
5.27904e-10	-0.104962
5.28034e-10	-0.105235
5.28165e-10	-0.105508
5.28296e-10	-0.105782
5.28426e-10	-0.106055
5.28557e-10	-0.106329
5.28687e-10	-0.106604
5.28818e-10	-0.106878
5.28949e-10	-0.107153
5.29079e-10	-0.107428
5.2921e-10	-0.107704
5.29341e-10	-0.10798
5.29471e-10	-0.108256
5.29602e-10	-0.108532
5.29732e-10	-0.108808
5.29863e-10	-0.109085
5.29994e-10	-0.109362
5.30124e-10	-0.10964
5.30255e-10	-0.109917
5.30385e-10	-0.110195
5.30516e-10	-0.110473
5.30647e-10	-0.110752
5.30777e-10	-0.111031
5.30908e-10	-0.11131
5.31038e-10	-0.111589
5.31169e-10	-0.111868
5.313e-10	-0.112148
5.3143e-10	-0.112428
5.31561e-10	-0.112709
5.31691e-10	-0.112989
5.31822e-10	-0.11327
5.31953e-10	-0.113551
5.32083e-10	-0.113833
5.32214e-10	-0.114114
5.32344e-10	-0.114396
5.32475e-10	-0.114679
5.32606e-10	-0.114961
5.32736e-10	-0.115244
5.32867e-10	-0.115527
5.32997e-10	-0.11581
5.33128e-10	-0.116094
5.33259e-10	-0.116378
5.33389e-10	-0.116662
5.3352e-10	-0.116946
5.3365e-10	-0.117231
5.33781e-10	-0.117515
5.33912e-10	-0.117801
5.34042e-10	-0.118086
5.34173e-10	-0.118372
5.34303e-10	-0.118658
5.34434e-10	-0.118944
5.34565e-10	-0.11923
5.34695e-10	-0.119517
5.34826e-10	-0.119804
5.34956e-10	-0.120091
5.35087e-10	-0.120379
5.35218e-10	-0.120666
5.35348e-10	-0.120954
5.35479e-10	-0.121243
5.3561e-10	-0.121531
5.3574e-10	-0.12182
5.35871e-10	-0.122109
5.36001e-10	-0.122398
5.36132e-10	-0.122688
5.36263e-10	-0.122978
5.36393e-10	-0.123268
5.36524e-10	-0.123558
5.36654e-10	-0.123849
5.36785e-10	-0.124139
5.36916e-10	-0.12443
5.37046e-10	-0.124722
5.37177e-10	-0.125013
5.37307e-10	-0.125305
5.37438e-10	-0.125597
5.37569e-10	-0.12589
5.37699e-10	-0.126182
5.3783e-10	-0.126475
5.3796e-10	-0.126768
5.38091e-10	-0.127061
5.38222e-10	-0.127355
5.38352e-10	-0.127649
5.38483e-10	-0.127943
5.38613e-10	-0.128237
5.38744e-10	-0.128532
5.38875e-10	-0.128827
5.39005e-10	-0.129122
5.39136e-10	-0.129417
5.39266e-10	-0.129712
5.39397e-10	-0.130008
5.39528e-10	-0.130304
5.39658e-10	-0.130601
5.39789e-10	-0.130897
5.39919e-10	-0.131194
5.4005e-10	-0.131491
5.40181e-10	-0.131788
5.40311e-10	-0.132086
5.40442e-10	-0.132383
5.40572e-10	-0.132681
5.40703e-10	-0.13298
5.40834e-10	-0.133278
5.40964e-10	-0.133577
5.41095e-10	-0.133876
5.41226e-10	-0.134175
5.41356e-10	-0.134474
5.41487e-10	-0.134774
5.41617e-10	-0.135074
5.41748e-10	-0.135374
5.41879e-10	-0.135674
5.42009e-10	-0.135975
5.4214e-10	-0.136276
5.4227e-10	-0.136577
5.42401e-10	-0.136878
5.42532e-10	-0.137179
5.42662e-10	-0.137481
5.42793e-10	-0.137783
5.42923e-10	-0.138085
5.43054e-10	-0.138388
5.43185e-10	-0.138691
5.43315e-10	-0.138993
5.43446e-10	-0.139297
5.43576e-10	-0.1396
5.43707e-10	-0.139904
5.43838e-10	-0.140207
5.43968e-10	-0.140511
5.44099e-10	-0.140816
5.44229e-10	-0.14112
5.4436e-10	-0.141425
5.44491e-10	-0.14173
5.44621e-10	-0.142035
5.44752e-10	-0.14234
5.44882e-10	-0.142646
5.45013e-10	-0.142952
5.45144e-10	-0.143258
5.45274e-10	-0.143564
5.45405e-10	-0.143871
5.45535e-10	-0.144177
5.45666e-10	-0.144484
5.45797e-10	-0.144792
5.45927e-10	-0.145099
5.46058e-10	-0.145407
5.46188e-10	-0.145714
5.46319e-10	-0.146022
5.4645e-10	-0.146331
5.4658e-10	-0.146639
5.46711e-10	-0.146948
5.46842e-10	-0.147257
5.46972e-10	-0.147566
5.47103e-10	-0.147875
5.47233e-10	-0.148185
5.47364e-10	-0.148495
5.47495e-10	-0.148805
5.47625e-10	-0.149115
5.47756e-10	-0.149425
5.47886e-10	-0.149736
5.48017e-10	-0.150046
5.48148e-10	-0.150358
5.48278e-10	-0.150669
5.48409e-10	-0.15098
5.48539e-10	-0.151292
5.4867e-10	-0.151604
5.48801e-10	-0.151916
5.48931e-10	-0.152228
5.49062e-10	-0.152541
5.49192e-10	-0.152853
5.49323e-10	-0.153166
5.49454e-10	-0.153479
5.49584e-10	-0.153792
5.49715e-10	-0.154106
5.49845e-10	-0.15442
5.49976e-10	-0.154734
5.50107e-10	-0.155048
5.50237e-10	-0.155362
5.50368e-10	-0.155676
5.50498e-10	-0.155991
5.50629e-10	-0.156306
5.5076e-10	-0.156621
5.5089e-10	-0.156936
5.51021e-10	-0.157252
5.51151e-10	-0.157568
5.51282e-10	-0.157883
5.51413e-10	-0.158199
5.51543e-10	-0.158516
5.51674e-10	-0.158832
5.51804e-10	-0.159149
5.51935e-10	-0.159466
5.52066e-10	-0.159783
5.52196e-10	-0.1601
5.52327e-10	-0.160417
5.52458e-10	-0.160735
5.52588e-10	-0.161053
5.52719e-10	-0.161371
5.52849e-10	-0.161689
5.5298e-10	-0.162007
5.53111e-10	-0.162326
5.53241e-10	-0.162644
5.53372e-10	-0.162963
5.53502e-10	-0.163282
5.53633e-10	-0.163602
5.53764e-10	-0.163921
5.53894e-10	-0.164241
5.54025e-10	-0.164561
5.54155e-10	-0.164881
5.54286e-10	-0.165201
5.54417e-10	-0.165521
5.54547e-10	-0.165842
5.54678e-10	-0.166162
5.54808e-10	-0.166483
5.54939e-10	-0.166804
5.5507e-10	-0.167126
5.552e-10	-0.167447
5.55331e-10	-0.167769
5.55461e-10	-0.16809
5.55592e-10	-0.168412
5.55723e-10	-0.168734
5.55853e-10	-0.169057
5.55984e-10	-0.169379
5.56114e-10	-0.169702
5.56245e-10	-0.170024
5.56376e-10	-0.170347
5.56506e-10	-0.170671
5.56637e-10	-0.170994
5.56767e-10	-0.171317
5.56898e-10	-0.171641
5.57029e-10	-0.171965
5.57159e-10	-0.172289
5.5729e-10	-0.172613
5.5742e-10	-0.172937
5.57551e-10	-0.173262
5.57682e-10	-0.173586
5.57812e-10	-0.173911
5.57943e-10	-0.174236
5.58074e-10	-0.174561
5.58204e-10	-0.174886
5.58335e-10	-0.175212
5.58465e-10	-0.175537
5.58596e-10	-0.175863
5.58727e-10	-0.176189
5.58857e-10	-0.176515
5.58988e-10	-0.176841
5.59118e-10	-0.177168
5.59249e-10	-0.177494
5.5938e-10	-0.177821
5.5951e-10	-0.178148
5.59641e-10	-0.178475
5.59771e-10	-0.178802
5.59902e-10	-0.179129
5.60033e-10	-0.179456
5.60163e-10	-0.179784
5.60294e-10	-0.180112
5.60424e-10	-0.18044
5.60555e-10	-0.180768
5.60686e-10	-0.181096
5.60816e-10	-0.181424
5.60947e-10	-0.181752
5.61077e-10	-0.182081
5.61208e-10	-0.18241
5.61339e-10	-0.182739
5.61469e-10	-0.183068
5.616e-10	-0.183397
5.6173e-10	-0.183726
5.61861e-10	-0.184055
5.61992e-10	-0.184385
5.62122e-10	-0.184715
5.62253e-10	-0.185045
5.62383e-10	-0.185375
5.62514e-10	-0.185705
5.62645e-10	-0.186035
5.62775e-10	-0.186365
5.62906e-10	-0.186696
5.63036e-10	-0.187026
5.63167e-10	-0.187357
5.63298e-10	-0.187688
5.63428e-10	-0.188019
5.63559e-10	-0.18835
5.6369e-10	-0.188682
5.6382e-10	-0.189013
5.63951e-10	-0.189345
5.64081e-10	-0.189676
5.64212e-10	-0.190008
5.64343e-10	-0.19034
5.64473e-10	-0.190672
5.64604e-10	-0.191004
5.64734e-10	-0.191336
5.64865e-10	-0.191669
5.64996e-10	-0.192001
5.65126e-10	-0.192334
5.65257e-10	-0.192667
5.65387e-10	-0.193
5.65518e-10	-0.193333
5.65649e-10	-0.193666
5.65779e-10	-0.193999
5.6591e-10	-0.194332
5.6604e-10	-0.194666
5.66171e-10	-0.194999
5.66302e-10	-0.195333
5.66432e-10	-0.195667
5.66563e-10	-0.196001
5.66693e-10	-0.196335
5.66824e-10	-0.196669
5.66955e-10	-0.197003
5.67085e-10	-0.197337
5.67216e-10	-0.197672
5.67346e-10	-0.198006
5.67477e-10	-0.198341
5.67608e-10	-0.198676
5.67738e-10	-0.199011
5.67869e-10	-0.199346
5.67999e-10	-0.199681
5.6813e-10	-0.200016
5.68261e-10	-0.200351
5.68391e-10	-0.200686
5.68522e-10	-0.201022
5.68652e-10	-0.201357
5.68783e-10	-0.201693
5.68914e-10	-0.202029
5.69044e-10	-0.202365
5.69175e-10	-0.202701
5.69306e-10	-0.203037
5.69436e-10	-0.203373
5.69567e-10	-0.203709
5.69697e-10	-0.204045
5.69828e-10	-0.204382
5.69959e-10	-0.204718
5.70089e-10	-0.205055
5.7022e-10	-0.205391
5.7035e-10	-0.205728
5.70481e-10	-0.206065
5.70612e-10	-0.206402
5.70742e-10	-0.206739
5.70873e-10	-0.207076
5.71003e-10	-0.207413
5.71134e-10	-0.20775
5.71265e-10	-0.208087
5.71395e-10	-0.208425
5.71526e-10	-0.208762
5.71656e-10	-0.2091
5.71787e-10	-0.209437
5.71918e-10	-0.209775
5.72048e-10	-0.210113
5.72179e-10	-0.210451
5.72309e-10	-0.210788
5.7244e-10	-0.211126
5.72571e-10	-0.211464
5.72701e-10	-0.211803
5.72832e-10	-0.212141
5.72962e-10	-0.212479
5.73093e-10	-0.212817
5.73224e-10	-0.213156
5.73354e-10	-0.213494
5.73485e-10	-0.213833
5.73615e-10	-0.214171
5.73746e-10	-0.21451
5.73877e-10	-0.214849
5.74007e-10	-0.215187
5.74138e-10	-0.215526
5.74268e-10	-0.215865
5.74399e-10	-0.216204
5.7453e-10	-0.216543
5.7466e-10	-0.216882
5.74791e-10	-0.217221
5.74922e-10	-0.21756
5.75052e-10	-0.217899
5.75183e-10	-0.218239
5.75313e-10	-0.218578
5.75444e-10	-0.218917
5.75575e-10	-0.219257
5.75705e-10	-0.219596
5.75836e-10	-0.219936
5.75966e-10	-0.220275
5.76097e-10	-0.220615
5.76228e-10	-0.220955
5.76358e-10	-0.221294
5.76489e-10	-0.221634
5.76619e-10	-0.221974
5.7675e-10	-0.222313
5.76881e-10	-0.222653
5.77011e-10	-0.222993
5.77142e-10	-0.223333
5.77272e-10	-0.223673
5.77403e-10	-0.224013
5.77534e-10	-0.224353
5.77664e-10	-0.224693
5.77795e-10	-0.225033
5.77925e-10	-0.225373
5.78056e-10	-0.225714
5.78187e-10	-0.226054
5.78317e-10	-0.226394
5.78448e-10	-0.226734
5.78578e-10	-0.227075
5.78709e-10	-0.227415
5.7884e-10	-0.227755
5.7897e-10	-0.228096
5.79101e-10	-0.228436
5.79231e-10	-0.228776
5.79362e-10	-0.229117
5.79493e-10	-0.229457
5.79623e-10	-0.229798
5.79754e-10	-0.230138
5.79884e-10	-0.230479
5.80015e-10	-0.230819
5.80146e-10	-0.23116
5.80276e-10	-0.2315
5.80407e-10	-0.231841
5.80538e-10	-0.232181
5.80668e-10	-0.232522
5.80799e-10	-0.232862
5.80929e-10	-0.233203
5.8106e-10	-0.233544
5.81191e-10	-0.233884
5.81321e-10	-0.234225
5.81452e-10	-0.234565
5.81582e-10	-0.234906
5.81713e-10	-0.235247
5.81844e-10	-0.235587
5.81974e-10	-0.235928
5.82105e-10	-0.236269
5.82235e-10	-0.236609
5.82366e-10	-0.23695
5.82497e-10	-0.23729
5.82627e-10	-0.237631
5.82758e-10	-0.237972
5.82888e-10	-0.238312
5.83019e-10	-0.238653
5.8315e-10	-0.238993
5.8328e-10	-0.239334
5.83411e-10	-0.239675
5.83541e-10	-0.240015
5.83672e-10	-0.240356
5.83803e-10	-0.240696
5.83933e-10	-0.241037
5.84064e-10	-0.241377
5.84194e-10	-0.241718
5.84325e-10	-0.242058
5.84456e-10	-0.242399
5.84586e-10	-0.242739
5.84717e-10	-0.24308
5.84847e-10	-0.24342
5.84978e-10	-0.24376
5.85109e-10	-0.244101
5.85239e-10	-0.244441
5.8537e-10	-0.244781
5.855e-10	-0.245121
5.85631e-10	-0.245462
5.85762e-10	-0.245802
5.85892e-10	-0.246142
5.86023e-10	-0.246482
5.86154e-10	-0.246822
5.86284e-10	-0.247162
5.86415e-10	-0.247502
5.86545e-10	-0.247843
5.86676e-10	-0.248182
5.86807e-10	-0.248522
5.86937e-10	-0.248862
5.87068e-10	-0.249202
5.87198e-10	-0.249542
5.87329e-10	-0.249882
5.8746e-10	-0.250221
5.8759e-10	-0.250561
5.87721e-10	-0.250901
5.87851e-10	-0.25124
5.87982e-10	-0.25158
5.88113e-10	-0.251919
5.88243e-10	-0.252259
5.88374e-10	-0.252598
5.88504e-10	-0.252938
5.88635e-10	-0.253277
5.88766e-10	-0.253616
5.88896e-10	-0.253955
5.89027e-10	-0.254294
5.89157e-10	-0.254634
5.89288e-10	-0.254973
5.89419e-10	-0.255312
5.89549e-10	-0.25565
5.8968e-10	-0.255989
5.8981e-10	-0.256328
5.89941e-10	-0.256667
5.90072e-10	-0.257005
5.90202e-10	-0.257344
5.90333e-10	-0.257682
5.90463e-10	-0.258021
5.90594e-10	-0.258359
5.90725e-10	-0.258698
5.90855e-10	-0.259036
5.90986e-10	-0.259374
5.91116e-10	-0.259712
5.91247e-10	-0.26005
5.91378e-10	-0.260388
5.91508e-10	-0.260726
5.91639e-10	-0.261063
5.9177e-10	-0.261401
5.919e-10	-0.261739
5.92031e-10	-0.262076
5.92161e-10	-0.262414
5.92292e-10	-0.262751
5.92423e-10	-0.263088
5.92553e-10	-0.263426
5.92684e-10	-0.263763
5.92814e-10	-0.2641
5.92945e-10	-0.264437
5.93076e-10	-0.264773
5.93206e-10	-0.26511
5.93337e-10	-0.265447
5.93467e-10	-0.265783
5.93598e-10	-0.26612
5.93729e-10	-0.266456
5.93859e-10	-0.266792
5.9399e-10	-0.267128
5.9412e-10	-0.267465
5.94251e-10	-0.267801
5.94382e-10	-0.268136
5.94512e-10	-0.268472
5.94643e-10	-0.268808
5.94773e-10	-0.269143
5.94904e-10	-0.269479
5.95035e-10	-0.269814
5.95165e-10	-0.270149
5.95296e-10	-0.270484
5.95426e-10	-0.270819
5.95557e-10	-0.271154
5.95688e-10	-0.271489
5.95818e-10	-0.271824
5.95949e-10	-0.272158
5.96079e-10	-0.272492
5.9621e-10	-0.272827
5.96341e-10	-0.273161
5.96471e-10	-0.273495
5.96602e-10	-0.273829
5.96732e-10	-0.274163
5.96863e-10	-0.274496
5.96994e-10	-0.27483
5.97124e-10	-0.275163
5.97255e-10	-0.275497
5.97386e-10	-0.27583
5.97516e-10	-0.276163
5.97647e-10	-0.276496
5.97777e-10	-0.276828
5.97908e-10	-0.277161
5.98039e-10	-0.277494
5.98169e-10	-0.277826
5.983e-10	-0.278158
5.9843e-10	-0.27849
5.98561e-10	-0.278822
5.98692e-10	-0.279154
5.98822e-10	-0.279486
5.98953e-10	-0.279817
5.99083e-10	-0.280149
5.99214e-10	-0.28048
5.99345e-10	-0.280811
5.99475e-10	-0.281142
5.99606e-10	-0.281473
5.99736e-10	-0.281803
5.99867e-10	-0.282134
5.99998e-10	-0.282464
6.00128e-10	-0.282794
6.00259e-10	-0.283124
6.00389e-10	-0.283454
6.0052e-10	-0.283784
6.00651e-10	-0.284113
6.00781e-10	-0.284442
6.00912e-10	-0.284772
6.01042e-10	-0.285101
6.01173e-10	-0.28543
6.01304e-10	-0.285758
6.01434e-10	-0.286087
6.01565e-10	-0.286415
6.01695e-10	-0.286743
6.01826e-10	-0.287071
6.01957e-10	-0.287399
6.02087e-10	-0.287727
6.02218e-10	-0.288054
6.02348e-10	-0.288382
6.02479e-10	-0.288709
6.0261e-10	-0.289036
6.0274e-10	-0.289363
6.02871e-10	-0.289689
6.03002e-10	-0.290016
6.03132e-10	-0.290342
6.03263e-10	-0.290668
6.03393e-10	-0.290994
6.03524e-10	-0.29132
6.03655e-10	-0.291645
6.03785e-10	-0.29197
6.03916e-10	-0.292295
6.04046e-10	-0.29262
6.04177e-10	-0.292945
6.04308e-10	-0.29327
6.04438e-10	-0.293594
6.04569e-10	-0.293918
6.04699e-10	-0.294242
6.0483e-10	-0.294566
6.04961e-10	-0.294889
6.05091e-10	-0.295213
6.05222e-10	-0.295536
6.05352e-10	-0.295859
6.05483e-10	-0.296182
6.05614e-10	-0.296504
6.05744e-10	-0.296826
6.05875e-10	-0.297148
6.06005e-10	-0.29747
6.06136e-10	-0.297792
6.06267e-10	-0.298113
6.06397e-10	-0.298435
6.06528e-10	-0.298756
6.06658e-10	-0.299077
6.06789e-10	-0.299397
6.0692e-10	-0.299718
6.0705e-10	-0.300038
6.07181e-10	-0.300358
6.07311e-10	-0.300677
6.07442e-10	-0.300997
6.07573e-10	-0.301316
6.07703e-10	-0.301635
6.07834e-10	-0.301954
6.07964e-10	-0.302272
6.08095e-10	-0.302591
6.08226e-10	-0.302909
6.08356e-10	-0.303227
6.08487e-10	-0.303544
6.08618e-10	-0.303862
6.08748e-10	-0.304179
6.08879e-10	-0.304496
6.09009e-10	-0.304812
6.0914e-10	-0.305129
6.09271e-10	-0.305445
6.09401e-10	-0.305761
6.09532e-10	-0.306077
6.09662e-10	-0.306392
6.09793e-10	-0.306707
6.09924e-10	-0.307022
6.10054e-10	-0.307337
6.10185e-10	-0.307651
6.10315e-10	-0.307966
6.10446e-10	-0.30828
6.10577e-10	-0.308593
6.10707e-10	-0.308907
6.10838e-10	-0.30922
6.10968e-10	-0.309533
6.11099e-10	-0.309845
6.1123e-10	-0.310158
6.1136e-10	-0.31047
6.11491e-10	-0.310782
6.11621e-10	-0.311093
6.11752e-10	-0.311405
6.11883e-10	-0.311716
6.12013e-10	-0.312026
6.12144e-10	-0.312337
6.12274e-10	-0.312647
6.12405e-10	-0.312957
6.12536e-10	-0.313267
6.12666e-10	-0.313576
6.12797e-10	-0.313885
6.12927e-10	-0.314194
6.13058e-10	-0.314503
6.13189e-10	-0.314811
6.13319e-10	-0.315119
6.1345e-10	-0.315426
6.1358e-10	-0.315734
6.13711e-10	-0.316041
6.13842e-10	-0.316348
6.13972e-10	-0.316654
6.14103e-10	-0.316961
6.14234e-10	-0.317267
6.14364e-10	-0.317572
6.14495e-10	-0.317878
6.14625e-10	-0.318183
6.14756e-10	-0.318487
6.14887e-10	-0.318792
6.15017e-10	-0.319096
6.15148e-10	-0.3194
6.15278e-10	-0.319704
6.15409e-10	-0.320007
6.1554e-10	-0.32031
6.1567e-10	-0.320612
6.15801e-10	-0.320915
6.15931e-10	-0.321217
6.16062e-10	-0.321518
6.16193e-10	-0.32182
6.16323e-10	-0.322121
6.16454e-10	-0.322422
6.16584e-10	-0.322722
6.16715e-10	-0.323022
6.16846e-10	-0.323322
6.16976e-10	-0.323621
6.17107e-10	-0.323921
6.17237e-10	-0.324219
6.17368e-10	-0.324518
6.17499e-10	-0.324816
6.17629e-10	-0.325114
6.1776e-10	-0.325411
6.1789e-10	-0.325709
6.18021e-10	-0.326005
6.18152e-10	-0.326302
6.18282e-10	-0.326598
6.18413e-10	-0.326894
6.18543e-10	-0.32719
6.18674e-10	-0.327485
6.18805e-10	-0.327779
6.18935e-10	-0.328074
6.19066e-10	-0.328368
6.19196e-10	-0.328662
6.19327e-10	-0.328955
6.19458e-10	-0.329248
6.19588e-10	-0.329541
6.19719e-10	-0.329834
6.19849e-10	-0.330126
6.1998e-10	-0.330417
6.20111e-10	-0.330709
6.20241e-10	-0.331
6.20372e-10	-0.33129
6.20503e-10	-0.331581
6.20633e-10	-0.33187
6.20764e-10	-0.33216
6.20894e-10	-0.332449
6.21025e-10	-0.332738
6.21156e-10	-0.333026
6.21286e-10	-0.333315
6.21417e-10	-0.333602
6.21547e-10	-0.33389
6.21678e-10	-0.334177
6.21809e-10	-0.334463
6.21939e-10	-0.334749
6.2207e-10	-0.335035
6.222e-10	-0.335321
6.22331e-10	-0.335606
6.22462e-10	-0.33589
6.22592e-10	-0.336175
6.22723e-10	-0.336459
6.22853e-10	-0.336742
6.22984e-10	-0.337026
6.23115e-10	-0.337308
6.23245e-10	-0.337591
6.23376e-10	-0.337873
6.23506e-10	-0.338154
6.23637e-10	-0.338436
6.23768e-10	-0.338716
6.23898e-10	-0.338997
6.24029e-10	-0.339277
6.24159e-10	-0.339557
6.2429e-10	-0.339836
6.24421e-10	-0.340115
6.24551e-10	-0.340393
6.24682e-10	-0.340671
6.24812e-10	-0.340949
6.24943e-10	-0.341226
6.25074e-10	-0.341503
6.25204e-10	-0.341779
6.25335e-10	-0.342055
6.25465e-10	-0.342331
6.25596e-10	-0.342606
6.25727e-10	-0.342881
6.25857e-10	-0.343155
6.25988e-10	-0.343429
6.26119e-10	-0.343703
6.26249e-10	-0.343976
6.2638e-10	-0.344248
6.2651e-10	-0.344521
6.26641e-10	-0.344793
6.26772e-10	-0.345064
6.26902e-10	-0.345335
6.27033e-10	-0.345605
6.27163e-10	-0.345876
6.27294e-10	-0.346145
6.27425e-10	-0.346415
6.27555e-10	-0.346683
6.27686e-10	-0.346952
6.27816e-10	-0.34722
6.27947e-10	-0.347487
6.28078e-10	-0.347754
6.28208e-10	-0.348021
6.28339e-10	-0.348287
6.28469e-10	-0.348553
6.286e-10	-0.348818
6.28731e-10	-0.349083
6.28861e-10	-0.349347
6.28992e-10	-0.349611
6.29122e-10	-0.349875
6.29253e-10	-0.350138
6.29384e-10	-0.350401
6.29514e-10	-0.350663
6.29645e-10	-0.350924
6.29775e-10	-0.351186
6.29906e-10	-0.351446
6.30037e-10	-0.351707
6.30167e-10	-0.351966
6.30298e-10	-0.352226
6.30428e-10	-0.352485
6.30559e-10	-0.352743
6.3069e-10	-0.353001
6.3082e-10	-0.353259
6.30951e-10	-0.353516
6.31081e-10	-0.353772
6.31212e-10	-0.354028
6.31343e-10	-0.354284
6.31473e-10	-0.354539
6.31604e-10	-0.354794
6.31735e-10	-0.355048
6.31865e-10	-0.355302
6.31996e-10	-0.355555
6.32126e-10	-0.355808
6.32257e-10	-0.35606
6.32388e-10	-0.356312
6.32518e-10	-0.356563
6.32649e-10	-0.356814
6.32779e-10	-0.357064
6.3291e-10	-0.357314
6.33041e-10	-0.357563
6.33171e-10	-0.357812
6.33302e-10	-0.35806
6.33432e-10	-0.358308
6.33563e-10	-0.358555
6.33694e-10	-0.358802
6.33824e-10	-0.359049
6.33955e-10	-0.359294
6.34085e-10	-0.35954
6.34216e-10	-0.359784
6.34347e-10	-0.360029
6.34477e-10	-0.360273
6.34608e-10	-0.360516
6.34738e-10	-0.360759
6.34869e-10	-0.361001
6.35e-10	-0.361243
6.3513e-10	-0.361484
6.35261e-10	-0.361724
6.35391e-10	-0.361965
6.35522e-10	-0.362204
6.35653e-10	-0.362443
6.35783e-10	-0.362682
6.35914e-10	-0.36292
6.36044e-10	-0.363158
6.36175e-10	-0.363395
6.36306e-10	-0.363631
6.36436e-10	-0.363867
6.36567e-10	-0.364103
6.36697e-10	-0.364338
6.36828e-10	-0.364572
6.36959e-10	-0.364806
6.37089e-10	-0.365039
6.3722e-10	-0.365272
6.37351e-10	-0.365504
6.37481e-10	-0.365736
6.37612e-10	-0.365967
6.37742e-10	-0.366198
6.37873e-10	-0.366428
6.38004e-10	-0.366657
6.38134e-10	-0.366886
6.38265e-10	-0.367114
6.38395e-10	-0.367342
6.38526e-10	-0.36757
6.38657e-10	-0.367796
6.38787e-10	-0.368022
6.38918e-10	-0.368248
6.39048e-10	-0.368473
6.39179e-10	-0.368698
6.3931e-10	-0.368922
6.3944e-10	-0.369145
6.39571e-10	-0.369368
6.39701e-10	-0.36959
6.39832e-10	-0.369812
6.39963e-10	-0.370033
6.40093e-10	-0.370253
6.40224e-10	-0.370473
6.40354e-10	-0.370693
6.40485e-10	-0.370912
6.40616e-10	-0.37113
6.40746e-10	-0.371347
6.40877e-10	-0.371565
6.41007e-10	-0.371781
6.41138e-10	-0.371997
6.41269e-10	-0.372212
6.41399e-10	-0.372427
6.4153e-10	-0.372641
6.4166e-10	-0.372855
6.41791e-10	-0.373068
6.41922e-10	-0.37328
6.42052e-10	-0.373492
6.42183e-10	-0.373703
6.42313e-10	-0.373914
6.42444e-10	-0.374124
6.42575e-10	-0.374333
6.42705e-10	-0.374542
6.42836e-10	-0.37475
6.42967e-10	-0.374958
6.43097e-10	-0.375165
6.43228e-10	-0.375371
6.43358e-10	-0.375577
6.43489e-10	-0.375782
6.4362e-10	-0.375987
6.4375e-10	-0.376191
6.43881e-10	-0.376394
6.44011e-10	-0.376597
6.44142e-10	-0.376799
6.44273e-10	-0.377001
6.44403e-10	-0.377202
6.44534e-10	-0.377402
6.44664e-10	-0.377602
6.44795e-10	-0.377801
6.44926e-10	-0.377999
6.45056e-10	-0.378197
6.45187e-10	-0.378394
6.45317e-10	-0.378591
6.45448e-10	-0.378787
6.45579e-10	-0.378982
6.45709e-10	-0.379177
6.4584e-10	-0.379371
6.4597e-10	-0.379564
6.46101e-10	-0.379757
6.46232e-10	-0.379949
6.46362e-10	-0.38014
6.46493e-10	-0.380331
6.46623e-10	-0.380521
6.46754e-10	-0.380711
6.46885e-10	-0.3809
6.47015e-10	-0.381088
6.47146e-10	-0.381276
6.47276e-10	-0.381463
6.47407e-10	-0.381649
6.47538e-10	-0.381835
6.47668e-10	-0.38202
6.47799e-10	-0.382204
6.47929e-10	-0.382388
6.4806e-10	-0.382571
6.48191e-10	-0.382753
6.48321e-10	-0.382935
6.48452e-10	-0.383116
6.48583e-10	-0.383296
6.48713e-10	-0.383476
6.48844e-10	-0.383655
6.48974e-10	-0.383833
6.49105e-10	-0.384011
6.49236e-10	-0.384188
6.49366e-10	-0.384365
6.49497e-10	-0.38454
6.49627e-10	-0.384715
6.49758e-10	-0.38489
6.49889e-10	-0.385063
6.50019e-10	-0.385236
6.5015e-10	-0.385409
6.5028e-10	-0.38558
6.50411e-10	-0.385751
6.50542e-10	-0.385922
6.50672e-10	-0.386091
6.50803e-10	-0.38626
6.50933e-10	-0.386428
6.51064e-10	-0.386596
6.51195e-10	-0.386763
6.51325e-10	-0.386929
6.51456e-10	-0.387094
6.51586e-10	-0.387259
6.51717e-10	-0.387423
6.51848e-10	-0.387586
6.51978e-10	-0.387749
6.52109e-10	-0.387911
6.52239e-10	-0.388072
6.5237e-10	-0.388233
6.52501e-10	-0.388393
6.52631e-10	-0.388552
6.52762e-10	-0.38871
6.52892e-10	-0.388868
