6.53023e-14	0
1.95907e-13	-0.000112764
3.26512e-13	-0.000112978
4.57116e-13	-0.000113193
5.87721e-13	-0.000113408
7.18325e-13	-0.000113623
8.4893e-13	-0.000113838
9.79535e-13	-0.000114054
1.11014e-12	-0.000114269
1.24074e-12	-0.000114485
1.37135e-12	-0.000114701
1.50195e-12	-0.000114917
1.63256e-12	-0.000115133
1.76316e-12	-0.000115349
1.89377e-12	-0.000115565
2.02437e-12	-0.000115782
2.15498e-12	-0.000115999
2.28558e-12	-0.000116216
2.41619e-12	-0.000116433
2.54679e-12	-0.00011665
2.67739e-12	-0.000116867
2.808e-12	-0.000117085
2.9386e-12	-0.000117302
3.06921e-12	-0.00011752
3.19981e-12	-0.000117738
3.33042e-12	-0.000117956
3.46102e-12	-0.000118174
3.59163e-12	-0.000118393
3.72223e-12	-0.000118611
3.85284e-12	-0.00011883
3.98344e-12	-0.000119048
4.11405e-12	-0.000119267
4.24465e-12	-0.000119486
4.37525e-12	-0.000119706
4.50586e-12	-0.000119925
4.63646e-12	-0.000120144
4.76707e-12	-0.000120364
4.89767e-12	-0.000120584
5.02828e-12	-0.000120803
5.15888e-12	-0.000121023
5.28949e-12	-0.000121243
5.42009e-12	-0.000121464
5.5507e-12	-0.000121684
5.6813e-12	-0.000121904
5.81191e-12	-0.000122125
5.94251e-12	-0.000122346
6.07311e-12	-0.000122567
6.20372e-12	-0.000122787
6.33432e-12	-0.000123009
6.46493e-12	-0.00012323
6.59553e-12	-0.000123451
6.72614e-12	-0.000123672
6.85674e-12	-0.000123894
6.98735e-12	-0.000124116
7.11795e-12	-0.000124337
7.24856e-12	-0.000124559
7.37916e-12	-0.000124781
7.50977e-12	-0.000125003
7.64037e-12	-0.000125226
7.77097e-12	-0.000125448
7.90158e-12	-0.00012567
8.03218e-12	-0.000125893
8.16279e-12	-0.000126115
8.29339e-12	-0.000126338
8.424e-12	-0.000126561
8.5546e-12	-0.000126784
8.68521e-12	-0.000127007
8.81581e-12	-0.00012723
8.94642e-12	-0.000127453
9.07702e-12	-0.000127677
9.20763e-12	-0.0001279
9.33823e-12	-0.000128123
9.46883e-12	-0.000128347
9.59944e-12	-0.000128571
9.73004e-12	-0.000128794
9.86065e-12	-0.000129018
9.99125e-12	-0.000129242
1.01219e-11	-0.000129466
1.02525e-11	-0.00012969
1.03831e-11	-0.000129915
1.05137e-11	-0.000130139
1.06443e-11	-0.000130363
1.07749e-11	-0.000130588
1.09055e-11	-0.000130812
1.10361e-11	-0.000131037
1.11667e-11	-0.000131261
1.12973e-11	-0.000131486
1.14279e-11	-0.000131711
1.15585e-11	-0.000131936
1.16891e-11	-0.000132161
1.18197e-11	-0.000132386
1.19503e-11	-0.000132611
1.20809e-11	-0.000132836
1.22115e-11	-0.000133061
1.23421e-11	-0.000133286
1.24727e-11	-0.000133512
1.26033e-11	-0.000133737
1.27339e-11	-0.000133963
1.28646e-11	-0.000134188
1.29952e-11	-0.000134414
1.31258e-11	-0.000134639
1.32564e-11	-0.000134865
1.3387e-11	-0.000135091
1.35176e-11	-0.000135316
1.36482e-11	-0.000135542
1.37788e-11	-0.000135768
1.39094e-11	-0.000135994
1.404e-11	-0.00013622
1.41706e-11	-0.000136446
1.43012e-11	-0.000136672
1.44318e-11	-0.000136898
1.45624e-11	-0.000137124
1.4693e-11	-0.00013735
1.48236e-11	-0.000137576
1.49542e-11	-0.000137803
1.50848e-11	-0.000138029
1.52154e-11	-0.000138255
1.5346e-11	-0.000138481
1.54766e-11	-0.000138708
1.56073e-11	-0.000138934
1.57379e-11	-0.000139161
1.58685e-11	-0.000139387
1.59991e-11	-0.000139613
1.61297e-11	-0.00013984
1.62603e-11	-0.000140066
1.63909e-11	-0.000140293
1.65215e-11	-0.000140519
1.66521e-11	-0.000140746
1.67827e-11	-0.000140972
1.69133e-11	-0.000141199
1.70439e-11	-0.000141425
1.71745e-11	-0.000141652
1.73051e-11	-0.000141879
1.74357e-11	-0.000142105
1.75663e-11	-0.000142332
1.76969e-11	-0.000142558
1.78275e-11	-0.000142785
1.79581e-11	-0.000143011
1.80887e-11	-0.000143238
1.82193e-11	-0.000143464
1.83499e-11	-0.000143691
1.84806e-11	-0.000143918
1.86112e-11	-0.000144144
1.87418e-11	-0.000144371
1.88724e-11	-0.000144597
1.9003e-11	-0.000144823
1.91336e-11	-0.00014505
1.92642e-11	-0.000145276
1.93948e-11	-0.000145503
1.95254e-11	-0.000145729
1.9656e-11	-0.000145956
1.97866e-11	-0.000146182
1.99172e-11	-0.000146408
2.00478e-11	-0.000146634
2.01784e-11	-0.000146861
2.0309e-11	-0.000147087
2.04396e-11	-0.000147313
2.05702e-11	-0.000147539
2.07008e-11	-0.000147765
2.08314e-11	-0.000147991
2.0962e-11	-0.000148217
2.10926e-11	-0.000148443
2.12232e-11	-0.000148669
2.13539e-11	-0.000148895
2.14845e-11	-0.000149121
2.16151e-11	-0.000149347
2.17457e-11	-0.000149572
2.18763e-11	-0.000149798
2.20069e-11	-0.000150024
2.21375e-11	-0.000150249
2.22681e-11	-0.000150475
2.23987e-11	-0.0001507
2.25293e-11	-0.000150925
2.26599e-11	-0.000151151
2.27905e-11	-0.000151376
2.29211e-11	-0.000151601
2.30517e-11	-0.000151826
2.31823e-11	-0.000152051
2.33129e-11	-0.000152276
2.34435e-11	-0.000152501
2.35741e-11	-0.000152725
2.37047e-11	-0.00015295
2.38353e-11	-0.000153175
2.39659e-11	-0.000153399
2.40966e-11	-0.000153623
2.42272e-11	-0.000153848
2.43578e-11	-0.000154072
2.44884e-11	-0.000154296
2.4619e-11	-0.00015452
2.47496e-11	-0.000154744
2.48802e-11	-0.000154968
2.50108e-11	-0.000155191
2.51414e-11	-0.000155415
2.5272e-11	-0.000155638
2.54026e-11	-0.000155862
2.55332e-11	-0.000156085
2.56638e-11	-0.000156308
2.57944e-11	-0.000156531
2.5925e-11	-0.000156754
2.60556e-11	-0.000156977
2.61862e-11	-0.0001572
2.63168e-11	-0.000157422
2.64474e-11	-0.000157644
2.6578e-11	-0.000157867
2.67086e-11	-0.000158089
2.68392e-11	-0.000158311
2.69699e-11	-0.000158533
2.71005e-11	-0.000158754
2.72311e-11	-0.000158976
2.73617e-11	-0.000159197
2.74923e-11	-0.000159419
2.76229e-11	-0.00015964
2.77535e-11	-0.000159861
2.78841e-11	-0.000160082
2.80147e-11	-0.000160302
2.81453e-11	-0.000160523
2.82759e-11	-0.000160743
2.84065e-11	-0.000160963
2.85371e-11	-0.000161184
2.86677e-11	-0.000161403
2.87983e-11	-0.000161623
2.89289e-11	-0.000161843
2.90595e-11	-0.000162062
2.91901e-11	-0.000162281
2.93207e-11	-0.0001625
2.94513e-11	-0.000162719
2.95819e-11	-0.000162938
2.97125e-11	-0.000163156
2.98432e-11	-0.000163374
2.99738e-11	-0.000163592
3.01044e-11	-0.00016381
3.0235e-11	-0.000164028
3.03656e-11	-0.000164245
3.04962e-11	-0.000164463
3.06268e-11	-0.00016468
3.07574e-11	-0.000164897
3.0888e-11	-0.000165113
3.10186e-11	-0.00016533
3.11492e-11	-0.000165546
3.12798e-11	-0.000165762
3.14104e-11	-0.000165978
3.1541e-11	-0.000166193
3.16716e-11	-0.000166409
3.18022e-11	-0.000166624
3.19328e-11	-0.000166839
3.20634e-11	-0.000167053
3.2194e-11	-0.000167268
3.23246e-11	-0.000167482
3.24552e-11	-0.000167696
3.25859e-11	-0.00016791
3.27165e-11	-0.000168123
3.28471e-11	-0.000168336
3.29777e-11	-0.000168549
3.31083e-11	-0.000168762
3.32389e-11	-0.000168974
3.33695e-11	-0.000169187
3.35001e-11	-0.000169399
3.36307e-11	-0.00016961
3.37613e-11	-0.000169822
3.38919e-11	-0.000170033
3.40225e-11	-0.000170244
3.41531e-11	-0.000170454
3.42837e-11	-0.000170665
3.44143e-11	-0.000170875
3.45449e-11	-0.000171084
3.46755e-11	-0.000171294
3.48061e-11	-0.000171503
3.49367e-11	-0.000171712
3.50673e-11	-0.000171921
3.51979e-11	-0.000172129
3.53285e-11	-0.000172337
3.54592e-11	-0.000172545
3.55898e-11	-0.000172752
3.57204e-11	-0.000172959
3.5851e-11	-0.000173166
3.59816e-11	-0.000173372
3.61122e-11	-0.000173579
3.62428e-11	-0.000173784
3.63734e-11	-0.00017399
3.6504e-11	-0.000174195
3.66346e-11	-0.0001744
3.67652e-11	-0.000174604
3.68958e-11	-0.000174809
3.70264e-11	-0.000175012
3.7157e-11	-0.000175216
3.72876e-11	-0.000175419
3.74182e-11	-0.000175622
3.75488e-11	-0.000175824
3.76794e-11	-0.000176027
3.781e-11	-0.000176228
3.79406e-11	-0.00017643
3.80712e-11	-0.000176631
3.82018e-11	-0.000176831
3.83325e-11	-0.000177032
3.84631e-11	-0.000177232
3.85937e-11	-0.000177431
3.87243e-11	-0.000177631
3.88549e-11	-0.000177829
3.89855e-11	-0.000178028
3.91161e-11	-0.000178226
3.92467e-11	-0.000178423
3.93773e-11	-0.000178621
3.95079e-11	-0.000178818
3.96385e-11	-0.000179014
3.97691e-11	-0.00017921
3.98997e-11	-0.000179406
4.00303e-11	-0.000179601
4.01609e-11	-0.000179796
4.02915e-11	-0.00017999
4.04221e-11	-0.000180184
4.05527e-11	-0.000180378
4.06833e-11	-0.000180571
4.08139e-11	-0.000180764
4.09445e-11	-0.000180956
4.10752e-11	-0.000181148
4.12058e-11	-0.000181339
4.13364e-11	-0.00018153
4.1467e-11	-0.000181721
4.15976e-11	-0.000181911
4.17282e-11	-0.000182101
4.18588e-11	-0.00018229
4.19894e-11	-0.000182479
4.212e-11	-0.000182667
4.22506e-11	-0.000182855
4.23812e-11	-0.000183042
4.25118e-11	-0.000183229
4.26424e-11	-0.000183415
4.2773e-11	-0.000183601
4.29036e-11	-0.000183787
4.30342e-11	-0.000183972
4.31648e-11	-0.000184156
4.32954e-11	-0.00018434
4.3426e-11	-0.000184524
4.35566e-11	-0.000184706
4.36872e-11	-0.000184889
4.38178e-11	-0.000185071
4.39485e-11	-0.000185252
4.40791e-11	-0.000185433
4.42097e-11	-0.000185614
4.43403e-11	-0.000185794
4.44709e-11	-0.000185973
4.46015e-11	-0.000186152
4.47321e-11	-0.00018633
4.48627e-11	-0.000186508
4.49933e-11	-0.000186685
4.51239e-11	-0.000186862
4.52545e-11	-0.000187038
4.53851e-11	-0.000187214
4.55157e-11	-0.000187389
4.56463e-11	-0.000187563
4.57769e-11	-0.000187737
4.59075e-11	-0.00018791
4.60381e-11	-0.000188083
4.61687e-11	-0.000188255
4.62993e-11	-0.000188427
4.64299e-11	-0.000188598
4.65605e-11	-0.000188769
4.66911e-11	-0.000188939
4.68218e-11	-0.000189108
4.69524e-11	-0.000189277
4.7083e-11	-0.000189445
4.72136e-11	-0.000189612
4.73442e-11	-0.000189779
4.74748e-11	-0.000189945
4.76054e-11	-0.000190111
4.7736e-11	-0.000190276
4.78666e-11	-0.000190441
4.79972e-11	-0.000190604
4.81278e-11	-0.000190767
4.82584e-11	-0.00019093
4.8389e-11	-0.000191092
4.85196e-11	-0.000191253
4.86502e-11	-0.000191414
4.87808e-11	-0.000191574
4.89114e-11	-0.000191733
4.9042e-11	-0.000191892
4.91726e-11	-0.00019205
4.93032e-11	-0.000192207
4.94338e-11	-0.000192364
4.95645e-11	-0.00019252
4.96951e-11	-0.000192675
4.98257e-11	-0.00019283
4.99563e-11	-0.000192983
5.00869e-11	-0.000193137
5.02175e-11	-0.000193289
5.03481e-11	-0.000193441
5.04787e-11	-0.000193592
5.06093e-11	-0.000193743
5.07399e-11	-0.000193892
5.08705e-11	-0.000194041
5.10011e-11	-0.00019419
5.11317e-11	-0.000194337
5.12623e-11	-0.000194484
5.13929e-11	-0.00019463
5.15235e-11	-0.000194775
5.16541e-11	-0.00019492
5.17847e-11	-0.000195064
5.19153e-11	-0.000195207
5.20459e-11	-0.000195349
5.21765e-11	-0.000195491
5.23071e-11	-0.000195632
5.24378e-11	-0.000195772
5.25684e-11	-0.000195911
5.2699e-11	-0.00019605
5.28296e-11	-0.000196187
5.29602e-11	-0.000196324
5.30908e-11	-0.000196461
5.32214e-11	-0.000196596
5.3352e-11	-0.000196731
5.34826e-11	-0.000196864
5.36132e-11	-0.000196997
5.37438e-11	-0.000197129
5.38744e-11	-0.000197261
5.4005e-11	-0.000197391
5.41356e-11	-0.000197521
5.42662e-11	-0.00019765
5.43968e-11	-0.000197778
5.45274e-11	-0.000197905
5.4658e-11	-0.000198031
5.47886e-11	-0.000198157
5.49192e-11	-0.000198281
5.50498e-11	-0.000198405
5.51804e-11	-0.000198528
5.53111e-11	-0.00019865
5.54417e-11	-0.000198771
5.55723e-11	-0.000198892
5.57029e-11	-0.000199011
5.58335e-11	-0.00019913
5.59641e-11	-0.000199247
5.60947e-11	-0.000199364
5.62253e-11	-0.00019948
5.63559e-11	-0.000199595
5.64865e-11	-0.000199709
5.66171e-11	-0.000199822
5.67477e-11	-0.000199934
5.68783e-11	-0.000200045
5.70089e-11	-0.000200156
5.71395e-11	-0.000200265
5.72701e-11	-0.000200373
5.74007e-11	-0.000200481
5.75313e-11	-0.000200588
5.76619e-11	-0.000200693
5.77925e-11	-0.000200798
5.79231e-11	-0.000200901
5.80538e-11	-0.000201004
5.81844e-11	-0.000201106
5.8315e-11	-0.000201207
5.84456e-11	-0.000201306
5.85762e-11	-0.000201405
5.87068e-11	-0.000201503
5.88374e-11	-0.0002016
5.8968e-11	-0.000201696
5.90986e-11	-0.00020179
5.92292e-11	-0.000201884
5.93598e-11	-0.000201977
5.94904e-11	-0.000202069
5.9621e-11	-0.000202159
5.97516e-11	-0.000202249
5.98822e-11	-0.000202338
6.00128e-11	-0.000202425
6.01434e-11	-0.000202512
6.0274e-11	-0.000202597
6.04046e-11	-0.000202682
6.05352e-11	-0.000202765
6.06658e-11	-0.000202847
6.07964e-11	-0.000202928
6.09271e-11	-0.000203008
6.10577e-11	-0.000203087
6.11883e-11	-0.000203165
6.13189e-11	-0.000203242
6.14495e-11	-0.000203318
6.15801e-11	-0.000203393
6.17107e-11	-0.000203466
6.18413e-11	-0.000203538
6.19719e-11	-0.00020361
6.21025e-11	-0.00020368
6.22331e-11	-0.000203749
6.23637e-11	-0.000203817
6.24943e-11	-0.000203883
6.26249e-11	-0.000203949
6.27555e-11	-0.000204013
6.28861e-11	-0.000204077
6.30167e-11	-0.000204139
6.31473e-11	-0.0002042
6.32779e-11	-0.000204259
6.34085e-11	-0.000204318
6.35391e-11	-0.000204375
6.36697e-11	-0.000204431
6.38004e-11	-0.000204486
6.3931e-11	-0.00020454
6.40616e-11	-0.000204592
6.41922e-11	-0.000204644
6.43228e-11	-0.000204694
6.44534e-11	-0.000204742
6.4584e-11	-0.00020479
6.47146e-11	-0.000204836
6.48452e-11	-0.000204882
6.49758e-11	-0.000204925
6.51064e-11	-0.000204968
6.5237e-11	-0.000205009
6.53676e-11	-0.000205049
6.54982e-11	-0.000205088
6.56288e-11	-0.000205126
6.57594e-11	-0.000205162
6.589e-11	-0.000205197
6.60206e-11	-0.00020523
6.61512e-11	-0.000205263
6.62818e-11	-0.000205294
6.64124e-11	-0.000205323
6.65431e-11	-0.000205352
6.66737e-11	-0.000205379
6.68043e-11	-0.000205404
6.69349e-11	-0.000205429
6.70655e-11	-0.000205452
6.71961e-11	-0.000205473
6.73267e-11	-0.000205493
6.74573e-11	-0.000205512
6.75879e-11	-0.00020553
6.77185e-11	-0.000205546
6.78491e-11	-0.000205561
6.79797e-11	-0.000205574
6.81103e-11	-0.000205586
6.82409e-11	-0.000205597
6.83715e-11	-0.000205606
6.85021e-11	-0.000205614
6.86327e-11	-0.00020562
6.87633e-11	-0.000205625
6.88939e-11	-0.000205628
6.90245e-11	-0.00020563
6.91551e-11	-0.000205631
6.92857e-11	-0.00020563
6.94164e-11	-0.000205628
6.9547e-11	-0.000205624
6.96776e-11	-0.000205619
6.98082e-11	-0.000205612
6.99388e-11	-0.000205604
7.00694e-11	-0.000205594
7.02e-11	-0.000205583
7.03306e-11	-0.00020557
7.04612e-11	-0.000205556
7.05918e-11	-0.00020554
7.07224e-11	-0.000205522
7.0853e-11	-0.000205504
7.09836e-11	-0.000205483
7.11142e-11	-0.000205461
7.12448e-11	-0.000205438
7.13754e-11	-0.000205413
7.1506e-11	-0.000205386
7.16366e-11	-0.000205358
7.17672e-11	-0.000205328
7.18978e-11	-0.000205297
7.20284e-11	-0.000205264
7.2159e-11	-0.00020523
7.22897e-11	-0.000205194
7.24203e-11	-0.000205156
7.25509e-11	-0.000205117
7.26815e-11	-0.000205076
7.28121e-11	-0.000205033
7.29427e-11	-0.000204989
7.30733e-11	-0.000204943
7.32039e-11	-0.000204895
7.33345e-11	-0.000204846
7.34651e-11	-0.000204795
7.35957e-11	-0.000204743
7.37263e-11	-0.000204689
7.38569e-11	-0.000204633
7.39875e-11	-0.000204575
7.41181e-11	-0.000204516
7.42487e-11	-0.000204455
7.43793e-11	-0.000204392
7.45099e-11	-0.000204328
7.46405e-11	-0.000204262
7.47711e-11	-0.000204194
7.49017e-11	-0.000204124
7.50324e-11	-0.000204053
7.5163e-11	-0.00020398
7.52936e-11	-0.000203905
7.54242e-11	-0.000203828
7.55548e-11	-0.00020375
7.56854e-11	-0.00020367
7.5816e-11	-0.000203588
7.59466e-11	-0.000203504
7.60772e-11	-0.000203418
7.62078e-11	-0.000203331
7.63384e-11	-0.000203242
7.6469e-11	-0.00020315
7.65996e-11	-0.000203058
7.67302e-11	-0.000202963
7.68608e-11	-0.000202866
7.69914e-11	-0.000202768
7.7122e-11	-0.000202667
7.72526e-11	-0.000202565
7.73832e-11	-0.000202461
7.75138e-11	-0.000202355
7.76444e-11	-0.000202247
7.7775e-11	-0.000202138
7.79057e-11	-0.000202026
7.80363e-11	-0.000201912
7.81669e-11	-0.000201797
7.82975e-11	-0.000201679
7.84281e-11	-0.00020156
7.85587e-11	-0.000201439
7.86893e-11	-0.000201316
7.88199e-11	-0.00020119
7.89505e-11	-0.000201063
7.90811e-11	-0.000200934
7.92117e-11	-0.000200803
7.93423e-11	-0.00020067
7.94729e-11	-0.000200535
7.96035e-11	-0.000200397
7.97341e-11	-0.000200258
7.98647e-11	-0.000200117
7.99953e-11	-0.000199974
8.01259e-11	-0.000199829
8.02565e-11	-0.000199681
8.03871e-11	-0.000199532
8.05177e-11	-0.00019938
8.06483e-11	-0.000199227
8.0779e-11	-0.000199071
8.09096e-11	-0.000198914
8.10402e-11	-0.000198754
8.11708e-11	-0.000198592
8.13014e-11	-0.000198428
8.1432e-11	-0.000198262
8.15626e-11	-0.000198094
8.16932e-11	-0.000197923
8.18238e-11	-0.000197751
8.19544e-11	-0.000197576
8.2085e-11	-0.0001974
8.22156e-11	-0.000197221
8.23462e-11	-0.00019704
8.24768e-11	-0.000196856
8.26074e-11	-0.000196671
8.2738e-11	-0.000196483
8.28686e-11	-0.000196293
8.29992e-11	-0.000196101
8.31298e-11	-0.000195907
8.32604e-11	-0.00019571
8.3391e-11	-0.000195511
8.35217e-11	-0.00019531
8.36523e-11	-0.000195107
8.37829e-11	-0.000194901
8.39135e-11	-0.000194693
8.40441e-11	-0.000194483
8.41747e-11	-0.000194271
8.43053e-11	-0.000194056
8.44359e-11	-0.000193839
8.45665e-11	-0.00019362
8.46971e-11	-0.000193398
8.48277e-11	-0.000193174
8.49583e-11	-0.000192948
8.50889e-11	-0.000192719
8.52195e-11	-0.000192488
8.53501e-11	-0.000192255
8.54807e-11	-0.000192019
8.56113e-11	-0.000191781
8.57419e-11	-0.00019154
8.58725e-11	-0.000191297
8.60031e-11	-0.000191052
8.61337e-11	-0.000190804
8.62643e-11	-0.000190554
8.6395e-11	-0.000190301
8.65256e-11	-0.000190046
8.66562e-11	-0.000189789
8.67868e-11	-0.000189529
8.69174e-11	-0.000189266
8.7048e-11	-0.000189001
8.71786e-11	-0.000188734
8.73092e-11	-0.000188464
8.74398e-11	-0.000188192
8.75704e-11	-0.000187917
8.7701e-11	-0.000187639
8.78316e-11	-0.000187359
8.79622e-11	-0.000187077
8.80928e-11	-0.000186792
8.82234e-11	-0.000186504
8.8354e-11	-0.000186214
8.84846e-11	-0.000185921
8.86152e-11	-0.000185626
8.87458e-11	-0.000185328
8.88764e-11	-0.000185027
8.9007e-11	-0.000184724
8.91376e-11	-0.000184418
8.92683e-11	-0.00018411
8.93989e-11	-0.000183798
8.95295e-11	-0.000183485
8.96601e-11	-0.000183168
8.97907e-11	-0.000182849
8.99213e-11	-0.000182528
9.00519e-11	-0.000182203
9.01825e-11	-0.000181876
9.03131e-11	-0.000181546
9.04437e-11	-0.000181214
9.05743e-11	-0.000180878
9.07049e-11	-0.00018054
9.08355e-11	-0.0001802
9.09661e-11	-0.000179856
9.10967e-11	-0.00017951
9.12273e-11	-0.000179161
9.13579e-11	-0.000178809
9.14885e-11	-0.000178454
9.16191e-11	-0.000178097
9.17497e-11	-0.000177737
9.18803e-11	-0.000177374
9.2011e-11	-0.000177008
9.21416e-11	-0.000176639
9.22722e-11	-0.000176268
9.24028e-11	-0.000175893
9.25334e-11	-0.000175516
9.2664e-11	-0.000175136
9.27946e-11	-0.000174753
9.29252e-11	-0.000174367
9.30558e-11	-0.000173978
9.31864e-11	-0.000173586
9.3317e-11	-0.000173192
9.34476e-11	-0.000172794
9.35782e-11	-0.000172394
9.37088e-11	-0.00017199
9.38394e-11	-0.000171584
9.397e-11	-0.000171174
9.41006e-11	-0.000170762
9.42312e-11	-0.000170346
9.43618e-11	-0.000169928
9.44924e-11	-0.000169507
9.4623e-11	-0.000169082
9.47536e-11	-0.000168655
9.48843e-11	-0.000168224
9.50149e-11	-0.00016779
9.51455e-11	-0.000167354
9.52761e-11	-0.000166914
9.54067e-11	-0.000166471
9.55373e-11	-0.000166025
9.56679e-11	-0.000165576
9.57985e-11	-0.000165124
9.59291e-11	-0.000164669
9.60597e-11	-0.000164211
9.61903e-11	-0.000163749
9.63209e-11	-0.000163284
9.64515e-11	-0.000162816
9.65821e-11	-0.000162345
9.67127e-11	-0.000161871
9.68433e-11	-0.000161394
9.69739e-11	-0.000160913
9.71045e-11	-0.000160429
9.72351e-11	-0.000159942
9.73657e-11	-0.000159452
9.74963e-11	-0.000158958
9.76269e-11	-0.000158461
9.77576e-11	-0.000157961
9.78882e-11	-0.000157458
9.80188e-11	-0.000156951
9.81494e-11	-0.000156441
9.828e-11	-0.000155928
9.84106e-11	-0.000155411
9.85412e-11	-0.000154892
9.86718e-11	-0.000154368
9.88024e-11	-0.000153842
9.8933e-11	-0.000153312
9.90636e-11	-0.000152778
9.91942e-11	-0.000152241
9.93248e-11	-0.000151701
9.94554e-11	-0.000151158
9.9586e-11	-0.000150611
9.97166e-11	-0.00015006
9.98472e-11	-0.000149506
9.99778e-11	-0.000148949
1.00108e-10	-0.000148388
1.00239e-10	-0.000147824
1.0037e-10	-0.000147256
1.005e-10	-0.000146685
1.00631e-10	-0.00014611
1.00761e-10	-0.000145532
1.00892e-10	-0.00014495
1.01023e-10	-0.000144365
1.01153e-10	-0.000143776
1.01284e-10	-0.000143183
1.01414e-10	-0.000142587
1.01545e-10	-0.000141988
1.01676e-10	-0.000141384
1.01806e-10	-0.000140777
1.01937e-10	-0.000140167
1.02068e-10	-0.000139553
1.02198e-10	-0.000138935
1.02329e-10	-0.000138314
1.02459e-10	-0.000137689
1.0259e-10	-0.00013706
1.02721e-10	-0.000136428
1.02851e-10	-0.000135792
1.02982e-10	-0.000135152
1.03112e-10	-0.000134508
1.03243e-10	-0.000133861
1.03374e-10	-0.00013321
1.03504e-10	-0.000132555
1.03635e-10	-0.000131897
1.03765e-10	-0.000131234
1.03896e-10	-0.000130568
1.04027e-10	-0.000129898
1.04157e-10	-0.000129225
1.04288e-10	-0.000128547
1.04418e-10	-0.000127866
1.04549e-10	-0.000127181
1.0468e-10	-0.000126491
1.0481e-10	-0.000125798
1.04941e-10	-0.000125102
1.05071e-10	-0.000124401
1.05202e-10	-0.000123696
1.05333e-10	-0.000122988
1.05463e-10	-0.000122275
1.05594e-10	-0.000121559
1.05724e-10	-0.000120838
1.05855e-10	-0.000120114
1.05986e-10	-0.000119386
1.06116e-10	-0.000118653
1.06247e-10	-0.000117917
1.06377e-10	-0.000117177
1.06508e-10	-0.000116432
1.06639e-10	-0.000115684
1.06769e-10	-0.000114932
1.069e-10	-0.000114175
1.0703e-10	-0.000113415
1.07161e-10	-0.00011265
1.07292e-10	-0.000111881
1.07422e-10	-0.000111108
1.07553e-10	-0.000110331
1.07684e-10	-0.00010955
1.07814e-10	-0.000108765
1.07945e-10	-0.000107975
1.08075e-10	-0.000107182
1.08206e-10	-0.000106384
1.08337e-10	-0.000105582
1.08467e-10	-0.000104776
1.08598e-10	-0.000103965
1.08728e-10	-0.000103151
1.08859e-10	-0.000102332
1.0899e-10	-0.000101509
1.0912e-10	-0.000100681
1.09251e-10	-9.98495e-05
1.09381e-10	-9.90135e-05
1.09512e-10	-9.81732e-05
1.09643e-10	-9.73286e-05
1.09773e-10	-9.64796e-05
1.09904e-10	-9.56263e-05
1.10034e-10	-9.47686e-05
1.10165e-10	-9.39066e-05
1.10296e-10	-9.30402e-05
1.10426e-10	-9.21694e-05
1.10557e-10	-9.12941e-05
1.10687e-10	-9.04145e-05
1.10818e-10	-8.95304e-05
1.10949e-10	-8.86419e-05
1.11079e-10	-8.77489e-05
1.1121e-10	-8.68514e-05
1.1134e-10	-8.59495e-05
1.11471e-10	-8.5043e-05
1.11602e-10	-8.4132e-05
1.11732e-10	-8.32166e-05
1.11863e-10	-8.22965e-05
1.11993e-10	-8.1372e-05
1.12124e-10	-8.04428e-05
1.12255e-10	-7.95091e-05
1.12385e-10	-7.85708e-05
1.12516e-10	-7.76279e-05
1.12646e-10	-7.66804e-05
1.12777e-10	-7.57282e-05
1.12908e-10	-7.47715e-05
1.13038e-10	-7.381e-05
1.13169e-10	-7.28439e-05
1.133e-10	-7.18731e-05
1.1343e-10	-7.08976e-05
1.13561e-10	-6.99174e-05
1.13691e-10	-6.89325e-05
1.13822e-10	-6.79429e-05
1.13953e-10	-6.69485e-05
1.14083e-10	-6.59493e-05
1.14214e-10	-6.49454e-05
1.14344e-10	-6.39366e-05
1.14475e-10	-6.29231e-05
1.14606e-10	-6.19048e-05
1.14736e-10	-6.08816e-05
1.14867e-10	-5.98536e-05
1.14997e-10	-5.88208e-05
1.15128e-10	-5.7783e-05
1.15259e-10	-5.67404e-05
1.15389e-10	-5.56929e-05
1.1552e-10	-5.46405e-05
1.1565e-10	-5.35832e-05
1.15781e-10	-5.25209e-05
1.15912e-10	-5.14537e-05
1.16042e-10	-5.03815e-05
1.16173e-10	-4.93043e-05
1.16303e-10	-4.82222e-05
1.16434e-10	-4.7135e-05
1.16565e-10	-4.60428e-05
1.16695e-10	-4.49456e-05
1.16826e-10	-4.38434e-05
1.16956e-10	-4.2736e-05
1.17087e-10	-4.16236e-05
1.17218e-10	-4.05062e-05
1.17348e-10	-3.93836e-05
1.17479e-10	-3.82559e-05
1.17609e-10	-3.71231e-05
1.1774e-10	-3.59851e-05
1.17871e-10	-3.4842e-05
1.18001e-10	-3.36937e-05
1.18132e-10	-3.25402e-05
1.18262e-10	-3.13815e-05
1.18393e-10	-3.02176e-05
1.18524e-10	-2.90485e-05
1.18654e-10	-2.78741e-05
1.18785e-10	-2.66945e-05
1.18916e-10	-2.55096e-05
1.19046e-10	-2.43194e-05
1.19177e-10	-2.31239e-05
1.19307e-10	-2.19231e-05
1.19438e-10	-2.0717e-05
1.19569e-10	-1.95056e-05
1.19699e-10	-1.82888e-05
1.1983e-10	-1.70666e-05
1.1996e-10	-1.5839e-05
1.20091e-10	-1.4606e-05
1.20222e-10	-1.33676e-05
1.20352e-10	-1.21238e-05
1.20483e-10	-1.08746e-05
1.20613e-10	-9.61986e-06
1.20744e-10	-8.35968e-06
1.20875e-10	-7.09401e-06
1.21005e-10	-5.82284e-06
1.21136e-10	-4.54615e-06
1.21266e-10	-3.26394e-06
1.21397e-10	-1.97618e-06
1.21528e-10	-6.82857e-07
1.21658e-10	6.16036e-07
1.21789e-10	1.92052e-06
1.21919e-10	3.2306e-06
1.2205e-10	4.54631e-06
1.22181e-10	5.86764e-06
1.22311e-10	7.19463e-06
1.22442e-10	8.52727e-06
1.22572e-10	9.86559e-06
1.22703e-10	1.12096e-05
1.22834e-10	1.25593e-05
1.22964e-10	1.39148e-05
1.23095e-10	1.5276e-05
1.23225e-10	1.66429e-05
1.23356e-10	1.80156e-05
1.23487e-10	1.93941e-05
1.23617e-10	2.07784e-05
1.23748e-10	2.21684e-05
1.23878e-10	2.35644e-05
1.24009e-10	2.49661e-05
1.2414e-10	2.63737e-05
1.2427e-10	2.77872e-05
1.24401e-10	2.92066e-05
1.24531e-10	3.06319e-05
1.24662e-10	3.20631e-05
1.24793e-10	3.35002e-05
1.24923e-10	3.49433e-05
1.25054e-10	3.63923e-05
1.25185e-10	3.78474e-05
1.25315e-10	3.93084e-05
1.25446e-10	4.07754e-05
1.25576e-10	4.22485e-05
1.25707e-10	4.37276e-05
1.25838e-10	4.52127e-05
1.25968e-10	4.67039e-05
1.26099e-10	4.82012e-05
1.26229e-10	4.97046e-05
1.2636e-10	5.12142e-05
1.26491e-10	5.27298e-05
1.26621e-10	5.42516e-05
1.26752e-10	5.57796e-05
1.26882e-10	5.73138e-05
1.27013e-10	5.88541e-05
1.27144e-10	6.04007e-05
1.27274e-10	6.19535e-05
1.27405e-10	6.35125e-05
1.27535e-10	6.50778e-05
1.27666e-10	6.66494e-05
1.27797e-10	6.82272e-05
1.27927e-10	6.98114e-05
1.28058e-10	7.14019e-05
1.28188e-10	7.29987e-05
1.28319e-10	7.46019e-05
1.2845e-10	7.62114e-05
1.2858e-10	7.78273e-05
1.28711e-10	7.94497e-05
1.28841e-10	8.10784e-05
1.28972e-10	8.27136e-05
1.29103e-10	8.43552e-05
1.29233e-10	8.60033e-05
1.29364e-10	8.76579e-05
1.29494e-10	8.9319e-05
1.29625e-10	9.09866e-05
1.29756e-10	9.26607e-05
1.29886e-10	9.43414e-05
1.30017e-10	9.60286e-05
1.30147e-10	9.77224e-05
1.30278e-10	9.94228e-05
1.30409e-10	0.00010113
1.30539e-10	0.000102843
1.3067e-10	0.000104564
1.30801e-10	0.000106291
1.30931e-10	0.000108024
1.31062e-10	0.000109765
1.31192e-10	0.000111512
1.31323e-10	0.000113265
1.31454e-10	0.000115026
1.31584e-10	0.000116793
1.31715e-10	0.000118567
1.31845e-10	0.000120348
1.31976e-10	0.000122135
1.32107e-10	0.00012393
1.32237e-10	0.000125731
1.32368e-10	0.000127539
1.32498e-10	0.000129354
1.32629e-10	0.000131176
1.3276e-10	0.000133005
1.3289e-10	0.000134841
1.33021e-10	0.000136683
1.33151e-10	0.000138533
1.33282e-10	0.00014039
1.33413e-10	0.000142253
1.33543e-10	0.000144124
1.33674e-10	0.000146001
1.33804e-10	0.000147886
1.33935e-10	0.000149778
1.34066e-10	0.000151677
1.34196e-10	0.000153582
1.34327e-10	0.000155495
1.34457e-10	0.000157416
1.34588e-10	0.000159343
1.34719e-10	0.000161277
1.34849e-10	0.000163219
1.3498e-10	0.000165168
1.3511e-10	0.000167124
1.35241e-10	0.000169087
1.35372e-10	0.000171057
1.35502e-10	0.000173035
1.35633e-10	0.00017502
1.35763e-10	0.000177012
1.35894e-10	0.000179012
1.36025e-10	0.000181019
1.36155e-10	0.000183033
1.36286e-10	0.000185055
1.36417e-10	0.000187084
1.36547e-10	0.00018912
1.36678e-10	0.000191164
1.36808e-10	0.000193215
1.36939e-10	0.000195274
1.3707e-10	0.00019734
1.372e-10	0.000199414
1.37331e-10	0.000201495
1.37461e-10	0.000203584
1.37592e-10	0.00020568
1.37723e-10	0.000207784
1.37853e-10	0.000209896
1.37984e-10	0.000212015
1.38114e-10	0.000214141
1.38245e-10	0.000216275
1.38376e-10	0.000218417
1.38506e-10	0.000220567
1.38637e-10	0.000222724
1.38767e-10	0.000224889
1.38898e-10	0.000227061
1.39029e-10	0.000229242
1.39159e-10	0.00023143
1.3929e-10	0.000233626
1.3942e-10	0.000235829
1.39551e-10	0.000238041
1.39682e-10	0.00024026
1.39812e-10	0.000242487
1.39943e-10	0.000244722
1.40073e-10	0.000246965
1.40204e-10	0.000249216
1.40335e-10	0.000251474
1.40465e-10	0.000253741
1.40596e-10	0.000256015
1.40726e-10	0.000258298
1.40857e-10	0.000260588
1.40988e-10	0.000262887
1.41118e-10	0.000265193
1.41249e-10	0.000267508
1.41379e-10	0.00026983
1.4151e-10	0.000272161
1.41641e-10	0.0002745
1.41771e-10	0.000276847
1.41902e-10	0.000279202
1.42033e-10	0.000281565
1.42163e-10	0.000283936
1.42294e-10	0.000286315
1.42424e-10	0.000288703
1.42555e-10	0.000291099
1.42686e-10	0.000293503
1.42816e-10	0.000295916
1.42947e-10	0.000298336
1.43077e-10	0.000300765
1.43208e-10	0.000303202
1.43339e-10	0.000305648
1.43469e-10	0.000308102
1.436e-10	0.000310564
1.4373e-10	0.000313035
1.43861e-10	0.000315514
1.43992e-10	0.000318001
1.44122e-10	0.000320497
1.44253e-10	0.000323002
1.44383e-10	0.000325515
1.44514e-10	0.000328036
1.44645e-10	0.000330566
1.44775e-10	0.000333104
1.44906e-10	0.000335651
1.45036e-10	0.000338207
1.45167e-10	0.000340771
1.45298e-10	0.000343344
1.45428e-10	0.000345925
1.45559e-10	0.000348515
1.45689e-10	0.000351114
1.4582e-10	0.000353721
1.45951e-10	0.000356337
1.46081e-10	0.000358962
1.46212e-10	0.000361595
1.46342e-10	0.000364238
1.46473e-10	0.000366889
1.46604e-10	0.000369549
1.46734e-10	0.000372217
1.46865e-10	0.000374895
1.46995e-10	0.000377581
1.47126e-10	0.000380276
1.47257e-10	0.000382981
1.47387e-10	0.000385694
1.47518e-10	0.000388415
1.47649e-10	0.000391146
1.47779e-10	0.000393886
1.4791e-10	0.000396635
1.4804e-10	0.000399393
1.48171e-10	0.00040216
1.48302e-10	0.000404936
1.48432e-10	0.000407721
1.48563e-10	0.000410515
1.48693e-10	0.000413318
1.48824e-10	0.00041613
1.48955e-10	0.000418952
1.49085e-10	0.000421782
1.49216e-10	0.000424622
1.49346e-10	0.000427471
1.49477e-10	0.000430329
1.49608e-10	0.000433197
1.49738e-10	0.000436073
1.49869e-10	0.000438959
1.49999e-10	0.000441855
1.5013e-10	0.000444759
1.50261e-10	0.000447673
1.50391e-10	0.000450596
1.50522e-10	0.000453529
1.50652e-10	0.000456471
1.50783e-10	0.000459422
1.50914e-10	0.000462383
1.51044e-10	0.000465353
1.51175e-10	0.000468333
1.51305e-10	0.000471323
1.51436e-10	0.000474321
1.51567e-10	0.00047733
1.51697e-10	0.000480347
1.51828e-10	0.000483375
1.51958e-10	0.000486412
1.52089e-10	0.000489459
1.5222e-10	0.000492515
1.5235e-10	0.000495581
1.52481e-10	0.000498656
1.52611e-10	0.000501742
1.52742e-10	0.000504836
1.52873e-10	0.000507941
1.53003e-10	0.000511056
1.53134e-10	0.00051418
1.53265e-10	0.000517314
1.53395e-10	0.000520458
1.53526e-10	0.000523611
1.53656e-10	0.000526775
1.53787e-10	0.000529948
1.53918e-10	0.000533131
1.54048e-10	0.000536324
1.54179e-10	0.000539528
1.54309e-10	0.000542741
1.5444e-10	0.000545964
1.54571e-10	0.000549196
1.54701e-10	0.000552439
1.54832e-10	0.000555692
1.54962e-10	0.000558955
1.55093e-10	0.000562229
1.55224e-10	0.000565512
1.55354e-10	0.000568805
1.55485e-10	0.000572109
1.55615e-10	0.000575422
1.55746e-10	0.000578746
1.55877e-10	0.00058208
1.56007e-10	0.000585424
1.56138e-10	0.000588778
1.56268e-10	0.000592143
1.56399e-10	0.000595518
1.5653e-10	0.000598903
1.5666e-10	0.000602299
1.56791e-10	0.000605704
1.56921e-10	0.000609121
1.57052e-10	0.000612547
1.57183e-10	0.000615984
1.57313e-10	0.000619431
1.57444e-10	0.000622889
1.57574e-10	0.000626357
1.57705e-10	0.000629836
1.57836e-10	0.000633325
1.57966e-10	0.000636825
1.58097e-10	0.000640335
1.58227e-10	0.000643856
1.58358e-10	0.000647387
1.58489e-10	0.000650929
1.58619e-10	0.000654482
1.5875e-10	0.000658045
1.58881e-10	0.000661619
1.59011e-10	0.000665204
1.59142e-10	0.000668799
1.59272e-10	0.000672405
1.59403e-10	0.000676022
1.59534e-10	0.000679649
1.59664e-10	0.000683288
1.59795e-10	0.000686937
1.59925e-10	0.000690597
1.60056e-10	0.000694267
1.60187e-10	0.000697949
1.60317e-10	0.000701641
1.60448e-10	0.000705345
1.60578e-10	0.000709059
1.60709e-10	0.000712784
1.6084e-10	0.000716521
1.6097e-10	0.000720268
1.61101e-10	0.000724026
1.61231e-10	0.000727796
1.61362e-10	0.000731576
1.61493e-10	0.000735367
1.61623e-10	0.00073917
1.61754e-10	0.000742983
1.61884e-10	0.000746808
1.62015e-10	0.000750644
1.62146e-10	0.000754491
1.62276e-10	0.00075835
1.62407e-10	0.000762219
1.62537e-10	0.0007661
1.62668e-10	0.000769992
1.62799e-10	0.000773895
1.62929e-10	0.00077781
1.6306e-10	0.000781736
1.6319e-10	0.000785673
1.63321e-10	0.000789622
1.63452e-10	0.000793582
1.63582e-10	0.000797553
1.63713e-10	0.000801536
1.63843e-10	0.00080553
1.63974e-10	0.000809536
1.64105e-10	0.000813553
1.64235e-10	0.000817582
1.64366e-10	0.000821623
1.64497e-10	0.000825675
1.64627e-10	0.000829738
1.64758e-10	0.000833813
1.64888e-10	0.0008379
1.65019e-10	0.000841998
1.6515e-10	0.000846108
1.6528e-10	0.00085023
1.65411e-10	0.000854363
1.65541e-10	0.000858509
1.65672e-10	0.000862665
1.65803e-10	0.000866834
1.65933e-10	0.000871015
1.66064e-10	0.000875207
1.66194e-10	0.000879411
1.66325e-10	0.000883627
1.66456e-10	0.000887855
1.66586e-10	0.000892095
1.66717e-10	0.000896346
1.66847e-10	0.00090061
1.66978e-10	0.000904885
1.67109e-10	0.000909173
1.67239e-10	0.000913473
1.6737e-10	0.000917784
1.675e-10	0.000922108
1.67631e-10	0.000926443
1.67762e-10	0.000930791
1.67892e-10	0.000935151
1.68023e-10	0.000939523
1.68153e-10	0.000943908
1.68284e-10	0.000948304
1.68415e-10	0.000952712
1.68545e-10	0.000957133
1.68676e-10	0.000961566
1.68806e-10	0.000966012
1.68937e-10	0.000970469
1.69068e-10	0.000974939
1.69198e-10	0.000979421
1.69329e-10	0.000983916
1.69459e-10	0.000988423
1.6959e-10	0.000992942
1.69721e-10	0.000997474
1.69851e-10	0.00100202
1.69982e-10	0.00100658
1.70113e-10	0.00101114
1.70243e-10	0.00101573
1.70374e-10	0.00102032
1.70504e-10	0.00102493
1.70635e-10	0.00102955
1.70766e-10	0.00103418
1.70896e-10	0.00103882
1.71027e-10	0.00104348
1.71157e-10	0.00104815
1.71288e-10	0.00105283
1.71419e-10	0.00105753
1.71549e-10	0.00106223
1.7168e-10	0.00106696
1.7181e-10	0.00107169
1.71941e-10	0.00107644
1.72072e-10	0.00108119
1.72202e-10	0.00108597
1.72333e-10	0.00109075
1.72463e-10	0.00109555
1.72594e-10	0.00110036
1.72725e-10	0.00110518
1.72855e-10	0.00111002
1.72986e-10	0.00111487
1.73116e-10	0.00111973
1.73247e-10	0.0011246
1.73378e-10	0.00112949
1.73508e-10	0.00113439
1.73639e-10	0.00113931
1.73769e-10	0.00114424
1.739e-10	0.00114918
1.74031e-10	0.00115413
1.74161e-10	0.0011591
1.74292e-10	0.00116408
1.74422e-10	0.00116907
1.74553e-10	0.00117408
1.74684e-10	0.0011791
1.74814e-10	0.00118413
1.74945e-10	0.00118918
1.75075e-10	0.00119424
1.75206e-10	0.00119931
1.75337e-10	0.0012044
1.75467e-10	0.00120949
1.75598e-10	0.00121461
1.75729e-10	0.00121973
1.75859e-10	0.00122487
1.7599e-10	0.00123003
1.7612e-10	0.00123519
1.76251e-10	0.00124037
1.76382e-10	0.00124557
1.76512e-10	0.00125078
1.76643e-10	0.001256
1.76773e-10	0.00126123
1.76904e-10	0.00126648
1.77035e-10	0.00127174
1.77165e-10	0.00127702
1.77296e-10	0.00128231
1.77426e-10	0.00128761
1.77557e-10	0.00129293
1.77688e-10	0.00129826
1.77818e-10	0.0013036
1.77949e-10	0.00130896
1.78079e-10	0.00131433
1.7821e-10	0.00131972
1.78341e-10	0.00132512
1.78471e-10	0.00133053
1.78602e-10	0.00133596
1.78732e-10	0.0013414
1.78863e-10	0.00134685
1.78994e-10	0.00135232
1.79124e-10	0.00135781
1.79255e-10	0.0013633
1.79385e-10	0.00136881
1.79516e-10	0.00137434
1.79647e-10	0.00137988
1.79777e-10	0.00138543
1.79908e-10	0.001391
1.80038e-10	0.00139658
1.80169e-10	0.00140218
1.803e-10	0.00140779
1.8043e-10	0.00141341
1.80561e-10	0.00141905
1.80691e-10	0.0014247
1.80822e-10	0.00143037
1.80953e-10	0.00143605
1.81083e-10	0.00144175
1.81214e-10	0.00144746
1.81345e-10	0.00145318
1.81475e-10	0.00145892
1.81606e-10	0.00146467
1.81736e-10	0.00147044
1.81867e-10	0.00147622
1.81998e-10	0.00148202
1.82128e-10	0.00148783
1.82259e-10	0.00149366
1.82389e-10	0.0014995
1.8252e-10	0.00150535
1.82651e-10	0.00151122
1.82781e-10	0.0015171
1.82912e-10	0.001523
1.83042e-10	0.00152892
1.83173e-10	0.00153484
1.83304e-10	0.00154079
1.83434e-10	0.00154674
1.83565e-10	0.00155271
1.83695e-10	0.0015587
1.83826e-10	0.0015647
1.83957e-10	0.00157072
1.84087e-10	0.00157675
1.84218e-10	0.0015828
1.84348e-10	0.00158886
1.84479e-10	0.00159493
1.8461e-10	0.00160102
1.8474e-10	0.00160713
1.84871e-10	0.00161325
1.85001e-10	0.00161939
1.85132e-10	0.00162554
1.85263e-10	0.0016317
1.85393e-10	0.00163788
1.85524e-10	0.00164408
1.85654e-10	0.00165029
1.85785e-10	0.00165652
1.85916e-10	0.00166276
1.86046e-10	0.00166901
1.86177e-10	0.00167529
1.86307e-10	0.00168157
1.86438e-10	0.00168787
1.86569e-10	0.00169419
1.86699e-10	0.00170052
1.8683e-10	0.00170687
1.86961e-10	0.00171323
1.87091e-10	0.00171961
1.87222e-10	0.00172601
1.87352e-10	0.00173242
1.87483e-10	0.00173884
1.87614e-10	0.00174528
1.87744e-10	0.00175174
1.87875e-10	0.00175821
1.88005e-10	0.00176469
1.88136e-10	0.0017712
1.88267e-10	0.00177771
1.88397e-10	0.00178425
1.88528e-10	0.00179079
1.88658e-10	0.00179736
1.88789e-10	0.00180394
1.8892e-10	0.00181053
1.8905e-10	0.00181714
1.89181e-10	0.00182377
1.89311e-10	0.00183041
1.89442e-10	0.00183707
1.89573e-10	0.00184375
1.89703e-10	0.00185044
1.89834e-10	0.00185714
1.89964e-10	0.00186386
1.90095e-10	0.0018706
1.90226e-10	0.00187735
1.90356e-10	0.00188412
1.90487e-10	0.00189091
1.90617e-10	0.00189771
1.90748e-10	0.00190453
1.90879e-10	0.00191136
1.91009e-10	0.00191821
1.9114e-10	0.00192507
1.9127e-10	0.00193195
1.91401e-10	0.00193885
1.91532e-10	0.00194576
1.91662e-10	0.00195269
1.91793e-10	0.00195964
1.91923e-10	0.0019666
1.92054e-10	0.00197358
1.92185e-10	0.00198057
1.92315e-10	0.00198758
1.92446e-10	0.0019946
1.92577e-10	0.00200165
1.92707e-10	0.00200871
1.92838e-10	0.00201578
1.92968e-10	0.00202287
1.93099e-10	0.00202998
1.9323e-10	0.0020371
1.9336e-10	0.00204424
1.93491e-10	0.0020514
1.93621e-10	0.00205857
1.93752e-10	0.00206576
1.93883e-10	0.00207297
1.94013e-10	0.00208019
1.94144e-10	0.00208743
1.94274e-10	0.00209469
1.94405e-10	0.00210196
1.94536e-10	0.00210925
1.94666e-10	0.00211655
1.94797e-10	0.00212388
1.94927e-10	0.00213121
1.95058e-10	0.00213857
1.95189e-10	0.00214594
1.95319e-10	0.00215333
1.9545e-10	0.00216073
1.9558e-10	0.00216816
1.95711e-10	0.0021756
1.95842e-10	0.00218305
1.95972e-10	0.00219052
1.96103e-10	0.00219801
1.96233e-10	0.00220552
1.96364e-10	0.00221304
1.96495e-10	0.00222058
1.96625e-10	0.00222814
1.96756e-10	0.00223571
1.96886e-10	0.0022433
1.97017e-10	0.00225091
1.97148e-10	0.00225854
1.97278e-10	0.00226618
1.97409e-10	0.00227384
1.97539e-10	0.00228151
1.9767e-10	0.00228921
1.97801e-10	0.00229692
1.97931e-10	0.00230464
1.98062e-10	0.00231239
1.98193e-10	0.00232015
1.98323e-10	0.00232793
1.98454e-10	0.00233572
1.98584e-10	0.00234354
1.98715e-10	0.00235137
1.98846e-10	0.00235921
1.98976e-10	0.00236708
1.99107e-10	0.00237496
1.99237e-10	0.00238286
1.99368e-10	0.00239078
1.99499e-10	0.00239871
1.99629e-10	0.00240666
1.9976e-10	0.00241463
1.9989e-10	0.00242262
2.00021e-10	0.00243062
2.00152e-10	0.00243865
2.00282e-10	0.00244669
2.00413e-10	0.00245474
2.00543e-10	0.00246282
2.00674e-10	0.00247091
2.00805e-10	0.00247902
2.00935e-10	0.00248714
2.01066e-10	0.00249529
2.01196e-10	0.00250345
2.01327e-10	0.00251163
2.01458e-10	0.00251983
2.01588e-10	0.00252804
2.01719e-10	0.00253628
2.01849e-10	0.00254453
2.0198e-10	0.00255279
2.02111e-10	0.00256108
2.02241e-10	0.00256939
2.02372e-10	0.00257771
2.02502e-10	0.00258605
2.02633e-10	0.0025944
2.02764e-10	0.00260278
2.02894e-10	0.00261117
2.03025e-10	0.00261958
2.03155e-10	0.00262801
2.03286e-10	0.00263646
2.03417e-10	0.00264493
2.03547e-10	0.00265341
2.03678e-10	0.00266191
2.03809e-10	0.00267043
2.03939e-10	0.00267897
2.0407e-10	0.00268752
2.042e-10	0.0026961
2.04331e-10	0.00270469
2.04462e-10	0.0027133
2.04592e-10	0.00272193
2.04723e-10	0.00273057
2.04853e-10	0.00273924
2.04984e-10	0.00274792
2.05115e-10	0.00275662
2.05245e-10	0.00276534
2.05376e-10	0.00277408
2.05506e-10	0.00278283
2.05637e-10	0.00279161
2.05768e-10	0.0028004
2.05898e-10	0.00280921
2.06029e-10	0.00281804
2.06159e-10	0.00282689
2.0629e-10	0.00283575
2.06421e-10	0.00284464
2.06551e-10	0.00285354
2.06682e-10	0.00286246
2.06812e-10	0.0028714
2.06943e-10	0.00288036
2.07074e-10	0.00288934
2.07204e-10	0.00289833
2.07335e-10	0.00290735
2.07465e-10	0.00291638
2.07596e-10	0.00292543
2.07727e-10	0.0029345
2.07857e-10	0.00294359
2.07988e-10	0.0029527
2.08118e-10	0.00296182
2.08249e-10	0.00297097
2.0838e-10	0.00298013
2.0851e-10	0.00298931
2.08641e-10	0.00299851
2.08771e-10	0.00300773
2.08902e-10	0.00301697
2.09033e-10	0.00302623
2.09163e-10	0.00303551
2.09294e-10	0.0030448
2.09424e-10	0.00305412
2.09555e-10	0.00306345
2.09686e-10	0.0030728
2.09816e-10	0.00308217
2.09947e-10	0.00309156
2.10078e-10	0.00310097
2.10208e-10	0.0031104
2.10339e-10	0.00311984
2.10469e-10	0.00312931
2.106e-10	0.00313879
2.10731e-10	0.0031483
2.10861e-10	0.00315782
2.10992e-10	0.00316736
2.11122e-10	0.00317692
2.11253e-10	0.0031865
2.11384e-10	0.0031961
2.11514e-10	0.00320572
2.11645e-10	0.00321536
2.11775e-10	0.00322502
2.11906e-10	0.00323469
2.12037e-10	0.00324439
2.12167e-10	0.0032541
2.12298e-10	0.00326384
2.12428e-10	0.00327359
2.12559e-10	0.00328336
2.1269e-10	0.00329316
2.1282e-10	0.00330297
2.12951e-10	0.0033128
2.13081e-10	0.00332265
2.13212e-10	0.00333252
2.13343e-10	0.00334241
2.13473e-10	0.00335232
2.13604e-10	0.00336224
2.13734e-10	0.00337219
2.13865e-10	0.00338216
2.13996e-10	0.00339214
2.14126e-10	0.00340215
2.14257e-10	0.00341217
2.14387e-10	0.00342222
2.14518e-10	0.00343228
2.14649e-10	0.00344237
2.14779e-10	0.00345247
2.1491e-10	0.0034626
2.1504e-10	0.00347274
2.15171e-10	0.0034829
2.15302e-10	0.00349308
2.15432e-10	0.00350329
2.15563e-10	0.00351351
2.15694e-10	0.00352375
2.15824e-10	0.00353401
2.15955e-10	0.00354429
2.16085e-10	0.00355459
2.16216e-10	0.00356491
2.16347e-10	0.00357525
2.16477e-10	0.00358561
2.16608e-10	0.00359599
2.16738e-10	0.00360639
2.16869e-10	0.00361681
2.17e-10	0.00362725
2.1713e-10	0.00363771
2.17261e-10	0.00364819
2.17391e-10	0.00365869
2.17522e-10	0.00366921
2.17653e-10	0.00367975
2.17783e-10	0.00369031
2.17914e-10	0.00370089
2.18044e-10	0.00371149
2.18175e-10	0.00372211
2.18306e-10	0.00373275
2.18436e-10	0.00374341
2.18567e-10	0.00375409
2.18697e-10	0.00376479
2.18828e-10	0.00377551
2.18959e-10	0.00378625
2.19089e-10	0.00379701
2.1922e-10	0.00380779
2.1935e-10	0.00381859
2.19481e-10	0.00382941
2.19612e-10	0.00384025
2.19742e-10	0.00385112
2.19873e-10	0.003862
2.20003e-10	0.0038729
2.20134e-10	0.00388382
2.20265e-10	0.00389476
2.20395e-10	0.00390573
2.20526e-10	0.00391671
2.20656e-10	0.00392771
2.20787e-10	0.00393874
2.20918e-10	0.00394978
2.21048e-10	0.00396084
2.21179e-10	0.00397193
2.2131e-10	0.00398303
2.2144e-10	0.00399416
2.21571e-10	0.00400531
2.21701e-10	0.00401647
2.21832e-10	0.00402766
2.21963e-10	0.00403887
2.22093e-10	0.0040501
2.22224e-10	0.00406134
2.22354e-10	0.00407261
2.22485e-10	0.0040839
2.22616e-10	0.00409521
2.22746e-10	0.00410654
2.22877e-10	0.00411789
2.23007e-10	0.00412927
2.23138e-10	0.00414066
2.23269e-10	0.00415207
2.23399e-10	0.00416351
2.2353e-10	0.00417496
2.2366e-10	0.00418644
2.23791e-10	0.00419793
2.23922e-10	0.00420945
2.24052e-10	0.00422098
2.24183e-10	0.00423254
2.24313e-10	0.00424412
2.24444e-10	0.00425572
2.24575e-10	0.00426734
2.24705e-10	0.00427898
2.24836e-10	0.00429064
2.24966e-10	0.00430233
2.25097e-10	0.00431403
2.25228e-10	0.00432575
2.25358e-10	0.0043375
2.25489e-10	0.00434926
2.25619e-10	0.00436105
2.2575e-10	0.00437286
2.25881e-10	0.00438468
2.26011e-10	0.00439653
2.26142e-10	0.0044084
2.26272e-10	0.00442029
2.26403e-10	0.00443221
2.26534e-10	0.00444414
2.26664e-10	0.00445609
2.26795e-10	0.00446807
2.26926e-10	0.00448006
2.27056e-10	0.00449208
2.27187e-10	0.00450412
2.27317e-10	0.00451618
2.27448e-10	0.00452826
2.27579e-10	0.00454036
2.27709e-10	0.00455248
2.2784e-10	0.00456462
2.2797e-10	0.00457679
2.28101e-10	0.00458897
2.28232e-10	0.00460118
2.28362e-10	0.00461341
2.28493e-10	0.00462565
2.28623e-10	0.00463792
2.28754e-10	0.00465021
2.28885e-10	0.00466253
2.29015e-10	0.00467486
2.29146e-10	0.00468721
2.29276e-10	0.00469959
2.29407e-10	0.00471198
2.29538e-10	0.0047244
2.29668e-10	0.00473684
2.29799e-10	0.0047493
2.29929e-10	0.00476178
2.3006e-10	0.00477429
2.30191e-10	0.00478681
2.30321e-10	0.00479935
2.30452e-10	0.00481192
2.30582e-10	0.00482451
2.30713e-10	0.00483712
2.30844e-10	0.00484975
2.30974e-10	0.0048624
2.31105e-10	0.00487507
2.31235e-10	0.00488777
2.31366e-10	0.00490048
2.31497e-10	0.00491322
2.31627e-10	0.00492598
2.31758e-10	0.00493876
2.31888e-10	0.00495156
2.32019e-10	0.00496438
2.3215e-10	0.00497722
2.3228e-10	0.00499009
2.32411e-10	0.00500298
2.32542e-10	0.00501588
2.32672e-10	0.00502881
2.32803e-10	0.00504176
2.32933e-10	0.00505474
2.33064e-10	0.00506773
2.33195e-10	0.00508075
2.33325e-10	0.00509378
2.33456e-10	0.00510684
2.33586e-10	0.00511992
2.33717e-10	0.00513302
2.33848e-10	0.00514615
2.33978e-10	0.00515929
2.34109e-10	0.00517246
2.34239e-10	0.00518564
2.3437e-10	0.00519885
2.34501e-10	0.00521208
2.34631e-10	0.00522533
2.34762e-10	0.00523861
2.34892e-10	0.0052519
2.35023e-10	0.00526522
2.35154e-10	0.00527856
2.35284e-10	0.00529192
2.35415e-10	0.0053053
2.35545e-10	0.0053187
2.35676e-10	0.00533213
2.35807e-10	0.00534557
2.35937e-10	0.00535904
2.36068e-10	0.00537253
2.36198e-10	0.00538604
2.36329e-10	0.00539958
2.3646e-10	0.00541313
2.3659e-10	0.00542671
2.36721e-10	0.0054403
2.36851e-10	0.00545392
2.36982e-10	0.00546756
2.37113e-10	0.00548123
2.37243e-10	0.00549491
2.37374e-10	0.00550862
2.37504e-10	0.00552235
2.37635e-10	0.0055361
2.37766e-10	0.00554987
2.37896e-10	0.00556366
2.38027e-10	0.00557747
2.38158e-10	0.00559131
2.38288e-10	0.00560517
2.38419e-10	0.00561905
2.38549e-10	0.00563295
2.3868e-10	0.00564688
2.38811e-10	0.00566082
2.38941e-10	0.00567479
2.39072e-10	0.00568878
2.39202e-10	0.00570279
2.39333e-10	0.00571682
2.39464e-10	0.00573087
2.39594e-10	0.00574495
2.39725e-10	0.00575905
2.39855e-10	0.00577317
2.39986e-10	0.00578731
2.40117e-10	0.00580147
2.40247e-10	0.00581565
2.40378e-10	0.00582986
2.40508e-10	0.00584409
2.40639e-10	0.00585834
2.4077e-10	0.00587261
2.409e-10	0.0058869
2.41031e-10	0.00590122
2.41161e-10	0.00591556
2.41292e-10	0.00592992
2.41423e-10	0.0059443
2.41553e-10	0.0059587
2.41684e-10	0.00597313
2.41814e-10	0.00598757
2.41945e-10	0.00600204
2.42076e-10	0.00601653
2.42206e-10	0.00603104
2.42337e-10	0.00604558
2.42467e-10	0.00606013
2.42598e-10	0.00607471
2.42729e-10	0.00608931
2.42859e-10	0.00610393
2.4299e-10	0.00611857
2.4312e-10	0.00613324
2.43251e-10	0.00614793
2.43382e-10	0.00616263
2.43512e-10	0.00617736
2.43643e-10	0.00619212
2.43774e-10	0.00620689
2.43904e-10	0.00622169
2.44035e-10	0.0062365
2.44165e-10	0.00625134
2.44296e-10	0.00626621
2.44427e-10	0.00628109
2.44557e-10	0.00629599
2.44688e-10	0.00631092
2.44818e-10	0.00632587
2.44949e-10	0.00634084
2.4508e-10	0.00635583
2.4521e-10	0.00637085
2.45341e-10	0.00638589
2.45471e-10	0.00640094
2.45602e-10	0.00641602
2.45733e-10	0.00643113
2.45863e-10	0.00644625
2.45994e-10	0.0064614
2.46124e-10	0.00647656
2.46255e-10	0.00649175
2.46386e-10	0.00650696
2.46516e-10	0.0065222
2.46647e-10	0.00653745
2.46777e-10	0.00655273
2.46908e-10	0.00656803
2.47039e-10	0.00658335
2.47169e-10	0.00659869
2.473e-10	0.00661406
2.4743e-10	0.00662944
2.47561e-10	0.00664485
2.47692e-10	0.00666028
2.47822e-10	0.00667573
2.47953e-10	0.0066912
2.48083e-10	0.0067067
2.48214e-10	0.00672222
2.48345e-10	0.00673776
2.48475e-10	0.00675332
2.48606e-10	0.0067689
2.48736e-10	0.0067845
2.48867e-10	0.00680013
2.48998e-10	0.00681578
2.49128e-10	0.00683145
2.49259e-10	0.00684714
2.4939e-10	0.00686285
2.4952e-10	0.00687859
2.49651e-10	0.00689434
2.49781e-10	0.00691012
2.49912e-10	0.00692592
2.50043e-10	0.00694175
2.50173e-10	0.00695759
2.50304e-10	0.00697345
2.50434e-10	0.00698934
2.50565e-10	0.00700525
2.50696e-10	0.00702118
2.50826e-10	0.00703714
2.50957e-10	0.00705311
2.51087e-10	0.00706911
2.51218e-10	0.00708512
2.51349e-10	0.00710116
2.51479e-10	0.00711722
2.5161e-10	0.00713331
2.5174e-10	0.00714941
2.51871e-10	0.00716554
2.52002e-10	0.00718169
2.52132e-10	0.00719786
2.52263e-10	0.00721405
2.52393e-10	0.00723026
2.52524e-10	0.0072465
2.52655e-10	0.00726275
2.52785e-10	0.00727903
2.52916e-10	0.00729533
2.53046e-10	0.00731165
2.53177e-10	0.007328
2.53308e-10	0.00734436
2.53438e-10	0.00736075
2.53569e-10	0.00737715
2.53699e-10	0.00739358
2.5383e-10	0.00741003
2.53961e-10	0.00742651
2.54091e-10	0.007443
2.54222e-10	0.00745952
2.54352e-10	0.00747605
2.54483e-10	0.00749261
2.54614e-10	0.00750919
2.54744e-10	0.0075258
2.54875e-10	0.00754242
2.55006e-10	0.00755906
2.55136e-10	0.00757573
2.55267e-10	0.00759242
2.55397e-10	0.00760913
2.55528e-10	0.00762586
2.55659e-10	0.00764261
2.55789e-10	0.00765938
2.5592e-10	0.00767618
2.5605e-10	0.007693
2.56181e-10	0.00770983
2.56312e-10	0.00772669
2.56442e-10	0.00774357
2.56573e-10	0.00776048
2.56703e-10	0.0077774
2.56834e-10	0.00779435
2.56965e-10	0.00781131
2.57095e-10	0.0078283
2.57226e-10	0.00784531
2.57356e-10	0.00786234
2.57487e-10	0.00787939
2.57618e-10	0.00789646
2.57748e-10	0.00791356
2.57879e-10	0.00793067
2.58009e-10	0.00794781
2.5814e-10	0.00796497
2.58271e-10	0.00798215
2.58401e-10	0.00799935
2.58532e-10	0.00801657
2.58662e-10	0.00803381
2.58793e-10	0.00805108
2.58924e-10	0.00806836
2.59054e-10	0.00808567
2.59185e-10	0.00810299
2.59315e-10	0.00812034
2.59446e-10	0.00813771
2.59577e-10	0.0081551
2.59707e-10	0.00817251
2.59838e-10	0.00818995
2.59968e-10	0.0082074
2.60099e-10	0.00822488
2.6023e-10	0.00824237
2.6036e-10	0.00825989
2.60491e-10	0.00827743
2.60622e-10	0.00829499
2.60752e-10	0.00831257
2.60883e-10	0.00833017
2.61013e-10	0.00834779
2.61144e-10	0.00836543
2.61275e-10	0.0083831
2.61405e-10	0.00840078
2.61536e-10	0.00841848
2.61666e-10	0.00843621
2.61797e-10	0.00845396
2.61928e-10	0.00847173
2.62058e-10	0.00848951
2.62189e-10	0.00850732
2.62319e-10	0.00852515
2.6245e-10	0.00854301
2.62581e-10	0.00856088
2.62711e-10	0.00857877
2.62842e-10	0.00859668
2.62972e-10	0.00861462
2.63103e-10	0.00863257
2.63234e-10	0.00865055
2.63364e-10	0.00866854
2.63495e-10	0.00868656
2.63625e-10	0.00870459
2.63756e-10	0.00872265
2.63887e-10	0.00874073
2.64017e-10	0.00875883
2.64148e-10	0.00877695
2.64278e-10	0.00879509
2.64409e-10	0.00881325
2.6454e-10	0.00883143
2.6467e-10	0.00884963
2.64801e-10	0.00886785
2.64931e-10	0.00888609
2.65062e-10	0.00890435
2.65193e-10	0.00892263
2.65323e-10	0.00894094
2.65454e-10	0.00895926
2.65584e-10	0.0089776
2.65715e-10	0.00899596
2.65846e-10	0.00901435
2.65976e-10	0.00903275
2.66107e-10	0.00905118
2.66238e-10	0.00906962
2.66368e-10	0.00908808
2.66499e-10	0.00910657
2.66629e-10	0.00912507
2.6676e-10	0.0091436
2.66891e-10	0.00916214
2.67021e-10	0.00918071
2.67152e-10	0.00919929
2.67282e-10	0.0092179
2.67413e-10	0.00923652
2.67544e-10	0.00925517
2.67674e-10	0.00927383
2.67805e-10	0.00929251
2.67935e-10	0.00931122
2.68066e-10	0.00932994
2.68197e-10	0.00934869
2.68327e-10	0.00936745
2.68458e-10	0.00938623
2.68588e-10	0.00940504
2.68719e-10	0.00942386
2.6885e-10	0.0094427
2.6898e-10	0.00946156
2.69111e-10	0.00948044
2.69241e-10	0.00949935
2.69372e-10	0.00951827
2.69503e-10	0.00953721
2.69633e-10	0.00955617
2.69764e-10	0.00957515
2.69894e-10	0.00959415
2.70025e-10	0.00961317
2.70156e-10	0.0096322
2.70286e-10	0.00965126
2.70417e-10	0.00967034
2.70547e-10	0.00968943
2.70678e-10	0.00970855
2.70809e-10	0.00972768
2.70939e-10	0.00974684
2.7107e-10	0.00976601
2.712e-10	0.0097852
2.71331e-10	0.00980441
2.71462e-10	0.00982365
2.71592e-10	0.00984289
2.71723e-10	0.00986216
2.71854e-10	0.00988145
2.71984e-10	0.00990076
2.72115e-10	0.00992008
2.72245e-10	0.00993943
2.72376e-10	0.00995879
2.72507e-10	0.00997818
2.72637e-10	0.00999758
2.72768e-10	0.010017
2.72898e-10	0.0100364
2.73029e-10	0.0100559
2.7316e-10	0.0100754
2.7329e-10	0.0100949
2.73421e-10	0.0101144
2.73551e-10	0.0101339
2.73682e-10	0.0101535
2.73813e-10	0.010173
2.73943e-10	0.0101926
2.74074e-10	0.0102122
2.74204e-10	0.0102319
2.74335e-10	0.0102515
2.74466e-10	0.0102712
2.74596e-10	0.0102908
2.74727e-10	0.0103105
2.74857e-10	0.0103303
2.74988e-10	0.01035
2.75119e-10	0.0103698
2.75249e-10	0.0103895
2.7538e-10	0.0104093
2.7551e-10	0.0104291
2.75641e-10	0.0104489
2.75772e-10	0.0104688
2.75902e-10	0.0104887
2.76033e-10	0.0105085
2.76163e-10	0.0105284
2.76294e-10	0.0105484
2.76425e-10	0.0105683
2.76555e-10	0.0105882
2.76686e-10	0.0106082
2.76816e-10	0.0106282
2.76947e-10	0.0106482
2.77078e-10	0.0106682
2.77208e-10	0.0106883
2.77339e-10	0.0107083
2.7747e-10	0.0107284
2.776e-10	0.0107485
2.77731e-10	0.0107686
2.77861e-10	0.0107887
2.77992e-10	0.0108089
2.78123e-10	0.0108291
2.78253e-10	0.0108492
2.78384e-10	0.0108694
2.78514e-10	0.0108896
2.78645e-10	0.0109099
2.78776e-10	0.0109301
2.78906e-10	0.0109504
2.79037e-10	0.0109707
2.79167e-10	0.010991
2.79298e-10	0.0110113
2.79429e-10	0.0110316
2.79559e-10	0.011052
2.7969e-10	0.0110724
2.7982e-10	0.0110927
2.79951e-10	0.0111132
2.80082e-10	0.0111336
2.80212e-10	0.011154
2.80343e-10	0.0111745
2.80473e-10	0.0111949
2.80604e-10	0.0112154
2.80735e-10	0.0112359
2.80865e-10	0.0112564
2.80996e-10	0.011277
2.81126e-10	0.0112975
2.81257e-10	0.0113181
2.81388e-10	0.0113387
2.81518e-10	0.0113593
2.81649e-10	0.0113799
2.81779e-10	0.0114005
2.8191e-10	0.0114212
2.82041e-10	0.0114419
2.82171e-10	0.0114626
2.82302e-10	0.0114833
2.82432e-10	0.011504
2.82563e-10	0.0115247
2.82694e-10	0.0115454
2.82824e-10	0.0115662
2.82955e-10	0.011587
2.83086e-10	0.0116078
2.83216e-10	0.0116286
2.83347e-10	0.0116494
2.83477e-10	0.0116703
2.83608e-10	0.0116911
2.83739e-10	0.011712
2.83869e-10	0.0117329
2.84e-10	0.0117538
2.8413e-10	0.0117747
2.84261e-10	0.0117956
2.84392e-10	0.0118166
2.84522e-10	0.0118376
2.84653e-10	0.0118585
2.84783e-10	0.0118795
2.84914e-10	0.0119005
2.85045e-10	0.0119216
2.85175e-10	0.0119426
2.85306e-10	0.0119637
2.85436e-10	0.0119847
2.85567e-10	0.0120058
2.85698e-10	0.0120269
2.85828e-10	0.012048
2.85959e-10	0.0120692
2.86089e-10	0.0120903
2.8622e-10	0.0121115
2.86351e-10	0.0121326
2.86481e-10	0.0121538
2.86612e-10	0.012175
2.86742e-10	0.0121963
2.86873e-10	0.0122175
2.87004e-10	0.0122387
2.87134e-10	0.01226
2.87265e-10	0.0122813
2.87395e-10	0.0123026
2.87526e-10	0.0123239
2.87657e-10	0.0123452
2.87787e-10	0.0123665
2.87918e-10	0.0123879
2.88048e-10	0.0124092
2.88179e-10	0.0124306
2.8831e-10	0.012452
2.8844e-10	0.0124734
2.88571e-10	0.0124948
2.88701e-10	0.0125162
2.88832e-10	0.0125376
2.88963e-10	0.0125591
2.89093e-10	0.0125806
2.89224e-10	0.0126021
2.89355e-10	0.0126235
2.89485e-10	0.0126451
2.89616e-10	0.0126666
2.89746e-10	0.0126881
2.89877e-10	0.0127097
2.90008e-10	0.0127312
2.90138e-10	0.0127528
2.90269e-10	0.0127744
2.90399e-10	0.012796
2.9053e-10	0.0128176
2.90661e-10	0.0128392
2.90791e-10	0.0128608
2.90922e-10	0.0128825
2.91052e-10	0.0129041
2.91183e-10	0.0129258
2.91314e-10	0.0129475
2.91444e-10	0.0129692
2.91575e-10	0.0129909
2.91705e-10	0.0130126
2.91836e-10	0.0130344
2.91967e-10	0.0130561
2.92097e-10	0.0130779
2.92228e-10	0.0130997
2.92358e-10	0.0131214
2.92489e-10	0.0131432
2.9262e-10	0.013165
2.9275e-10	0.0131869
2.92881e-10	0.0132087
2.93011e-10	0.0132305
2.93142e-10	0.0132524
2.93273e-10	0.0132743
2.93403e-10	0.0132961
2.93534e-10	0.013318
2.93664e-10	0.0133399
2.93795e-10	0.0133618
2.93926e-10	0.0133837
2.94056e-10	0.0134057
2.94187e-10	0.0134276
2.94317e-10	0.0134496
2.94448e-10	0.0134715
2.94579e-10	0.0134935
2.94709e-10	0.0135155
2.9484e-10	0.0135375
2.94971e-10	0.0135595
2.95101e-10	0.0135815
2.95232e-10	0.0136036
2.95362e-10	0.0136256
2.95493e-10	0.0136477
2.95624e-10	0.0136697
2.95754e-10	0.0136918
2.95885e-10	0.0137139
2.96015e-10	0.013736
2.96146e-10	0.0137581
2.96277e-10	0.0137802
2.96407e-10	0.0138023
2.96538e-10	0.0138244
2.96668e-10	0.0138466
2.96799e-10	0.0138687
2.9693e-10	0.0138909
2.9706e-10	0.013913
2.97191e-10	0.0139352
2.97321e-10	0.0139574
2.97452e-10	0.0139796
2.97583e-10	0.0140018
2.97713e-10	0.014024
2.97844e-10	0.0140462
2.97974e-10	0.0140685
2.98105e-10	0.0140907
2.98236e-10	0.014113
2.98366e-10	0.0141352
2.98497e-10	0.0141575
2.98627e-10	0.0141798
2.98758e-10	0.0142021
2.98889e-10	0.0142244
2.99019e-10	0.0142467
2.9915e-10	0.014269
2.9928e-10	0.0142913
2.99411e-10	0.0143136
2.99542e-10	0.0143359
2.99672e-10	0.0143583
2.99803e-10	0.0143806
2.99933e-10	0.014403
3.00064e-10	0.0144254
3.00195e-10	0.0144477
3.00325e-10	0.0144701
3.00456e-10	0.0144925
3.00587e-10	0.0145149
3.00717e-10	0.0145373
3.00848e-10	0.0145597
3.00978e-10	0.0145821
3.01109e-10	0.0146046
3.0124e-10	0.014627
3.0137e-10	0.0146494
3.01501e-10	0.0146719
3.01631e-10	0.0146943
3.01762e-10	0.0147168
3.01893e-10	0.0147393
3.02023e-10	0.0147618
3.02154e-10	0.0147842
3.02284e-10	0.0148067
3.02415e-10	0.0148292
3.02546e-10	0.0148517
3.02676e-10	0.0148742
3.02807e-10	0.0148967
3.02937e-10	0.0149192
3.03068e-10	0.0149418
3.03199e-10	0.0149643
3.03329e-10	0.0149868
3.0346e-10	0.0150094
3.0359e-10	0.0150319
3.03721e-10	0.0150545
3.03852e-10	0.015077
3.03982e-10	0.0150996
3.04113e-10	0.0151222
3.04243e-10	0.0151447
3.04374e-10	0.0151673
3.04505e-10	0.0151899
3.04635e-10	0.0152125
3.04766e-10	0.0152351
3.04896e-10	0.0152577
3.05027e-10	0.0152803
3.05158e-10	0.0153029
3.05288e-10	0.0153255
3.05419e-10	0.0153481
3.05549e-10	0.0153707
3.0568e-10	0.0153934
3.05811e-10	0.015416
3.05941e-10	0.0154386
3.06072e-10	0.0154613
3.06203e-10	0.0154839
3.06333e-10	0.0155065
3.06464e-10	0.0155292
3.06594e-10	0.0155518
3.06725e-10	0.0155745
3.06856e-10	0.0155972
3.06986e-10	0.0156198
3.07117e-10	0.0156425
3.07247e-10	0.0156652
3.07378e-10	0.0156878
3.07509e-10	0.0157105
3.07639e-10	0.0157332
3.0777e-10	0.0157559
3.079e-10	0.0157785
3.08031e-10	0.0158012
3.08162e-10	0.0158239
3.08292e-10	0.0158466
3.08423e-10	0.0158693
3.08553e-10	0.015892
3.08684e-10	0.0159147
3.08815e-10	0.0159374
3.08945e-10	0.0159601
3.09076e-10	0.0159828
3.09206e-10	0.0160055
3.09337e-10	0.0160282
3.09468e-10	0.0160509
3.09598e-10	0.0160736
3.09729e-10	0.0160963
3.09859e-10	0.016119
3.0999e-10	0.0161417
3.10121e-10	0.0161644
3.10251e-10	0.0161872
3.10382e-10	0.0162099
3.10512e-10	0.0162326
3.10643e-10	0.0162553
3.10774e-10	0.016278
3.10904e-10	0.0163007
3.11035e-10	0.0163234
3.11165e-10	0.0163462
3.11296e-10	0.0163689
3.11427e-10	0.0163916
3.11557e-10	0.0164143
3.11688e-10	0.016437
3.11819e-10	0.0164598
3.11949e-10	0.0164825
3.1208e-10	0.0165052
3.1221e-10	0.0165279
3.12341e-10	0.0165506
3.12472e-10	0.0165733
3.12602e-10	0.016596
3.12733e-10	0.0166187
3.12863e-10	0.0166415
3.12994e-10	0.0166642
3.13125e-10	0.0166869
3.13255e-10	0.0167096
3.13386e-10	0.0167323
3.13516e-10	0.016755
3.13647e-10	0.0167777
3.13778e-10	0.0168004
3.13908e-10	0.0168231
3.14039e-10	0.0168458
3.14169e-10	0.0168685
3.143e-10	0.0168912
3.14431e-10	0.0169139
3.14561e-10	0.0169365
3.14692e-10	0.0169592
3.14822e-10	0.0169819
3.14953e-10	0.0170046
3.15084e-10	0.0170273
3.15214e-10	0.0170499
3.15345e-10	0.0170726
3.15475e-10	0.0170953
3.15606e-10	0.0171179
3.15737e-10	0.0171406
3.15867e-10	0.0171632
3.15998e-10	0.0171859
3.16128e-10	0.0172085
3.16259e-10	0.0172312
3.1639e-10	0.0172538
3.1652e-10	0.0172765
3.16651e-10	0.0172991
3.16781e-10	0.0173217
3.16912e-10	0.0173443
3.17043e-10	0.017367
3.17173e-10	0.0173896
3.17304e-10	0.0174122
3.17435e-10	0.0174348
3.17565e-10	0.0174574
3.17696e-10	0.01748
3.17826e-10	0.0175026
3.17957e-10	0.0175251
3.18088e-10	0.0175477
3.18218e-10	0.0175703
3.18349e-10	0.0175928
3.18479e-10	0.0176154
3.1861e-10	0.017638
3.18741e-10	0.0176605
3.18871e-10	0.017683
3.19002e-10	0.0177056
3.19132e-10	0.0177281
3.19263e-10	0.0177506
3.19394e-10	0.0177731
3.19524e-10	0.0177956
3.19655e-10	0.0178181
3.19785e-10	0.0178406
3.19916e-10	0.0178631
3.20047e-10	0.0178856
3.20177e-10	0.0179081
3.20308e-10	0.0179305
3.20438e-10	0.017953
3.20569e-10	0.0179754
3.207e-10	0.0179979
3.2083e-10	0.0180203
3.20961e-10	0.0180427
3.21091e-10	0.0180652
3.21222e-10	0.0180876
3.21353e-10	0.01811
3.21483e-10	0.0181323
3.21614e-10	0.0181547
3.21744e-10	0.0181771
3.21875e-10	0.0181995
3.22006e-10	0.0182218
3.22136e-10	0.0182442
3.22267e-10	0.0182665
3.22397e-10	0.0182888
3.22528e-10	0.0183111
3.22659e-10	0.0183334
3.22789e-10	0.0183557
3.2292e-10	0.018378
3.23051e-10	0.0184003
3.23181e-10	0.0184226
3.23312e-10	0.0184448
3.23442e-10	0.0184671
3.23573e-10	0.0184893
3.23704e-10	0.0185115
3.23834e-10	0.0185337
3.23965e-10	0.0185559
3.24095e-10	0.0185781
3.24226e-10	0.0186003
3.24357e-10	0.0186225
3.24487e-10	0.0186446
3.24618e-10	0.0186668
3.24748e-10	0.0186889
3.24879e-10	0.018711
3.2501e-10	0.0187331
3.2514e-10	0.0187552
3.25271e-10	0.0187773
3.25401e-10	0.0187994
3.25532e-10	0.0188214
3.25663e-10	0.0188435
3.25793e-10	0.0188655
3.25924e-10	0.0188875
3.26054e-10	0.0189095
3.26185e-10	0.0189315
3.26316e-10	0.0189535
3.26446e-10	0.0189754
3.26577e-10	0.0189974
3.26707e-10	0.0190193
3.26838e-10	0.0190413
3.26969e-10	0.0190632
3.27099e-10	0.0190851
3.2723e-10	0.0191069
3.2736e-10	0.0191288
3.27491e-10	0.0191506
3.27622e-10	0.0191725
3.27752e-10	0.0191943
3.27883e-10	0.0192161
3.28013e-10	0.0192379
3.28144e-10	0.0192597
3.28275e-10	0.0192814
3.28405e-10	0.0193032
3.28536e-10	0.0193249
3.28667e-10	0.0193466
3.28797e-10	0.0193683
3.28928e-10	0.01939
3.29058e-10	0.0194116
3.29189e-10	0.0194333
3.2932e-10	0.0194549
3.2945e-10	0.0194765
3.29581e-10	0.0194981
3.29711e-10	0.0195197
3.29842e-10	0.0195412
3.29973e-10	0.0195628
3.30103e-10	0.0195843
3.30234e-10	0.0196058
3.30364e-10	0.0196273
3.30495e-10	0.0196488
3.30626e-10	0.0196702
3.30756e-10	0.0196917
3.30887e-10	0.0197131
3.31017e-10	0.0197345
3.31148e-10	0.0197559
3.31279e-10	0.0197772
3.31409e-10	0.0197986
3.3154e-10	0.0198199
3.3167e-10	0.0198412
3.31801e-10	0.0198625
3.31932e-10	0.0198837
3.32062e-10	0.019905
3.32193e-10	0.0199262
3.32323e-10	0.0199474
3.32454e-10	0.0199686
3.32585e-10	0.0199897
3.32715e-10	0.0200109
3.32846e-10	0.020032
3.32976e-10	0.0200531
3.33107e-10	0.0200742
3.33238e-10	0.0200952
3.33368e-10	0.0201163
3.33499e-10	0.0201373
3.33629e-10	0.0201583
3.3376e-10	0.0201792
3.33891e-10	0.0202002
3.34021e-10	0.0202211
3.34152e-10	0.020242
3.34283e-10	0.0202629
3.34413e-10	0.0202837
3.34544e-10	0.0203046
3.34674e-10	0.0203254
3.34805e-10	0.0203462
3.34936e-10	0.020367
3.35066e-10	0.0203877
3.35197e-10	0.0204084
3.35327e-10	0.0204291
3.35458e-10	0.0204498
3.35589e-10	0.0204704
3.35719e-10	0.0204911
3.3585e-10	0.0205117
3.3598e-10	0.0205322
3.36111e-10	0.0205528
3.36242e-10	0.0205733
3.36372e-10	0.0205938
3.36503e-10	0.0206143
3.36633e-10	0.0206347
3.36764e-10	0.0206552
3.36895e-10	0.0206756
3.37025e-10	0.0206959
3.37156e-10	0.0207163
3.37286e-10	0.0207366
3.37417e-10	0.0207569
3.37548e-10	0.0207772
3.37678e-10	0.0207974
3.37809e-10	0.0208176
3.37939e-10	0.0208378
3.3807e-10	0.020858
3.38201e-10	0.0208781
3.38331e-10	0.0208982
3.38462e-10	0.0209183
3.38592e-10	0.0209383
3.38723e-10	0.0209584
3.38854e-10	0.0209784
3.38984e-10	0.0209983
3.39115e-10	0.0210183
3.39245e-10	0.0210382
3.39376e-10	0.021058
3.39507e-10	0.0210779
3.39637e-10	0.0210977
3.39768e-10	0.0211175
3.39899e-10	0.0211373
3.40029e-10	0.021157
3.4016e-10	0.0211767
3.4029e-10	0.0211964
3.40421e-10	0.021216
3.40552e-10	0.0212356
3.40682e-10	0.0212552
3.40813e-10	0.0212748
3.40943e-10	0.0212943
3.41074e-10	0.0213138
3.41205e-10	0.0213332
3.41335e-10	0.0213527
3.41466e-10	0.0213721
3.41596e-10	0.0213914
3.41727e-10	0.0214108
3.41858e-10	0.0214301
3.41988e-10	0.0214493
3.42119e-10	0.0214686
3.42249e-10	0.0214878
3.4238e-10	0.0215069
3.42511e-10	0.0215261
3.42641e-10	0.0215452
3.42772e-10	0.0215643
3.42902e-10	0.0215833
3.43033e-10	0.0216023
3.43164e-10	0.0216213
3.43294e-10	0.0216402
3.43425e-10	0.0216591
3.43555e-10	0.021678
3.43686e-10	0.0216968
3.43817e-10	0.0217156
3.43947e-10	0.0217344
3.44078e-10	0.0217531
3.44208e-10	0.0217718
3.44339e-10	0.0217904
3.4447e-10	0.0218091
3.446e-10	0.0218276
3.44731e-10	0.0218462
3.44861e-10	0.0218647
3.44992e-10	0.0218832
3.45123e-10	0.0219016
3.45253e-10	0.02192
3.45384e-10	0.0219384
3.45515e-10	0.0219567
3.45645e-10	0.021975
3.45776e-10	0.0219933
3.45906e-10	0.0220115
3.46037e-10	0.0220297
3.46168e-10	0.0220478
3.46298e-10	0.0220659
3.46429e-10	0.022084
3.46559e-10	0.022102
3.4669e-10	0.02212
3.46821e-10	0.0221379
3.46951e-10	0.0221558
3.47082e-10	0.0221737
3.47212e-10	0.0221915
3.47343e-10	0.0222093
3.47474e-10	0.0222271
3.47604e-10	0.0222448
3.47735e-10	0.0222625
3.47865e-10	0.0222801
3.47996e-10	0.0222977
3.48127e-10	0.0223152
3.48257e-10	0.0223327
3.48388e-10	0.0223502
3.48518e-10	0.0223676
3.48649e-10	0.022385
3.4878e-10	0.0224023
3.4891e-10	0.0224196
3.49041e-10	0.0224369
3.49171e-10	0.0224541
3.49302e-10	0.0224713
3.49433e-10	0.0224884
3.49563e-10	0.0225055
3.49694e-10	0.0225225
3.49824e-10	0.0225395
3.49955e-10	0.0225565
3.50086e-10	0.0225734
3.50216e-10	0.0225903
3.50347e-10	0.0226071
3.50477e-10	0.0226239
3.50608e-10	0.0226406
3.50739e-10	0.0226573
3.50869e-10	0.0226739
3.51e-10	0.0226905
3.51131e-10	0.0227071
3.51261e-10	0.0227236
3.51392e-10	0.02274
3.51522e-10	0.0227565
3.51653e-10	0.0227728
3.51784e-10	0.0227891
3.51914e-10	0.0228054
3.52045e-10	0.0228216
3.52175e-10	0.0228378
3.52306e-10	0.022854
3.52437e-10	0.0228701
3.52567e-10	0.0228861
3.52698e-10	0.0229021
3.52828e-10	0.022918
3.52959e-10	0.0229339
3.5309e-10	0.0229498
3.5322e-10	0.0229656
3.53351e-10	0.0229813
3.53481e-10	0.022997
3.53612e-10	0.0230127
3.53743e-10	0.0230283
3.53873e-10	0.0230438
3.54004e-10	0.0230593
3.54134e-10	0.0230748
3.54265e-10	0.0230902
3.54396e-10	0.0231055
3.54526e-10	0.0231208
3.54657e-10	0.0231361
3.54787e-10	0.0231513
3.54918e-10	0.0231664
3.55049e-10	0.0231815
3.55179e-10	0.0231966
3.5531e-10	0.0232116
3.5544e-10	0.0232265
3.55571e-10	0.0232414
3.55702e-10	0.0232562
3.55832e-10	0.023271
3.55963e-10	0.0232857
3.56093e-10	0.0233004
3.56224e-10	0.023315
3.56355e-10	0.0233296
3.56485e-10	0.0233441
3.56616e-10	0.0233586
3.56747e-10	0.023373
3.56877e-10	0.0233873
3.57008e-10	0.0234016
3.57138e-10	0.0234159
3.57269e-10	0.0234301
3.574e-10	0.0234442
3.5753e-10	0.0234583
3.57661e-10	0.0234723
3.57791e-10	0.0234863
3.57922e-10	0.0235002
3.58053e-10	0.023514
3.58183e-10	0.0235278
3.58314e-10	0.0235415
3.58444e-10	0.0235552
3.58575e-10	0.0235689
3.58706e-10	0.0235824
3.58836e-10	0.0235959
3.58967e-10	0.0236094
3.59097e-10	0.0236228
3.59228e-10	0.0236361
3.59359e-10	0.0236494
3.59489e-10	0.0236626
3.5962e-10	0.0236758
3.5975e-10	0.0236888
3.59881e-10	0.0237019
3.60012e-10	0.0237149
3.60142e-10	0.0237278
3.60273e-10	0.0237406
3.60403e-10	0.0237534
3.60534e-10	0.0237662
3.60665e-10	0.0237789
3.60795e-10	0.0237915
3.60926e-10	0.023804
3.61056e-10	0.0238165
3.61187e-10	0.0238289
3.61318e-10	0.0238413
3.61448e-10	0.0238536
3.61579e-10	0.0238659
3.61709e-10	0.023878
3.6184e-10	0.0238902
3.61971e-10	0.0239022
3.62101e-10	0.0239142
3.62232e-10	0.0239261
3.62363e-10	0.023938
3.62493e-10	0.0239498
3.62624e-10	0.0239615
3.62754e-10	0.0239732
3.62885e-10	0.0239848
3.63016e-10	0.0239964
3.63146e-10	0.0240078
3.63277e-10	0.0240192
3.63407e-10	0.0240306
3.63538e-10	0.0240419
3.63669e-10	0.0240531
3.63799e-10	0.0240642
3.6393e-10	0.0240753
3.6406e-10	0.0240863
3.64191e-10	0.0240973
3.64322e-10	0.0241082
3.64452e-10	0.024119
3.64583e-10	0.0241297
3.64713e-10	0.0241404
3.64844e-10	0.024151
3.64975e-10	0.0241615
3.65105e-10	0.024172
3.65236e-10	0.0241824
3.65366e-10	0.0241927
3.65497e-10	0.024203
3.65628e-10	0.0242132
3.65758e-10	0.0242233
3.65889e-10	0.0242334
3.66019e-10	0.0242434
3.6615e-10	0.0242533
3.66281e-10	0.0242631
3.66411e-10	0.0242729
3.66542e-10	0.0242826
3.66672e-10	0.0242922
3.66803e-10	0.0243018
3.66934e-10	0.0243113
3.67064e-10	0.0243207
3.67195e-10	0.02433
3.67325e-10	0.0243393
3.67456e-10	0.0243485
3.67587e-10	0.0243576
3.67717e-10	0.0243666
3.67848e-10	0.0243756
3.67979e-10	0.0243845
3.68109e-10	0.0243933
3.6824e-10	0.0244021
3.6837e-10	0.0244108
3.68501e-10	0.0244194
3.68632e-10	0.0244279
3.68762e-10	0.0244363
3.68893e-10	0.0244447
3.69023e-10	0.024453
3.69154e-10	0.0244612
3.69285e-10	0.0244694
3.69415e-10	0.0244775
3.69546e-10	0.0244855
3.69676e-10	0.0244934
3.69807e-10	0.0245012
3.69938e-10	0.024509
3.70068e-10	0.0245167
3.70199e-10	0.0245243
3.70329e-10	0.0245318
3.7046e-10	0.0245392
3.70591e-10	0.0245466
3.70721e-10	0.0245539
3.70852e-10	0.0245611
3.70982e-10	0.0245682
3.71113e-10	0.0245753
3.71244e-10	0.0245823
3.71374e-10	0.0245892
3.71505e-10	0.024596
3.71635e-10	0.0246027
3.71766e-10	0.0246093
3.71897e-10	0.0246159
3.72027e-10	0.0246224
3.72158e-10	0.0246288
3.72288e-10	0.0246351
3.72419e-10	0.0246414
3.7255e-10	0.0246475
3.7268e-10	0.0246536
3.72811e-10	0.0246596
3.72941e-10	0.0246655
3.73072e-10	0.0246713
3.73203e-10	0.0246771
3.73333e-10	0.0246827
3.73464e-10	0.0246883
3.73594e-10	0.0246938
3.73725e-10	0.0246992
3.73856e-10	0.0247045
3.73986e-10	0.0247097
3.74117e-10	0.0247149
3.74248e-10	0.0247199
3.74378e-10	0.0247249
3.74509e-10	0.0247298
3.74639e-10	0.0247346
3.7477e-10	0.0247393
3.74901e-10	0.024744
3.75031e-10	0.0247485
3.75162e-10	0.024753
3.75292e-10	0.0247573
3.75423e-10	0.0247616
3.75554e-10	0.0247658
3.75684e-10	0.0247699
3.75815e-10	0.0247739
3.75945e-10	0.0247778
3.76076e-10	0.0247816
3.76207e-10	0.0247854
3.76337e-10	0.024789
3.76468e-10	0.0247926
3.76598e-10	0.0247961
3.76729e-10	0.0247994
3.7686e-10	0.0248027
3.7699e-10	0.0248059
3.77121e-10	0.024809
3.77251e-10	0.0248121
3.77382e-10	0.024815
3.77513e-10	0.0248178
3.77643e-10	0.0248205
3.77774e-10	0.0248232
3.77904e-10	0.0248257
3.78035e-10	0.0248282
3.78166e-10	0.0248306
3.78296e-10	0.0248328
3.78427e-10	0.024835
3.78557e-10	0.0248371
3.78688e-10	0.0248391
3.78819e-10	0.024841
3.78949e-10	0.0248428
3.7908e-10	0.0248445
3.7921e-10	0.0248461
3.79341e-10	0.0248476
3.79472e-10	0.024849
3.79602e-10	0.0248503
3.79733e-10	0.0248515
3.79864e-10	0.0248526
3.79994e-10	0.0248537
3.80125e-10	0.0248546
3.80255e-10	0.0248554
3.80386e-10	0.0248561
3.80517e-10	0.0248568
3.80647e-10	0.0248573
3.80778e-10	0.0248577
3.80908e-10	0.0248581
3.81039e-10	0.0248583
3.8117e-10	0.0248584
3.813e-10	0.0248585
3.81431e-10	0.0248584
3.81561e-10	0.0248582
3.81692e-10	0.024858
3.81823e-10	0.0248576
3.81953e-10	0.0248571
3.82084e-10	0.0248565
3.82214e-10	0.0248559
3.82345e-10	0.0248551
3.82476e-10	0.0248542
3.82606e-10	0.0248532
3.82737e-10	0.0248521
3.82867e-10	0.024851
3.82998e-10	0.0248497
3.83129e-10	0.0248483
3.83259e-10	0.0248468
3.8339e-10	0.0248452
3.8352e-10	0.0248434
3.83651e-10	0.0248416
3.83782e-10	0.0248397
3.83912e-10	0.0248377
3.84043e-10	0.0248355
3.84173e-10	0.0248333
3.84304e-10	0.024831
3.84435e-10	0.0248285
3.84565e-10	0.0248259
3.84696e-10	0.0248233
3.84826e-10	0.0248205
3.84957e-10	0.0248176
3.85088e-10	0.0248146
3.85218e-10	0.0248115
3.85349e-10	0.0248083
3.8548e-10	0.024805
3.8561e-10	0.0248016
3.85741e-10	0.024798
3.85871e-10	0.0247944
3.86002e-10	0.0247906
3.86133e-10	0.0247868
3.86263e-10	0.0247828
3.86394e-10	0.0247787
3.86524e-10	0.0247745
3.86655e-10	0.0247702
3.86786e-10	0.0247658
3.86916e-10	0.0247612
3.87047e-10	0.0247566
3.87177e-10	0.0247518
3.87308e-10	0.024747
3.87439e-10	0.024742
3.87569e-10	0.0247369
3.877e-10	0.0247317
3.8783e-10	0.0247263
3.87961e-10	0.0247209
3.88092e-10	0.0247153
3.88222e-10	0.0247097
3.88353e-10	0.0247039
3.88483e-10	0.024698
3.88614e-10	0.024692
3.88745e-10	0.0246858
3.88875e-10	0.0246796
3.89006e-10	0.0246732
3.89136e-10	0.0246667
3.89267e-10	0.0246601
3.89398e-10	0.0246534
3.89528e-10	0.0246466
3.89659e-10	0.0246396
3.89789e-10	0.0246325
3.8992e-10	0.0246253
3.90051e-10	0.024618
3.90181e-10	0.0246106
3.90312e-10	0.0246031
3.90442e-10	0.0245954
3.90573e-10	0.0245876
3.90704e-10	0.0245797
3.90834e-10	0.0245717
3.90965e-10	0.0245635
3.91096e-10	0.0245552
3.91226e-10	0.0245468
3.91357e-10	0.0245383
3.91487e-10	0.0245297
3.91618e-10	0.0245209
3.91749e-10	0.024512
3.91879e-10	0.024503
3.9201e-10	0.0244939
3.9214e-10	0.0244846
3.92271e-10	0.0244753
3.92402e-10	0.0244658
3.92532e-10	0.0244561
3.92663e-10	0.0244464
3.92793e-10	0.0244365
3.92924e-10	0.0244265
3.93055e-10	0.0244164
3.93185e-10	0.0244061
3.93316e-10	0.0243957
3.93446e-10	0.0243852
3.93577e-10	0.0243746
3.93708e-10	0.0243638
3.93838e-10	0.024353
3.93969e-10	0.0243419
3.94099e-10	0.0243308
3.9423e-10	0.0243195
3.94361e-10	0.0243081
3.94491e-10	0.0242966
3.94622e-10	0.0242849
3.94752e-10	0.0242731
3.94883e-10	0.0242612
3.95014e-10	0.0242492
3.95144e-10	0.024237
3.95275e-10	0.0242247
3.95405e-10	0.0242123
3.95536e-10	0.0241997
3.95667e-10	0.024187
3.95797e-10	0.0241741
3.95928e-10	0.0241612
3.96058e-10	0.0241481
3.96189e-10	0.0241348
3.9632e-10	0.0241215
3.9645e-10	0.024108
3.96581e-10	0.0240943
3.96712e-10	0.0240806
3.96842e-10	0.0240667
3.96973e-10	0.0240526
3.97103e-10	0.0240385
3.97234e-10	0.0240242
3.97365e-10	0.0240097
3.97495e-10	0.0239952
3.97626e-10	0.0239804
3.97756e-10	0.0239656
3.97887e-10	0.0239506
3.98018e-10	0.0239355
3.98148e-10	0.0239202
3.98279e-10	0.0239048
3.98409e-10	0.0238893
3.9854e-10	0.0238736
3.98671e-10	0.0238578
3.98801e-10	0.0238418
3.98932e-10	0.0238258
3.99062e-10	0.0238095
3.99193e-10	0.0237932
3.99324e-10	0.0237766
3.99454e-10	0.02376
3.99585e-10	0.0237432
3.99715e-10	0.0237263
3.99846e-10	0.0237092
3.99977e-10	0.023692
4.00107e-10	0.0236746
4.00238e-10	0.0236571
4.00368e-10	0.0236395
4.00499e-10	0.0236217
4.0063e-10	0.0236038
4.0076e-10	0.0235857
4.00891e-10	0.0235675
4.01021e-10	0.0235491
4.01152e-10	0.0235306
4.01283e-10	0.023512
4.01413e-10	0.0234932
4.01544e-10	0.0234743
4.01674e-10	0.0234552
4.01805e-10	0.023436
4.01936e-10	0.0234166
4.02066e-10	0.0233971
4.02197e-10	0.0233774
4.02328e-10	0.0233576
4.02458e-10	0.0233376
4.02589e-10	0.0233175
4.02719e-10	0.0232973
4.0285e-10	0.0232769
4.02981e-10	0.0232563
4.03111e-10	0.0232356
4.03242e-10	0.0232148
4.03372e-10	0.0231938
4.03503e-10	0.0231726
4.03634e-10	0.0231513
4.03764e-10	0.0231299
4.03895e-10	0.0231082
4.04025e-10	0.0230865
4.04156e-10	0.0230646
4.04287e-10	0.0230425
4.04417e-10	0.0230203
4.04548e-10	0.022998
4.04678e-10	0.0229755
4.04809e-10	0.0229528
4.0494e-10	0.02293
4.0507e-10	0.022907
4.05201e-10	0.0228839
4.05331e-10	0.0228606
4.05462e-10	0.0228372
4.05593e-10	0.0228136
4.05723e-10	0.0227898
4.05854e-10	0.0227659
4.05984e-10	0.0227419
4.06115e-10	0.0227177
4.06246e-10	0.0226933
4.06376e-10	0.0226688
4.06507e-10	0.0226441
4.06637e-10	0.0226193
4.06768e-10	0.0225943
4.06899e-10	0.0225691
4.07029e-10	0.0225438
4.0716e-10	0.0225183
4.0729e-10	0.0224927
4.07421e-10	0.0224669
4.07552e-10	0.022441
4.07682e-10	0.0224149
4.07813e-10	0.0223886
4.07944e-10	0.0223622
4.08074e-10	0.0223356
4.08205e-10	0.0223088
4.08335e-10	0.0222819
4.08466e-10	0.0222548
4.08597e-10	0.0222276
4.08727e-10	0.0222002
4.08858e-10	0.0221727
4.08988e-10	0.0221449
4.09119e-10	0.022117
4.0925e-10	0.022089
4.0938e-10	0.0220608
4.09511e-10	0.0220324
4.09641e-10	0.0220039
4.09772e-10	0.0219752
4.09903e-10	0.0219463
4.10033e-10	0.0219173
4.10164e-10	0.0218881
4.10294e-10	0.0218587
4.10425e-10	0.0218292
4.10556e-10	0.0217995
4.10686e-10	0.0217696
4.10817e-10	0.0217396
4.10947e-10	0.0217094
4.11078e-10	0.021679
4.11209e-10	0.0216485
4.11339e-10	0.0216177
4.1147e-10	0.0215869
4.116e-10	0.0215558
4.11731e-10	0.0215246
4.11862e-10	0.0214932
4.11992e-10	0.0214617
4.12123e-10	0.02143
4.12253e-10	0.0213981
4.12384e-10	0.021366
4.12515e-10	0.0213338
4.12645e-10	0.0213014
4.12776e-10	0.0212688
4.12906e-10	0.021236
4.13037e-10	0.0212031
4.13168e-10	0.02117
4.13298e-10	0.0211367
4.13429e-10	0.0211033
4.1356e-10	0.0210697
4.1369e-10	0.0210359
4.13821e-10	0.0210019
4.13951e-10	0.0209678
4.14082e-10	0.0209335
4.14213e-10	0.020899
4.14343e-10	0.0208643
4.14474e-10	0.0208295
4.14604e-10	0.0207944
4.14735e-10	0.0207592
4.14866e-10	0.0207239
4.14996e-10	0.0206883
4.15127e-10	0.0206526
4.15257e-10	0.0206167
4.15388e-10	0.0205806
4.15519e-10	0.0205443
4.15649e-10	0.0205079
4.1578e-10	0.0204713
4.1591e-10	0.0204345
4.16041e-10	0.0203975
4.16172e-10	0.0203603
4.16302e-10	0.020323
4.16433e-10	0.0202855
4.16563e-10	0.0202478
4.16694e-10	0.0202099
4.16825e-10	0.0201718
4.16955e-10	0.0201336
4.17086e-10	0.0200951
4.17216e-10	0.0200565
4.17347e-10	0.0200177
4.17478e-10	0.0199787
4.17608e-10	0.0199396
4.17739e-10	0.0199002
4.17869e-10	0.0198607
4.18e-10	0.019821
4.18131e-10	0.0197811
4.18261e-10	0.019741
4.18392e-10	0.0197007
4.18522e-10	0.0196603
4.18653e-10	0.0196196
4.18784e-10	0.0195788
4.18914e-10	0.0195378
4.19045e-10	0.0194966
4.19176e-10	0.0194552
4.19306e-10	0.0194136
4.19437e-10	0.0193718
4.19567e-10	0.0193299
4.19698e-10	0.0192877
4.19829e-10	0.0192454
4.19959e-10	0.0192029
4.2009e-10	0.0191602
4.2022e-10	0.0191173
4.20351e-10	0.0190742
4.20482e-10	0.0190309
4.20612e-10	0.0189874
4.20743e-10	0.0189438
4.20873e-10	0.0188999
4.21004e-10	0.0188559
4.21135e-10	0.0188116
4.21265e-10	0.0187672
4.21396e-10	0.0187226
4.21526e-10	0.0186777
4.21657e-10	0.0186327
4.21788e-10	0.0185875
4.21918e-10	0.0185421
4.22049e-10	0.0184965
4.22179e-10	0.0184507
4.2231e-10	0.0184047
4.22441e-10	0.0183586
4.22571e-10	0.0183122
4.22702e-10	0.0182656
4.22832e-10	0.0182189
4.22963e-10	0.0181719
4.23094e-10	0.0181247
4.23224e-10	0.0180774
4.23355e-10	0.0180298
4.23485e-10	0.0179821
4.23616e-10	0.0179341
4.23747e-10	0.017886
4.23877e-10	0.0178376
4.24008e-10	0.0177891
4.24138e-10	0.0177403
4.24269e-10	0.0176914
4.244e-10	0.0176422
4.2453e-10	0.0175929
4.24661e-10	0.0175433
4.24792e-10	0.0174936
4.24922e-10	0.0174436
4.25053e-10	0.0173935
4.25183e-10	0.0173431
4.25314e-10	0.0172926
4.25445e-10	0.0172418
4.25575e-10	0.0171908
4.25706e-10	0.0171397
4.25836e-10	0.0170883
4.25967e-10	0.0170367
4.26098e-10	0.0169849
4.26228e-10	0.016933
4.26359e-10	0.0168808
4.26489e-10	0.0168284
4.2662e-10	0.0167758
4.26751e-10	0.016723
4.26881e-10	0.01667
4.27012e-10	0.0166168
4.27142e-10	0.0165633
4.27273e-10	0.0165097
4.27404e-10	0.0164559
4.27534e-10	0.0164018
4.27665e-10	0.0163476
4.27795e-10	0.0162931
4.27926e-10	0.0162385
4.28057e-10	0.0161836
4.28187e-10	0.0161285
4.28318e-10	0.0160732
4.28448e-10	0.0160177
4.28579e-10	0.015962
4.2871e-10	0.015906
4.2884e-10	0.0158499
4.28971e-10	0.0157936
4.29101e-10	0.015737
4.29232e-10	0.0156802
4.29363e-10	0.0156232
4.29493e-10	0.015566
4.29624e-10	0.0155086
4.29754e-10	0.015451
4.29885e-10	0.0153932
4.30016e-10	0.0153351
4.30146e-10	0.0152769
4.30277e-10	0.0152184
4.30408e-10	0.0151597
4.30538e-10	0.0151008
4.30669e-10	0.0150417
4.30799e-10	0.0149823
4.3093e-10	0.0149228
4.31061e-10	0.014863
4.31191e-10	0.014803
4.31322e-10	0.0147428
4.31452e-10	0.0146824
4.31583e-10	0.0146218
4.31714e-10	0.0145609
4.31844e-10	0.0144999
4.31975e-10	0.0144386
4.32105e-10	0.0143771
4.32236e-10	0.0143153
4.32367e-10	0.0142534
4.32497e-10	0.0141912
4.32628e-10	0.0141288
4.32758e-10	0.0140662
4.32889e-10	0.0140034
4.3302e-10	0.0139404
4.3315e-10	0.0138771
4.33281e-10	0.0138136
4.33411e-10	0.0137499
4.33542e-10	0.013686
4.33673e-10	0.0136218
4.33803e-10	0.0135574
4.33934e-10	0.0134928
4.34064e-10	0.013428
4.34195e-10	0.013363
4.34326e-10	0.0132977
4.34456e-10	0.0132322
4.34587e-10	0.0131665
4.34717e-10	0.0131005
4.34848e-10	0.0130344
4.34979e-10	0.012968
4.35109e-10	0.0129014
4.3524e-10	0.0128345
4.3537e-10	0.0127674
4.35501e-10	0.0127001
4.35632e-10	0.0126326
4.35762e-10	0.0125649
4.35893e-10	0.0124969
4.36024e-10	0.0124287
4.36154e-10	0.0123603
4.36285e-10	0.0122916
4.36415e-10	0.0122227
4.36546e-10	0.0121536
4.36677e-10	0.0120842
4.36807e-10	0.0120146
4.36938e-10	0.0119448
4.37068e-10	0.0118748
4.37199e-10	0.0118045
4.3733e-10	0.011734
4.3746e-10	0.0116633
4.37591e-10	0.0115923
4.37721e-10	0.0115211
4.37852e-10	0.0114497
4.37983e-10	0.011378
4.38113e-10	0.0113062
4.38244e-10	0.011234
4.38374e-10	0.0111617
4.38505e-10	0.0110891
4.38636e-10	0.0110163
4.38766e-10	0.0109432
4.38897e-10	0.0108699
4.39027e-10	0.0107964
4.39158e-10	0.0107226
4.39289e-10	0.0106486
4.39419e-10	0.0105744
4.3955e-10	0.0104999
4.3968e-10	0.0104252
4.39811e-10	0.0103503
4.39942e-10	0.0102751
4.40072e-10	0.0101997
4.40203e-10	0.010124
4.40333e-10	0.0100481
4.40464e-10	0.00997198
4.40595e-10	0.00989562
4.40725e-10	0.00981901
4.40856e-10	0.00974216
4.40986e-10	0.00966508
4.41117e-10	0.00958775
4.41248e-10	0.00951019
4.41378e-10	0.00943239
4.41509e-10	0.00935434
4.4164e-10	0.00927606
4.4177e-10	0.00919753
4.41901e-10	0.00911876
4.42031e-10	0.00903976
4.42162e-10	0.00896051
4.42293e-10	0.00888101
4.42423e-10	0.00880128
4.42554e-10	0.0087213
4.42684e-10	0.00864108
4.42815e-10	0.00856062
4.42946e-10	0.00847991
4.43076e-10	0.00839896
4.43207e-10	0.00831776
4.43337e-10	0.00823632
4.43468e-10	0.00815464
4.43599e-10	0.00807271
4.43729e-10	0.00799053
4.4386e-10	0.00790811
4.4399e-10	0.00782545
4.44121e-10	0.00774253
4.44252e-10	0.00765937
4.44382e-10	0.00757597
4.44513e-10	0.00749232
4.44643e-10	0.00740842
4.44774e-10	0.00732427
4.44905e-10	0.00723987
4.45035e-10	0.00715523
4.45166e-10	0.00707034
4.45296e-10	0.0069852
4.45427e-10	0.00689981
4.45558e-10	0.00681417
4.45688e-10	0.00672828
4.45819e-10	0.00664214
4.45949e-10	0.00655575
4.4608e-10	0.00646911
4.46211e-10	0.00638222
4.46341e-10	0.00629508
4.46472e-10	0.00620769
4.46602e-10	0.00612004
4.46733e-10	0.00603215
4.46864e-10	0.005944
4.46994e-10	0.0058556
4.47125e-10	0.00576694
4.47256e-10	0.00567804
4.47386e-10	0.00558888
4.47517e-10	0.00549946
4.47647e-10	0.0054098
4.47778e-10	0.00531987
4.47909e-10	0.0052297
4.48039e-10	0.00513927
4.4817e-10	0.00504858
4.483e-10	0.00495764
4.48431e-10	0.00486645
4.48562e-10	0.00477499
4.48692e-10	0.00468329
4.48823e-10	0.00459132
4.48953e-10	0.0044991
4.49084e-10	0.00440662
4.49215e-10	0.00431389
4.49345e-10	0.00422089
4.49476e-10	0.00412764
4.49606e-10	0.00403413
4.49737e-10	0.00394037
4.49868e-10	0.00384634
4.49998e-10	0.00375206
4.50129e-10	0.00365752
4.50259e-10	0.00356271
4.5039e-10	0.00346765
4.50521e-10	0.00337233
4.50651e-10	0.00327675
4.50782e-10	0.0031809
4.50912e-10	0.0030848
4.51043e-10	0.00298843
4.51174e-10	0.00289181
4.51304e-10	0.00279492
4.51435e-10	0.00269777
4.51565e-10	0.00260036
4.51696e-10	0.00250269
4.51827e-10	0.00240475
4.51957e-10	0.00230655
4.52088e-10	0.00220809
4.52218e-10	0.00210936
4.52349e-10	0.00201037
4.5248e-10	0.00191112
4.5261e-10	0.0018116
4.52741e-10	0.00171182
4.52871e-10	0.00161177
4.53002e-10	0.00151146
4.53133e-10	0.00141088
4.53263e-10	0.00131004
4.53394e-10	0.00120893
4.53525e-10	0.00110756
4.53655e-10	0.00100592
4.53786e-10	0.00090401
4.53916e-10	0.000801836
4.54047e-10	0.000699394
4.54178e-10	0.000596686
4.54308e-10	0.000493709
4.54439e-10	0.000390465
4.54569e-10	0.000286952
4.547e-10	0.000183171
4.54831e-10	7.91217e-05
4.54961e-10	-2.51967e-05
4.55092e-10	-0.000129784
4.55222e-10	-0.000234642
4.55353e-10	-0.000339768
4.55484e-10	-0.000445165
4.55614e-10	-0.000550832
4.55745e-10	-0.000656769
4.55875e-10	-0.000762978
4.56006e-10	-0.000869457
4.56137e-10	-0.000976207
4.56267e-10	-0.00108323
4.56398e-10	-0.00119052
4.56528e-10	-0.00129809
4.56659e-10	-0.00140593
4.5679e-10	-0.00151404
4.5692e-10	-0.00162242
4.57051e-10	-0.00173107
4.57181e-10	-0.00184
4.57312e-10	-0.00194921
4.57443e-10	-0.00205868
4.57573e-10	-0.00216843
4.57704e-10	-0.00227846
4.57834e-10	-0.00238876
4.57965e-10	-0.00249933
4.58096e-10	-0.00261018
4.58226e-10	-0.0027213
4.58357e-10	-0.0028327
4.58487e-10	-0.00294438
4.58618e-10	-0.00305633
4.58749e-10	-0.00316855
4.58879e-10	-0.00328106
4.5901e-10	-0.00339384
4.59141e-10	-0.00350689
4.59271e-10	-0.00362023
4.59402e-10	-0.00373384
4.59532e-10	-0.00384773
4.59663e-10	-0.0039619
4.59794e-10	-0.00407634
4.59924e-10	-0.00419106
4.60055e-10	-0.00430607
4.60185e-10	-0.00442135
4.60316e-10	-0.00453691
4.60447e-10	-0.00465275
4.60577e-10	-0.00476886
4.60708e-10	-0.00488526
4.60838e-10	-0.00500194
4.60969e-10	-0.0051189
4.611e-10	-0.00523614
4.6123e-10	-0.00535366
4.61361e-10	-0.00547146
4.61491e-10	-0.00558954
4.61622e-10	-0.0057079
4.61753e-10	-0.00582655
4.61883e-10	-0.00594548
4.62014e-10	-0.00606468
4.62144e-10	-0.00618418
4.62275e-10	-0.00630395
4.62406e-10	-0.00642401
4.62536e-10	-0.00654434
4.62667e-10	-0.00666497
4.62797e-10	-0.00678587
4.62928e-10	-0.00690706
4.63059e-10	-0.00702854
4.63189e-10	-0.00715029
4.6332e-10	-0.00727234
4.6345e-10	-0.00739466
4.63581e-10	-0.00751727
4.63712e-10	-0.00764017
4.63842e-10	-0.00776335
4.63973e-10	-0.00788682
4.64103e-10	-0.00801057
4.64234e-10	-0.00813461
4.64365e-10	-0.00825894
4.64495e-10	-0.00838355
4.64626e-10	-0.00850844
4.64757e-10	-0.00863363
4.64887e-10	-0.0087591
4.65018e-10	-0.00888486
4.65148e-10	-0.0090109
4.65279e-10	-0.00913724
4.6541e-10	-0.00926386
4.6554e-10	-0.00939077
4.65671e-10	-0.00951796
4.65801e-10	-0.00964545
4.65932e-10	-0.00977323
4.66063e-10	-0.00990129
4.66193e-10	-0.0100296
4.66324e-10	-0.0101583
4.66454e-10	-0.0102872
4.66585e-10	-0.0104164
4.66716e-10	-0.0105459
4.66846e-10	-0.0106757
4.66977e-10	-0.0108058
4.67107e-10	-0.0109362
4.67238e-10	-0.0110669
4.67369e-10	-0.0111979
4.67499e-10	-0.0113291
4.6763e-10	-0.0114607
4.6776e-10	-0.0115925
4.67891e-10	-0.0117246
4.68022e-10	-0.0118571
4.68152e-10	-0.0119898
4.68283e-10	-0.0121228
4.68413e-10	-0.0122561
4.68544e-10	-0.0123897
4.68675e-10	-0.0125235
4.68805e-10	-0.0126577
4.68936e-10	-0.0127922
4.69066e-10	-0.012927
4.69197e-10	-0.013062
4.69328e-10	-0.0131974
4.69458e-10	-0.013333
4.69589e-10	-0.013469
4.69719e-10	-0.0136052
4.6985e-10	-0.0137417
4.69981e-10	-0.0138786
4.70111e-10	-0.0140157
4.70242e-10	-0.0141531
4.70373e-10	-0.0142908
4.70503e-10	-0.0144288
4.70634e-10	-0.0145671
4.70764e-10	-0.0147057
4.70895e-10	-0.0148446
4.71026e-10	-0.0149838
4.71156e-10	-0.0151233
4.71287e-10	-0.0152631
4.71417e-10	-0.0154031
4.71548e-10	-0.0155435
4.71679e-10	-0.0156842
4.71809e-10	-0.0158252
4.7194e-10	-0.0159664
4.7207e-10	-0.016108
4.72201e-10	-0.0162499
4.72332e-10	-0.016392
4.72462e-10	-0.0165345
4.72593e-10	-0.0166773
4.72723e-10	-0.0168203
4.72854e-10	-0.0169637
4.72985e-10	-0.0171074
4.73115e-10	-0.0172513
4.73246e-10	-0.0173956
4.73376e-10	-0.0175401
4.73507e-10	-0.017685
4.73638e-10	-0.0178301
4.73768e-10	-0.0179756
4.73899e-10	-0.0181214
4.74029e-10	-0.0182674
4.7416e-10	-0.0184138
4.74291e-10	-0.0185604
4.74421e-10	-0.0187074
4.74552e-10	-0.0188547
4.74682e-10	-0.0190022
4.74813e-10	-0.0191501
4.74944e-10	-0.0192982
4.75074e-10	-0.0194467
4.75205e-10	-0.0195955
4.75335e-10	-0.0197446
4.75466e-10	-0.0198939
4.75597e-10	-0.0200436
4.75727e-10	-0.0201936
4.75858e-10	-0.0203439
4.75989e-10	-0.0204944
4.76119e-10	-0.0206453
4.7625e-10	-0.0207965
4.7638e-10	-0.020948
4.76511e-10	-0.0210998
4.76642e-10	-0.0212519
4.76772e-10	-0.0214043
4.76903e-10	-0.021557
4.77033e-10	-0.02171
4.77164e-10	-0.0218634
4.77295e-10	-0.022017
4.77425e-10	-0.0221709
4.77556e-10	-0.0223251
4.77686e-10	-0.0224797
4.77817e-10	-0.0226345
4.77948e-10	-0.0227897
4.78078e-10	-0.0229451
4.78209e-10	-0.0231009
4.78339e-10	-0.0232569
4.7847e-10	-0.0234133
4.78601e-10	-0.02357
4.78731e-10	-0.023727
4.78862e-10	-0.0238842
4.78992e-10	-0.0240418
4.79123e-10	-0.0241997
4.79254e-10	-0.0243579
4.79384e-10	-0.0245164
4.79515e-10	-0.0246753
4.79645e-10	-0.0248344
4.79776e-10	-0.0249938
4.79907e-10	-0.0251536
4.80037e-10	-0.0253136
4.80168e-10	-0.025474
4.80298e-10	-0.0256346
4.80429e-10	-0.0257956
4.8056e-10	-0.0259569
4.8069e-10	-0.0261185
4.80821e-10	-0.0262803
4.80951e-10	-0.0264425
4.81082e-10	-0.0266051
4.81213e-10	-0.0267679
4.81343e-10	-0.026931
4.81474e-10	-0.0270944
4.81605e-10	-0.0272582
4.81735e-10	-0.0274222
4.81866e-10	-0.0275866
4.81996e-10	-0.0277513
4.82127e-10	-0.0279162
4.82258e-10	-0.0280815
4.82388e-10	-0.0282471
4.82519e-10	-0.028413
4.82649e-10	-0.0285793
4.8278e-10	-0.0287458
4.82911e-10	-0.0289126
4.83041e-10	-0.0290798
4.83172e-10	-0.0292472
4.83302e-10	-0.029415
4.83433e-10	-0.0295831
4.83564e-10	-0.0297515
4.83694e-10	-0.0299202
4.83825e-10	-0.0300892
4.83955e-10	-0.0302585
4.84086e-10	-0.0304281
4.84217e-10	-0.0305981
4.84347e-10	-0.0307683
4.84478e-10	-0.0309389
4.84608e-10	-0.0311098
4.84739e-10	-0.031281
4.8487e-10	-0.0314525
4.85e-10	-0.0316243
4.85131e-10	-0.0317964
4.85261e-10	-0.0319689
4.85392e-10	-0.0321416
4.85523e-10	-0.0323147
4.85653e-10	-0.032488
4.85784e-10	-0.0326617
4.85914e-10	-0.0328357
4.86045e-10	-0.03301
4.86176e-10	-0.0331846
4.86306e-10	-0.0333596
4.86437e-10	-0.0335348
4.86567e-10	-0.0337104
4.86698e-10	-0.0338863
4.86829e-10	-0.0340624
4.86959e-10	-0.0342389
4.8709e-10	-0.0344157
4.87221e-10	-0.0345929
4.87351e-10	-0.0347703
4.87482e-10	-0.0349481
4.87612e-10	-0.0351261
4.87743e-10	-0.0353045
4.87874e-10	-0.0354832
4.88004e-10	-0.0356622
4.88135e-10	-0.0358415
4.88265e-10	-0.0360211
4.88396e-10	-0.0362011
4.88527e-10	-0.0363813
4.88657e-10	-0.0365619
4.88788e-10	-0.0367428
4.88918e-10	-0.036924
4.89049e-10	-0.0371055
4.8918e-10	-0.0372873
4.8931e-10	-0.0374695
4.89441e-10	-0.0376519
4.89571e-10	-0.0378347
4.89702e-10	-0.0380178
4.89833e-10	-0.0382012
4.89963e-10	-0.0383849
4.90094e-10	-0.0385689
4.90224e-10	-0.0387533
4.90355e-10	-0.0389379
4.90486e-10	-0.0391229
4.90616e-10	-0.0393082
4.90747e-10	-0.0394938
4.90877e-10	-0.0396797
4.91008e-10	-0.039866
4.91139e-10	-0.0400525
4.91269e-10	-0.0402394
4.914e-10	-0.0404265
4.9153e-10	-0.040614
4.91661e-10	-0.0408018
4.91792e-10	-0.04099
4.91922e-10	-0.0411784
4.92053e-10	-0.0413672
4.92183e-10	-0.0415562
4.92314e-10	-0.0417456
4.92445e-10	-0.0419353
4.92575e-10	-0.0421253
4.92706e-10	-0.0423157
4.92837e-10	-0.0425063
4.92967e-10	-0.0426973
4.93098e-10	-0.0428886
4.93228e-10	-0.0430801
4.93359e-10	-0.0432721
4.9349e-10	-0.0434643
4.9362e-10	-0.0436568
4.93751e-10	-0.0438497
4.93881e-10	-0.0440428
4.94012e-10	-0.0442363
4.94143e-10	-0.0444301
4.94273e-10	-0.0446243
4.94404e-10	-0.0448187
4.94534e-10	-0.0450134
4.94665e-10	-0.0452085
4.94796e-10	-0.0454039
4.94926e-10	-0.0455996
4.95057e-10	-0.0457956
4.95187e-10	-0.0459919
4.95318e-10	-0.0461886
4.95449e-10	-0.0463856
4.95579e-10	-0.0465828
4.9571e-10	-0.0467804
4.9584e-10	-0.0469783
4.95971e-10	-0.0471766
4.96102e-10	-0.0473751
4.96232e-10	-0.047574
4.96363e-10	-0.0477731
4.96493e-10	-0.0479726
4.96624e-10	-0.0481724
4.96755e-10	-0.0483726
4.96885e-10	-0.048573
4.97016e-10	-0.0487738
4.97146e-10	-0.0489748
4.97277e-10	-0.0491762
4.97408e-10	-0.0493779
4.97538e-10	-0.0495799
4.97669e-10	-0.0497823
4.97799e-10	-0.0499849
4.9793e-10	-0.0501879
4.98061e-10	-0.0503912
4.98191e-10	-0.0505948
4.98322e-10	-0.0507987
4.98453e-10	-0.0510029
4.98583e-10	-0.0512075
4.98714e-10	-0.0514123
4.98844e-10	-0.0516175
4.98975e-10	-0.051823
4.99106e-10	-0.0520288
4.99236e-10	-0.052235
4.99367e-10	-0.0524414
4.99497e-10	-0.0526482
4.99628e-10	-0.0528552
4.99759e-10	-0.0530626
4.99889e-10	-0.0532703
5.0002e-10	-0.0534784
5.0015e-10	-0.0536867
5.00281e-10	-0.0538953
5.00412e-10	-0.0541043
5.00542e-10	-0.0543136
5.00673e-10	-0.0545232
5.00803e-10	-0.0547331
5.00934e-10	-0.0549433
5.01065e-10	-0.0551539
5.01195e-10	-0.0553648
5.01326e-10	-0.0555759
5.01456e-10	-0.0557874
5.01587e-10	-0.0559992
5.01718e-10	-0.0562114
5.01848e-10	-0.0564238
5.01979e-10	-0.0566366
5.02109e-10	-0.0568496
5.0224e-10	-0.057063
5.02371e-10	-0.0572767
5.02501e-10	-0.0574907
5.02632e-10	-0.0577051
5.02762e-10	-0.0579197
5.02893e-10	-0.0581347
5.03024e-10	-0.0583499
5.03154e-10	-0.0585655
5.03285e-10	-0.0587814
5.03415e-10	-0.0589976
5.03546e-10	-0.0592142
5.03677e-10	-0.059431
5.03807e-10	-0.0596482
5.03938e-10	-0.0598657
5.04069e-10	-0.0600834
5.04199e-10	-0.0603016
5.0433e-10	-0.06052
5.0446e-10	-0.0607387
5.04591e-10	-0.0609578
5.04722e-10	-0.0611771
5.04852e-10	-0.0613968
5.04983e-10	-0.0616168
5.05113e-10	-0.0618371
5.05244e-10	-0.0620577
5.05375e-10	-0.0622786
5.05505e-10	-0.0624999
5.05636e-10	-0.0627214
5.05766e-10	-0.0629433
5.05897e-10	-0.0631655
5.06028e-10	-0.063388
5.06158e-10	-0.0636108
5.06289e-10	-0.0638339
5.06419e-10	-0.0640573
5.0655e-10	-0.0642811
5.06681e-10	-0.0645051
5.06811e-10	-0.0647295
5.06942e-10	-0.0649542
5.07072e-10	-0.0651792
5.07203e-10	-0.0654045
5.07334e-10	-0.0656301
5.07464e-10	-0.0658561
5.07595e-10	-0.0660823
5.07725e-10	-0.0663089
5.07856e-10	-0.0665357
5.07987e-10	-0.0667629
5.08117e-10	-0.0669904
5.08248e-10	-0.0672182
5.08378e-10	-0.0674463
5.08509e-10	-0.0676748
5.0864e-10	-0.0679035
5.0877e-10	-0.0681325
5.08901e-10	-0.0683619
5.09031e-10	-0.0685916
5.09162e-10	-0.0688216
5.09293e-10	-0.0690519
5.09423e-10	-0.0692825
5.09554e-10	-0.0695134
5.09685e-10	-0.0697446
5.09815e-10	-0.0699761
5.09946e-10	-0.070208
5.10076e-10	-0.0704401
5.10207e-10	-0.0706726
5.10338e-10	-0.0709054
5.10468e-10	-0.0711384
5.10599e-10	-0.0713718
5.10729e-10	-0.0716055
5.1086e-10	-0.0718395
5.10991e-10	-0.0720739
5.11121e-10	-0.0723085
5.11252e-10	-0.0725434
5.11382e-10	-0.0727787
5.11513e-10	-0.0730142
5.11644e-10	-0.0732501
5.11774e-10	-0.0734863
5.11905e-10	-0.0737227
5.12035e-10	-0.0739595
5.12166e-10	-0.0741966
5.12297e-10	-0.074434
5.12427e-10	-0.0746717
5.12558e-10	-0.0749098
5.12688e-10	-0.0751481
5.12819e-10	-0.0753867
5.1295e-10	-0.0756256
5.1308e-10	-0.0758649
5.13211e-10	-0.0761044
5.13341e-10	-0.0763443
5.13472e-10	-0.0765845
5.13603e-10	-0.0768249
5.13733e-10	-0.0770657
5.13864e-10	-0.0773068
5.13994e-10	-0.0775482
5.14125e-10	-0.0777899
5.14256e-10	-0.0780319
5.14386e-10	-0.0782742
5.14517e-10	-0.0785168
5.14647e-10	-0.0787597
5.14778e-10	-0.0790029
5.14909e-10	-0.0792464
5.15039e-10	-0.0794902
5.1517e-10	-0.0797343
5.15301e-10	-0.0799788
5.15431e-10	-0.0802235
5.15562e-10	-0.0804686
5.15692e-10	-0.0807139
5.15823e-10	-0.0809595
5.15954e-10	-0.0812055
5.16084e-10	-0.0814517
5.16215e-10	-0.0816983
5.16345e-10	-0.0819451
5.16476e-10	-0.0821923
5.16607e-10	-0.0824398
5.16737e-10	-0.0826875
5.16868e-10	-0.0829356
5.16998e-10	-0.0831839
5.17129e-10	-0.0834326
5.1726e-10	-0.0836816
5.1739e-10	-0.0839308
5.17521e-10	-0.0841804
5.17651e-10	-0.0844303
5.17782e-10	-0.0846804
5.17913e-10	-0.0849309
5.18043e-10	-0.0851817
5.18174e-10	-0.0854327
5.18304e-10	-0.0856841
5.18435e-10	-0.0859357
5.18566e-10	-0.0861877
5.18696e-10	-0.08644
5.18827e-10	-0.0866925
5.18957e-10	-0.0869454
5.19088e-10	-0.0871985
5.19219e-10	-0.087452
5.19349e-10	-0.0877057
5.1948e-10	-0.0879598
5.1961e-10	-0.0882141
5.19741e-10	-0.0884688
5.19872e-10	-0.0887237
5.20002e-10	-0.0889789
5.20133e-10	-0.0892345
5.20263e-10	-0.0894903
5.20394e-10	-0.0897464
5.20525e-10	-0.0900028
5.20655e-10	-0.0902595
5.20786e-10	-0.0905166
5.20917e-10	-0.0907739
5.21047e-10	-0.0910314
5.21178e-10	-0.0912893
5.21308e-10	-0.0915475
5.21439e-10	-0.091806
5.2157e-10	-0.0920648
5.217e-10	-0.0923238
5.21831e-10	-0.0925832
5.21961e-10	-0.0928428
5.22092e-10	-0.0931028
5.22223e-10	-0.093363
5.22353e-10	-0.0936235
5.22484e-10	-0.0938843
5.22614e-10	-0.0941455
5.22745e-10	-0.0944069
5.22876e-10	-0.0946685
5.23006e-10	-0.0949305
5.23137e-10	-0.0951928
5.23267e-10	-0.0954554
5.23398e-10	-0.0957182
5.23529e-10	-0.0959814
5.23659e-10	-0.0962448
5.2379e-10	-0.0965085
5.2392e-10	-0.0967725
5.24051e-10	-0.0970368
5.24182e-10	-0.0973014
5.24312e-10	-0.0975662
5.24443e-10	-0.0978314
5.24573e-10	-0.0980969
5.24704e-10	-0.0983626
5.24835e-10	-0.0986286
5.24965e-10	-0.0988949
5.25096e-10	-0.0991615
5.25226e-10	-0.0994284
5.25357e-10	-0.0996955
5.25488e-10	-0.099963
5.25618e-10	-0.100231
5.25749e-10	-0.100499
5.25879e-10	-0.100767
5.2601e-10	-0.101036
5.26141e-10	-0.101304
5.26271e-10	-0.101574
5.26402e-10	-0.101843
5.26533e-10	-0.102113
5.26663e-10	-0.102383
5.26794e-10	-0.102653
5.26924e-10	-0.102924
5.27055e-10	-0.103194
5.27186e-10	-0.103466
5.27316e-10	-0.103737
5.27447e-10	-0.104009
5.27577e-10	-0.104281
5.27708e-10	-0.104553
5.27839e-10	-0.104825
5.27969e-10	-0.105098
5.281e-10	-0.105371
5.2823e-10	-0.105645
5.28361e-10	-0.105918
5.28492e-10	-0.106192
5.28622e-10	-0.106466
5.28753e-10	-0.106741
5.28883e-10	-0.107016
5.29014e-10	-0.107291
5.29145e-10	-0.107566
5.29275e-10	-0.107842
5.29406e-10	-0.108117
5.29536e-10	-0.108394
5.29667e-10	-0.10867
5.29798e-10	-0.108947
5.29928e-10	-0.109224
5.30059e-10	-0.109501
5.30189e-10	-0.109778
5.3032e-10	-0.110056
5.30451e-10	-0.110334
5.30581e-10	-0.110613
5.30712e-10	-0.110891
5.30842e-10	-0.11117
5.30973e-10	-0.111449
5.31104e-10	-0.111729
5.31234e-10	-0.112008
5.31365e-10	-0.112288
5.31495e-10	-0.112568
5.31626e-10	-0.112849
5.31757e-10	-0.11313
5.31887e-10	-0.113411
5.32018e-10	-0.113692
5.32149e-10	-0.113973
5.32279e-10	-0.114255
5.3241e-10	-0.114537
5.3254e-10	-0.11482
5.32671e-10	-0.115102
5.32802e-10	-0.115385
5.32932e-10	-0.115668
5.33063e-10	-0.115952
5.33193e-10	-0.116236
5.33324e-10	-0.11652
5.33455e-10	-0.116804
5.33585e-10	-0.117088
5.33716e-10	-0.117373
5.33846e-10	-0.117658
5.33977e-10	-0.117943
5.34108e-10	-0.118229
5.34238e-10	-0.118515
5.34369e-10	-0.118801
5.34499e-10	-0.119087
5.3463e-10	-0.119374
5.34761e-10	-0.11966
5.34891e-10	-0.119948
5.35022e-10	-0.120235
5.35152e-10	-0.120522
5.35283e-10	-0.12081
5.35414e-10	-0.121098
5.35544e-10	-0.121387
5.35675e-10	-0.121676
5.35805e-10	-0.121964
5.35936e-10	-0.122254
5.36067e-10	-0.122543
5.36197e-10	-0.122833
5.36328e-10	-0.123123
5.36458e-10	-0.123413
5.36589e-10	-0.123703
5.3672e-10	-0.123994
5.3685e-10	-0.124285
5.36981e-10	-0.124576
5.37111e-10	-0.124868
5.37242e-10	-0.125159
5.37373e-10	-0.125451
5.37503e-10	-0.125743
5.37634e-10	-0.126036
5.37764e-10	-0.126329
5.37895e-10	-0.126621
5.38026e-10	-0.126915
5.38156e-10	-0.127208
5.38287e-10	-0.127502
5.38418e-10	-0.127796
5.38548e-10	-0.12809
5.38679e-10	-0.128384
5.38809e-10	-0.128679
5.3894e-10	-0.128974
5.39071e-10	-0.129269
5.39201e-10	-0.129565
5.39332e-10	-0.12986
5.39462e-10	-0.130156
5.39593e-10	-0.130452
5.39724e-10	-0.130749
5.39854e-10	-0.131045
5.39985e-10	-0.131342
5.40115e-10	-0.13164
5.40246e-10	-0.131937
5.40377e-10	-0.132234
5.40507e-10	-0.132532
5.40638e-10	-0.13283
5.40768e-10	-0.133129
5.40899e-10	-0.133427
5.4103e-10	-0.133726
5.4116e-10	-0.134025
5.41291e-10	-0.134324
5.41421e-10	-0.134624
5.41552e-10	-0.134924
5.41683e-10	-0.135224
5.41813e-10	-0.135524
5.41944e-10	-0.135824
5.42074e-10	-0.136125
5.42205e-10	-0.136426
5.42336e-10	-0.136727
5.42466e-10	-0.137029
5.42597e-10	-0.13733
5.42727e-10	-0.137632
5.42858e-10	-0.137934
5.42989e-10	-0.138237
5.43119e-10	-0.138539
5.4325e-10	-0.138842
5.4338e-10	-0.139145
5.43511e-10	-0.139448
5.43642e-10	-0.139752
5.43772e-10	-0.140055
5.43903e-10	-0.140359
5.44034e-10	-0.140664
5.44164e-10	-0.140968
5.44295e-10	-0.141273
5.44425e-10	-0.141577
5.44556e-10	-0.141882
5.44687e-10	-0.142188
5.44817e-10	-0.142493
5.44948e-10	-0.142799
5.45078e-10	-0.143105
5.45209e-10	-0.143411
5.4534e-10	-0.143717
5.4547e-10	-0.144024
5.45601e-10	-0.144331
5.45731e-10	-0.144638
5.45862e-10	-0.144945
5.45993e-10	-0.145253
5.46123e-10	-0.14556
5.46254e-10	-0.145868
5.46384e-10	-0.146177
5.46515e-10	-0.146485
5.46646e-10	-0.146793
5.46776e-10	-0.147102
5.46907e-10	-0.147411
5.47037e-10	-0.147721
5.47168e-10	-0.14803
5.47299e-10	-0.14834
5.47429e-10	-0.148649
5.4756e-10	-0.14896
5.4769e-10	-0.14927
5.47821e-10	-0.14958
5.47952e-10	-0.149891
5.48082e-10	-0.150202
5.48213e-10	-0.150513
5.48343e-10	-0.150824
5.48474e-10	-0.151136
5.48605e-10	-0.151448
5.48735e-10	-0.15176
5.48866e-10	-0.152072
5.48996e-10	-0.152384
5.49127e-10	-0.152697
5.49258e-10	-0.15301
5.49388e-10	-0.153323
5.49519e-10	-0.153636
5.4965e-10	-0.153949
5.4978e-10	-0.154263
5.49911e-10	-0.154577
5.50041e-10	-0.154891
5.50172e-10	-0.155205
5.50303e-10	-0.155519
5.50433e-10	-0.155834
5.50564e-10	-0.156149
5.50694e-10	-0.156463
5.50825e-10	-0.156779
5.50956e-10	-0.157094
5.51086e-10	-0.15741
5.51217e-10	-0.157725
5.51347e-10	-0.158041
5.51478e-10	-0.158358
5.51609e-10	-0.158674
5.51739e-10	-0.15899
5.5187e-10	-0.159307
5.52e-10	-0.159624
5.52131e-10	-0.159941
5.52262e-10	-0.160259
5.52392e-10	-0.160576
5.52523e-10	-0.160894
5.52653e-10	-0.161212
5.52784e-10	-0.16153
5.52915e-10	-0.161848
5.53045e-10	-0.162166
5.53176e-10	-0.162485
5.53306e-10	-0.162804
5.53437e-10	-0.163123
5.53568e-10	-0.163442
5.53698e-10	-0.163761
5.53829e-10	-0.164081
5.53959e-10	-0.164401
5.5409e-10	-0.164721
5.54221e-10	-0.165041
5.54351e-10	-0.165361
5.54482e-10	-0.165681
5.54612e-10	-0.166002
5.54743e-10	-0.166323
5.54874e-10	-0.166644
5.55004e-10	-0.166965
5.55135e-10	-0.167286
5.55266e-10	-0.167608
5.55396e-10	-0.167929
5.55527e-10	-0.168251
5.55657e-10	-0.168573
5.55788e-10	-0.168895
5.55919e-10	-0.169218
5.56049e-10	-0.16954
5.5618e-10	-0.169863
5.5631e-10	-0.170186
5.56441e-10	-0.170509
5.56572e-10	-0.170832
5.56702e-10	-0.171156
5.56833e-10	-0.171479
5.56963e-10	-0.171803
5.57094e-10	-0.172127
5.57225e-10	-0.172451
5.57355e-10	-0.172775
5.57486e-10	-0.173099
5.57616e-10	-0.173424
5.57747e-10	-0.173749
5.57878e-10	-0.174074
5.58008e-10	-0.174399
5.58139e-10	-0.174724
5.58269e-10	-0.175049
5.584e-10	-0.175375
5.58531e-10	-0.1757
5.58661e-10	-0.176026
5.58792e-10	-0.176352
5.58922e-10	-0.176678
5.59053e-10	-0.177004
5.59184e-10	-0.177331
5.59314e-10	-0.177657
5.59445e-10	-0.177984
5.59575e-10	-0.178311
5.59706e-10	-0.178638
5.59837e-10	-0.178965
5.59967e-10	-0.179293
5.60098e-10	-0.17962
5.60228e-10	-0.179948
5.60359e-10	-0.180276
5.6049e-10	-0.180603
5.6062e-10	-0.180932
5.60751e-10	-0.18126
5.60882e-10	-0.181588
5.61012e-10	-0.181917
5.61143e-10	-0.182245
5.61273e-10	-0.182574
5.61404e-10	-0.182903
5.61535e-10	-0.183232
5.61665e-10	-0.183561
5.61796e-10	-0.183891
5.61926e-10	-0.18422
5.62057e-10	-0.18455
5.62188e-10	-0.18488
5.62318e-10	-0.18521
5.62449e-10	-0.18554
5.62579e-10	-0.18587
5.6271e-10	-0.1862
5.62841e-10	-0.186531
5.62971e-10	-0.186861
5.63102e-10	-0.187192
5.63232e-10	-0.187523
5.63363e-10	-0.187854
5.63494e-10	-0.188185
5.63624e-10	-0.188516
5.63755e-10	-0.188847
5.63885e-10	-0.189179
5.64016e-10	-0.18951
5.64147e-10	-0.189842
5.64277e-10	-0.190174
5.64408e-10	-0.190506
5.64538e-10	-0.190838
5.64669e-10	-0.19117
5.648e-10	-0.191503
5.6493e-10	-0.191835
5.65061e-10	-0.192168
5.65191e-10	-0.1925
5.65322e-10	-0.192833
5.65453e-10	-0.193166
5.65583e-10	-0.193499
5.65714e-10	-0.193832
5.65844e-10	-0.194166
5.65975e-10	-0.194499
5.66106e-10	-0.194833
5.66236e-10	-0.195166
5.66367e-10	-0.1955
5.66498e-10	-0.195834
5.66628e-10	-0.196168
5.66759e-10	-0.196502
5.66889e-10	-0.196836
5.6702e-10	-0.19717
5.67151e-10	-0.197505
5.67281e-10	-0.197839
5.67412e-10	-0.198174
5.67542e-10	-0.198508
5.67673e-10	-0.198843
5.67804e-10	-0.199178
5.67934e-10	-0.199513
5.68065e-10	-0.199848
5.68195e-10	-0.200183
5.68326e-10	-0.200519
5.68457e-10	-0.200854
5.68587e-10	-0.20119
5.68718e-10	-0.201525
5.68848e-10	-0.201861
5.68979e-10	-0.202197
5.6911e-10	-0.202533
5.6924e-10	-0.202869
5.69371e-10	-0.203205
5.69501e-10	-0.203541
5.69632e-10	-0.203877
5.69763e-10	-0.204213
5.69893e-10	-0.20455
5.70024e-10	-0.204886
5.70154e-10	-0.205223
5.70285e-10	-0.20556
5.70416e-10	-0.205896
5.70546e-10	-0.206233
5.70677e-10	-0.20657
5.70807e-10	-0.206907
5.70938e-10	-0.207244
5.71069e-10	-0.207581
5.71199e-10	-0.207919
5.7133e-10	-0.208256
5.7146e-10	-0.208593
5.71591e-10	-0.208931
5.71722e-10	-0.209268
5.71852e-10	-0.209606
5.71983e-10	-0.209944
5.72114e-10	-0.210282
5.72244e-10	-0.210619
5.72375e-10	-0.210957
5.72505e-10	-0.211295
5.72636e-10	-0.211634
5.72767e-10	-0.211972
5.72897e-10	-0.21231
5.73028e-10	-0.212648
5.73158e-10	-0.212986
5.73289e-10	-0.213325
5.7342e-10	-0.213663
5.7355e-10	-0.214002
5.73681e-10	-0.214341
5.73811e-10	-0.214679
5.73942e-10	-0.215018
5.74073e-10	-0.215357
5.74203e-10	-0.215696
5.74334e-10	-0.216034
5.74464e-10	-0.216373
5.74595e-10	-0.216712
5.74726e-10	-0.217052
5.74856e-10	-0.217391
5.74987e-10	-0.21773
5.75117e-10	-0.218069
5.75248e-10	-0.218408
5.75379e-10	-0.218748
5.75509e-10	-0.219087
5.7564e-10	-0.219426
5.7577e-10	-0.219766
5.75901e-10	-0.220105
5.76032e-10	-0.220445
5.76162e-10	-0.220785
5.76293e-10	-0.221124
5.76423e-10	-0.221464
5.76554e-10	-0.221804
5.76685e-10	-0.222144
5.76815e-10	-0.222483
5.76946e-10	-0.222823
5.77076e-10	-0.223163
5.77207e-10	-0.223503
5.77338e-10	-0.223843
5.77468e-10	-0.224183
5.77599e-10	-0.224523
5.7773e-10	-0.224863
5.7786e-10	-0.225203
5.77991e-10	-0.225543
5.78121e-10	-0.225884
5.78252e-10	-0.226224
5.78383e-10	-0.226564
5.78513e-10	-0.226904
5.78644e-10	-0.227245
5.78774e-10	-0.227585
5.78905e-10	-0.227925
5.79036e-10	-0.228266
5.79166e-10	-0.228606
5.79297e-10	-0.228946
5.79427e-10	-0.229287
5.79558e-10	-0.229627
5.79689e-10	-0.229968
5.79819e-10	-0.230308
5.7995e-10	-0.230649
5.8008e-10	-0.230989
5.80211e-10	-0.23133
5.80342e-10	-0.23167
5.80472e-10	-0.232011
5.80603e-10	-0.232351
5.80733e-10	-0.232692
5.80864e-10	-0.233033
5.80995e-10	-0.233373
5.81125e-10	-0.233714
5.81256e-10	-0.234054
5.81386e-10	-0.234395
5.81517e-10	-0.234736
5.81648e-10	-0.235076
5.81778e-10	-0.235417
5.81909e-10	-0.235758
5.82039e-10	-0.236098
5.8217e-10	-0.236439
5.82301e-10	-0.236779
5.82431e-10	-0.23712
5.82562e-10	-0.237461
5.82692e-10	-0.237801
5.82823e-10	-0.238142
5.82954e-10	-0.238483
5.83084e-10	-0.238823
5.83215e-10	-0.239164
5.83346e-10	-0.239504
5.83476e-10	-0.239845
5.83607e-10	-0.240185
5.83737e-10	-0.240526
5.83868e-10	-0.240866
5.83999e-10	-0.241207
5.84129e-10	-0.241548
5.8426e-10	-0.241888
5.8439e-10	-0.242228
5.84521e-10	-0.242569
5.84652e-10	-0.242909
5.84782e-10	-0.24325
5.84913e-10	-0.24359
5.85043e-10	-0.24393
5.85174e-10	-0.244271
5.85305e-10	-0.244611
5.85435e-10	-0.244951
5.85566e-10	-0.245292
5.85696e-10	-0.245632
5.85827e-10	-0.245972
5.85958e-10	-0.246312
5.86088e-10	-0.246652
5.86219e-10	-0.246992
5.86349e-10	-0.247332
5.8648e-10	-0.247673
5.86611e-10	-0.248012
5.86741e-10	-0.248352
5.86872e-10	-0.248692
5.87002e-10	-0.249032
5.87133e-10	-0.249372
5.87264e-10	-0.249712
5.87394e-10	-0.250052
5.87525e-10	-0.250391
5.87655e-10	-0.250731
5.87786e-10	-0.251071
5.87917e-10	-0.25141
5.88047e-10	-0.25175
5.88178e-10	-0.252089
5.88308e-10	-0.252429
5.88439e-10	-0.252768
5.8857e-10	-0.253107
5.887e-10	-0.253447
5.88831e-10	-0.253786
5.88962e-10	-0.254125
5.89092e-10	-0.254464
5.89223e-10	-0.254803
5.89353e-10	-0.255142
5.89484e-10	-0.255481
5.89615e-10	-0.25582
5.89745e-10	-0.256159
5.89876e-10	-0.256497
5.90006e-10	-0.256836
5.90137e-10	-0.257175
5.90268e-10	-0.257513
5.90398e-10	-0.257852
5.90529e-10	-0.25819
5.90659e-10	-0.258528
5.9079e-10	-0.258867
5.90921e-10	-0.259205
5.91051e-10	-0.259543
5.91182e-10	-0.259881
5.91312e-10	-0.260219
5.91443e-10	-0.260557
5.91574e-10	-0.260895
5.91704e-10	-0.261232
5.91835e-10	-0.26157
5.91965e-10	-0.261908
5.92096e-10	-0.262245
5.92227e-10	-0.262582
5.92357e-10	-0.26292
5.92488e-10	-0.263257
5.92618e-10	-0.263594
5.92749e-10	-0.263931
5.9288e-10	-0.264268
5.9301e-10	-0.264605
5.93141e-10	-0.264942
5.93271e-10	-0.265278
5.93402e-10	-0.265615
5.93533e-10	-0.265952
5.93663e-10	-0.266288
5.93794e-10	-0.266624
5.93924e-10	-0.26696
5.94055e-10	-0.267297
5.94186e-10	-0.267633
5.94316e-10	-0.267968
5.94447e-10	-0.268304
5.94578e-10	-0.26864
5.94708e-10	-0.268976
5.94839e-10	-0.269311
5.94969e-10	-0.269646
5.951e-10	-0.269982
5.95231e-10	-0.270317
5.95361e-10	-0.270652
5.95492e-10	-0.270987
5.95622e-10	-0.271322
5.95753e-10	-0.271656
5.95884e-10	-0.271991
5.96014e-10	-0.272325
5.96145e-10	-0.27266
5.96275e-10	-0.272994
5.96406e-10	-0.273328
5.96537e-10	-0.273662
5.96667e-10	-0.273996
5.96798e-10	-0.27433
5.96928e-10	-0.274663
5.97059e-10	-0.274997
5.9719e-10	-0.27533
5.9732e-10	-0.275663
5.97451e-10	-0.275996
5.97581e-10	-0.276329
5.97712e-10	-0.276662
5.97843e-10	-0.276995
5.97973e-10	-0.277327
5.98104e-10	-0.27766
5.98234e-10	-0.277992
5.98365e-10	-0.278324
5.98496e-10	-0.278656
5.98626e-10	-0.278988
5.98757e-10	-0.27932
5.98887e-10	-0.279651
5.99018e-10	-0.279983
5.99149e-10	-0.280314
5.99279e-10	-0.280645
5.9941e-10	-0.280976
5.9954e-10	-0.281307
5.99671e-10	-0.281638
5.99802e-10	-0.281968
5.99932e-10	-0.282299
6.00063e-10	-0.282629
6.00194e-10	-0.282959
6.00324e-10	-0.283289
6.00455e-10	-0.283619
6.00585e-10	-0.283948
6.00716e-10	-0.284278
6.00847e-10	-0.284607
6.00977e-10	-0.284936
6.01108e-10	-0.285265
6.01238e-10	-0.285594
6.01369e-10	-0.285923
6.015e-10	-0.286251
6.0163e-10	-0.286579
6.01761e-10	-0.286907
6.01891e-10	-0.287235
6.02022e-10	-0.287563
6.02153e-10	-0.287891
6.02283e-10	-0.288218
6.02414e-10	-0.288545
6.02544e-10	-0.288872
6.02675e-10	-0.289199
6.02806e-10	-0.289526
6.02936e-10	-0.289852
6.03067e-10	-0.290179
6.03197e-10	-0.290505
6.03328e-10	-0.290831
6.03459e-10	-0.291157
6.03589e-10	-0.291482
6.0372e-10	-0.291808
6.0385e-10	-0.292133
6.03981e-10	-0.292458
6.04112e-10	-0.292783
6.04242e-10	-0.293107
6.04373e-10	-0.293432
6.04503e-10	-0.293756
6.04634e-10	-0.29408
6.04765e-10	-0.294404
6.04895e-10	-0.294728
6.05026e-10	-0.295051
6.05156e-10	-0.295374
6.05287e-10	-0.295697
6.05418e-10	-0.29602
6.05548e-10	-0.296343
6.05679e-10	-0.296665
6.0581e-10	-0.296987
6.0594e-10	-0.297309
6.06071e-10	-0.297631
6.06201e-10	-0.297953
6.06332e-10	-0.298274
6.06463e-10	-0.298595
6.06593e-10	-0.298916
6.06724e-10	-0.299237
6.06854e-10	-0.299557
6.06985e-10	-0.299878
6.07116e-10	-0.300198
6.07246e-10	-0.300517
6.07377e-10	-0.300837
6.07507e-10	-0.301156
6.07638e-10	-0.301476
6.07769e-10	-0.301794
6.07899e-10	-0.302113
6.0803e-10	-0.302432
6.0816e-10	-0.30275
6.08291e-10	-0.303068
6.08422e-10	-0.303386
6.08552e-10	-0.303703
6.08683e-10	-0.30402
6.08813e-10	-0.304337
6.08944e-10	-0.304654
6.09075e-10	-0.304971
6.09205e-10	-0.305287
6.09336e-10	-0.305603
6.09466e-10	-0.305919
6.09597e-10	-0.306234
6.09728e-10	-0.30655
6.09858e-10	-0.306865
6.09989e-10	-0.30718
6.10119e-10	-0.307494
6.1025e-10	-0.307809
6.10381e-10	-0.308123
6.10511e-10	-0.308436
6.10642e-10	-0.30875
6.10772e-10	-0.309063
6.10903e-10	-0.309376
6.11034e-10	-0.309689
6.11164e-10	-0.310002
6.11295e-10	-0.310314
6.11426e-10	-0.310626
6.11556e-10	-0.310937
6.11687e-10	-0.311249
6.11817e-10	-0.31156
6.11948e-10	-0.311871
6.12079e-10	-0.312182
6.12209e-10	-0.312492
6.1234e-10	-0.312802
6.1247e-10	-0.313112
6.12601e-10	-0.313421
6.12732e-10	-0.313731
6.12862e-10	-0.31404
6.12993e-10	-0.314348
6.13123e-10	-0.314657
6.13254e-10	-0.314965
6.13385e-10	-0.315273
6.13515e-10	-0.31558
6.13646e-10	-0.315888
6.13776e-10	-0.316194
6.13907e-10	-0.316501
6.14038e-10	-0.316808
6.14168e-10	-0.317114
6.14299e-10	-0.317419
6.14429e-10	-0.317725
6.1456e-10	-0.31803
6.14691e-10	-0.318335
6.14821e-10	-0.31864
6.14952e-10	-0.318944
6.15082e-10	-0.319248
6.15213e-10	-0.319552
6.15344e-10	-0.319855
6.15474e-10	-0.320158
6.15605e-10	-0.320461
6.15735e-10	-0.320764
6.15866e-10	-0.321066
6.15997e-10	-0.321368
6.16127e-10	-0.321669
6.16258e-10	-0.32197
6.16388e-10	-0.322271
6.16519e-10	-0.322572
6.1665e-10	-0.322872
6.1678e-10	-0.323172
6.16911e-10	-0.323472
6.17041e-10	-0.323771
6.17172e-10	-0.32407
6.17303e-10	-0.324369
6.17433e-10	-0.324667
6.17564e-10	-0.324965
6.17695e-10	-0.325263
6.17825e-10	-0.32556
6.17956e-10	-0.325857
6.18086e-10	-0.326154
6.18217e-10	-0.32645
6.18348e-10	-0.326746
6.18478e-10	-0.327042
6.18609e-10	-0.327337
6.18739e-10	-0.327632
6.1887e-10	-0.327927
6.19001e-10	-0.328221
6.19131e-10	-0.328515
6.19262e-10	-0.328809
6.19392e-10	-0.329102
6.19523e-10	-0.329395
6.19654e-10	-0.329687
6.19784e-10	-0.32998
6.19915e-10	-0.330272
6.20045e-10	-0.330563
6.20176e-10	-0.330854
6.20307e-10	-0.331145
6.20437e-10	-0.331435
6.20568e-10	-0.331726
6.20698e-10	-0.332015
6.20829e-10	-0.332305
6.2096e-10	-0.332594
6.2109e-10	-0.332882
6.21221e-10	-0.333171
6.21351e-10	-0.333458
6.21482e-10	-0.333746
6.21613e-10	-0.334033
6.21743e-10	-0.33432
6.21874e-10	-0.334606
6.22004e-10	-0.334892
6.22135e-10	-0.335178
6.22266e-10	-0.335463
6.22396e-10	-0.335748
6.22527e-10	-0.336033
6.22657e-10	-0.336317
6.22788e-10	-0.336601
6.22919e-10	-0.336884
6.23049e-10	-0.337167
6.2318e-10	-0.33745
6.23311e-10	-0.337732
6.23441e-10	-0.338014
6.23572e-10	-0.338295
6.23702e-10	-0.338576
6.23833e-10	-0.338857
6.23964e-10	-0.339137
6.24094e-10	-0.339417
6.24225e-10	-0.339696
6.24355e-10	-0.339975
6.24486e-10	-0.340254
6.24617e-10	-0.340532
6.24747e-10	-0.34081
6.24878e-10	-0.341088
6.25008e-10	-0.341365
6.25139e-10	-0.341641
6.2527e-10	-0.341917
6.254e-10	-0.342193
6.25531e-10	-0.342469
6.25661e-10	-0.342744
6.25792e-10	-0.343018
6.25923e-10	-0.343292
6.26053e-10	-0.343566
6.26184e-10	-0.343839
6.26314e-10	-0.344112
6.26445e-10	-0.344385
6.26576e-10	-0.344657
6.26706e-10	-0.344928
6.26837e-10	-0.3452
6.26967e-10	-0.34547
6.27098e-10	-0.345741
6.27229e-10	-0.346011
6.27359e-10	-0.34628
6.2749e-10	-0.346549
6.2762e-10	-0.346818
6.27751e-10	-0.347086
6.27882e-10	-0.347354
6.28012e-10	-0.347621
6.28143e-10	-0.347888
6.28273e-10	-0.348154
6.28404e-10	-0.34842
6.28535e-10	-0.348686
6.28665e-10	-0.348951
6.28796e-10	-0.349215
6.28927e-10	-0.349479
6.29057e-10	-0.349743
6.29188e-10	-0.350006
6.29318e-10	-0.350269
6.29449e-10	-0.350532
6.2958e-10	-0.350794
6.2971e-10	-0.351055
6.29841e-10	-0.351316
6.29971e-10	-0.351577
6.30102e-10	-0.351837
6.30233e-10	-0.352096
6.30363e-10	-0.352355
6.30494e-10	-0.352614
6.30624e-10	-0.352872
6.30755e-10	-0.35313
6.30886e-10	-0.353387
6.31016e-10	-0.353644
6.31147e-10	-0.3539
6.31277e-10	-0.354156
6.31408e-10	-0.354412
6.31539e-10	-0.354667
6.31669e-10	-0.354921
6.318e-10	-0.355175
6.3193e-10	-0.355428
6.32061e-10	-0.355681
6.32192e-10	-0.355934
6.32322e-10	-0.356186
6.32453e-10	-0.356437
6.32583e-10	-0.356688
6.32714e-10	-0.356939
6.32845e-10	-0.357189
6.32975e-10	-0.357439
6.33106e-10	-0.357688
6.33236e-10	-0.357936
6.33367e-10	-0.358184
6.33498e-10	-0.358432
6.33628e-10	-0.358679
6.33759e-10	-0.358925
6.33889e-10	-0.359172
6.3402e-10	-0.359417
6.34151e-10	-0.359662
6.34281e-10	-0.359907
6.34412e-10	-0.360151
6.34543e-10	-0.360394
6.34673e-10	-0.360637
6.34804e-10	-0.36088
6.34934e-10	-0.361122
6.35065e-10	-0.361363
6.35196e-10	-0.361604
6.35326e-10	-0.361845
6.35457e-10	-0.362085
6.35587e-10	-0.362324
6.35718e-10	-0.362563
6.35849e-10	-0.362801
6.35979e-10	-0.363039
6.3611e-10	-0.363276
6.3624e-10	-0.363513
6.36371e-10	-0.363749
6.36502e-10	-0.363985
6.36632e-10	-0.36422
6.36763e-10	-0.364455
6.36893e-10	-0.364689
6.37024e-10	-0.364923
6.37155e-10	-0.365156
6.37285e-10	-0.365388
6.37416e-10	-0.36562
6.37546e-10	-0.365851
6.37677e-10	-0.366082
6.37808e-10	-0.366313
6.37938e-10	-0.366542
6.38069e-10	-0.366772
6.38199e-10	-0.367
6.3833e-10	-0.367228
6.38461e-10	-0.367456
6.38591e-10	-0.367683
6.38722e-10	-0.367909
6.38852e-10	-0.368135
6.38983e-10	-0.368361
6.39114e-10	-0.368585
6.39244e-10	-0.36881
6.39375e-10	-0.369033
6.39505e-10	-0.369256
6.39636e-10	-0.369479
6.39767e-10	-0.369701
6.39897e-10	-0.369922
6.40028e-10	-0.370143
6.40159e-10	-0.370363
6.40289e-10	-0.370583
6.4042e-10	-0.370802
6.4055e-10	-0.371021
6.40681e-10	-0.371239
6.40812e-10	-0.371456
6.40942e-10	-0.371673
6.41073e-10	-0.371889
6.41203e-10	-0.372105
6.41334e-10	-0.37232
6.41465e-10	-0.372534
6.41595e-10	-0.372748
6.41726e-10	-0.372961
6.41856e-10	-0.373174
6.41987e-10	-0.373386
6.42118e-10	-0.373598
6.42248e-10	-0.373809
6.42379e-10	-0.374019
6.42509e-10	-0.374229
6.4264e-10	-0.374438
6.42771e-10	-0.374646
6.42901e-10	-0.374854
6.43032e-10	-0.375062
6.43162e-10	-0.375268
6.43293e-10	-0.375474
6.43424e-10	-0.37568
6.43554e-10	-0.375885
6.43685e-10	-0.376089
6.43815e-10	-0.376293
6.43946e-10	-0.376496
6.44077e-10	-0.376698
6.44207e-10	-0.3769
6.44338e-10	-0.377101
6.44468e-10	-0.377302
6.44599e-10	-0.377502
6.4473e-10	-0.377701
6.4486e-10	-0.3779
6.44991e-10	-0.378098
6.45121e-10	-0.378296
6.45252e-10	-0.378492
6.45383e-10	-0.378689
6.45513e-10	-0.378884
6.45644e-10	-0.379079
6.45775e-10	-0.379274
6.45905e-10	-0.379467
6.46036e-10	-0.37966
6.46166e-10	-0.379853
6.46297e-10	-0.380045
6.46428e-10	-0.380236
6.46558e-10	-0.380426
6.46689e-10	-0.380616
6.46819e-10	-0.380805
6.4695e-10	-0.380994
6.47081e-10	-0.381182
6.47211e-10	-0.381369
6.47342e-10	-0.381556
6.47472e-10	-0.381742
6.47603e-10	-0.381927
6.47734e-10	-0.382112
6.47864e-10	-0.382296
6.47995e-10	-0.382479
6.48125e-10	-0.382662
6.48256e-10	-0.382844
6.48387e-10	-0.383025
6.48517e-10	-0.383206
6.48648e-10	-0.383386
6.48778e-10	-0.383566
6.48909e-10	-0.383744
6.4904e-10	-0.383922
6.4917e-10	-0.3841
6.49301e-10	-0.384276
6.49431e-10	-0.384452
6.49562e-10	-0.384628
6.49693e-10	-0.384803
6.49823e-10	-0.384977
6.49954e-10	-0.38515
6.50084e-10	-0.385323
6.50215e-10	-0.385495
6.50346e-10	-0.385666
6.50476e-10	-0.385837
6.50607e-10	-0.386006
6.50737e-10	-0.386176
6.50868e-10	-0.386344
6.50999e-10	-0.386512
6.51129e-10	-0.386679
6.5126e-10	-0.386846
6.51391e-10	-0.387012
6.51521e-10	-0.387177
6.51652e-10	-0.387341
6.51782e-10	-0.387505
6.51913e-10	-0.387668
6.52044e-10	-0.38783
6.52174e-10	-0.387992
6.52305e-10	-0.388153
6.52435e-10	-0.388313
6.52566e-10	-0.388472
6.52697e-10	-0.388631
6.52827e-10	-0.388789
6.52958e-10	-0.388947
