ISO-10303-21;
HEADER;
FILE_DESCRIPTION(('KiCad electronic assembly'),'2;1');
FILE_NAME('LVDS.step','2026-09-27T11:41:45',('Pcbnew'),('Kicad'),
  'Open CASCADE STEP processor 7.9','KiCad to STEP converter','Unknown'
  );
FILE_SCHEMA(('AUTOMOTIVE_DESIGN { 1 0 10303 214 1 1 1 1 }'));
ENDSEC;
DATA;
#1 = APPLICATION_PROTOCOL_DEFINITION('international standard',
  'automotive_design',2000,#2);
#2 = APPLICATION_CONTEXT(
  'core data for automotive mechanical design processes');
#3 = SHAPE_DEFINITION_REPRESENTATION(#4,#10);
#4 = PRODUCT_DEFINITION_SHAPE('','',#5);
#5 = PRODUCT_DEFINITION('design','',#6,#9);
#6 = PRODUCT_DEFINITION_FORMATION('','',#7);
#7 = PRODUCT('LVDS 1','LVDS 1','',(#8));
#8 = PRODUCT_CONTEXT('',#2,'mechanical');
#9 = PRODUCT_DEFINITION_CONTEXT('part definition',#2,'design');
#10 = SHAPE_REPRESENTATION('',(#11,#15,#19,#23,#27,#31,#35,#39,#43,#47,
    #51,#55),#59);
#11 = AXIS2_PLACEMENT_3D('',#12,#13,#14);
#12 = CARTESIAN_POINT('',(0.,0.,0.));
#13 = DIRECTION('',(0.,0.,1.));
#14 = DIRECTION('',(1.,0.,-0.));
#15 = AXIS2_PLACEMENT_3D('',#16,#17,#18);
#16 = CARTESIAN_POINT('',(105.125,-120.365,1.595));
#17 = DIRECTION('',(0.,0.,1.));
#18 = DIRECTION('',(1.,0.,0.));
#19 = AXIS2_PLACEMENT_3D('',#20,#21,#22);
#20 = CARTESIAN_POINT('',(145.575,-116.3,1.595));
#21 = DIRECTION('',(0.,-0.,1.));
#22 = DIRECTION('',(1.110223024625E-16,1.,0.));
#23 = AXIS2_PLACEMENT_3D('',#24,#25,#26);
#24 = CARTESIAN_POINT('',(135.325,-115.05,1.595));
#25 = DIRECTION('',(0.,0.,1.));
#26 = DIRECTION('',(1.,0.,0.));
#27 = AXIS2_PLACEMENT_3D('',#28,#29,#30);
#28 = CARTESIAN_POINT('',(145.15,-121.,1.595));
#29 = DIRECTION('',(0.,0.,1.));
#30 = DIRECTION('',(1.,0.,0.));
#31 = AXIS2_PLACEMENT_3D('',#32,#33,#34);
#32 = CARTESIAN_POINT('',(122.75,-116.275,1.595));
#33 = DIRECTION('',(0.,-0.,1.));
#34 = DIRECTION('',(1.110223024625E-16,1.,0.));
#35 = AXIS2_PLACEMENT_3D('',#36,#37,#38);
#36 = CARTESIAN_POINT('',(135.645,-110.395,1.595));
#37 = DIRECTION('',(0.,-0.,1.));
#38 = DIRECTION('',(1.110223024625E-16,1.,0.));
#39 = AXIS2_PLACEMENT_3D('',#40,#41,#42);
#40 = CARTESIAN_POINT('',(165.125,-120.365,1.595));
#41 = DIRECTION('',(0.,0.,1.));
#42 = DIRECTION('',(1.,0.,0.));
#43 = AXIS2_PLACEMENT_3D('',#44,#45,#46);
#44 = CARTESIAN_POINT('',(125.5,-121.,1.595));
#45 = DIRECTION('',(0.,0.,1.));
#46 = DIRECTION('',(1.,0.,0.));
#47 = AXIS2_PLACEMENT_3D('',#48,#49,#50);
#48 = CARTESIAN_POINT('',(147.85,-116.3,1.595));
#49 = DIRECTION('',(0.,-0.,1.));
#50 = DIRECTION('',(1.110223024625E-16,1.,0.));
#51 = AXIS2_PLACEMENT_3D('',#52,#53,#54);
#52 = CARTESIAN_POINT('',(124.95,-116.25,1.595));
#53 = DIRECTION('',(0.,-0.,1.));
#54 = DIRECTION('',(1.110223024625E-16,1.,0.));
#55 = AXIS2_PLACEMENT_3D('',#56,#57,#58);
#56 = CARTESIAN_POINT('',(0.,0.,0.));
#57 = DIRECTION('',(0.,0.,1.));
#58 = DIRECTION('',(1.,0.,-0.));
#59 = ( GEOMETRIC_REPRESENTATION_CONTEXT(3) 
GLOBAL_UNCERTAINTY_ASSIGNED_CONTEXT((#63)) GLOBAL_UNIT_ASSIGNED_CONTEXT(
(#60,#61,#62)) REPRESENTATION_CONTEXT('Context #1',
  '3D Context with UNIT and UNCERTAINTY') );
#60 = ( LENGTH_UNIT() NAMED_UNIT(*) SI_UNIT(.MILLI.,.METRE.) );
#61 = ( NAMED_UNIT(*) PLANE_ANGLE_UNIT() SI_UNIT($,.RADIAN.) );
#62 = ( NAMED_UNIT(*) SI_UNIT($,.STERADIAN.) SOLID_ANGLE_UNIT() );
#63 = UNCERTAINTY_MEASURE_WITH_UNIT(LENGTH_MEASURE(1.E-07),#60,
  'distance_accuracy_value','confusion accuracy');
#64 = PRODUCT_RELATED_PRODUCT_CATEGORY('part',$,(#7));
#65 = SHAPE_DEFINITION_REPRESENTATION(#66,#72);
#66 = PRODUCT_DEFINITION_SHAPE('','',#67);
#67 = PRODUCT_DEFINITION('design','',#68,#71);
#68 = PRODUCT_DEFINITION_FORMATION('','',#69);
#69 = PRODUCT('SMA_Amphenol_132134-10_Vertical',
  'SMA_Amphenol_132134-10_Vertical','',(#70));
#70 = PRODUCT_CONTEXT('',#2,'mechanical');
#71 = PRODUCT_DEFINITION_CONTEXT('part definition',#2,'design');
#72 = SHAPE_REPRESENTATION('',(#11,#73),#77);
#73 = AXIS2_PLACEMENT_3D('',#74,#75,#76);
#74 = CARTESIAN_POINT('',(0.,0.,0.));
#75 = DIRECTION('',(0.,0.,1.));
#76 = DIRECTION('',(1.,0.,-0.));
#77 = ( GEOMETRIC_REPRESENTATION_CONTEXT(3) 
GLOBAL_UNCERTAINTY_ASSIGNED_CONTEXT((#81)) GLOBAL_UNIT_ASSIGNED_CONTEXT(
(#78,#79,#80)) REPRESENTATION_CONTEXT('Context #1',
  '3D Context with UNIT and UNCERTAINTY') );
#78 = ( LENGTH_UNIT() NAMED_UNIT(*) SI_UNIT(.MILLI.,.METRE.) );
#79 = ( NAMED_UNIT(*) PLANE_ANGLE_UNIT() SI_UNIT($,.RADIAN.) );
#80 = ( NAMED_UNIT(*) SI_UNIT($,.STERADIAN.) SOLID_ANGLE_UNIT() );
#81 = UNCERTAINTY_MEASURE_WITH_UNIT(LENGTH_MEASURE(1.E-07),#78,
  'distance_accuracy_value','confusion accuracy');
#82 = CONTEXT_DEPENDENT_SHAPE_REPRESENTATION(#83,#85);
#83 = ( REPRESENTATION_RELATIONSHIP('','',#72,#10) 
REPRESENTATION_RELATIONSHIP_WITH_TRANSFORMATION(#84) 
SHAPE_REPRESENTATION_RELATIONSHIP() );
#84 = ITEM_DEFINED_TRANSFORMATION('','',#11,#15);
#85 = PRODUCT_DEFINITION_SHAPE('Placement','Placement of an item',#86);
#86 = NEXT_ASSEMBLY_USAGE_OCCURRENCE('2','J1','',#5,#67,$);
#87 = PRODUCT_RELATED_PRODUCT_CATEGORY('part',$,(#69));
#88 = SHAPE_DEFINITION_REPRESENTATION(#89,#95);
#89 = PRODUCT_DEFINITION_SHAPE('','',#90);
#90 = PRODUCT_DEFINITION('design','',#91,#94);
#91 = PRODUCT_DEFINITION_FORMATION('','',#92);
#92 = PRODUCT('SMA_Amphenol_132134-10_Vertical',
  'SMA_Amphenol_132134-10_Vertical','',(#93));
#93 = PRODUCT_CONTEXT('',#2,'mechanical');
#94 = PRODUCT_DEFINITION_CONTEXT('part definition',#2,'design');
#95 = ADVANCED_BREP_SHAPE_REPRESENTATION('',(#11,#96),#3465);
#96 = MANIFOLD_SOLID_BREP('',#97);
#97 = CLOSED_SHELL('',(#98,#170,#210,#234,#333,#357,#390,#415,#485,#502,
    #519,#554,#578,#595,#619,#654,#701,#725,#742,#767,#785,#803,#828,
    #841,#854,#874,#990,#1015,#1062,#1083,#1148,#1181,#1206,#1301,#1429,
    #1446,#1495,#1504,#1621,#1760,#1777,#1826,#1938,#2077,#2094,#2143,
    #2249,#2388,#2405,#2454,#2585,#2694,#2712,#2786,#2839,#2868,#2893,
    #2918,#2938,#2963,#2988,#3008,#3033,#3058,#3114,#3146,#3171,#3205,
    #3239,#3280,#3322,#3339,#3356,#3409,#3426,#3443,#3456));
#98 = ADVANCED_FACE('',(#99),#165,.T.);
#99 = FACE_BOUND('',#100,.T.);
#100 = EDGE_LOOP('',(#101,#111,#119,#127,#135,#143,#151,#159));
#101 = ORIENTED_EDGE('',*,*,#102,.F.);
#102 = EDGE_CURVE('',#103,#105,#107,.T.);
#103 = VERTEX_POINT('',#104);
#104 = CARTESIAN_POINT('',(-3.175,-2.675,0.));
#105 = VERTEX_POINT('',#106);
#106 = CARTESIAN_POINT('',(-3.175,-1.585,0.));
#107 = LINE('',#108,#109);
#108 = CARTESIAN_POINT('',(-3.175,-2.675,0.));
#109 = VECTOR('',#110,1.);
#110 = DIRECTION('',(0.,1.,0.));
#111 = ORIENTED_EDGE('',*,*,#112,.T.);
#112 = EDGE_CURVE('',#103,#113,#115,.T.);
#113 = VERTEX_POINT('',#114);
#114 = CARTESIAN_POINT('',(-3.175,-2.675,2.29));
#115 = LINE('',#116,#117);
#116 = CARTESIAN_POINT('',(-3.175,-2.675,0.));
#117 = VECTOR('',#118,1.);
#118 = DIRECTION('',(0.,0.,1.));
#119 = ORIENTED_EDGE('',*,*,#120,.T.);
#120 = EDGE_CURVE('',#113,#121,#123,.T.);
#121 = VERTEX_POINT('',#122);
#122 = CARTESIAN_POINT('',(-3.175,2.675,2.29));
#123 = LINE('',#124,#125);
#124 = CARTESIAN_POINT('',(-3.175,-2.675,2.29));
#125 = VECTOR('',#126,1.);
#126 = DIRECTION('',(0.,1.,0.));
#127 = ORIENTED_EDGE('',*,*,#128,.F.);
#128 = EDGE_CURVE('',#129,#121,#131,.T.);
#129 = VERTEX_POINT('',#130);
#130 = CARTESIAN_POINT('',(-3.175,2.675,0.));
#131 = LINE('',#132,#133);
#132 = CARTESIAN_POINT('',(-3.175,2.675,0.));
#133 = VECTOR('',#134,1.);
#134 = DIRECTION('',(0.,0.,1.));
#135 = ORIENTED_EDGE('',*,*,#136,.F.);
#136 = EDGE_CURVE('',#137,#129,#139,.T.);
#137 = VERTEX_POINT('',#138);
#138 = CARTESIAN_POINT('',(-3.175,1.585,0.));
#139 = LINE('',#140,#141);
#140 = CARTESIAN_POINT('',(-3.175,-2.675,0.));
#141 = VECTOR('',#142,1.);
#142 = DIRECTION('',(0.,1.,0.));
#143 = ORIENTED_EDGE('',*,*,#144,.T.);
#144 = EDGE_CURVE('',#137,#145,#147,.T.);
#145 = VERTEX_POINT('',#146);
#146 = CARTESIAN_POINT('',(-3.175,1.585,1.02));
#147 = LINE('',#148,#149);
#148 = CARTESIAN_POINT('',(-3.175,1.585,0.));
#149 = VECTOR('',#150,1.);
#150 = DIRECTION('',(0.,0.,1.));
#151 = ORIENTED_EDGE('',*,*,#152,.F.);
#152 = EDGE_CURVE('',#153,#145,#155,.T.);
#153 = VERTEX_POINT('',#154);
#154 = CARTESIAN_POINT('',(-3.175,-1.585,1.02));
#155 = LINE('',#156,#157);
#156 = CARTESIAN_POINT('',(-3.175,-1.585,1.02));
#157 = VECTOR('',#158,1.);
#158 = DIRECTION('',(0.,1.,0.));
#159 = ORIENTED_EDGE('',*,*,#160,.F.);
#160 = EDGE_CURVE('',#105,#153,#161,.T.);
#161 = LINE('',#162,#163);
#162 = CARTESIAN_POINT('',(-3.175,-1.585,0.));
#163 = VECTOR('',#164,1.);
#164 = DIRECTION('',(0.,0.,1.));
#165 = PLANE('',#166);
#166 = AXIS2_PLACEMENT_3D('',#167,#168,#169);
#167 = CARTESIAN_POINT('',(-3.175,-2.675,0.));
#168 = DIRECTION('',(-1.,0.,0.));
#169 = DIRECTION('',(0.,1.,0.));
#170 = ADVANCED_FACE('',(#171),#205,.F.);
#171 = FACE_BOUND('',#172,.F.);
#172 = EDGE_LOOP('',(#173,#174,#183,#191,#199));
#173 = ORIENTED_EDGE('',*,*,#102,.F.);
#174 = ORIENTED_EDGE('',*,*,#175,.T.);
#175 = EDGE_CURVE('',#103,#176,#178,.T.);
#176 = VERTEX_POINT('',#177);
#177 = CARTESIAN_POINT('',(-2.675,-3.175,0.));
#178 = CIRCLE('',#179,0.5);
#179 = AXIS2_PLACEMENT_3D('',#180,#181,#182);
#180 = CARTESIAN_POINT('',(-2.675,-2.675,0.));
#181 = DIRECTION('',(0.,0.,1.));
#182 = DIRECTION('',(1.,0.,-0.));
#183 = ORIENTED_EDGE('',*,*,#184,.F.);
#184 = EDGE_CURVE('',#185,#176,#187,.T.);
#185 = VERTEX_POINT('',#186);
#186 = CARTESIAN_POINT('',(-1.585,-3.175,0.));
#187 = LINE('',#188,#189);
#188 = CARTESIAN_POINT('',(2.675,-3.175,0.));
#189 = VECTOR('',#190,1.);
#190 = DIRECTION('',(-1.,0.,0.));
#191 = ORIENTED_EDGE('',*,*,#192,.F.);
#192 = EDGE_CURVE('',#193,#185,#195,.T.);
#193 = VERTEX_POINT('',#194);
#194 = CARTESIAN_POINT('',(-1.585,-1.585,0.));
#195 = LINE('',#196,#197);
#196 = CARTESIAN_POINT('',(-1.585,-1.585,0.));
#197 = VECTOR('',#198,1.);
#198 = DIRECTION('',(0.,-1.,0.));
#199 = ORIENTED_EDGE('',*,*,#200,.T.);
#200 = EDGE_CURVE('',#193,#105,#201,.T.);
#201 = LINE('',#202,#203);
#202 = CARTESIAN_POINT('',(-1.585,-1.585,0.));
#203 = VECTOR('',#204,1.);
#204 = DIRECTION('',(-1.,0.,0.));
#205 = PLANE('',#206);
#206 = AXIS2_PLACEMENT_3D('',#207,#208,#209);
#207 = CARTESIAN_POINT('',(-1.970743469862E-16,1.812177903322E-17,0.));
#208 = DIRECTION('',(0.,0.,1.));
#209 = DIRECTION('',(1.,0.,-0.));
#210 = ADVANCED_FACE('',(#211),#229,.F.);
#211 = FACE_BOUND('',#212,.F.);
#212 = EDGE_LOOP('',(#213,#221,#227,#228));
#213 = ORIENTED_EDGE('',*,*,#214,.T.);
#214 = EDGE_CURVE('',#193,#215,#217,.T.);
#215 = VERTEX_POINT('',#216);
#216 = CARTESIAN_POINT('',(-1.585,-1.585,1.02));
#217 = LINE('',#218,#219);
#218 = CARTESIAN_POINT('',(-1.585,-1.585,0.));
#219 = VECTOR('',#220,1.);
#220 = DIRECTION('',(0.,0.,1.));
#221 = ORIENTED_EDGE('',*,*,#222,.T.);
#222 = EDGE_CURVE('',#215,#153,#223,.T.);
#223 = LINE('',#224,#225);
#224 = CARTESIAN_POINT('',(-1.585,-1.585,1.02));
#225 = VECTOR('',#226,1.);
#226 = DIRECTION('',(-1.,0.,0.));
#227 = ORIENTED_EDGE('',*,*,#160,.F.);
#228 = ORIENTED_EDGE('',*,*,#200,.F.);
#229 = PLANE('',#230);
#230 = AXIS2_PLACEMENT_3D('',#231,#232,#233);
#231 = CARTESIAN_POINT('',(-1.585,-1.585,0.));
#232 = DIRECTION('',(0.,-1.,0.));
#233 = DIRECTION('',(-1.,0.,0.));
#234 = ADVANCED_FACE('',(#235,#317),#328,.F.);
#235 = FACE_BOUND('',#236,.F.);
#236 = EDGE_LOOP('',(#237,#238,#246,#254,#262,#270,#278,#286,#294,#302,
    #310,#316));
#237 = ORIENTED_EDGE('',*,*,#222,.F.);
#238 = ORIENTED_EDGE('',*,*,#239,.T.);
#239 = EDGE_CURVE('',#215,#240,#242,.T.);
#240 = VERTEX_POINT('',#241);
#241 = CARTESIAN_POINT('',(-1.585,-3.175,1.02));
#242 = LINE('',#243,#244);
#243 = CARTESIAN_POINT('',(-1.585,-1.585,1.02));
#244 = VECTOR('',#245,1.);
#245 = DIRECTION('',(0.,-1.,0.));
#246 = ORIENTED_EDGE('',*,*,#247,.T.);
#247 = EDGE_CURVE('',#240,#248,#250,.T.);
#248 = VERTEX_POINT('',#249);
#249 = CARTESIAN_POINT('',(1.585,-3.175,1.02));
#250 = LINE('',#251,#252);
#251 = CARTESIAN_POINT('',(-1.585,-3.175,1.02));
#252 = VECTOR('',#253,1.);
#253 = DIRECTION('',(1.,0.,0.));
#254 = ORIENTED_EDGE('',*,*,#255,.T.);
#255 = EDGE_CURVE('',#248,#256,#258,.T.);
#256 = VERTEX_POINT('',#257);
#257 = CARTESIAN_POINT('',(1.585,-1.585,1.02));
#258 = LINE('',#259,#260);
#259 = CARTESIAN_POINT('',(1.585,-3.175,1.02));
#260 = VECTOR('',#261,1.);
#261 = DIRECTION('',(0.,1.,0.));
#262 = ORIENTED_EDGE('',*,*,#263,.F.);
#263 = EDGE_CURVE('',#264,#256,#266,.T.);
#264 = VERTEX_POINT('',#265);
#265 = CARTESIAN_POINT('',(3.175,-1.585,1.02));
#266 = LINE('',#267,#268);
#267 = CARTESIAN_POINT('',(3.175,-1.585,1.02));
#268 = VECTOR('',#269,1.);
#269 = DIRECTION('',(-1.,0.,0.));
#270 = ORIENTED_EDGE('',*,*,#271,.F.);
#271 = EDGE_CURVE('',#272,#264,#274,.T.);
#272 = VERTEX_POINT('',#273);
#273 = CARTESIAN_POINT('',(3.175,1.585,1.02));
#274 = LINE('',#275,#276);
#275 = CARTESIAN_POINT('',(3.175,1.585,1.02));
#276 = VECTOR('',#277,1.);
#277 = DIRECTION('',(0.,-1.,0.));
#278 = ORIENTED_EDGE('',*,*,#279,.F.);
#279 = EDGE_CURVE('',#280,#272,#282,.T.);
#280 = VERTEX_POINT('',#281);
#281 = CARTESIAN_POINT('',(1.585,1.585,1.02));
#282 = LINE('',#283,#284);
#283 = CARTESIAN_POINT('',(1.585,1.585,1.02));
#284 = VECTOR('',#285,1.);
#285 = DIRECTION('',(1.,0.,0.));
#286 = ORIENTED_EDGE('',*,*,#287,.F.);
#287 = EDGE_CURVE('',#288,#280,#290,.T.);
#288 = VERTEX_POINT('',#289);
#289 = CARTESIAN_POINT('',(1.585,3.175,1.02));
#290 = LINE('',#291,#292);
#291 = CARTESIAN_POINT('',(1.585,3.175,1.02));
#292 = VECTOR('',#293,1.);
#293 = DIRECTION('',(0.,-1.,0.));
#294 = ORIENTED_EDGE('',*,*,#295,.F.);
#295 = EDGE_CURVE('',#296,#288,#298,.T.);
#296 = VERTEX_POINT('',#297);
#297 = CARTESIAN_POINT('',(-1.585,3.175,1.02));
#298 = LINE('',#299,#300);
#299 = CARTESIAN_POINT('',(-1.585,3.175,1.02));
#300 = VECTOR('',#301,1.);
#301 = DIRECTION('',(1.,0.,0.));
#302 = ORIENTED_EDGE('',*,*,#303,.F.);
#303 = EDGE_CURVE('',#304,#296,#306,.T.);
#304 = VERTEX_POINT('',#305);
#305 = CARTESIAN_POINT('',(-1.585,1.585,1.02));
#306 = LINE('',#307,#308);
#307 = CARTESIAN_POINT('',(-1.585,1.585,1.02));
#308 = VECTOR('',#309,1.);
#309 = DIRECTION('',(0.,1.,0.));
#310 = ORIENTED_EDGE('',*,*,#311,.F.);
#311 = EDGE_CURVE('',#145,#304,#312,.T.);
#312 = LINE('',#313,#314);
#313 = CARTESIAN_POINT('',(-3.175,1.585,1.02));
#314 = VECTOR('',#315,1.);
#315 = DIRECTION('',(1.,0.,0.));
#316 = ORIENTED_EDGE('',*,*,#152,.F.);
#317 = FACE_BOUND('',#318,.F.);
#318 = EDGE_LOOP('',(#319));
#319 = ORIENTED_EDGE('',*,*,#320,.T.);
#320 = EDGE_CURVE('',#321,#321,#323,.T.);
#321 = VERTEX_POINT('',#322);
#322 = CARTESIAN_POINT('',(2.1,0.,1.02));
#323 = CIRCLE('',#324,2.1);
#324 = AXIS2_PLACEMENT_3D('',#325,#326,#327);
#325 = CARTESIAN_POINT('',(0.,0.,1.02));
#326 = DIRECTION('',(0.,0.,-1.));
#327 = DIRECTION('',(1.,0.,0.));
#328 = PLANE('',#329);
#329 = AXIS2_PLACEMENT_3D('',#330,#331,#332);
#330 = CARTESIAN_POINT('',(2.096310876418E-14,5.950795411991E-14,1.02));
#331 = DIRECTION('',(0.,0.,1.));
#332 = DIRECTION('',(1.,0.,-0.));
#333 = ADVANCED_FACE('',(#334),#352,.F.);
#334 = FACE_BOUND('',#335,.F.);
#335 = EDGE_LOOP('',(#336,#337,#338,#346));
#336 = ORIENTED_EDGE('',*,*,#144,.T.);
#337 = ORIENTED_EDGE('',*,*,#311,.T.);
#338 = ORIENTED_EDGE('',*,*,#339,.F.);
#339 = EDGE_CURVE('',#340,#304,#342,.T.);
#340 = VERTEX_POINT('',#341);
#341 = CARTESIAN_POINT('',(-1.585,1.585,0.));
#342 = LINE('',#343,#344);
#343 = CARTESIAN_POINT('',(-1.585,1.585,0.));
#344 = VECTOR('',#345,1.);
#345 = DIRECTION('',(0.,0.,1.));
#346 = ORIENTED_EDGE('',*,*,#347,.F.);
#347 = EDGE_CURVE('',#137,#340,#348,.T.);
#348 = LINE('',#349,#350);
#349 = CARTESIAN_POINT('',(-3.175,1.585,0.));
#350 = VECTOR('',#351,1.);
#351 = DIRECTION('',(1.,0.,0.));
#352 = PLANE('',#353);
#353 = AXIS2_PLACEMENT_3D('',#354,#355,#356);
#354 = CARTESIAN_POINT('',(-3.175,1.585,0.));
#355 = DIRECTION('',(0.,1.,0.));
#356 = DIRECTION('',(1.,0.,0.));
#357 = ADVANCED_FACE('',(#358),#385,.F.);
#358 = FACE_BOUND('',#359,.F.);
#359 = EDGE_LOOP('',(#360,#361,#362,#370,#378));
#360 = ORIENTED_EDGE('',*,*,#136,.F.);
#361 = ORIENTED_EDGE('',*,*,#347,.T.);
#362 = ORIENTED_EDGE('',*,*,#363,.T.);
#363 = EDGE_CURVE('',#340,#364,#366,.T.);
#364 = VERTEX_POINT('',#365);
#365 = CARTESIAN_POINT('',(-1.585,3.175,0.));
#366 = LINE('',#367,#368);
#367 = CARTESIAN_POINT('',(-1.585,1.585,0.));
#368 = VECTOR('',#369,1.);
#369 = DIRECTION('',(0.,1.,0.));
#370 = ORIENTED_EDGE('',*,*,#371,.F.);
#371 = EDGE_CURVE('',#372,#364,#374,.T.);
#372 = VERTEX_POINT('',#373);
#373 = CARTESIAN_POINT('',(-2.675,3.175,0.));
#374 = LINE('',#375,#376);
#375 = CARTESIAN_POINT('',(-2.675,3.175,0.));
#376 = VECTOR('',#377,1.);
#377 = DIRECTION('',(1.,0.,0.));
#378 = ORIENTED_EDGE('',*,*,#379,.T.);
#379 = EDGE_CURVE('',#372,#129,#380,.T.);
#380 = CIRCLE('',#381,0.5);
#381 = AXIS2_PLACEMENT_3D('',#382,#383,#384);
#382 = CARTESIAN_POINT('',(-2.675,2.675,0.));
#383 = DIRECTION('',(0.,0.,1.));
#384 = DIRECTION('',(1.,0.,-0.));
#385 = PLANE('',#386);
#386 = AXIS2_PLACEMENT_3D('',#387,#388,#389);
#387 = CARTESIAN_POINT('',(-1.970743469862E-16,1.812177903322E-17,0.));
#388 = DIRECTION('',(0.,0.,1.));
#389 = DIRECTION('',(1.,0.,-0.));
#390 = ADVANCED_FACE('',(#391),#410,.T.);
#391 = FACE_BOUND('',#392,.T.);
#392 = EDGE_LOOP('',(#393,#394,#395,#404));
#393 = ORIENTED_EDGE('',*,*,#379,.T.);
#394 = ORIENTED_EDGE('',*,*,#128,.T.);
#395 = ORIENTED_EDGE('',*,*,#396,.F.);
#396 = EDGE_CURVE('',#397,#121,#399,.T.);
#397 = VERTEX_POINT('',#398);
#398 = CARTESIAN_POINT('',(-2.675,3.175,2.29));
#399 = CIRCLE('',#400,0.5);
#400 = AXIS2_PLACEMENT_3D('',#401,#402,#403);
#401 = CARTESIAN_POINT('',(-2.675,2.675,2.29));
#402 = DIRECTION('',(0.,0.,1.));
#403 = DIRECTION('',(1.,0.,-0.));
#404 = ORIENTED_EDGE('',*,*,#405,.F.);
#405 = EDGE_CURVE('',#372,#397,#406,.T.);
#406 = LINE('',#407,#408);
#407 = CARTESIAN_POINT('',(-2.675,3.175,0.));
#408 = VECTOR('',#409,1.);
#409 = DIRECTION('',(0.,0.,1.));
#410 = CYLINDRICAL_SURFACE('',#411,0.5);
#411 = AXIS2_PLACEMENT_3D('',#412,#413,#414);
#412 = CARTESIAN_POINT('',(-2.675,2.675,0.));
#413 = DIRECTION('',(0.,0.,-1.));
#414 = DIRECTION('',(1.,0.,0.));
#415 = ADVANCED_FACE('',(#416,#469),#480,.T.);
#416 = FACE_BOUND('',#417,.T.);
#417 = EDGE_LOOP('',(#418,#419,#428,#436,#445,#453,#462,#468));
#418 = ORIENTED_EDGE('',*,*,#120,.F.);
#419 = ORIENTED_EDGE('',*,*,#420,.T.);
#420 = EDGE_CURVE('',#113,#421,#423,.T.);
#421 = VERTEX_POINT('',#422);
#422 = CARTESIAN_POINT('',(-2.675,-3.175,2.29));
#423 = CIRCLE('',#424,0.5);
#424 = AXIS2_PLACEMENT_3D('',#425,#426,#427);
#425 = CARTESIAN_POINT('',(-2.675,-2.675,2.29));
#426 = DIRECTION('',(0.,0.,1.));
#427 = DIRECTION('',(1.,0.,-0.));
#428 = ORIENTED_EDGE('',*,*,#429,.F.);
#429 = EDGE_CURVE('',#430,#421,#432,.T.);
#430 = VERTEX_POINT('',#431);
#431 = CARTESIAN_POINT('',(2.675,-3.175,2.29));
#432 = LINE('',#433,#434);
#433 = CARTESIAN_POINT('',(2.675,-3.175,2.29));
#434 = VECTOR('',#435,1.);
#435 = DIRECTION('',(-1.,0.,0.));
#436 = ORIENTED_EDGE('',*,*,#437,.T.);
#437 = EDGE_CURVE('',#430,#438,#440,.T.);
#438 = VERTEX_POINT('',#439);
#439 = CARTESIAN_POINT('',(3.175,-2.675,2.29));
#440 = CIRCLE('',#441,0.5);
#441 = AXIS2_PLACEMENT_3D('',#442,#443,#444);
#442 = CARTESIAN_POINT('',(2.675,-2.675,2.29));
#443 = DIRECTION('',(0.,0.,1.));
#444 = DIRECTION('',(1.,0.,-0.));
#445 = ORIENTED_EDGE('',*,*,#446,.F.);
#446 = EDGE_CURVE('',#447,#438,#449,.T.);
#447 = VERTEX_POINT('',#448);
#448 = CARTESIAN_POINT('',(3.175,2.675,2.29));
#449 = LINE('',#450,#451);
#450 = CARTESIAN_POINT('',(3.175,2.675,2.29));
#451 = VECTOR('',#452,1.);
#452 = DIRECTION('',(0.,-1.,0.));
#453 = ORIENTED_EDGE('',*,*,#454,.T.);
#454 = EDGE_CURVE('',#447,#455,#457,.T.);
#455 = VERTEX_POINT('',#456);
#456 = CARTESIAN_POINT('',(2.675,3.175,2.29));
#457 = CIRCLE('',#458,0.5);
#458 = AXIS2_PLACEMENT_3D('',#459,#460,#461);
#459 = CARTESIAN_POINT('',(2.675,2.675,2.29));
#460 = DIRECTION('',(0.,0.,1.));
#461 = DIRECTION('',(1.,0.,-0.));
#462 = ORIENTED_EDGE('',*,*,#463,.F.);
#463 = EDGE_CURVE('',#397,#455,#464,.T.);
#464 = LINE('',#465,#466);
#465 = CARTESIAN_POINT('',(-2.675,3.175,2.29));
#466 = VECTOR('',#467,1.);
#467 = DIRECTION('',(1.,0.,0.));
#468 = ORIENTED_EDGE('',*,*,#396,.T.);
#469 = FACE_BOUND('',#470,.T.);
#470 = EDGE_LOOP('',(#471));
#471 = ORIENTED_EDGE('',*,*,#472,.T.);
#472 = EDGE_CURVE('',#473,#473,#475,.T.);
#473 = VERTEX_POINT('',#474);
#474 = CARTESIAN_POINT('',(2.6924,5.084821452783E-16,2.29));
#475 = CIRCLE('',#476,2.6924);
#476 = AXIS2_PLACEMENT_3D('',#477,#478,#479);
#477 = CARTESIAN_POINT('',(0.,5.084821452783E-16,2.29));
#478 = DIRECTION('',(0.,-2.22044604925E-16,-1.));
#479 = DIRECTION('',(1.,0.,0.));
#480 = PLANE('',#481);
#481 = AXIS2_PLACEMENT_3D('',#482,#483,#484);
#482 = CARTESIAN_POINT('',(-1.970743469862E-16,0.,2.29));
#483 = DIRECTION('',(0.,0.,1.));
#484 = DIRECTION('',(1.,0.,-0.));
#485 = ADVANCED_FACE('',(#486),#497,.T.);
#486 = FACE_BOUND('',#487,.T.);
#487 = EDGE_LOOP('',(#488,#489,#495,#496));
#488 = ORIENTED_EDGE('',*,*,#175,.T.);
#489 = ORIENTED_EDGE('',*,*,#490,.T.);
#490 = EDGE_CURVE('',#176,#421,#491,.T.);
#491 = LINE('',#492,#493);
#492 = CARTESIAN_POINT('',(-2.675,-3.175,0.));
#493 = VECTOR('',#494,1.);
#494 = DIRECTION('',(0.,0.,1.));
#495 = ORIENTED_EDGE('',*,*,#420,.F.);
#496 = ORIENTED_EDGE('',*,*,#112,.F.);
#497 = CYLINDRICAL_SURFACE('',#498,0.5);
#498 = AXIS2_PLACEMENT_3D('',#499,#500,#501);
#499 = CARTESIAN_POINT('',(-2.675,-2.675,0.));
#500 = DIRECTION('',(0.,0.,-1.));
#501 = DIRECTION('',(1.,0.,0.));
#502 = ADVANCED_FACE('',(#503),#514,.T.);
#503 = FACE_BOUND('',#504,.T.);
#504 = EDGE_LOOP('',(#505,#506,#507,#513));
#505 = ORIENTED_EDGE('',*,*,#214,.T.);
#506 = ORIENTED_EDGE('',*,*,#239,.T.);
#507 = ORIENTED_EDGE('',*,*,#508,.F.);
#508 = EDGE_CURVE('',#185,#240,#509,.T.);
#509 = LINE('',#510,#511);
#510 = CARTESIAN_POINT('',(-1.585,-3.175,0.));
#511 = VECTOR('',#512,1.);
#512 = DIRECTION('',(0.,0.,1.));
#513 = ORIENTED_EDGE('',*,*,#192,.F.);
#514 = PLANE('',#515);
#515 = AXIS2_PLACEMENT_3D('',#516,#517,#518);
#516 = CARTESIAN_POINT('',(-1.585,-1.585,0.));
#517 = DIRECTION('',(1.,0.,0.));
#518 = DIRECTION('',(0.,-1.,0.));
#519 = ADVANCED_FACE('',(#520),#549,.T.);
#520 = FACE_BOUND('',#521,.T.);
#521 = EDGE_LOOP('',(#522,#532,#538,#539,#540,#541,#542,#543));
#522 = ORIENTED_EDGE('',*,*,#523,.F.);
#523 = EDGE_CURVE('',#524,#526,#528,.T.);
#524 = VERTEX_POINT('',#525);
#525 = CARTESIAN_POINT('',(2.675,-3.175,0.));
#526 = VERTEX_POINT('',#527);
#527 = CARTESIAN_POINT('',(1.585,-3.175,0.));
#528 = LINE('',#529,#530);
#529 = CARTESIAN_POINT('',(2.675,-3.175,0.));
#530 = VECTOR('',#531,1.);
#531 = DIRECTION('',(-1.,0.,0.));
#532 = ORIENTED_EDGE('',*,*,#533,.T.);
#533 = EDGE_CURVE('',#524,#430,#534,.T.);
#534 = LINE('',#535,#536);
#535 = CARTESIAN_POINT('',(2.675,-3.175,0.));
#536 = VECTOR('',#537,1.);
#537 = DIRECTION('',(0.,0.,1.));
#538 = ORIENTED_EDGE('',*,*,#429,.T.);
#539 = ORIENTED_EDGE('',*,*,#490,.F.);
#540 = ORIENTED_EDGE('',*,*,#184,.F.);
#541 = ORIENTED_EDGE('',*,*,#508,.T.);
#542 = ORIENTED_EDGE('',*,*,#247,.T.);
#543 = ORIENTED_EDGE('',*,*,#544,.F.);
#544 = EDGE_CURVE('',#526,#248,#545,.T.);
#545 = LINE('',#546,#547);
#546 = CARTESIAN_POINT('',(1.585,-3.175,0.));
#547 = VECTOR('',#548,1.);
#548 = DIRECTION('',(0.,0.,1.));
#549 = PLANE('',#550);
#550 = AXIS2_PLACEMENT_3D('',#551,#552,#553);
#551 = CARTESIAN_POINT('',(2.675,-3.175,0.));
#552 = DIRECTION('',(0.,-1.,0.));
#553 = DIRECTION('',(-1.,0.,0.));
#554 = ADVANCED_FACE('',(#555),#573,.T.);
#555 = FACE_BOUND('',#556,.T.);
#556 = EDGE_LOOP('',(#557,#558,#559,#567));
#557 = ORIENTED_EDGE('',*,*,#544,.T.);
#558 = ORIENTED_EDGE('',*,*,#255,.T.);
#559 = ORIENTED_EDGE('',*,*,#560,.F.);
#560 = EDGE_CURVE('',#561,#256,#563,.T.);
#561 = VERTEX_POINT('',#562);
#562 = CARTESIAN_POINT('',(1.585,-1.585,0.));
#563 = LINE('',#564,#565);
#564 = CARTESIAN_POINT('',(1.585,-1.585,0.));
#565 = VECTOR('',#566,1.);
#566 = DIRECTION('',(0.,0.,1.));
#567 = ORIENTED_EDGE('',*,*,#568,.F.);
#568 = EDGE_CURVE('',#526,#561,#569,.T.);
#569 = LINE('',#570,#571);
#570 = CARTESIAN_POINT('',(1.585,-3.175,0.));
#571 = VECTOR('',#572,1.);
#572 = DIRECTION('',(0.,1.,0.));
#573 = PLANE('',#574);
#574 = AXIS2_PLACEMENT_3D('',#575,#576,#577);
#575 = CARTESIAN_POINT('',(1.585,-3.175,0.));
#576 = DIRECTION('',(-1.,0.,0.));
#577 = DIRECTION('',(0.,1.,0.));
#578 = ADVANCED_FACE('',(#579),#590,.F.);
#579 = FACE_BOUND('',#580,.F.);
#580 = EDGE_LOOP('',(#581,#582,#583,#589));
#581 = ORIENTED_EDGE('',*,*,#339,.T.);
#582 = ORIENTED_EDGE('',*,*,#303,.T.);
#583 = ORIENTED_EDGE('',*,*,#584,.F.);
#584 = EDGE_CURVE('',#364,#296,#585,.T.);
#585 = LINE('',#586,#587);
#586 = CARTESIAN_POINT('',(-1.585,3.175,0.));
#587 = VECTOR('',#588,1.);
#588 = DIRECTION('',(0.,0.,1.));
#589 = ORIENTED_EDGE('',*,*,#363,.F.);
#590 = PLANE('',#591);
#591 = AXIS2_PLACEMENT_3D('',#592,#593,#594);
#592 = CARTESIAN_POINT('',(-1.585,1.585,0.));
#593 = DIRECTION('',(-1.,0.,0.));
#594 = DIRECTION('',(0.,1.,0.));
#595 = ADVANCED_FACE('',(#596),#614,.F.);
#596 = FACE_BOUND('',#597,.F.);
#597 = EDGE_LOOP('',(#598,#606,#607,#608));
#598 = ORIENTED_EDGE('',*,*,#599,.T.);
#599 = EDGE_CURVE('',#600,#264,#602,.T.);
#600 = VERTEX_POINT('',#601);
#601 = CARTESIAN_POINT('',(3.175,-1.585,0.));
#602 = LINE('',#603,#604);
#603 = CARTESIAN_POINT('',(3.175,-1.585,0.));
#604 = VECTOR('',#605,1.);
#605 = DIRECTION('',(0.,0.,1.));
#606 = ORIENTED_EDGE('',*,*,#263,.T.);
#607 = ORIENTED_EDGE('',*,*,#560,.F.);
#608 = ORIENTED_EDGE('',*,*,#609,.F.);
#609 = EDGE_CURVE('',#600,#561,#610,.T.);
#610 = LINE('',#611,#612);
#611 = CARTESIAN_POINT('',(3.175,-1.585,0.));
#612 = VECTOR('',#613,1.);
#613 = DIRECTION('',(-1.,0.,0.));
#614 = PLANE('',#615);
#615 = AXIS2_PLACEMENT_3D('',#616,#617,#618);
#616 = CARTESIAN_POINT('',(3.175,-1.585,0.));
#617 = DIRECTION('',(0.,-1.,0.));
#618 = DIRECTION('',(-1.,0.,0.));
#619 = ADVANCED_FACE('',(#620),#649,.T.);
#620 = FACE_BOUND('',#621,.T.);
#621 = EDGE_LOOP('',(#622,#623,#624,#625,#633,#641,#647,#648));
#622 = ORIENTED_EDGE('',*,*,#371,.F.);
#623 = ORIENTED_EDGE('',*,*,#405,.T.);
#624 = ORIENTED_EDGE('',*,*,#463,.T.);
#625 = ORIENTED_EDGE('',*,*,#626,.F.);
#626 = EDGE_CURVE('',#627,#455,#629,.T.);
#627 = VERTEX_POINT('',#628);
#628 = CARTESIAN_POINT('',(2.675,3.175,0.));
#629 = LINE('',#630,#631);
#630 = CARTESIAN_POINT('',(2.675,3.175,0.));
#631 = VECTOR('',#632,1.);
#632 = DIRECTION('',(0.,0.,1.));
#633 = ORIENTED_EDGE('',*,*,#634,.F.);
#634 = EDGE_CURVE('',#635,#627,#637,.T.);
#635 = VERTEX_POINT('',#636);
#636 = CARTESIAN_POINT('',(1.585,3.175,0.));
#637 = LINE('',#638,#639);
#638 = CARTESIAN_POINT('',(-2.675,3.175,0.));
#639 = VECTOR('',#640,1.);
#640 = DIRECTION('',(1.,0.,0.));
#641 = ORIENTED_EDGE('',*,*,#642,.T.);
#642 = EDGE_CURVE('',#635,#288,#643,.T.);
#643 = LINE('',#644,#645);
#644 = CARTESIAN_POINT('',(1.585,3.175,0.));
#645 = VECTOR('',#646,1.);
#646 = DIRECTION('',(0.,0.,1.));
#647 = ORIENTED_EDGE('',*,*,#295,.F.);
#648 = ORIENTED_EDGE('',*,*,#584,.F.);
#649 = PLANE('',#650);
#650 = AXIS2_PLACEMENT_3D('',#651,#652,#653);
#651 = CARTESIAN_POINT('',(-2.675,3.175,0.));
#652 = DIRECTION('',(0.,1.,0.));
#653 = DIRECTION('',(1.,0.,0.));
#654 = ADVANCED_FACE('',(#655),#696,.T.);
#655 = FACE_BOUND('',#656,.T.);
#656 = EDGE_LOOP('',(#657,#667,#673,#674,#682,#688,#689,#690));
#657 = ORIENTED_EDGE('',*,*,#658,.F.);
#658 = EDGE_CURVE('',#659,#661,#663,.T.);
#659 = VERTEX_POINT('',#660);
#660 = CARTESIAN_POINT('',(3.175,2.675,0.));
#661 = VERTEX_POINT('',#662);
#662 = CARTESIAN_POINT('',(3.175,1.585,0.));
#663 = LINE('',#664,#665);
#664 = CARTESIAN_POINT('',(3.175,2.675,0.));
#665 = VECTOR('',#666,1.);
#666 = DIRECTION('',(0.,-1.,0.));
#667 = ORIENTED_EDGE('',*,*,#668,.T.);
#668 = EDGE_CURVE('',#659,#447,#669,.T.);
#669 = LINE('',#670,#671);
#670 = CARTESIAN_POINT('',(3.175,2.675,0.));
#671 = VECTOR('',#672,1.);
#672 = DIRECTION('',(0.,0.,1.));
#673 = ORIENTED_EDGE('',*,*,#446,.T.);
#674 = ORIENTED_EDGE('',*,*,#675,.F.);
#675 = EDGE_CURVE('',#676,#438,#678,.T.);
#676 = VERTEX_POINT('',#677);
#677 = CARTESIAN_POINT('',(3.175,-2.675,0.));
#678 = LINE('',#679,#680);
#679 = CARTESIAN_POINT('',(3.175,-2.675,0.));
#680 = VECTOR('',#681,1.);
#681 = DIRECTION('',(0.,0.,1.));
#682 = ORIENTED_EDGE('',*,*,#683,.F.);
#683 = EDGE_CURVE('',#600,#676,#684,.T.);
#684 = LINE('',#685,#686);
#685 = CARTESIAN_POINT('',(3.175,2.675,0.));
#686 = VECTOR('',#687,1.);
#687 = DIRECTION('',(0.,-1.,0.));
#688 = ORIENTED_EDGE('',*,*,#599,.T.);
#689 = ORIENTED_EDGE('',*,*,#271,.F.);
#690 = ORIENTED_EDGE('',*,*,#691,.F.);
#691 = EDGE_CURVE('',#661,#272,#692,.T.);
#692 = LINE('',#693,#694);
#693 = CARTESIAN_POINT('',(3.175,1.585,0.));
#694 = VECTOR('',#695,1.);
#695 = DIRECTION('',(0.,0.,1.));
#696 = PLANE('',#697);
#697 = AXIS2_PLACEMENT_3D('',#698,#699,#700);
#698 = CARTESIAN_POINT('',(3.175,2.675,0.));
#699 = DIRECTION('',(1.,0.,0.));
#700 = DIRECTION('',(0.,-1.,0.));
#701 = ADVANCED_FACE('',(#702),#720,.F.);
#702 = FACE_BOUND('',#703,.F.);
#703 = EDGE_LOOP('',(#704,#705,#706,#714));
#704 = ORIENTED_EDGE('',*,*,#642,.T.);
#705 = ORIENTED_EDGE('',*,*,#287,.T.);
#706 = ORIENTED_EDGE('',*,*,#707,.F.);
#707 = EDGE_CURVE('',#708,#280,#710,.T.);
#708 = VERTEX_POINT('',#709);
#709 = CARTESIAN_POINT('',(1.585,1.585,0.));
#710 = LINE('',#711,#712);
#711 = CARTESIAN_POINT('',(1.585,1.585,0.));
#712 = VECTOR('',#713,1.);
#713 = DIRECTION('',(0.,0.,1.));
#714 = ORIENTED_EDGE('',*,*,#715,.F.);
#715 = EDGE_CURVE('',#635,#708,#716,.T.);
#716 = LINE('',#717,#718);
#717 = CARTESIAN_POINT('',(1.585,3.175,0.));
#718 = VECTOR('',#719,1.);
#719 = DIRECTION('',(0.,-1.,0.));
#720 = PLANE('',#721);
#721 = AXIS2_PLACEMENT_3D('',#722,#723,#724);
#722 = CARTESIAN_POINT('',(1.585,3.175,0.));
#723 = DIRECTION('',(1.,0.,0.));
#724 = DIRECTION('',(0.,-1.,0.));
#725 = ADVANCED_FACE('',(#726),#737,.F.);
#726 = FACE_BOUND('',#727,.F.);
#727 = EDGE_LOOP('',(#728,#729,#730,#731));
#728 = ORIENTED_EDGE('',*,*,#707,.T.);
#729 = ORIENTED_EDGE('',*,*,#279,.T.);
#730 = ORIENTED_EDGE('',*,*,#691,.F.);
#731 = ORIENTED_EDGE('',*,*,#732,.F.);
#732 = EDGE_CURVE('',#708,#661,#733,.T.);
#733 = LINE('',#734,#735);
#734 = CARTESIAN_POINT('',(1.585,1.585,0.));
#735 = VECTOR('',#736,1.);
#736 = DIRECTION('',(1.,0.,0.));
#737 = PLANE('',#738);
#738 = AXIS2_PLACEMENT_3D('',#739,#740,#741);
#739 = CARTESIAN_POINT('',(1.585,1.585,0.));
#740 = DIRECTION('',(0.,1.,0.));
#741 = DIRECTION('',(1.,0.,0.));
#742 = ADVANCED_FACE('',(#743),#762,.F.);
#743 = FACE_BOUND('',#744,.F.);
#744 = EDGE_LOOP('',(#745,#754,#760,#761));
#745 = ORIENTED_EDGE('',*,*,#746,.F.);
#746 = EDGE_CURVE('',#747,#747,#749,.T.);
#747 = VERTEX_POINT('',#748);
#748 = CARTESIAN_POINT('',(2.1,0.,1.2));
#749 = CIRCLE('',#750,2.1);
#750 = AXIS2_PLACEMENT_3D('',#751,#752,#753);
#751 = CARTESIAN_POINT('',(0.,0.,1.2));
#752 = DIRECTION('',(0.,0.,1.));
#753 = DIRECTION('',(1.,0.,-0.));
#754 = ORIENTED_EDGE('',*,*,#755,.F.);
#755 = EDGE_CURVE('',#321,#747,#756,.T.);
#756 = LINE('',#757,#758);
#757 = CARTESIAN_POINT('',(2.1,0.,0.));
#758 = VECTOR('',#759,1.);
#759 = DIRECTION('',(0.,0.,1.));
#760 = ORIENTED_EDGE('',*,*,#320,.F.);
#761 = ORIENTED_EDGE('',*,*,#755,.T.);
#762 = CYLINDRICAL_SURFACE('',#763,2.1);
#763 = AXIS2_PLACEMENT_3D('',#764,#765,#766);
#764 = CARTESIAN_POINT('',(0.,0.,0.));
#765 = DIRECTION('',(0.,0.,-1.));
#766 = DIRECTION('',(1.,0.,0.));
#767 = ADVANCED_FACE('',(#768),#780,.T.);
#768 = FACE_BOUND('',#769,.T.);
#769 = EDGE_LOOP('',(#770,#777,#778,#779));
#770 = ORIENTED_EDGE('',*,*,#771,.T.);
#771 = EDGE_CURVE('',#524,#676,#772,.T.);
#772 = CIRCLE('',#773,0.5);
#773 = AXIS2_PLACEMENT_3D('',#774,#775,#776);
#774 = CARTESIAN_POINT('',(2.675,-2.675,0.));
#775 = DIRECTION('',(0.,0.,1.));
#776 = DIRECTION('',(1.,0.,-0.));
#777 = ORIENTED_EDGE('',*,*,#675,.T.);
#778 = ORIENTED_EDGE('',*,*,#437,.F.);
#779 = ORIENTED_EDGE('',*,*,#533,.F.);
#780 = CYLINDRICAL_SURFACE('',#781,0.5);
#781 = AXIS2_PLACEMENT_3D('',#782,#783,#784);
#782 = CARTESIAN_POINT('',(2.675,-2.675,0.));
#783 = DIRECTION('',(0.,0.,-1.));
#784 = DIRECTION('',(1.,0.,0.));
#785 = ADVANCED_FACE('',(#786),#798,.T.);
#786 = FACE_BOUND('',#787,.T.);
#787 = EDGE_LOOP('',(#788,#795,#796,#797));
#788 = ORIENTED_EDGE('',*,*,#789,.T.);
#789 = EDGE_CURVE('',#659,#627,#790,.T.);
#790 = CIRCLE('',#791,0.5);
#791 = AXIS2_PLACEMENT_3D('',#792,#793,#794);
#792 = CARTESIAN_POINT('',(2.675,2.675,0.));
#793 = DIRECTION('',(0.,0.,1.));
#794 = DIRECTION('',(1.,0.,-0.));
#795 = ORIENTED_EDGE('',*,*,#626,.T.);
#796 = ORIENTED_EDGE('',*,*,#454,.F.);
#797 = ORIENTED_EDGE('',*,*,#668,.F.);
#798 = CYLINDRICAL_SURFACE('',#799,0.5);
#799 = AXIS2_PLACEMENT_3D('',#800,#801,#802);
#800 = CARTESIAN_POINT('',(2.675,2.675,0.));
#801 = DIRECTION('',(0.,0.,-1.));
#802 = DIRECTION('',(1.,0.,0.));
#803 = ADVANCED_FACE('',(#804),#823,.T.);
#804 = FACE_BOUND('',#805,.T.);
#805 = EDGE_LOOP('',(#806,#815,#821,#822));
#806 = ORIENTED_EDGE('',*,*,#807,.T.);
#807 = EDGE_CURVE('',#808,#808,#810,.T.);
#808 = VERTEX_POINT('',#809);
#809 = CARTESIAN_POINT('',(2.6924,8.415490526659E-16,3.79));
#810 = CIRCLE('',#811,2.6924);
#811 = AXIS2_PLACEMENT_3D('',#812,#813,#814);
#812 = CARTESIAN_POINT('',(0.,8.415490526659E-16,3.79));
#813 = DIRECTION('',(0.,-2.22044604925E-16,-1.));
#814 = DIRECTION('',(1.,0.,0.));
#815 = ORIENTED_EDGE('',*,*,#816,.T.);
#816 = EDGE_CURVE('',#808,#473,#817,.T.);
#817 = LINE('',#818,#819);
#818 = CARTESIAN_POINT('',(2.6924,8.415490526659E-16,3.79));
#819 = VECTOR('',#820,1.);
#820 = DIRECTION('',(0.,-2.22044604925E-16,-1.));
#821 = ORIENTED_EDGE('',*,*,#472,.F.);
#822 = ORIENTED_EDGE('',*,*,#816,.F.);
#823 = CYLINDRICAL_SURFACE('',#824,2.6924);
#824 = AXIS2_PLACEMENT_3D('',#825,#826,#827);
#825 = CARTESIAN_POINT('',(0.,8.415490526659E-16,3.79));
#826 = DIRECTION('',(0.,-2.22044604925E-16,-1.));
#827 = DIRECTION('',(1.,0.,0.));
#828 = ADVANCED_FACE('',(#829),#836,.F.);
#829 = FACE_BOUND('',#830,.F.);
#830 = EDGE_LOOP('',(#831,#832,#833,#834,#835));
#831 = ORIENTED_EDGE('',*,*,#568,.F.);
#832 = ORIENTED_EDGE('',*,*,#523,.F.);
#833 = ORIENTED_EDGE('',*,*,#771,.T.);
#834 = ORIENTED_EDGE('',*,*,#683,.F.);
#835 = ORIENTED_EDGE('',*,*,#609,.T.);
#836 = PLANE('',#837);
#837 = AXIS2_PLACEMENT_3D('',#838,#839,#840);
#838 = CARTESIAN_POINT('',(-1.970743469862E-16,1.812177903322E-17,0.));
#839 = DIRECTION('',(0.,0.,1.));
#840 = DIRECTION('',(1.,0.,-0.));
#841 = ADVANCED_FACE('',(#842),#849,.F.);
#842 = FACE_BOUND('',#843,.F.);
#843 = EDGE_LOOP('',(#844,#845,#846,#847,#848));
#844 = ORIENTED_EDGE('',*,*,#634,.F.);
#845 = ORIENTED_EDGE('',*,*,#715,.T.);
#846 = ORIENTED_EDGE('',*,*,#732,.T.);
#847 = ORIENTED_EDGE('',*,*,#658,.F.);
#848 = ORIENTED_EDGE('',*,*,#789,.T.);
#849 = PLANE('',#850);
#850 = AXIS2_PLACEMENT_3D('',#851,#852,#853);
#851 = CARTESIAN_POINT('',(-1.970743469862E-16,1.812177903322E-17,0.));
#852 = DIRECTION('',(0.,0.,1.));
#853 = DIRECTION('',(1.,0.,-0.));
#854 = ADVANCED_FACE('',(#855,#858),#869,.F.);
#855 = FACE_BOUND('',#856,.F.);
#856 = EDGE_LOOP('',(#857));
#857 = ORIENTED_EDGE('',*,*,#746,.T.);
#858 = FACE_BOUND('',#859,.T.);
#859 = EDGE_LOOP('',(#860));
#860 = ORIENTED_EDGE('',*,*,#861,.T.);
#861 = EDGE_CURVE('',#862,#862,#864,.T.);
#862 = VERTEX_POINT('',#863);
#863 = CARTESIAN_POINT('',(0.635,0.,1.2));
#864 = CIRCLE('',#865,0.635);
#865 = AXIS2_PLACEMENT_3D('',#866,#867,#868);
#866 = CARTESIAN_POINT('',(0.,0.,1.2));
#867 = DIRECTION('',(0.,0.,1.));
#868 = DIRECTION('',(1.,0.,-0.));
#869 = PLANE('',#870);
#870 = AXIS2_PLACEMENT_3D('',#871,#872,#873);
#871 = CARTESIAN_POINT('',(-1.289006066436E-16,7.991535621962E-17,1.2));
#872 = DIRECTION('',(0.,0.,1.));
#873 = DIRECTION('',(1.,0.,-0.));
#874 = ADVANCED_FACE('',(#875),#985,.T.);
#875 = FACE_BOUND('',#876,.T.);
#876 = EDGE_LOOP('',(#877,#887,#934,#971,#977,#978,#979));
#877 = ORIENTED_EDGE('',*,*,#878,.F.);
#878 = EDGE_CURVE('',#879,#881,#883,.T.);
#879 = VERTEX_POINT('',#880);
#880 = CARTESIAN_POINT('',(3.146021708948,-1.700354445885E-09,
    4.243621708948));
#881 = VERTEX_POINT('',#882);
#882 = CARTESIAN_POINT('',(2.821300239206,-4.336815270772E-16,
    3.918900239206));
#883 = LINE('',#884,#885);
#884 = CARTESIAN_POINT('',(3.175,9.487077790027E-16,4.2726));
#885 = VECTOR('',#886,1.);
#886 = DIRECTION('',(-0.707106781187,-1.570092458683E-16,-0.707106781187
    ));
#887 = ORIENTED_EDGE('',*,*,#888,.F.);
#888 = EDGE_CURVE('',#889,#879,#891,.T.);
#889 = VERTEX_POINT('',#890);
#890 = CARTESIAN_POINT('',(0.328607596956,2.780655793273,3.897605284538)
  );
#891 = B_SPLINE_CURVE_WITH_KNOTS('',6,(#892,#893,#894,#895,#896,#897,
    #898,#899,#900,#901,#902,#903,#904,#905,#906,#907,#908,#909,#910,
    #911,#912,#913,#914,#915,#916,#917,#918,#919,#920,#921,#922,#923,
    #924,#925,#926,#927,#928,#929,#930,#931,#932,#933),.UNSPECIFIED.,.F.
  ,.F.,(7,5,5,5,5,5,5,5,7),(0.,0.117212197988,0.234561454966,
    0.355853450582,0.478589394006,0.605403634973,0.733728633248,
    0.866261235348,1.),.UNSPECIFIED.);
#892 = CARTESIAN_POINT('',(0.328607596956,2.780655793273,3.897605284538)
  );
#893 = CARTESIAN_POINT('',(5.409410368749E-02,2.820243622023,
    3.904702737572));
#894 = CARTESIAN_POINT('',(-0.225359837244,2.827223491322,3.91178415602)
  );
#895 = CARTESIAN_POINT('',(-0.504752357409,2.800896074938,3.918845078247
    ));
#896 = CARTESIAN_POINT('',(-0.779216281215,2.74166731719,3.9258872144));
#897 = CARTESIAN_POINT('',(-1.044047477287,2.650718556309,3.932913244224
    ));
#898 = CARTESIAN_POINT('',(-1.545870721073,2.409672552568,3.946935765908
    ));
#899 = CARTESIAN_POINT('',(-1.782947358786,2.259449730633,3.953935433928
    ));
#900 = CARTESIAN_POINT('',(-2.001581846249,2.081767523069,3.960916946091
    ));
#901 = CARTESIAN_POINT('',(-2.198018630577,1.879613978843,3.967883254734
    ));
#902 = CARTESIAN_POINT('',(-2.369053001159,1.656517083896,3.974836190511
    ));
#903 = CARTESIAN_POINT('',(-2.66026721697,1.168816560665,3.988941108659)
  );
#904 = CARTESIAN_POINT('',(-2.778617300951,0.902949455622,3.996095346049
    ));
#905 = CARTESIAN_POINT('',(-2.86457159421,0.623720285162,4.003230908854)
  );
#906 = CARTESIAN_POINT('',(-2.916553431428,0.336074253953,4.010349344032
    ));
#907 = CARTESIAN_POINT('',(-2.933816140446,4.511128567868E-02,
    4.017452367095));
#908 = CARTESIAN_POINT('',(-2.899492425244,-0.536372542232,
    4.031704804941));
#909 = CARTESIAN_POINT('',(-2.847075065633,-0.826994835799,
    4.038857318209));
#910 = CARTESIAN_POINT('',(-2.759851554189,-1.110335671522,
    4.045990450233));
#911 = CARTESIAN_POINT('',(-2.639323128583,-1.381347409482,
    4.053107220281));
#912 = CARTESIAN_POINT('',(-2.487774347709,-1.635325696265,
    4.060210293701));
#913 = CARTESIAN_POINT('',(-2.123348883223,-2.1085773807,4.074617006803)
  );
#914 = CARTESIAN_POINT('',(-1.908502512516,-2.326545708462,
    4.081923302013));
#915 = CARTESIAN_POINT('',(-1.66762090684,-2.517332695642,4.089210799556
    ));
#916 = CARTESIAN_POINT('',(-1.405130802183,-2.677365875995,
    4.096481447911));
#917 = CARTESIAN_POINT('',(-1.125949755476,-2.80386632948,4.103736223346
    ));
#918 = CARTESIAN_POINT('',(-0.541848293803,-2.987602205414,
    4.118290884297));
#919 = CARTESIAN_POINT('',(-0.236497645369,-3.044045693926,
    4.125594251537));
#920 = CARTESIAN_POINT('',(7.470524409419E-02,-3.062751432608,
    4.132875929106));
#921 = CARTESIAN_POINT('',(0.386003456936,-3.043322997513,4.140138652121
    ));
#922 = CARTESIAN_POINT('',(0.691693334067,-2.986309189013,4.147386557226
    ));
#923 = CARTESIAN_POINT('',(1.29036992737,-2.797792510067,4.162084028707)
  );
#924 = CARTESIAN_POINT('',(1.582789504792,-2.663852270382,4.169536704777
    ));
#925 = CARTESIAN_POINT('',(1.85730567366,-2.49372161934,4.176971652154)
  );
#926 = CARTESIAN_POINT('',(2.108602807135,-2.290636293735,4.18439302567)
  );
#927 = CARTESIAN_POINT('',(2.33200524905,-2.058635434158,4.191800607883)
  );
#928 = CARTESIAN_POINT('',(2.71733196738,-1.544753732641,4.206641395448)
  );
#929 = CARTESIAN_POINT('',(2.878795217538,-1.262281790855,4.214078523827
    ));
#930 = CARTESIAN_POINT('',(3.004306182703,-0.960663295767,4.221492631467
    ));
#931 = CARTESIAN_POINT('',(3.091411544428,-0.645657763411,4.228882172462
    ));
#932 = CARTESIAN_POINT('',(3.138659572347,-0.323306709956,4.236259572522
    ));
#933 = CARTESIAN_POINT('',(3.146021709025,-6.000613821589E-14,
    4.243621709025));
#934 = ORIENTED_EDGE('',*,*,#935,.F.);
#935 = EDGE_CURVE('',#936,#889,#938,.T.);
#936 = VERTEX_POINT('',#937);
#937 = CARTESIAN_POINT('',(2.8,-5.181261394962E-16,3.8976));
#938 = B_SPLINE_CURVE_WITH_KNOTS('',6,(#939,#940,#941,#942,#943,#944,
    #945,#946,#947,#948,#949,#950,#951,#952,#953,#954,#955,#956,#957,
    #958,#959,#960,#961,#962,#963,#964,#965,#966,#967,#968,#969,#970),
  .UNSPECIFIED.,.F.,.F.,(7,5,5,5,5,5,7),(0.,9.074562059053E-02,
    0.118188899817,0.146688416371,0.443036929126,0.721321527907,1.),
  .UNSPECIFIED.);
#939 = CARTESIAN_POINT('',(2.8,1.799094206945E-15,3.8976));
#940 = CARTESIAN_POINT('',(2.799999993037,6.153770365449E-02,
    3.897599993042));
#941 = CARTESIAN_POINT('',(2.79837738108,0.123075655792,3.897600335925)
  );
#942 = CARTESIAN_POINT('',(2.795132155893,0.184560208458,3.897601035106)
  );
#943 = CARTESIAN_POINT('',(2.790266626552,0.245937875682,3.897602059787)
  );
#944 = CARTESIAN_POINT('',(2.783785419445,0.307155333482,3.897603341909)
  );
#945 = CARTESIAN_POINT('',(2.773248919269,0.386608268037,3.897605209904)
  );
#946 = CARTESIAN_POINT('',(2.770655229187,0.405037605395,3.897605658155)
  );
#947 = CARTESIAN_POINT('',(2.767914600284,0.423445963828,3.89760611848)
  );
#948 = CARTESIAN_POINT('',(2.765027244278,0.441831878189,3.897606588422)
  );
#949 = CARTESIAN_POINT('',(2.761993392347,0.460193886296,3.897607065504)
  );
#950 = CARTESIAN_POINT('',(2.755510802283,0.497572912536,3.897608047481)
  );
#951 = CARTESIAN_POINT('',(2.752050590105,0.51658794081,3.897608552759)
  );
#952 = CARTESIAN_POINT('',(2.748432939315,0.535573979455,3.897609060259)
  );
#953 = CARTESIAN_POINT('',(2.744658153191,0.554529398544,3.897609567252)
  );
#954 = CARTESIAN_POINT('',(2.740726557571,0.573452572515,3.89761007108)
  );
#955 = CARTESIAN_POINT('',(2.694129375234,0.788759886854,3.897615748265)
  );
#956 = CARTESIAN_POINT('',(2.634699778253,0.981529646179,3.89762032532)
  );
#957 = CARTESIAN_POINT('',(2.558743604375,1.168797535282,3.897621274665)
  );
#958 = CARTESIAN_POINT('',(2.466924128765,1.348818604607,3.897617443198)
  );
#959 = CARTESIAN_POINT('',(2.360127221421,1.519949492575,3.897610867099)
  );
#960 = CARTESIAN_POINT('',(2.126215560831,1.831610970448,3.897596190242)
  );
#961 = CARTESIAN_POINT('',(2.000722823135,1.973388653382,3.897588220247)
  );
#962 = CARTESIAN_POINT('',(1.863954745959,2.104759671146,3.897580929701)
  );
#963 = CARTESIAN_POINT('',(1.717003563696,2.224631488867,3.897576006252)
  );
#964 = CARTESIAN_POINT('',(1.561087025161,2.332053688384,3.897573948678)
  );
#965 = CARTESIAN_POINT('',(1.233805312847,2.520575152912,3.897575138688)
  );
#966 = CARTESIAN_POINT('',(1.062401392262,2.601646848059,3.89757839133)
  );
#967 = CARTESIAN_POINT('',(0.884709969353,2.66867584554,3.897584094144)
  );
#968 = CARTESIAN_POINT('',(0.702170368625,2.721082862089,3.897591237741)
  );
#969 = CARTESIAN_POINT('',(0.51628251962,2.758470331245,3.897598595919)
  );
#970 = CARTESIAN_POINT('',(0.328607596956,2.780655793273,3.897605284538)
  );
#971 = ORIENTED_EDGE('',*,*,#972,.T.);
#972 = EDGE_CURVE('',#936,#808,#973,.T.);
#973 = LINE('',#974,#975);
#974 = CARTESIAN_POINT('',(3.175,9.487077790027E-16,4.2726));
#975 = VECTOR('',#976,1.);
#976 = DIRECTION('',(-0.707106781187,-1.570092458683E-16,-0.707106781187
    ));
#977 = ORIENTED_EDGE('',*,*,#807,.F.);
#978 = ORIENTED_EDGE('',*,*,#972,.F.);
#979 = ORIENTED_EDGE('',*,*,#980,.F.);
#980 = EDGE_CURVE('',#881,#936,#981,.T.);
#981 = LINE('',#982,#983);
#982 = CARTESIAN_POINT('',(3.175,9.487077790027E-16,4.2726));
#983 = VECTOR('',#984,1.);
#984 = DIRECTION('',(-0.707106781187,-1.570092458683E-16,-0.707106781187
    ));
#985 = CONICAL_SURFACE('',#986,3.175,0.785398163397);
#986 = AXIS2_PLACEMENT_3D('',#987,#988,#989);
#987 = CARTESIAN_POINT('',(0.,9.487077790027E-16,4.2726));
#988 = DIRECTION('',(0.,2.22044604925E-16,1.));
#989 = DIRECTION('',(1.,0.,-0.));
#990 = ADVANCED_FACE('',(#991),#1010,.T.);
#991 = FACE_BOUND('',#992,.T.);
#992 = EDGE_LOOP('',(#993,#994,#1002,#1009));
#993 = ORIENTED_EDGE('',*,*,#861,.F.);
#994 = ORIENTED_EDGE('',*,*,#995,.T.);
#995 = EDGE_CURVE('',#862,#996,#998,.T.);
#996 = VERTEX_POINT('',#997);
#997 = CARTESIAN_POINT('',(0.635,2.22044604925E-17,0.1));
#998 = LINE('',#999,#1000);
#999 = CARTESIAN_POINT('',(0.635,1.602629140507E-15,7.2176));
#1000 = VECTOR('',#1001,1.);
#1001 = DIRECTION('',(0.,-2.22044604925E-16,-1.));
#1002 = ORIENTED_EDGE('',*,*,#1003,.F.);
#1003 = EDGE_CURVE('',#996,#996,#1004,.T.);
#1004 = CIRCLE('',#1005,0.635);
#1005 = AXIS2_PLACEMENT_3D('',#1006,#1007,#1008);
#1006 = CARTESIAN_POINT('',(0.,2.22044604925E-17,0.1));
#1007 = DIRECTION('',(0.,-2.22044604925E-16,-1.));
#1008 = DIRECTION('',(1.,0.,0.));
#1009 = ORIENTED_EDGE('',*,*,#995,.F.);
#1010 = CYLINDRICAL_SURFACE('',#1011,0.635);
#1011 = AXIS2_PLACEMENT_3D('',#1012,#1013,#1014);
#1012 = CARTESIAN_POINT('',(0.,1.602629140507E-15,7.2176));
#1013 = DIRECTION('',(0.,-2.22044604925E-16,-1.));
#1014 = DIRECTION('',(1.,0.,0.));
#1015 = ADVANCED_FACE('',(#1016),#1057,.T.);
#1016 = FACE_BOUND('',#1017,.T.);
#1017 = EDGE_LOOP('',(#1018,#1037,#1046,#1056));
#1018 = ORIENTED_EDGE('',*,*,#1019,.T.);
#1019 = EDGE_CURVE('',#881,#1020,#1022,.T.);
#1020 = VERTEX_POINT('',#1021);
#1021 = CARTESIAN_POINT('',(0.779089301195,3.077928664015,4.2726));
#1022 = B_SPLINE_CURVE_WITH_KNOTS('',7,(#1023,#1024,#1025,#1026,#1027,
    #1028,#1029,#1030,#1031,#1032,#1033,#1034,#1035,#1036),
  .UNSPECIFIED.,.F.,.F.,(8,6,8),(0.,0.474239667141,1.),.UNSPECIFIED.);
#1023 = CARTESIAN_POINT('',(2.821300239206,2.682543023445E-15,
    3.918900239206));
#1024 = CARTESIAN_POINT('',(2.846427775723,0.265154881866,3.944027775758
    ));
#1025 = CARTESIAN_POINT('',(2.842275005185,0.533762580784,3.96894863888)
  );
#1026 = CARTESIAN_POINT('',(2.8085642152,0.801770271517,3.99365917226));
#1027 = CARTESIAN_POINT('',(2.745790022996,1.065323337475,4.018192139617
    ));
#1028 = CARTESIAN_POINT('',(2.654960679887,1.320798295305,4.042552289508
    ));
#1029 = CARTESIAN_POINT('',(2.537596448868,1.564787693545,4.066742775536
    ));
#1030 = CARTESIAN_POINT('',(2.238609440455,2.048484598682,4.117365960469
    ));
#1031 = CARTESIAN_POINT('',(2.051289912351,2.285010442991,4.143773908021
    ));
#1032 = CARTESIAN_POINT('',(1.836646247226,2.499479167841,4.169957412948
    ));
#1033 = CARTESIAN_POINT('',(1.598112175285,2.688447675715,4.195921831029
    ));
#1034 = CARTESIAN_POINT('',(1.339498138873,2.849136080596,4.221679208831
    ));
#1035 = CARTESIAN_POINT('',(1.064971976631,2.979407361055,4.247241446117
    ));
#1036 = CARTESIAN_POINT('',(0.779089301195,3.077928664015,4.2726));
#1037 = ORIENTED_EDGE('',*,*,#1038,.T.);
#1038 = EDGE_CURVE('',#1020,#1039,#1041,.T.);
#1039 = VERTEX_POINT('',#1040);
#1040 = CARTESIAN_POINT('',(2.918889928876,1.249282427278,4.2726));
#1041 = CIRCLE('',#1042,3.175);
#1042 = AXIS2_PLACEMENT_3D('',#1043,#1044,#1045);
#1043 = CARTESIAN_POINT('',(0.,9.487077790027E-16,4.2726));
#1044 = DIRECTION('',(0.,-2.22044604925E-16,-1.));
#1045 = DIRECTION('',(1.,0.,0.));
#1046 = ORIENTED_EDGE('',*,*,#1047,.F.);
#1047 = EDGE_CURVE('',#879,#1039,#1048,.T.);
#1048 = B_SPLINE_CURVE_WITH_KNOTS('',6,(#1049,#1050,#1051,#1052,#1053,
    #1054,#1055),.UNSPECIFIED.,.F.,.F.,(7,7),(0.,1.),
  .PIECEWISE_BEZIER_KNOTS.);
#1049 = CARTESIAN_POINT('',(3.14602170903,2.832484977893E-15,
    4.24362170903));
#1050 = CARTESIAN_POINT('',(3.150868671282,0.212853515839,4.248468671349
    ));
#1051 = CARTESIAN_POINT('',(3.138427869997,0.426180528123,4.253309379178
    ));
#1052 = CARTESIAN_POINT('',(3.108675371757,0.638197105489,4.258144093667
    ));
#1053 = CARTESIAN_POINT('',(3.061837154424,0.847167213002,4.262970990667
    ));
#1054 = CARTESIAN_POINT('',(2.998349725197,1.051403569379,4.267789862765
    ));
#1055 = CARTESIAN_POINT('',(2.918889928876,1.249282427278,4.2726));
#1056 = ORIENTED_EDGE('',*,*,#878,.T.);
#1057 = CONICAL_SURFACE('',#1058,3.175,0.785398163397);
#1058 = AXIS2_PLACEMENT_3D('',#1059,#1060,#1061);
#1059 = CARTESIAN_POINT('',(0.,9.487077790027E-16,4.2726));
#1060 = DIRECTION('',(0.,2.22044604925E-16,1.));
#1061 = DIRECTION('',(1.,0.,-0.));
#1062 = ADVANCED_FACE('',(#1063),#1078,.T.);
#1063 = FACE_BOUND('',#1064,.T.);
#1064 = EDGE_LOOP('',(#1065,#1072,#1073));
#1065 = ORIENTED_EDGE('',*,*,#1066,.T.);
#1066 = EDGE_CURVE('',#1067,#881,#1069,.T.);
#1067 = VERTEX_POINT('',#1068);
#1068 = CARTESIAN_POINT('',(2.8,-1.823904313696E-15,3.906602540366));
#1069 = B_SPLINE_CURVE_WITH_KNOTS('',1,(#1070,#1071),.UNSPECIFIED.,.F.,
  .F.,(2,2),(-0.826794919243,-0.),.PIECEWISE_BEZIER_KNOTS.);
#1070 = CARTESIAN_POINT('',(2.8,-1.823904313696E-15,3.906602540366));
#1071 = CARTESIAN_POINT('',(3.516025403784,1.079515978489E-15,
    4.319999999992));
#1072 = ORIENTED_EDGE('',*,*,#980,.T.);
#1073 = ORIENTED_EDGE('',*,*,#1074,.T.);
#1074 = EDGE_CURVE('',#936,#1067,#1075,.T.);
#1075 = B_SPLINE_CURVE_WITH_KNOTS('',1,(#1076,#1077),.UNSPECIFIED.,.F.,
  .F.,(2,2),(-0.173205080757,-0.),.PIECEWISE_BEZIER_KNOTS.);
#1076 = CARTESIAN_POINT('',(2.8,-3.320532209974E-15,3.733397459611));
#1077 = CARTESIAN_POINT('',(2.8,-1.823904313696E-15,3.906602540366));
#1078 = PLANE('',#1079);
#1079 = AXIS2_PLACEMENT_3D('',#1080,#1081,#1082);
#1080 = CARTESIAN_POINT('',(3.262726022598,4.400716987193E-15,
    3.819999999985));
#1081 = DIRECTION('',(4.726645406033E-44,1.,5.421010862428E-20));
#1082 = DIRECTION('',(-2.128691848932E-28,-5.421010862428E-20,1.));
#1083 = ADVANCED_FACE('',(#1084),#1125,.F.);
#1084 = FACE_BOUND('',#1085,.F.);
#1085 = EDGE_LOOP('',(#1086,#1102,#1103,#1104,#1120));
#1086 = ORIENTED_EDGE('',*,*,#1087,.F.);
#1087 = EDGE_CURVE('',#889,#1088,#1090,.T.);
#1088 = VERTEX_POINT('',#1089);
#1089 = CARTESIAN_POINT('',(2.799999958079,-3.400678632781E-09,
    4.443397459963));
#1090 = B_SPLINE_CURVE_WITH_KNOTS('',10,(#1091,#1092,#1093,#1094,#1095,
    #1096,#1097,#1098,#1099,#1100,#1101),.UNSPECIFIED.,.F.,.F.,(11,11),(
    0.,6.285395403802),.PIECEWISE_BEZIER_KNOTS.);
#1091 = CARTESIAN_POINT('',(2.8,-3.320532209974E-15,3.733397459611));
#1092 = CARTESIAN_POINT('',(2.79999980122,1.759287823878,3.804397461249)
  );
#1093 = CARTESIAN_POINT('',(1.572047145606,3.52001343733,3.875397455999)
  );
#1094 = CARTESIAN_POINT('',(-0.886726302933,4.304670517815,3.94639746652
    ));
#1095 = CARTESIAN_POINT('',(-3.694450976888,3.205394214954,
    4.017397453335));
#1096 = CARTESIAN_POINT('',(-5.181735339943,1.026600750879E-07,
    4.088397462373));
#1097 = CARTESIAN_POINT('',(-3.694451884995,-3.205394355653,
    4.15939746212));
#1098 = CARTESIAN_POINT('',(-0.886725177986,-4.304670463662,
    4.230397456114));
#1099 = CARTESIAN_POINT('',(1.572046412362,-3.520013446473,
    4.301397462308));
#1100 = CARTESIAN_POINT('',(2.800000060135,-1.759287828275,
    4.372397459115));
#1101 = CARTESIAN_POINT('',(2.799999958079,-3.400732065805E-09,
    4.44339745996));
#1102 = ORIENTED_EDGE('',*,*,#935,.F.);
#1103 = ORIENTED_EDGE('',*,*,#1074,.T.);
#1104 = ORIENTED_EDGE('',*,*,#1105,.T.);
#1105 = EDGE_CURVE('',#1067,#1106,#1108,.T.);
#1106 = VERTEX_POINT('',#1107);
#1107 = CARTESIAN_POINT('',(2.799999958079,-3.400664460385E-09,
    4.616602540711));
#1108 = B_SPLINE_CURVE_WITH_KNOTS('',10,(#1109,#1110,#1111,#1112,#1113,
    #1114,#1115,#1116,#1117,#1118,#1119),.UNSPECIFIED.,.F.,.F.,(11,11),(
    0.,6.285395403802),.PIECEWISE_BEZIER_KNOTS.);
#1109 = CARTESIAN_POINT('',(2.8,-1.823904313696E-15,3.906602540366));
#1110 = CARTESIAN_POINT('',(2.799999801221,1.759287823878,3.977602542004
    ));
#1111 = CARTESIAN_POINT('',(1.572047145603,3.52001343733,4.048602536717)
  );
#1112 = CARTESIAN_POINT('',(-0.886726302929,4.304670517816,
    4.119602547389));
#1113 = CARTESIAN_POINT('',(-3.694450976891,3.205394214953,
    4.190602533873));
#1114 = CARTESIAN_POINT('',(-5.181735339942,1.026617386076E-07,
    4.26160254336));
#1115 = CARTESIAN_POINT('',(-3.694451884995,-3.205394355654,
    4.332602542722));
#1116 = CARTESIAN_POINT('',(-0.886725177987,-4.304670463662,
    4.403602536908));
#1117 = CARTESIAN_POINT('',(1.572046412363,-3.520013446473,
    4.474602543068));
#1118 = CARTESIAN_POINT('',(2.800000060135,-1.759287828275,
    4.545602539863));
#1119 = CARTESIAN_POINT('',(2.799999958079,-3.400719911036E-09,
    4.616602540707));
#1120 = ORIENTED_EDGE('',*,*,#1121,.F.);
#1121 = EDGE_CURVE('',#1088,#1106,#1122,.T.);
#1122 = B_SPLINE_CURVE_WITH_KNOTS('',1,(#1123,#1124),.UNSPECIFIED.,.F.,
  .F.,(2,2),(-0.173205080757,-0.),.PIECEWISE_BEZIER_KNOTS.);
#1123 = CARTESIAN_POINT('',(2.799999958079,-3.400732065805E-09,
    4.44339745996));
#1124 = CARTESIAN_POINT('',(2.799999958079,-3.400719911036E-09,
    4.616602540707));
#1125 = B_SPLINE_SURFACE_WITH_KNOTS('',1,10,(
    (#1126,#1127,#1128,#1129,#1130,#1131,#1132,#1133,#1134,#1135,#1136)
    ,(#1137,#1138,#1139,#1140,#1141,#1142,#1143,#1144,#1145,#1146,#1147
    )),.UNSPECIFIED.,.F.,.F.,.F.,(2,2),(11,11),(-0.173205080757,-0.),(0.
    ,6.285395403802),.PIECEWISE_BEZIER_KNOTS.);
#1126 = CARTESIAN_POINT('',(2.8,-3.320532209974E-15,3.733397459611));
#1127 = CARTESIAN_POINT('',(2.79999980122,1.759287823878,3.804397461249)
  );
#1128 = CARTESIAN_POINT('',(1.572047145606,3.52001343733,3.875397455999)
  );
#1129 = CARTESIAN_POINT('',(-0.886726302933,4.304670517815,3.94639746652
    ));
#1130 = CARTESIAN_POINT('',(-3.694450976888,3.205394214954,
    4.017397453335));
#1131 = CARTESIAN_POINT('',(-5.181735339943,1.026600750879E-07,
    4.088397462373));
#1132 = CARTESIAN_POINT('',(-3.694451884995,-3.205394355653,
    4.15939746212));
#1133 = CARTESIAN_POINT('',(-0.886725177986,-4.304670463662,
    4.230397456114));
#1134 = CARTESIAN_POINT('',(1.572046412362,-3.520013446473,
    4.301397462308));
#1135 = CARTESIAN_POINT('',(2.800000060135,-1.759287828275,
    4.372397459115));
#1136 = CARTESIAN_POINT('',(2.799999958079,-3.400732065805E-09,
    4.44339745996));
#1137 = CARTESIAN_POINT('',(2.8,-1.823904313696E-15,3.906602540366));
#1138 = CARTESIAN_POINT('',(2.799999801221,1.759287823878,3.977602542004
    ));
#1139 = CARTESIAN_POINT('',(1.572047145603,3.52001343733,4.048602536717)
  );
#1140 = CARTESIAN_POINT('',(-0.886726302929,4.304670517816,
    4.119602547389));
#1141 = CARTESIAN_POINT('',(-3.694450976891,3.205394214953,
    4.190602533873));
#1142 = CARTESIAN_POINT('',(-5.181735339942,1.026617386076E-07,
    4.26160254336));
#1143 = CARTESIAN_POINT('',(-3.694451884995,-3.205394355654,
    4.332602542722));
#1144 = CARTESIAN_POINT('',(-0.886725177987,-4.304670463662,
    4.403602536908));
#1145 = CARTESIAN_POINT('',(1.572046412363,-3.520013446473,
    4.474602543068));
#1146 = CARTESIAN_POINT('',(2.800000060135,-1.759287828275,
    4.545602539863));
#1147 = CARTESIAN_POINT('',(2.799999958079,-3.400719911036E-09,
    4.616602540707));
#1148 = ADVANCED_FACE('',(#1149),#1158,.F.);
#1149 = FACE_BOUND('',#1150,.F.);
#1150 = EDGE_LOOP('',(#1151,#1156,#1157));
#1151 = ORIENTED_EDGE('',*,*,#1152,.F.);
#1152 = EDGE_CURVE('',#879,#1088,#1153,.T.);
#1153 = B_SPLINE_CURVE_WITH_KNOTS('',1,(#1154,#1155),.UNSPECIFIED.,.F.,
  .F.,(2,2),(0.,0.826794919243),.PIECEWISE_BEZIER_KNOTS.);
#1154 = CARTESIAN_POINT('',(3.516025361863,-3.400686061452E-09,
    4.030000000334));
#1155 = CARTESIAN_POINT('',(2.799999958079,-3.400732065805E-09,
    4.44339745996));
#1156 = ORIENTED_EDGE('',*,*,#888,.F.);
#1157 = ORIENTED_EDGE('',*,*,#1087,.T.);
#1158 = B_SPLINE_SURFACE_WITH_KNOTS('',1,10,(
    (#1159,#1160,#1161,#1162,#1163,#1164,#1165,#1166,#1167,#1168,#1169)
    ,(#1170,#1171,#1172,#1173,#1174,#1175,#1176,#1177,#1178,#1179,#1180
    )),.UNSPECIFIED.,.F.,.F.,.F.,(2,2),(11,11),(0.,0.826794919243),(0.,
    6.285395403802),.PIECEWISE_BEZIER_KNOTS.);
#1159 = CARTESIAN_POINT('',(3.516025403784,1.827614019185E-15,
    3.319999999992));
#1160 = CARTESIAN_POINT('',(3.516025205002,2.209179862786,3.391000001626
    ));
#1161 = CARTESIAN_POINT('',(1.974056216363,4.420159283224,3.461999996412
    ));
#1162 = CARTESIAN_POINT('',(-1.113482784285,5.405482017285,3.53300000675
    ));
#1163 = CARTESIAN_POINT('',(-4.639208486632,4.025082683386,
    3.603999994082));
#1164 = CARTESIAN_POINT('',(-6.506826172325,1.026837167128E-07,
    3.675000002214));
#1165 = CARTESIAN_POINT('',(-4.639209394749,-4.025082824125,
    3.746000002969));
#1166 = CARTESIAN_POINT('',(-1.113481659326,-5.405481963109,
    3.816999996257));
#1167 = CARTESIAN_POINT('',(1.974055483112,-4.420159292375,
    3.888000002754));
#1168 = CARTESIAN_POINT('',(3.51602546392,-2.20917986718,3.958999999491)
  );
#1169 = CARTESIAN_POINT('',(3.516025361863,-3.400686061452E-09,
    4.030000000334));
#1170 = CARTESIAN_POINT('',(2.8,-3.320532209974E-15,3.733397459611));
#1171 = CARTESIAN_POINT('',(2.79999980122,1.759287823878,3.804397461249)
  );
#1172 = CARTESIAN_POINT('',(1.572047145606,3.52001343733,3.875397455999)
  );
#1173 = CARTESIAN_POINT('',(-0.886726302933,4.304670517815,3.94639746652
    ));
#1174 = CARTESIAN_POINT('',(-3.694450976888,3.205394214954,
    4.017397453335));
#1175 = CARTESIAN_POINT('',(-5.181735339943,1.026600750879E-07,
    4.088397462373));
#1176 = CARTESIAN_POINT('',(-3.694451884995,-3.205394355653,
    4.15939746212));
#1177 = CARTESIAN_POINT('',(-0.886725177986,-4.304670463662,
    4.230397456114));
#1178 = CARTESIAN_POINT('',(1.572046412362,-3.520013446473,
    4.301397462308));
#1179 = CARTESIAN_POINT('',(2.800000060135,-1.759287828275,
    4.372397459115));
#1180 = CARTESIAN_POINT('',(2.799999958079,-3.400732065805E-09,
    4.44339745996));
#1181 = ADVANCED_FACE('',(#1182),#1201,.T.);
#1182 = FACE_BOUND('',#1183,.T.);
#1183 = EDGE_LOOP('',(#1184,#1185,#1193,#1200));
#1184 = ORIENTED_EDGE('',*,*,#1003,.T.);
#1185 = ORIENTED_EDGE('',*,*,#1186,.T.);
#1186 = EDGE_CURVE('',#996,#1187,#1189,.T.);
#1187 = VERTEX_POINT('',#1188);
#1188 = CARTESIAN_POINT('',(0.535,0.,0.));
#1189 = LINE('',#1190,#1191);
#1190 = CARTESIAN_POINT('',(0.635,2.22044604925E-17,0.1));
#1191 = VECTOR('',#1192,1.);
#1192 = DIRECTION('',(-0.707106781185,-1.570092458687E-16,
    -0.707106781188));
#1193 = ORIENTED_EDGE('',*,*,#1194,.F.);
#1194 = EDGE_CURVE('',#1187,#1187,#1195,.T.);
#1195 = CIRCLE('',#1196,0.535);
#1196 = AXIS2_PLACEMENT_3D('',#1197,#1198,#1199);
#1197 = CARTESIAN_POINT('',(0.,0.,0.));
#1198 = DIRECTION('',(0.,-2.22044604925E-16,-1.));
#1199 = DIRECTION('',(1.,0.,0.));
#1200 = ORIENTED_EDGE('',*,*,#1186,.F.);
#1201 = CONICAL_SURFACE('',#1202,0.635,0.785398163395);
#1202 = AXIS2_PLACEMENT_3D('',#1203,#1204,#1205);
#1203 = CARTESIAN_POINT('',(0.,2.22044604925E-17,0.1));
#1204 = DIRECTION('',(0.,2.22044604925E-16,1.));
#1205 = DIRECTION('',(1.,0.,-0.));
#1206 = ADVANCED_FACE('',(#1207),#1278,.F.);
#1207 = FACE_BOUND('',#1208,.F.);
#1208 = EDGE_LOOP('',(#1209,#1210,#1211,#1212,#1273));
#1209 = ORIENTED_EDGE('',*,*,#1105,.F.);
#1210 = ORIENTED_EDGE('',*,*,#1066,.T.);
#1211 = ORIENTED_EDGE('',*,*,#1019,.T.);
#1212 = ORIENTED_EDGE('',*,*,#1213,.T.);
#1213 = EDGE_CURVE('',#1020,#1214,#1216,.T.);
#1214 = VERTEX_POINT('',#1215);
#1215 = CARTESIAN_POINT('',(3.175,-1.700326097384E-09,4.833108915859));
#1216 = B_SPLINE_CURVE_WITH_KNOTS('',7,(#1217,#1218,#1219,#1220,#1221,
    #1222,#1223,#1224,#1225,#1226,#1227,#1228,#1229,#1230,#1231,#1232,
    #1233,#1234,#1235,#1236,#1237,#1238,#1239,#1240,#1241,#1242,#1243,
    #1244,#1245,#1246,#1247,#1248,#1249,#1250,#1251,#1252,#1253,#1254,
    #1255,#1256,#1257,#1258,#1259,#1260,#1261,#1262,#1263,#1264,#1265,
    #1266,#1267,#1268,#1269,#1270,#1271,#1272),.UNSPECIFIED.,.F.,.F.,(8,
    6,6,6,6,6,6,6,6,8),(0.,9.685552209411E-02,0.134778828401,
    0.261256133275,0.368341129767,0.47404079258,0.640130166469,
    0.793119929237,0.919314216048,1.),.UNSPECIFIED.);
#1217 = CARTESIAN_POINT('',(0.779105653798,3.077924524777,4.2725994));
#1218 = CARTESIAN_POINT('',(0.567878624788,3.131391778521,4.28034962224)
  );
#1219 = CARTESIAN_POINT('',(0.352351617817,3.167952126392,4.288100170187
    ));
#1220 = CARTESIAN_POINT('',(0.13418250132,3.187180308288,4.295850496263)
  );
#1221 = CARTESIAN_POINT('',(-8.4959119015E-02,3.188872068094,
    4.303601441534));
#1222 = CARTESIAN_POINT('',(-0.303398844815,3.173014523593,
    4.311354039771));
#1223 = CARTESIAN_POINT('',(-0.519464191486,3.139786192829,
    4.319108519864));
#1224 = CARTESIAN_POINT('',(-0.814509139348,3.069931301798,
    4.329899933723));
#1225 = CARTESIAN_POINT('',(-0.896911256719,3.047673360565,
    4.332936548179));
#1226 = CARTESIAN_POINT('',(-0.978599139204,3.022836137366,
    4.335973337263));
#1227 = CARTESIAN_POINT('',(-1.059476036799,2.995447398769,
    4.339010284996));
#1228 = CARTESIAN_POINT('',(-1.139446718988,2.965539393754,
    4.342047372102));
#1229 = CARTESIAN_POINT('',(-1.218417474735,2.933148853713,
    4.345084576008));
#1230 = CARTESIAN_POINT('',(-1.556027691032,2.782149907751,
    4.358251495668));
#1231 = CARTESIAN_POINT('',(-1.803682090111,2.638796982555,
    4.368384759027));
#1232 = CARTESIAN_POINT('',(-2.035717632774,2.469813790843,
    4.378516288258));
#1233 = CARTESIAN_POINT('',(-2.24901692345,2.277289939187,4.388645702817
    ));
#1234 = CARTESIAN_POINT('',(-2.440812065655,2.063723663487,
    4.398774879559));
#1235 = CARTESIAN_POINT('',(-2.608705898007,1.832002719526,
    4.408904646922));
#1236 = CARTESIAN_POINT('',(-2.871087472071,1.376777079848,
    4.427604546027));
#1237 = CARTESIAN_POINT('',(-2.972926421985,1.157385578391,
    4.436178675337));
#1238 = CARTESIAN_POINT('',(-3.055137143476,0.92932558288,4.444751556156
    ));
#1239 = CARTESIAN_POINT('',(-3.116871771329,0.694707970145,4.45332391964
    ));
#1240 = CARTESIAN_POINT('',(-3.15755454036,0.455721128447,4.461897206127
    ));
#1241 = CARTESIAN_POINT('',(-3.176884695156,0.214619798568,4.47047190205
    ));
#1242 = CARTESIAN_POINT('',(-3.172923691137,-0.26404822934,
    4.487509128141));
#1243 = CARTESIAN_POINT('',(-3.150180168727,-0.501682723805,
    4.495973859784));
#1244 = CARTESIAN_POINT('',(-3.106670112627,-0.736942608815,
    4.504438279226));
#1245 = CARTESIAN_POINT('',(-3.042714218388,-0.967664180138,
    4.512902419754));
#1246 = CARTESIAN_POINT('',(-2.958893739313,-1.191750360094,
    4.52136688608));
#1247 = CARTESIAN_POINT('',(-2.856047635718,-1.40718104507,4.529831566)
  );
#1248 = CARTESIAN_POINT('',(-2.545610582728,-1.933933271993,
    4.551592348153));
#1249 = CARTESIAN_POINT('',(-2.311562515351,-2.23002925995,
    4.564898536674));
#1250 = CARTESIAN_POINT('',(-2.037619287526,-2.492523037804,
    4.578193434024));
#1251 = CARTESIAN_POINT('',(-1.729728223862,-2.715253596364,
    4.591483638464));
#1252 = CARTESIAN_POINT('',(-1.394694899246,-2.893298929349,
    4.604776434983));
#1253 = CARTESIAN_POINT('',(-1.040229942112,-3.022937642681,
    4.618081154965));
#1254 = CARTESIAN_POINT('',(-0.338839218524,-3.175573201121,
    4.643628767369));
#1255 = CARTESIAN_POINT('',(6.899669122433E-03,-3.206267150024,
    4.655888096559));
#1256 = CARTESIAN_POINT('',(0.3553022787,-3.192912699869,4.668145315089)
  );
#1257 = CARTESIAN_POINT('',(0.699692219897,-3.135500362294,4.68040353321
    ));
#1258 = CARTESIAN_POINT('',(1.033585943335,-3.035110806478,
    4.692662152977));
#1259 = CARTESIAN_POINT('',(1.350670783677,-2.893918779275,
    4.704922180155));
#1260 = CARTESIAN_POINT('',(1.887853259252,-2.568507024971,
    4.727274751413));
#1261 = CARTESIAN_POINT('',(2.115384752275,-2.396049543104,
    4.737378018163));
#1262 = CARTESIAN_POINT('',(2.324336169753,-2.200192871371,
    4.747476332153));
#1263 = CARTESIAN_POINT('',(2.511890649916,-1.98337896358,4.757571697924
    ));
#1264 = CARTESIAN_POINT('',(2.675625428374,-1.748408844428,4.76766932627
    ));
#1265 = CARTESIAN_POINT('',(2.813530164668,-1.498421129747,
    4.777772605925));
#1266 = CARTESIAN_POINT('',(2.994847941414,-1.069793185165,
    4.794336627793));
#1267 = CARTESIAN_POINT('',(3.054417495622,-0.89789884702,4.800798389018
    ));
#1268 = CARTESIAN_POINT('',(3.102455692797,-0.722184921061,
    4.807261090737));
#1269 = CARTESIAN_POINT('',(3.138678586496,-0.543580351422,
    4.813724377892));
#1270 = CARTESIAN_POINT('',(3.162893564964,-0.36303399937,4.820187321339
    ));
#1271 = CARTESIAN_POINT('',(3.174999999806,-0.181512436612,
    4.826648769166));
#1272 = CARTESIAN_POINT('',(3.175,-3.400556021906E-09,4.833108915859));
#1273 = ORIENTED_EDGE('',*,*,#1274,.F.);
#1274 = EDGE_CURVE('',#1106,#1214,#1275,.T.);
#1275 = B_SPLINE_CURVE_WITH_KNOTS('',1,(#1276,#1277),.UNSPECIFIED.,.F.,
  .F.,(2,2),(-0.826794919243,-0.),.PIECEWISE_BEZIER_KNOTS.);
#1276 = CARTESIAN_POINT('',(2.799999958079,-3.400719911036E-09,
    4.616602540707));
#1277 = CARTESIAN_POINT('',(3.516025361864,-3.400592662637E-09,
    5.030000000334));
#1278 = B_SPLINE_SURFACE_WITH_KNOTS('',1,10,(
    (#1279,#1280,#1281,#1282,#1283,#1284,#1285,#1286,#1287,#1288,#1289)
    ,(#1290,#1291,#1292,#1293,#1294,#1295,#1296,#1297,#1298,#1299,#1300
    )),.UNSPECIFIED.,.F.,.F.,.F.,(2,2),(11,11),(-0.826794919243,-0.),(0.
    ,6.285395403802),.PIECEWISE_BEZIER_KNOTS.);
#1279 = CARTESIAN_POINT('',(2.8,-1.823904313696E-15,3.906602540366));
#1280 = CARTESIAN_POINT('',(2.799999801221,1.759287823878,3.977602542004
    ));
#1281 = CARTESIAN_POINT('',(1.572047145603,3.52001343733,4.048602536717)
  );
#1282 = CARTESIAN_POINT('',(-0.886726302929,4.304670517816,
    4.119602547389));
#1283 = CARTESIAN_POINT('',(-3.694450976891,3.205394214953,
    4.190602533873));
#1284 = CARTESIAN_POINT('',(-5.181735339942,1.026617386076E-07,
    4.26160254336));
#1285 = CARTESIAN_POINT('',(-3.694451884995,-3.205394355654,
    4.332602542722));
#1286 = CARTESIAN_POINT('',(-0.886725177987,-4.304670463662,
    4.403602536908));
#1287 = CARTESIAN_POINT('',(1.572046412363,-3.520013446473,
    4.474602543068));
#1288 = CARTESIAN_POINT('',(2.800000060135,-1.759287828275,
    4.545602539863));
#1289 = CARTESIAN_POINT('',(2.799999958079,-3.400719911036E-09,
    4.616602540707));
#1290 = CARTESIAN_POINT('',(3.516025403784,1.079515978489E-15,
    4.319999999992));
#1291 = CARTESIAN_POINT('',(3.516025205007,2.209179862787,4.391000001626
    ));
#1292 = CARTESIAN_POINT('',(1.974056216351,4.420159283226,4.461999996334
    ));
#1293 = CARTESIAN_POINT('',(-1.113482784265,5.405482017284,
    4.533000007043));
#1294 = CARTESIAN_POINT('',(-4.639208486654,4.025082683391,
    4.603999993434));
#1295 = CARTESIAN_POINT('',(-6.506826172317,1.026800252213E-07,
    4.675000003045));
#1296 = CARTESIAN_POINT('',(-4.639209394746,-4.025082824124,
    4.746000002322));
#1297 = CARTESIAN_POINT('',(-1.113481659337,-5.40548196311,
    4.816999996549));
#1298 = CARTESIAN_POINT('',(1.97405548312,-4.420159292377,4.888000002676
    ));
#1299 = CARTESIAN_POINT('',(3.516025463918,-2.209179867181,
    4.958999999491));
#1300 = CARTESIAN_POINT('',(3.516025361864,-3.400592662637E-09,
    5.030000000334));
#1301 = ADVANCED_FACE('',(#1302),#1406,.F.);
#1302 = FACE_BOUND('',#1303,.F.);
#1303 = EDGE_LOOP('',(#1304,#1305,#1306,#1322,#1329));
#1304 = ORIENTED_EDGE('',*,*,#1047,.F.);
#1305 = ORIENTED_EDGE('',*,*,#1152,.T.);
#1306 = ORIENTED_EDGE('',*,*,#1307,.T.);
#1307 = EDGE_CURVE('',#1088,#1308,#1310,.T.);
#1308 = VERTEX_POINT('',#1309);
#1309 = CARTESIAN_POINT('',(2.799999916061,-6.816187239833E-09,
    5.153397460315));
#1310 = B_SPLINE_CURVE_WITH_KNOTS('',10,(#1311,#1312,#1313,#1314,#1315,
    #1316,#1317,#1318,#1319,#1320,#1321),.UNSPECIFIED.,.F.,.F.,(11,11),(
    0.,6.285395403802),.PIECEWISE_BEZIER_KNOTS.);
#1311 = CARTESIAN_POINT('',(2.799999958079,-3.400621938549E-09,
    4.443397459967));
#1312 = CARTESIAN_POINT('',(2.799999760598,1.759287794022,4.514397461611
    ));
#1313 = CARTESIAN_POINT('',(1.572047121544,3.52001338744,4.585397456244)
  );
#1314 = CARTESIAN_POINT('',(-0.886726254523,4.304670441446,
    4.656397467308));
#1315 = CARTESIAN_POINT('',(-3.694450987382,3.205394170722,
    4.727397452775));
#1316 = CARTESIAN_POINT('',(-5.18173517615,1.505644016579E-07,
    4.798397463839));
#1317 = CARTESIAN_POINT('',(-3.694451896712,-3.20539437029,
    4.869397461533));
#1318 = CARTESIAN_POINT('',(-0.88672514712,-4.304670348471,4.94039745702
    ));
#1319 = CARTESIAN_POINT('',(1.572046382852,-3.52001340981,5.011397462497
    ));
#1320 = CARTESIAN_POINT('',(2.800000015986,-1.759287805115,
    5.082397459471));
#1321 = CARTESIAN_POINT('',(2.799999916061,-6.816312937481E-09,
    5.153397460315));
#1322 = ORIENTED_EDGE('',*,*,#1323,.F.);
#1323 = EDGE_CURVE('',#1324,#1308,#1326,.T.);
#1324 = VERTEX_POINT('',#1325);
#1325 = CARTESIAN_POINT('',(3.175,-3.408125184968E-09,4.936891060904));
#1326 = B_SPLINE_CURVE_WITH_KNOTS('',1,(#1327,#1328),.UNSPECIFIED.,.F.,
  .F.,(2,2),(0.,0.826794919243),.PIECEWISE_BEZIER_KNOTS.);
#1327 = CARTESIAN_POINT('',(3.516025319844,-6.816195564075E-09,
    4.740000000689));
#1328 = CARTESIAN_POINT('',(2.799999916061,-6.816312937481E-09,
    5.153397460315));
#1329 = ORIENTED_EDGE('',*,*,#1330,.F.);
#1330 = EDGE_CURVE('',#1039,#1324,#1331,.T.);
#1331 = B_SPLINE_CURVE_WITH_KNOTS('',7,(#1332,#1333,#1334,#1335,#1336,
    #1337,#1338,#1339,#1340,#1341,#1342,#1343,#1344,#1345,#1346,#1347,
    #1348,#1349,#1350,#1351,#1352,#1353,#1354,#1355,#1356,#1357,#1358,
    #1359,#1360,#1361,#1362,#1363,#1364,#1365,#1366,#1367,#1368,#1369,
    #1370,#1371,#1372,#1373,#1374,#1375,#1376,#1377,#1378,#1379,#1380,
    #1381,#1382,#1383,#1384,#1385,#1386,#1387,#1388,#1389,#1390,#1391,
    #1392,#1393,#1394,#1395,#1396,#1397,#1398,#1399,#1400,#1401,#1402,
    #1403,#1404,#1405),.UNSPECIFIED.,.F.,.F.,(8,6,6,6,6,6,6,6,6,6,6,6,8)
  ,(0.,0.106330413633,0.136740191528,0.236140509604,0.37559089948,
    0.465845431033,0.556578720819,0.661840267354,0.694975782947,
    0.825529640298,0.896129674578,0.932470596964,1.),.UNSPECIFIED.);
#1332 = CARTESIAN_POINT('',(2.918896562217,1.249266928673,4.2725994));
#1333 = CARTESIAN_POINT('',(2.80734873076,1.509897041506,4.282689204201)
  );
#1334 = CARTESIAN_POINT('',(2.668621478944,1.758973857005,4.29277841761)
  );
#1335 = CARTESIAN_POINT('',(2.50419657944,1.992971107808,4.302862064823)
  );
#1336 = CARTESIAN_POINT('',(2.31608839677,2.208771027797,4.312943547699)
  );
#1337 = CARTESIAN_POINT('',(2.106720229943,2.40359327974,4.323028030991)
  );
#1338 = CARTESIAN_POINT('',(1.878906030409,2.575016220012,4.333117466086
    ));
#1339 = CARTESIAN_POINT('',(1.566450140442,2.762866754919,4.346092863499
    ));
#1340 = CARTESIAN_POINT('',(1.495717991774,2.80257288471,4.348978715947)
  );
#1341 = CARTESIAN_POINT('',(1.423815340187,2.840164240291,4.351864805169
    ));
#1342 = CARTESIAN_POINT('',(1.350818156049,2.875599650029,4.354751120041
    ));
#1343 = CARTESIAN_POINT('',(1.276804089235,2.908841420134,4.357637643334
    ));
#1344 = CARTESIAN_POINT('',(1.201852469123,2.939855334663,4.360524351714
    ));
#1345 = CARTESIAN_POINT('',(0.878250463672,3.062603056571,4.372847496516
    ));
#1346 = CARTESIAN_POINT('',(0.621254390619,3.132482884891,4.382287289472
    ));
#1347 = CARTESIAN_POINT('',(0.357958808838,3.177130795986,4.391726486136
    ));
#1348 = CARTESIAN_POINT('',(9.133069672388E-02,3.195927599926,
    4.401164114884));
#1349 = CARTESIAN_POINT('',(-0.175624615115,3.188661454322,
    4.410600825624));
#1350 = CARTESIAN_POINT('',(-0.439882689622,3.155529195674,4.42003679957
    ));
#1351 = CARTESIAN_POINT('',(-1.06110852304,3.015445418007,4.442701795793
    ));
#1352 = CARTESIAN_POINT('',(-1.41290284379,2.884044633077,4.455940781532
    ));
#1353 = CARTESIAN_POINT('',(-1.745141900555,2.704850084812,
    4.469168224849));
#1354 = CARTESIAN_POINT('',(-2.050250316277,2.481573740461,
    4.482393211986));
#1355 = CARTESIAN_POINT('',(-2.321548969873,2.219103189132,
    4.495622872636));
#1356 = CARTESIAN_POINT('',(-2.553208062626,1.923536139041,
    4.508863584792));
#1357 = CARTESIAN_POINT('',(-2.862335242438,1.394836246836,
    4.530660624714));
#1358 = CARTESIAN_POINT('',(-2.965443706052,1.176334248047,
    4.539226927672));
#1359 = CARTESIAN_POINT('',(-3.049022465064,0.94905896025,4.547792969587
    ));
#1360 = CARTESIAN_POINT('',(-3.11221304683,0.715108839453,4.556358635298
    ));
#1361 = CARTESIAN_POINT('',(-3.154427400646,0.476661257429,
    4.564924578297));
#1362 = CARTESIAN_POINT('',(-3.175350853416,0.235961443849,4.57349085224
    ));
#1363 = CARTESIAN_POINT('',(-3.174640384642,-0.246587164881,
    4.590665515298));
#1364 = CARTESIAN_POINT('',(-3.152780027606,-0.488501398154,
    4.599276200951));
#1365 = CARTESIAN_POINT('',(-3.109408875128,-0.728063616119,
    4.607885466357));
#1366 = CARTESIAN_POINT('',(-3.044855237929,-0.962993757098,
    4.61649382468));
#1367 = CARTESIAN_POINT('',(-2.959726205955,-1.191082192785,
    4.625102753573));
#1368 = CARTESIAN_POINT('',(-2.854904552701,-1.410201111172,
    4.633712993349));
#1369 = CARTESIAN_POINT('',(-2.588549030283,-1.859785664724,
    4.652311106423));
#1370 = CARTESIAN_POINT('',(-2.420563330189,-2.086548721507,
    4.66230281035));
#1371 = CARTESIAN_POINT('',(-2.229511243859,-2.295416733454,
    4.672294024296));
#1372 = CARTESIAN_POINT('',(-2.017718749762,-2.48364033092,
    4.682285485395));
#1373 = CARTESIAN_POINT('',(-1.787860449954,-2.648842603213,
    4.692278908002));
#1374 = CARTESIAN_POINT('',(-1.542939750528,-2.789036673514,
    4.702273906737));
#1375 = CARTESIAN_POINT('',(-1.205586643369,-2.938535495869,
    4.715410697801));
#1376 = CARTESIAN_POINT('',(-1.123654171738,-2.971707066041,
    4.718555855555));
#1377 = CARTESIAN_POINT('',(-1.040662071471,-3.002211240449,
    4.721700885028));
#1378 = CARTESIAN_POINT('',(-0.956714618353,-3.030007758565,
    4.724845761324));
#1379 = CARTESIAN_POINT('',(-0.871917798671,-3.055061526856,
    4.727990463568));
#1380 = CARTESIAN_POINT('',(-0.786379309212,-3.077342618784,
    4.731134974904));
#1381 = CARTESIAN_POINT('',(-0.360695987258,-3.173591835972,
    4.746667847386));
#1382 = CARTESIAN_POINT('',(-1.116832112433E-02,-3.206975800675,
    4.75906045712));
#1383 = CARTESIAN_POINT('',(0.341368928922,-3.195305347943,
    4.771443402769));
#1384 = CARTESIAN_POINT('',(0.690006964826,-3.138534696019,
    4.783821582409));
#1385 = CARTESIAN_POINT('',(1.028035002628,-3.037756389651,
    4.796202348383));
#1386 = CARTESIAN_POINT('',(1.348915093236,-2.895205520746,
    4.808593451984));
#1387 = CARTESIAN_POINT('',(1.80747771468,-2.617074967982,4.827681411304
    ));
#1388 = CARTESIAN_POINT('',(1.961677990552,-2.508321045978,
    4.834382506313));
#1389 = CARTESIAN_POINT('',(2.108194703986,-2.388997444914,
    4.841084764907));
#1390 = CARTESIAN_POINT('',(2.246167124555,-2.259762533829,
    4.847788096602));
#1391 = CARTESIAN_POINT('',(2.374807278328,-2.121354489133,
    4.854492304426));
#1392 = CARTESIAN_POINT('',(2.493402175392,-1.974589147165,
    4.861196745393));
#1393 = CARTESIAN_POINT('',(2.656876824903,-1.740982067868,4.87135075779
    ));
#1394 = CARTESIAN_POINT('',(2.709603000855,-1.65961898954,4.874801154811
    ));
#1395 = CARTESIAN_POINT('',(2.759418150428,-1.576399073398,
    4.878251286842));
#1396 = CARTESIAN_POINT('',(2.806244296595,-1.491447464565,
    4.881701075112));
#1397 = CARTESIAN_POINT('',(2.850010355436,-1.40489310891,4.885150464193
    ));
#1398 = CARTESIAN_POINT('',(2.89065213614,-1.316868753048,4.888599422));
#1399 = CARTESIAN_POINT('',(2.997721616326,-1.061464540382,
    4.898456042072));
#1400 = CARTESIAN_POINT('',(3.056348558432,-0.890805399069,
    4.904862921586));
#1401 = CARTESIAN_POINT('',(3.10362059715,-0.716417401776,4.911268189592
    ));
#1402 = CARTESIAN_POINT('',(3.139262663407,-0.539207831631,
    4.917672299376));
#1403 = CARTESIAN_POINT('',(3.163088241434,-0.360103219068,
    4.924076729101));
#1404 = CARTESIAN_POINT('',(3.174999999613,-0.180047145748,
    4.930483075855));
#1405 = CARTESIAN_POINT('',(3.175,-6.816212247272E-09,4.936891060904));
#1406 = B_SPLINE_SURFACE_WITH_KNOTS('',1,10,(
    (#1407,#1408,#1409,#1410,#1411,#1412,#1413,#1414,#1415,#1416,#1417)
    ,(#1418,#1419,#1420,#1421,#1422,#1423,#1424,#1425,#1426,#1427,#1428
    )),.UNSPECIFIED.,.F.,.F.,.F.,(2,2),(11,11),(0.,0.826794919243),(0.,
    6.285395403802),.PIECEWISE_BEZIER_KNOTS.);
#1407 = CARTESIAN_POINT('',(3.516025361863,-3.400572066703E-09,
    4.030000000341));
#1408 = CARTESIAN_POINT('',(3.51602516438,2.20917983293,4.101000001981)
  );
#1409 = CARTESIAN_POINT('',(1.974056192301,4.420159233333,4.171999996596
    ));
#1410 = CARTESIAN_POINT('',(-1.113482735874,5.405481940914,
    4.243000007777));
#1411 = CARTESIAN_POINT('',(-4.639208497129,4.025082639154,
    4.313999992967));
#1412 = CARTESIAN_POINT('',(-6.506826008529,1.505862038653E-07,
    4.385000004442));
#1413 = CARTESIAN_POINT('',(-4.639209406465,-4.025082838759,
    4.456000001703));
#1414 = CARTESIAN_POINT('',(-1.113481628461,-5.405481847918,
    4.526999997523));
#1415 = CARTESIAN_POINT('',(1.974055453602,-4.420159255711,
    4.598000002822));
#1416 = CARTESIAN_POINT('',(3.51602541977,-2.209179844021,4.668999999847
    ));
#1417 = CARTESIAN_POINT('',(3.516025319844,-6.816195564075E-09,
    4.740000000689));
#1418 = CARTESIAN_POINT('',(2.799999958079,-3.400621938549E-09,
    4.443397459967));
#1419 = CARTESIAN_POINT('',(2.799999760598,1.759287794022,4.514397461611
    ));
#1420 = CARTESIAN_POINT('',(1.572047121544,3.52001338744,4.585397456244)
  );
#1421 = CARTESIAN_POINT('',(-0.886726254523,4.304670441446,
    4.656397467308));
#1422 = CARTESIAN_POINT('',(-3.694450987382,3.205394170722,
    4.727397452775));
#1423 = CARTESIAN_POINT('',(-5.18173517615,1.505644016579E-07,
    4.798397463839));
#1424 = CARTESIAN_POINT('',(-3.694451896712,-3.20539437029,
    4.869397461533));
#1425 = CARTESIAN_POINT('',(-0.88672514712,-4.304670348471,4.94039745702
    ));
#1426 = CARTESIAN_POINT('',(1.572046382852,-3.52001340981,5.011397462497
    ));
#1427 = CARTESIAN_POINT('',(2.800000015986,-1.759287805115,
    5.082397459471));
#1428 = CARTESIAN_POINT('',(2.799999916061,-6.816312937481E-09,
    5.153397460315));
#1429 = ADVANCED_FACE('',(#1430),#1441,.T.);
#1430 = FACE_BOUND('',#1431,.T.);
#1431 = EDGE_LOOP('',(#1432,#1438,#1439,#1440));
#1432 = ORIENTED_EDGE('',*,*,#1433,.F.);
#1433 = EDGE_CURVE('',#1324,#1214,#1434,.T.);
#1434 = LINE('',#1435,#1436);
#1435 = CARTESIAN_POINT('',(3.175,1.633670976275E-15,7.3574));
#1436 = VECTOR('',#1437,1.);
#1437 = DIRECTION('',(0.,-2.22044604925E-16,-1.));
#1438 = ORIENTED_EDGE('',*,*,#1330,.F.);
#1439 = ORIENTED_EDGE('',*,*,#1038,.F.);
#1440 = ORIENTED_EDGE('',*,*,#1213,.T.);
#1441 = CYLINDRICAL_SURFACE('',#1442,3.175);
#1442 = AXIS2_PLACEMENT_3D('',#1443,#1444,#1445);
#1443 = CARTESIAN_POINT('',(0.,1.633670976275E-15,7.3574));
#1444 = DIRECTION('',(0.,-2.22044604925E-16,-1.));
#1445 = DIRECTION('',(1.,0.,0.));
#1446 = ADVANCED_FACE('',(#1447),#1472,.F.);
#1447 = FACE_BOUND('',#1448,.F.);
#1448 = EDGE_LOOP('',(#1449,#1450,#1451,#1467));
#1449 = ORIENTED_EDGE('',*,*,#1307,.F.);
#1450 = ORIENTED_EDGE('',*,*,#1121,.T.);
#1451 = ORIENTED_EDGE('',*,*,#1452,.T.);
#1452 = EDGE_CURVE('',#1106,#1453,#1455,.T.);
#1453 = VERTEX_POINT('',#1454);
#1454 = CARTESIAN_POINT('',(2.799999916061,-6.816158856582E-09,
    5.32660254107));
#1455 = B_SPLINE_CURVE_WITH_KNOTS('',10,(#1456,#1457,#1458,#1459,#1460,
    #1461,#1462,#1463,#1464,#1465,#1466),.UNSPECIFIED.,.F.,.F.,(11,11),(
    0.,6.285395403802),.PIECEWISE_BEZIER_KNOTS.);
#1456 = CARTESIAN_POINT('',(2.799999958079,-3.400607624745E-09,
    4.616602540715));
#1457 = CARTESIAN_POINT('',(2.7999997606,1.759287794022,4.687602542359)
  );
#1458 = CARTESIAN_POINT('',(1.572047121542,3.52001338744,4.758602537091)
  );
#1459 = CARTESIAN_POINT('',(-0.88672625452,4.304670441447,4.829602547789
    ));
#1460 = CARTESIAN_POINT('',(-3.694450987384,3.20539417072,4.900602533955
    ));
#1461 = CARTESIAN_POINT('',(-5.181735176152,1.505673805698E-07,
    4.971602544181));
#1462 = CARTESIAN_POINT('',(-3.694451896709,-3.205394370293,
    5.042602542517));
#1463 = CARTESIAN_POINT('',(-0.886725147123,-4.30467034847,
    5.113602537716));
#1464 = CARTESIAN_POINT('',(1.572046382854,-3.520013409811,5.18460254324
    ));
#1465 = CARTESIAN_POINT('',(2.800000015986,-1.759287805115,
    5.255602540226));
#1466 = CARTESIAN_POINT('',(2.799999916061,-6.816284412821E-09,
    5.32660254107));
#1467 = ORIENTED_EDGE('',*,*,#1468,.F.);
#1468 = EDGE_CURVE('',#1308,#1453,#1469,.T.);
#1469 = B_SPLINE_CURVE_WITH_KNOTS('',1,(#1470,#1471),.UNSPECIFIED.,.F.,
  .F.,(2,2),(-0.173205080757,-0.),.PIECEWISE_BEZIER_KNOTS.);
#1470 = CARTESIAN_POINT('',(2.799999916061,-6.816312937481E-09,
    5.153397460315));
#1471 = CARTESIAN_POINT('',(2.799999916061,-6.816284412821E-09,
    5.32660254107));
#1472 = B_SPLINE_SURFACE_WITH_KNOTS('',1,10,(
    (#1473,#1474,#1475,#1476,#1477,#1478,#1479,#1480,#1481,#1482,#1483)
    ,(#1484,#1485,#1486,#1487,#1488,#1489,#1490,#1491,#1492,#1493,#1494
    )),.UNSPECIFIED.,.F.,.F.,.F.,(2,2),(11,11),(-0.173205080757,-0.),(0.
    ,6.285395403802),.PIECEWISE_BEZIER_KNOTS.);
#1473 = CARTESIAN_POINT('',(2.799999958079,-3.400621938549E-09,
    4.443397459967));
#1474 = CARTESIAN_POINT('',(2.799999760598,1.759287794022,4.514397461611
    ));
#1475 = CARTESIAN_POINT('',(1.572047121544,3.52001338744,4.585397456244)
  );
#1476 = CARTESIAN_POINT('',(-0.886726254523,4.304670441446,
    4.656397467308));
#1477 = CARTESIAN_POINT('',(-3.694450987382,3.205394170722,
    4.727397452775));
#1478 = CARTESIAN_POINT('',(-5.18173517615,1.505644016579E-07,
    4.798397463839));
#1479 = CARTESIAN_POINT('',(-3.694451896712,-3.20539437029,
    4.869397461533));
#1480 = CARTESIAN_POINT('',(-0.88672514712,-4.304670348471,4.94039745702
    ));
#1481 = CARTESIAN_POINT('',(1.572046382852,-3.52001340981,5.011397462497
    ));
#1482 = CARTESIAN_POINT('',(2.800000015986,-1.759287805115,
    5.082397459471));
#1483 = CARTESIAN_POINT('',(2.799999916061,-6.816312937481E-09,
    5.153397460315));
#1484 = CARTESIAN_POINT('',(2.799999958079,-3.400607624745E-09,
    4.616602540715));
#1485 = CARTESIAN_POINT('',(2.7999997606,1.759287794022,4.687602542359)
  );
#1486 = CARTESIAN_POINT('',(1.572047121542,3.52001338744,4.758602537091)
  );
#1487 = CARTESIAN_POINT('',(-0.88672625452,4.304670441447,4.829602547789
    ));
#1488 = CARTESIAN_POINT('',(-3.694450987384,3.20539417072,4.900602533955
    ));
#1489 = CARTESIAN_POINT('',(-5.181735176152,1.505673805698E-07,
    4.971602544181));
#1490 = CARTESIAN_POINT('',(-3.694451896709,-3.205394370293,
    5.042602542517));
#1491 = CARTESIAN_POINT('',(-0.886725147123,-4.30467034847,
    5.113602537716));
#1492 = CARTESIAN_POINT('',(1.572046382854,-3.520013409811,5.18460254324
    ));
#1493 = CARTESIAN_POINT('',(2.800000015986,-1.759287805115,
    5.255602540226));
#1494 = CARTESIAN_POINT('',(2.799999916061,-6.816284412821E-09,
    5.32660254107));
#1495 = ADVANCED_FACE('',(#1496),#1499,.T.);
#1496 = FACE_BOUND('',#1497,.T.);
#1497 = EDGE_LOOP('',(#1498));
#1498 = ORIENTED_EDGE('',*,*,#1194,.T.);
#1499 = PLANE('',#1500);
#1500 = AXIS2_PLACEMENT_3D('',#1501,#1502,#1503);
#1501 = CARTESIAN_POINT('',(0.,0.,0.));
#1502 = DIRECTION('',(0.,-2.22044604925E-16,-1.));
#1503 = DIRECTION('',(1.,0.,0.));
#1504 = ADVANCED_FACE('',(#1505),#1598,.F.);
#1505 = FACE_BOUND('',#1506,.F.);
#1506 = EDGE_LOOP('',(#1507,#1508,#1509,#1593));
#1507 = ORIENTED_EDGE('',*,*,#1452,.F.);
#1508 = ORIENTED_EDGE('',*,*,#1274,.T.);
#1509 = ORIENTED_EDGE('',*,*,#1510,.T.);
#1510 = EDGE_CURVE('',#1214,#1511,#1513,.T.);
#1511 = VERTEX_POINT('',#1512);
#1512 = CARTESIAN_POINT('',(3.175,-3.408072739057E-09,5.543108940473));
#1513 = B_SPLINE_CURVE_WITH_KNOTS('',8,(#1514,#1515,#1516,#1517,#1518,
    #1519,#1520,#1521,#1522,#1523,#1524,#1525,#1526,#1527,#1528,#1529,
    #1530,#1531,#1532,#1533,#1534,#1535,#1536,#1537,#1538,#1539,#1540,
    #1541,#1542,#1543,#1544,#1545,#1546,#1547,#1548,#1549,#1550,#1551,
    #1552,#1553,#1554,#1555,#1556,#1557,#1558,#1559,#1560,#1561,#1562,
    #1563,#1564,#1565,#1566,#1567,#1568,#1569,#1570,#1571,#1572,#1573,
    #1574,#1575,#1576,#1577,#1578,#1579,#1580,#1581,#1582,#1583,#1584,
    #1585,#1586,#1587,#1588,#1589,#1590,#1591,#1592),.UNSPECIFIED.,.F.,
  .F.,(9,7,7,7,7,7,7,7,7,7,7,9),(0.,6.396827695662E-02,0.163859292893,
    0.274308711859,0.415776330781,0.502126380932,0.585132261772,
    0.715628134689,0.745684719599,0.836691141674,0.936568791854,1.),
  .UNSPECIFIED.);
#1514 = CARTESIAN_POINT('',(3.175,2.923637128841E-15,4.833108915983));
#1515 = CARTESIAN_POINT('',(3.175,0.159494071922,4.838785419286));
#1516 = CARTESIAN_POINT('',(3.165843327783,0.318995222103,4.844460665209
    ));
#1517 = CARTESIAN_POINT('',(3.147528605274,0.477880394976,4.850134468803
    ));
#1518 = CARTESIAN_POINT('',(3.120106724375,0.635535469792,4.855807630022
    ));
#1519 = CARTESIAN_POINT('',(3.083676730802,0.791355348851,4.861481142752
    ));
#1520 = CARTESIAN_POINT('',(3.03838428394,0.944744573125,4.867155693572)
  );
#1521 = CARTESIAN_POINT('',(2.984422692702,1.095118465276,4.872831450246
    ));
#1522 = CARTESIAN_POINT('',(2.824616091429,1.471122105987,4.887372694821
    ));
#1523 = CARTESIAN_POINT('',(2.70662426546,1.691656531305,4.896241971062)
  );
#1524 = CARTESIAN_POINT('',(2.568992988802,1.901274390707,4.905113278287
    ));
#1525 = CARTESIAN_POINT('',(2.412925320313,2.097949502212,4.913984819795
    ));
#1526 = CARTESIAN_POINT('',(2.239847948556,2.279835784976,4.922855771645
    ));
#1527 = CARTESIAN_POINT('',(2.051390732664,2.445263534325,4.931725840018
    ));
#1528 = CARTESIAN_POINT('',(1.84939327392,2.592759373982,4.940594296861)
  );
#1529 = CARTESIAN_POINT('',(1.399921759804,2.862984832767,4.959259629513
    ));
#1530 = CARTESIAN_POINT('',(1.149760419342,2.981531292073,4.969061194971
    ));
#1531 = CARTESIAN_POINT('',(0.888263690355,3.075005180342,4.978858415612
    ));
#1532 = CARTESIAN_POINT('',(0.618386935536,3.142188004022,4.988652672951
    ));
#1533 = CARTESIAN_POINT('',(0.343178593074,3.182278614576,4.99844711191)
  );
#1534 = CARTESIAN_POINT('',(6.576324133846E-02,3.194863477251,
    5.008244549834));
#1535 = CARTESIAN_POINT('',(-0.210662737918,3.179950335713,
    5.018045677531));
#1536 = CARTESIAN_POINT('',(-0.831469230577,3.084428501919,
    5.040397565189));
#1537 = CARTESIAN_POINT('',(-1.173592309695,2.986475894716,
    5.052964053459));
#1538 = CARTESIAN_POINT('',(-1.502148376199,2.845159416765,
    5.065527481101));
#1539 = CARTESIAN_POINT('',(-1.810812847043,2.662854419666,
    5.078088234834));
#1540 = CARTESIAN_POINT('',(-2.09381444441,2.442810707885,5.090648008529
    ));
#1541 = CARTESIAN_POINT('',(-2.34600899892,2.189200807872,5.103209927208
    ));
#1542 = CARTESIAN_POINT('',(-2.56286218935,1.907033765562,5.115776042752
    ));
#1543 = CARTESIAN_POINT('',(-2.849564474558,1.416672541104,
    5.135992072557));
#1544 = CARTESIAN_POINT('',(-2.943843300145,1.222365147914,
    5.143655014039));
#1545 = CARTESIAN_POINT('',(-3.022943746198,1.020946752552,
    5.151317166951));
#1546 = CARTESIAN_POINT('',(-3.086253194312,0.813807718324,5.15897868529
    ));
#1547 = CARTESIAN_POINT('',(-3.133313613417,0.602384157725,5.16664036282
    ));
#1548 = CARTESIAN_POINT('',(-3.163815431284,0.388151296346,
    5.174302926673));
#1549 = CARTESIAN_POINT('',(-3.177606108262,0.172620725406,
    5.181966358761));
#1550 = CARTESIAN_POINT('',(-3.171932746613,-0.249600296014,
    5.196995362531));
#1551 = CARTESIAN_POINT('',(-3.153735290371,-0.456357306834,
    5.204362637261));
#1552 = CARTESIAN_POINT('',(-3.120133989215,-0.661556149439,
    5.211729913177));
#1553 = CARTESIAN_POINT('',(-3.071293869447,-0.863858121614,
    5.219096971272));
#1554 = CARTESIAN_POINT('',(-3.007513598161,-1.061958028141,
    5.226464036558));
#1555 = CARTESIAN_POINT('',(-2.929218635726,-1.254586315851,
    5.233831300255));
#1556 = CARTESIAN_POINT('',(-2.836965981548,-1.440514474644,
    5.241198457103));
#1557 = CARTESIAN_POINT('',(-2.565592407541,-1.898479891542,
    5.260144239667));
#1558 = CARTESIAN_POINT('',(-2.36683330247,-2.159149636778,
    5.271730246745));
#1559 = CARTESIAN_POINT('',(-2.13793300963,-2.395775936779,
    5.283310348786));
#1560 = CARTESIAN_POINT('',(-1.882375398945,-2.604366512636,
    5.294885378075));
#1561 = CARTESIAN_POINT('',(-1.604143848679,-2.781586224759,5.3064596382
    ));
#1562 = CARTESIAN_POINT('',(-1.307654772522,-2.924699229233,
    5.318038089465));
#1563 = CARTESIAN_POINT('',(-0.997791647192,-3.031650016882,
    5.329623026991));
#1564 = CARTESIAN_POINT('',(-0.606769846138,-3.117382154319,
    5.34387049732));
#1565 = CARTESIAN_POINT('',(-0.533134603302,-3.131457207816,
    5.346537876591));
#1566 = CARTESIAN_POINT('',(-0.459128639745,-3.143543967361,
    5.349205408338));
#1567 = CARTESIAN_POINT('',(-0.384814643319,-3.153631150946,
    5.351873092655));
#1568 = CARTESIAN_POINT('',(-0.310255585624,-3.161709863884,
    5.354540926723));
#1569 = CARTESIAN_POINT('',(-0.235514722005,-3.167773598815,
    5.357208904804));
#1570 = CARTESIAN_POINT('',(-0.160655591558,-3.171818235701,
    5.359877018243));
#1571 = CARTESIAN_POINT('',(0.141084030965,-3.179969795716,
    5.370624241278));
#1572 = CARTESIAN_POINT('',(0.368445851361,-3.167571931831,
    5.378705600848));
#1573 = CARTESIAN_POINT('',(0.594525194937,-3.13658988922,5.386787251827
    ));
#1574 = CARTESIAN_POINT('',(0.81755011553,-3.087190296828,5.394868443218
    ));
#1575 = CARTESIAN_POINT('',(1.035793204112,-3.019733276009,
    5.402949081561));
#1576 = CARTESIAN_POINT('',(1.247575155094,-2.93476078988,5.411029095027
    ));
#1577 = CARTESIAN_POINT('',(1.451273664762,-2.833005039505,
    5.419107835428));
#1578 = CARTESIAN_POINT('',(1.858318851247,-2.586366383874,
    5.436046411493));
#1579 = CARTESIAN_POINT('',(2.059779870682,-2.43819524714,5.444909060632
    ));
#1580 = CARTESIAN_POINT('',(2.247642861233,-2.272143519704,
    5.453768548524));
#1581 = CARTESIAN_POINT('',(2.42007387057,-2.089690294508,5.462625307276
    ));
#1582 = CARTESIAN_POINT('',(2.575449246469,-1.892510269462,5.47148182065
    ));
#1583 = CARTESIAN_POINT('',(2.71234907458,-1.682453810419,5.480340917837
    ));
#1584 = CARTESIAN_POINT('',(2.82957766047,-1.461550542109,5.489203658475
    ));
#1585 = CARTESIAN_POINT('',(2.987581873234,-1.086274576956,
    5.503695699263));
#1586 = CARTESIAN_POINT('',(3.040657017227,-0.937013359246,
    5.509325766665));
#1587 = CARTESIAN_POINT('',(3.085200024154,-0.78481140251,5.51495660941)
  );
#1588 = CARTESIAN_POINT('',(3.121023973899,-0.63023922184,5.520587967453
    ));
#1589 = CARTESIAN_POINT('',(3.147988028944,-0.473877629248,
    5.526219406061));
#1590 = CARTESIAN_POINT('',(3.165996437338,-0.316316649594,
    5.531850297541));
#1591 = CARTESIAN_POINT('',(3.17499999966,-0.15815498201,5.537480101048)
  );
#1592 = CARTESIAN_POINT('',(3.175,-6.816151985747E-09,5.543108940473));
#1593 = ORIENTED_EDGE('',*,*,#1594,.F.);
#1594 = EDGE_CURVE('',#1453,#1511,#1595,.T.);
#1595 = B_SPLINE_CURVE_WITH_KNOTS('',1,(#1596,#1597),.UNSPECIFIED.,.F.,
  .F.,(2,2),(-0.826794919243,-0.),.PIECEWISE_BEZIER_KNOTS.);
#1596 = CARTESIAN_POINT('',(2.799999916061,-6.816284412821E-09,
    5.32660254107));
#1597 = CARTESIAN_POINT('',(3.516025319847,-6.816021480926E-09,
    5.740000000682));
#1598 = B_SPLINE_SURFACE_WITH_KNOTS('',1,10,(
    (#1599,#1600,#1601,#1602,#1603,#1604,#1605,#1606,#1607,#1608,#1609)
    ,(#1610,#1611,#1612,#1613,#1614,#1615,#1616,#1617,#1618,#1619,#1620
    )),.UNSPECIFIED.,.F.,.F.,.F.,(2,2),(11,11),(-0.826794919243,-0.),(0.
    ,6.285395403802),.PIECEWISE_BEZIER_KNOTS.);
#1599 = CARTESIAN_POINT('',(2.799999958079,-3.400607624745E-09,
    4.616602540715));
#1600 = CARTESIAN_POINT('',(2.7999997606,1.759287794022,4.687602542359)
  );
#1601 = CARTESIAN_POINT('',(1.572047121542,3.52001338744,4.758602537091)
  );
#1602 = CARTESIAN_POINT('',(-0.88672625452,4.304670441447,4.829602547789
    ));
#1603 = CARTESIAN_POINT('',(-3.694450987384,3.20539417072,4.900602533955
    ));
#1604 = CARTESIAN_POINT('',(-5.181735176152,1.505673805698E-07,
    4.971602544181));
#1605 = CARTESIAN_POINT('',(-3.694451896709,-3.205394370293,
    5.042602542517));
#1606 = CARTESIAN_POINT('',(-0.886725147123,-4.30467034847,
    5.113602537716));
#1607 = CARTESIAN_POINT('',(1.572046382854,-3.520013409811,5.18460254324
    ));
#1608 = CARTESIAN_POINT('',(2.800000015986,-1.759287805115,
    5.255602540226));
#1609 = CARTESIAN_POINT('',(2.799999916061,-6.816284412821E-09,
    5.32660254107));
#1610 = CARTESIAN_POINT('',(3.516025361864,-3.400485025039E-09,
    5.030000000334));
#1611 = CARTESIAN_POINT('',(3.516025164387,2.209179832931,5.101000001974
    ));
#1612 = CARTESIAN_POINT('',(1.97405619229,4.420159233336,5.171999996666)
  );
#1613 = CARTESIAN_POINT('',(-1.113482735855,5.405481940917,
    5.243000007478));
#1614 = CARTESIAN_POINT('',(-4.639208497151,4.025082639157,
    5.313999993603));
#1615 = CARTESIAN_POINT('',(-6.506826008524,1.505856067874E-07,
    5.385000003608));
#1616 = CARTESIAN_POINT('',(-4.639209406463,-4.025082838762,
    5.45600000234));
#1617 = CARTESIAN_POINT('',(-1.113481628471,-5.405481847921,
    5.526999997224));
#1618 = CARTESIAN_POINT('',(1.97405545361,-4.420159255714,5.598000002892
    ));
#1619 = CARTESIAN_POINT('',(3.51602541977,-2.209179844022,5.668999999839
    ));
#1620 = CARTESIAN_POINT('',(3.516025319847,-6.816021480926E-09,
    5.740000000682));
#1621 = ADVANCED_FACE('',(#1622),#1737,.F.);
#1622 = FACE_BOUND('',#1623,.F.);
#1623 = EDGE_LOOP('',(#1624,#1715,#1716,#1732));
#1624 = ORIENTED_EDGE('',*,*,#1625,.F.);
#1625 = EDGE_CURVE('',#1324,#1626,#1628,.T.);
#1626 = VERTEX_POINT('',#1627);
#1627 = CARTESIAN_POINT('',(3.175,-5.114852755244E-09,5.646891037038));
#1628 = B_SPLINE_CURVE_WITH_KNOTS('',7,(#1629,#1630,#1631,#1632,#1633,
    #1634,#1635,#1636,#1637,#1638,#1639,#1640,#1641,#1642,#1643,#1644,
    #1645,#1646,#1647,#1648,#1649,#1650,#1651,#1652,#1653,#1654,#1655,
    #1656,#1657,#1658,#1659,#1660,#1661,#1662,#1663,#1664,#1665,#1666,
    #1667,#1668,#1669,#1670,#1671,#1672,#1673,#1674,#1675,#1676,#1677,
    #1678,#1679,#1680,#1681,#1682,#1683,#1684,#1685,#1686,#1687,#1688,
    #1689,#1690,#1691,#1692,#1693,#1694,#1695,#1696,#1697,#1698,#1699,
    #1700,#1701,#1702,#1703,#1704,#1705,#1706,#1707,#1708,#1709,#1710,
    #1711,#1712,#1713,#1714),.UNSPECIFIED.,.F.,.F.,(8,6,6,6,6,6,6,6,6,6,
    6,6,6,6,8),(0.,1.850073706614E-02,6.39643913014E-02,0.163837798442,
    0.192233524077,0.285236419063,0.416835478947,0.499838837982,
    0.585064584947,0.697348998065,0.715428727295,0.837865591861,
    0.902788366892,0.936790401944,1.),.UNSPECIFIED.);
#1629 = CARTESIAN_POINT('',(3.175,-2.080316055301E-16,4.936891061147));
#1630 = CARTESIAN_POINT('',(3.175,5.271971433099E-02,4.938767385817));
#1631 = CARTESIAN_POINT('',(3.173978708346,0.105439559243,4.940643798925
    ));
#1632 = CARTESIAN_POINT('',(3.171936120307,0.158135719262,4.942520313172
    ));
#1633 = CARTESIAN_POINT('',(3.168872921977,0.210784428004,4.944396932934
    ));
#1634 = CARTESIAN_POINT('',(3.164790490272,0.26336196818,4.946273654255)
  );
#1635 = CARTESIAN_POINT('',(3.159690892935,0.315844671594,4.948150464855
    ));
#1636 = CARTESIAN_POINT('',(3.138552352948,0.496888659653,4.954639581445
    ));
#1637 = CARTESIAN_POINT('',(3.11740174051,0.624854551285,4.959252305391)
  );
#1638 = CARTESIAN_POINT('',(3.090166355875,0.751754063141,4.963865140952
    ));
#1639 = CARTESIAN_POINT('',(3.056912043734,0.877240508156,4.968477778477
    ));
#1640 = CARTESIAN_POINT('',(3.017729053641,1.000973476616,4.973089976673
    ));
#1641 = CARTESIAN_POINT('',(2.972731904846,1.122619269669,4.977701565615
    ));
#1642 = CARTESIAN_POINT('',(2.81074284551,1.503777317251,4.992441523507)
  );
#1643 = CARTESIAN_POINT('',(2.672005648669,1.754130437131,5.002570039077
    ));
#1644 = CARTESIAN_POINT('',(2.507337868743,1.989338281898,5.012692884099
    ));
#1645 = CARTESIAN_POINT('',(2.318771870937,2.206242866275,5.02281349762)
  );
#1646 = CARTESIAN_POINT('',(2.108755578386,2.402028072788,5.032937134167
    ));
#1647 = CARTESIAN_POINT('',(1.880133832898,2.574241395283,5.043065785668
    ));
#1648 = CARTESIAN_POINT('',(1.56689385891,2.762610383079,5.056074602983)
  );
#1649 = CARTESIAN_POINT('',(1.496309951682,2.802249062849,5.058954685647
    ));
#1650 = CARTESIAN_POINT('',(1.424559835242,2.839781632235,5.061835004194
    ));
#1651 = CARTESIAN_POINT('',(1.351719017637,2.875167150593,5.064715547576
    ));
#1652 = CARTESIAN_POINT('',(1.27786467362,2.908368127164,5.067596298698)
  );
#1653 = CARTESIAN_POINT('',(1.203075644653,2.939350521079,5.07047723442)
  );
#1654 = CARTESIAN_POINT('',(0.879682576439,3.062192013231,5.082794598447
    ));
#1655 = CARTESIAN_POINT('',(0.622719206273,3.13219201773,5.092234387318)
  );
#1656 = CARTESIAN_POINT('',(0.359444528434,3.176963052799,5.101673585208
    ));
#1657 = CARTESIAN_POINT('',(9.282523188289E-02,3.195884541108,
    5.111111220105));
#1658 = CARTESIAN_POINT('',(-0.174133451922,3.188743235055,
    5.120547940078));
#1659 = CARTESIAN_POINT('',(-0.438406994207,3.155734556979,
    5.129983923951));
#1660 = CARTESIAN_POINT('',(-1.062822334083,3.015238374858,
    5.152762909223));
#1661 = CARTESIAN_POINT('',(-1.417621001706,2.882439153652,
    5.166116240746));
#1662 = CARTESIAN_POINT('',(-1.752470239659,2.701023261771,
    5.179457588671));
#1663 = CARTESIAN_POINT('',(-2.059602846035,2.474816161097,
    5.192796466708));
#1664 = CARTESIAN_POINT('',(-2.332182296364,2.208852921902,
    5.206140181243));
#1665 = CARTESIAN_POINT('',(-2.5642510112,1.909416359067,5.219495382116)
  );
#1666 = CARTESIAN_POINT('',(-2.869428543991,1.379474458718,
    5.241260251888));
#1667 = CARTESIAN_POINT('',(-2.969664545359,1.164220437821,5.24968019475
    ));
#1668 = CARTESIAN_POINT('',(-3.050996547362,0.940581891654,
    5.258099906424));
#1669 = CARTESIAN_POINT('',(-3.112617279793,0.710554511949,
    5.266519269216));
#1670 = CARTESIAN_POINT('',(-3.153972584675,0.476207154856,
    5.274938873919));
#1671 = CARTESIAN_POINT('',(-3.174764094207,0.239671759959,
    5.283358762782));
#1672 = CARTESIAN_POINT('',(-3.17523906359,-0.239713158695,
    5.300420844107));
#1673 = CARTESIAN_POINT('',(-3.153807017237,-0.482627543203,
    5.309065241253));
#1674 = CARTESIAN_POINT('',(-3.110689630013,-0.723215520655,
    5.317708194015));
#1675 = CARTESIAN_POINT('',(-3.046214831848,-0.959169484474,
    5.326350220432));
#1676 = CARTESIAN_POINT('',(-2.960993680366,-1.18825291362,
    5.334992823511));
#1677 = CARTESIAN_POINT('',(-2.855917227505,-1.408311994841,
    5.343636756382));
#1678 = CARTESIAN_POINT('',(-2.569221199458,-1.892645209772,
    5.363667856079));
#1679 = CARTESIAN_POINT('',(-2.373793786928,-2.148939561857,
    5.375061443539));
#1680 = CARTESIAN_POINT('',(-2.148706460225,-2.381383029319,
    5.386452896516));
#1681 = CARTESIAN_POINT('',(-1.897529333928,-2.585982710126,
    5.397844929269));
#1682 = CARTESIAN_POINT('',(-1.624361679807,-2.759399736212,
    5.409238910691));
#1683 = CARTESIAN_POINT('',(-1.333835666343,-2.898945599865,
    5.420635719242));
#1684 = CARTESIAN_POINT('',(-0.982489751237,-3.019601497322,
    5.433859752997));
#1685 = CARTESIAN_POINT('',(-0.933446067492,-3.035412368551,
    5.435693693376));
#1686 = CARTESIAN_POINT('',(-0.884106570683,-3.050293578241,
    5.437527576645));
#1687 = CARTESIAN_POINT('',(-0.834492414766,-3.064238527077,
    5.439361399042));
#1688 = CARTESIAN_POINT('',(-0.78462492534,-3.07724122118,5.441195157335
    ));
#1689 = CARTESIAN_POINT('',(-0.734525599648,-3.089296272103,
    5.443028848829));
#1690 = CARTESIAN_POINT('',(-0.343517608741,-3.175586447684,
    5.457279858272));
#1691 = CARTESIAN_POINT('',(7.019139466091E-03,-3.207138367646,
    5.469701338415));
#1692 = CARTESIAN_POINT('',(0.360329209802,-3.19340556793,5.482113084315
    ));
#1693 = CARTESIAN_POINT('',(0.709454655491,-3.134382059222,
    5.494520118156));
#1694 = CARTESIAN_POINT('',(1.047644546993,-3.03120900958,5.506929921262
    ));
#1695 = CARTESIAN_POINT('',(1.368329071043,-2.88617902506,5.519350275676
    ));
#1696 = CARTESIAN_POINT('',(1.822888459991,-2.606132999869,
    5.538352615693));
#1697 = CARTESIAN_POINT('',(1.973810235367,-2.49838085271,5.544938818877
    ));
#1698 = CARTESIAN_POINT('',(2.117254663861,-2.380461073543,
    5.551526145174));
#1699 = CARTESIAN_POINT('',(2.252407777858,-2.253002711231,
    5.558114491061));
#1700 = CARTESIAN_POINT('',(2.378523846845,-2.116709131813,
    5.564703652978));
#1701 = CARTESIAN_POINT('',(2.49492740919,-1.97235605468,5.57129301887)
  );
#1702 = CARTESIAN_POINT('',(2.656588449767,-1.741422071644,
    5.581332007922));
#1703 = CARTESIAN_POINT('',(2.709328099333,-1.66006772823,5.584782406046
    ));
#1704 = CARTESIAN_POINT('',(2.759157030139,-1.576856065046,
    5.588232539502));
#1705 = CARTESIAN_POINT('',(2.805997244444,-1.491912214302,
    5.591682329472));
#1706 = CARTESIAN_POINT('',(2.849777636988,-1.405365110088,
    5.595131720455));
#1707 = CARTESIAN_POINT('',(2.89043399499,-1.317347488377,5.598580680267
    ));
#1708 = CARTESIAN_POINT('',(2.997574825019,-1.061891746523,
    5.608439979522));
#1709 = CARTESIAN_POINT('',(3.056249922305,-0.891169188804,
    5.614849535518));
#1710 = CARTESIAN_POINT('',(3.103561099606,-0.71671315065,5.621257477677
    ));
#1711 = CARTESIAN_POINT('',(3.13923283397,-0.539432020656,5.627664258954
    ));
#1712 = CARTESIAN_POINT('',(3.16307829953,-0.360253472968,5.634071359351
    ));
#1713 = CARTESIAN_POINT('',(3.17499999942,-0.180122266586,5.640480378496
    ));
#1714 = CARTESIAN_POINT('',(3.175,-1.022973697904E-08,5.646891037038));
#1715 = ORIENTED_EDGE('',*,*,#1323,.T.);
#1716 = ORIENTED_EDGE('',*,*,#1717,.T.);
#1717 = EDGE_CURVE('',#1308,#1718,#1720,.T.);
#1718 = VERTEX_POINT('',#1719);
#1719 = CARTESIAN_POINT('',(2.799999874133,-1.022978004603E-08,
    5.863397460656));
#1720 = B_SPLINE_CURVE_WITH_KNOTS('',10,(#1721,#1722,#1723,#1724,#1725,
    #1726,#1727,#1728,#1729,#1730,#1731),.UNSPECIFIED.,.F.,.F.,(11,11),(
    0.,6.285395403802),.PIECEWISE_BEZIER_KNOTS.);
#1721 = CARTESIAN_POINT('',(2.799999916061,-6.816130389587E-09,
    5.153397460315));
#1722 = CARTESIAN_POINT('',(2.799999721122,1.759287764166,5.224397461956
    ));
#1723 = CARTESIAN_POINT('',(1.572047100483,3.520013327402,5.295397456527
    ));
#1724 = CARTESIAN_POINT('',(-0.886726240855,4.304670388831,
    5.366397467921));
#1725 = CARTESIAN_POINT('',(-3.694450913395,3.205394132553,
    5.437397452598));
#1726 = CARTESIAN_POINT('',(-5.181735118496,1.240931132277E-07,
    5.50839746468));
#1727 = CARTESIAN_POINT('',(-3.694451823768,-3.205394268022,
    5.579397461738));
#1728 = CARTESIAN_POINT('',(-0.88672514978,-4.30467032378,5.650397457259
    ));
#1729 = CARTESIAN_POINT('',(1.572046355353,-3.520013344864,
    5.721397462907));
#1730 = CARTESIAN_POINT('',(2.799999971538,-1.759287782307,
    5.792397459815));
#1731 = CARTESIAN_POINT('',(2.799999874133,-1.022980522351E-08,
    5.863397460656));
#1732 = ORIENTED_EDGE('',*,*,#1733,.F.);
#1733 = EDGE_CURVE('',#1626,#1718,#1734,.T.);
#1734 = B_SPLINE_CURVE_WITH_KNOTS('',1,(#1735,#1736),.UNSPECIFIED.,.F.,
  .F.,(2,2),(0.,0.826794919243),.PIECEWISE_BEZIER_KNOTS.);
#1735 = CARTESIAN_POINT('',(3.516025277916,-1.022961722555E-08,
    5.45000000103));
#1736 = CARTESIAN_POINT('',(2.799999874133,-1.022980522351E-08,
    5.863397460656));
#1737 = B_SPLINE_SURFACE_WITH_KNOTS('',1,10,(
    (#1738,#1739,#1740,#1741,#1742,#1743,#1744,#1745,#1746,#1747,#1748)
    ,(#1749,#1750,#1751,#1752,#1753,#1754,#1755,#1756,#1757,#1758,#1759
    )),.UNSPECIFIED.,.F.,.F.,.F.,(2,2),(11,11),(0.,0.826794919243),(0.,
    6.285395403802),.PIECEWISE_BEZIER_KNOTS.);
#1738 = CARTESIAN_POINT('',(3.516025319844,-6.816015222263E-09,
    4.740000000689));
#1739 = CARTESIAN_POINT('',(3.516025124903,2.209179803074,4.811000002326
    ));
#1740 = CARTESIAN_POINT('',(1.97405617124,4.420159173295,4.881999996936)
  );
#1741 = CARTESIAN_POINT('',(-1.113482722207,5.405481888299,
    4.953000008197));
#1742 = CARTESIAN_POINT('',(-4.639208423138,4.025082600985,
    5.023999993069));
#1743 = CARTESIAN_POINT('',(-6.506825950878,1.241158009491E-07,
    5.095000005017));
#1744 = CARTESIAN_POINT('',(-4.639209333519,-4.025082736493,
    5.166000002099));
#1745 = CARTESIAN_POINT('',(-1.113481631119,-5.405481823225,
    5.236999997645));
#1746 = CARTESIAN_POINT('',(1.974055426102,-4.420159190765,
    5.308000003272));
#1747 = CARTESIAN_POINT('',(3.516025375322,-2.209179821212,
    5.379000000191));
#1748 = CARTESIAN_POINT('',(3.516025277916,-1.022961722555E-08,
    5.45000000103));
#1749 = CARTESIAN_POINT('',(2.799999916061,-6.816130389587E-09,
    5.153397460315));
#1750 = CARTESIAN_POINT('',(2.799999721122,1.759287764166,5.224397461956
    ));
#1751 = CARTESIAN_POINT('',(1.572047100483,3.520013327402,5.295397456527
    ));
#1752 = CARTESIAN_POINT('',(-0.886726240855,4.304670388831,
    5.366397467921));
#1753 = CARTESIAN_POINT('',(-3.694450913395,3.205394132553,
    5.437397452598));
#1754 = CARTESIAN_POINT('',(-5.181735118496,1.240931132277E-07,
    5.50839746468));
#1755 = CARTESIAN_POINT('',(-3.694451823768,-3.205394268022,
    5.579397461738));
#1756 = CARTESIAN_POINT('',(-0.88672514978,-4.30467032378,5.650397457259
    ));
#1757 = CARTESIAN_POINT('',(1.572046355353,-3.520013344864,
    5.721397462907));
#1758 = CARTESIAN_POINT('',(2.799999971538,-1.759287782307,
    5.792397459815));
#1759 = CARTESIAN_POINT('',(2.799999874133,-1.022980522351E-08,
    5.863397460656));
#1760 = ADVANCED_FACE('',(#1761),#1772,.T.);
#1761 = FACE_BOUND('',#1762,.T.);
#1762 = EDGE_LOOP('',(#1763,#1769,#1770,#1771));
#1763 = ORIENTED_EDGE('',*,*,#1764,.F.);
#1764 = EDGE_CURVE('',#1626,#1511,#1765,.T.);
#1765 = LINE('',#1766,#1767);
#1766 = CARTESIAN_POINT('',(3.175,1.633670976275E-15,7.3574));
#1767 = VECTOR('',#1768,1.);
#1768 = DIRECTION('',(0.,-2.22044604925E-16,-1.));
#1769 = ORIENTED_EDGE('',*,*,#1625,.F.);
#1770 = ORIENTED_EDGE('',*,*,#1433,.T.);
#1771 = ORIENTED_EDGE('',*,*,#1510,.T.);
#1772 = CYLINDRICAL_SURFACE('',#1773,3.175);
#1773 = AXIS2_PLACEMENT_3D('',#1774,#1775,#1776);
#1774 = CARTESIAN_POINT('',(0.,1.633670976275E-15,7.3574));
#1775 = DIRECTION('',(0.,-2.22044604925E-16,-1.));
#1776 = DIRECTION('',(1.,0.,0.));
#1777 = ADVANCED_FACE('',(#1778),#1803,.F.);
#1778 = FACE_BOUND('',#1779,.F.);
#1779 = EDGE_LOOP('',(#1780,#1781,#1782,#1798));
#1780 = ORIENTED_EDGE('',*,*,#1717,.F.);
#1781 = ORIENTED_EDGE('',*,*,#1468,.T.);
#1782 = ORIENTED_EDGE('',*,*,#1783,.T.);
#1783 = EDGE_CURVE('',#1453,#1784,#1786,.T.);
#1784 = VERTEX_POINT('',#1785);
#1785 = CARTESIAN_POINT('',(2.799999874133,-1.022973567557E-08,
    6.036602541411));
#1786 = B_SPLINE_CURVE_WITH_KNOTS('',10,(#1787,#1788,#1789,#1790,#1791,
    #1792,#1793,#1794,#1795,#1796,#1797),.UNSPECIFIED.,.F.,.F.,(11,11),(
    0.,6.285395403802),.PIECEWISE_BEZIER_KNOTS.);
#1787 = CARTESIAN_POINT('',(2.799999916061,-6.816102666689E-09,
    5.32660254107));
#1788 = CARTESIAN_POINT('',(2.799999721123,1.759287764167,5.397602542711
    ));
#1789 = CARTESIAN_POINT('',(1.572047100481,3.520013327403,5.468602537282
    ));
#1790 = CARTESIAN_POINT('',(-0.886726240852,4.304670388831,
    5.539602548677));
#1791 = CARTESIAN_POINT('',(-3.694450913398,3.205394132555,
    5.610602533351));
#1792 = CARTESIAN_POINT('',(-5.181735118497,1.240928094322E-07,
    5.681602545438));
#1793 = CARTESIAN_POINT('',(-3.694451823767,-3.205394268024,
    5.75260254249));
#1794 = CARTESIAN_POINT('',(-0.886725149782,-4.30467032378,
    5.823602538015));
#1795 = CARTESIAN_POINT('',(1.572046355354,-3.520013344865,
    5.894602543662));
#1796 = CARTESIAN_POINT('',(2.799999971538,-1.759287782307,5.96560254057
    ));
#1797 = CARTESIAN_POINT('',(2.799999874134,-1.022975973704E-08,
    6.036602541411));
#1798 = ORIENTED_EDGE('',*,*,#1799,.F.);
#1799 = EDGE_CURVE('',#1718,#1784,#1800,.T.);
#1800 = B_SPLINE_CURVE_WITH_KNOTS('',1,(#1801,#1802),.UNSPECIFIED.,.F.,
  .F.,(2,2),(-0.173205080757,-0.),.PIECEWISE_BEZIER_KNOTS.);
#1801 = CARTESIAN_POINT('',(2.799999874133,-1.022980522351E-08,
    5.863397460656));
#1802 = CARTESIAN_POINT('',(2.799999874134,-1.022975973704E-08,
    6.036602541411));
#1803 = B_SPLINE_SURFACE_WITH_KNOTS('',1,10,(
    (#1804,#1805,#1806,#1807,#1808,#1809,#1810,#1811,#1812,#1813,#1814)
    ,(#1815,#1816,#1817,#1818,#1819,#1820,#1821,#1822,#1823,#1824,#1825
    )),.UNSPECIFIED.,.F.,.F.,.F.,(2,2),(11,11),(-0.173205080757,-0.),(0.
    ,6.285395403802),.PIECEWISE_BEZIER_KNOTS.);
#1804 = CARTESIAN_POINT('',(2.799999916061,-6.816130389587E-09,
    5.153397460315));
#1805 = CARTESIAN_POINT('',(2.799999721122,1.759287764166,5.224397461956
    ));
#1806 = CARTESIAN_POINT('',(1.572047100483,3.520013327402,5.295397456527
    ));
#1807 = CARTESIAN_POINT('',(-0.886726240855,4.304670388831,
    5.366397467921));
#1808 = CARTESIAN_POINT('',(-3.694450913395,3.205394132553,
    5.437397452598));
#1809 = CARTESIAN_POINT('',(-5.181735118496,1.240931132277E-07,
    5.50839746468));
#1810 = CARTESIAN_POINT('',(-3.694451823768,-3.205394268022,
    5.579397461738));
#1811 = CARTESIAN_POINT('',(-0.88672514978,-4.30467032378,5.650397457259
    ));
#1812 = CARTESIAN_POINT('',(1.572046355353,-3.520013344864,
    5.721397462907));
#1813 = CARTESIAN_POINT('',(2.799999971538,-1.759287782307,
    5.792397459815));
#1814 = CARTESIAN_POINT('',(2.799999874133,-1.022980522351E-08,
    5.863397460656));
#1815 = CARTESIAN_POINT('',(2.799999916061,-6.816102666689E-09,
    5.32660254107));
#1816 = CARTESIAN_POINT('',(2.799999721123,1.759287764167,5.397602542711
    ));
#1817 = CARTESIAN_POINT('',(1.572047100481,3.520013327403,5.468602537282
    ));
#1818 = CARTESIAN_POINT('',(-0.886726240852,4.304670388831,
    5.539602548677));
#1819 = CARTESIAN_POINT('',(-3.694450913398,3.205394132555,
    5.610602533351));
#1820 = CARTESIAN_POINT('',(-5.181735118497,1.240928094322E-07,
    5.681602545438));
#1821 = CARTESIAN_POINT('',(-3.694451823767,-3.205394268024,
    5.75260254249));
#1822 = CARTESIAN_POINT('',(-0.886725149782,-4.30467032378,
    5.823602538015));
#1823 = CARTESIAN_POINT('',(1.572046355354,-3.520013344865,
    5.894602543662));
#1824 = CARTESIAN_POINT('',(2.799999971538,-1.759287782307,5.96560254057
    ));
#1825 = CARTESIAN_POINT('',(2.799999874134,-1.022975973704E-08,
    6.036602541411));
#1826 = ADVANCED_FACE('',(#1827),#1915,.F.);
#1827 = FACE_BOUND('',#1828,.F.);
#1828 = EDGE_LOOP('',(#1829,#1830,#1831,#1910));
#1829 = ORIENTED_EDGE('',*,*,#1783,.F.);
#1830 = ORIENTED_EDGE('',*,*,#1594,.T.);
#1831 = ORIENTED_EDGE('',*,*,#1832,.T.);
#1832 = EDGE_CURVE('',#1511,#1833,#1835,.T.);
#1833 = VERTEX_POINT('',#1834);
#1834 = CARTESIAN_POINT('',(3.175,-5.114773280353E-09,6.253108965021));
#1835 = B_SPLINE_CURVE_WITH_KNOTS('',7,(#1836,#1837,#1838,#1839,#1840,
    #1841,#1842,#1843,#1844,#1845,#1846,#1847,#1848,#1849,#1850,#1851,
    #1852,#1853,#1854,#1855,#1856,#1857,#1858,#1859,#1860,#1861,#1862,
    #1863,#1864,#1865,#1866,#1867,#1868,#1869,#1870,#1871,#1872,#1873,
    #1874,#1875,#1876,#1877,#1878,#1879,#1880,#1881,#1882,#1883,#1884,
    #1885,#1886,#1887,#1888,#1889,#1890,#1891,#1892,#1893,#1894,#1895,
    #1896,#1897,#1898,#1899,#1900,#1901,#1902,#1903,#1904,#1905,#1906,
    #1907,#1908,#1909),.UNSPECIFIED.,.F.,.F.,(8,6,6,6,6,6,6,6,6,6,6,6,8)
  ,(0.,6.396328148981E-02,0.163836422498,0.287019603016,0.318970678033,
    0.416839546528,0.501447066389,0.585064274103,0.715316335683,
    0.796203512159,0.838058216823,0.937056686761,1.),.UNSPECIFIED.);
#1836 = CARTESIAN_POINT('',(3.175,1.433717824303E-15,5.543108940716));
#1837 = CARTESIAN_POINT('',(3.175,0.182270613894,5.549596076732));
#1838 = CARTESIAN_POINT('',(3.162792218951,0.364550663516,5.556081536375
    ));
#1839 = CARTESIAN_POINT('',(3.138374452482,0.545843397854,5.562565023803
    ));
#1840 = CARTESIAN_POINT('',(3.10184901661,0.725169931431,5.569048212617)
  );
#1841 = CARTESIAN_POINT('',(3.053411774239,0.901569479686,5.575532637042
    ));
#1842 = CARTESIAN_POINT('',(2.993351462951,1.074101703262,5.582018741769
    ));
#1843 = CARTESIAN_POINT('',(2.810742805089,1.503777455104,5.598635525259
    ));
#1844 = CARTESIAN_POINT('',(2.672005604303,1.754130440616,5.608771252246
    ));
#1845 = CARTESIAN_POINT('',(2.507338097132,1.989337807181,5.618908970279
    ));
#1846 = CARTESIAN_POINT('',(2.318772581543,2.206241962045,5.629046163668
    ));
#1847 = CARTESIAN_POINT('',(2.108756740837,2.402027030736,5.639182312739
    ));
#1848 = CARTESIAN_POINT('',(1.88013514356,2.574240477129,5.649317019604)
  );
#1849 = CARTESIAN_POINT('',(1.335417864976,2.901810205944,5.671939158532
    ));
#1850 = CARTESIAN_POINT('',(1.011082786499,3.044017138443,5.684435040065
    ));
#1851 = CARTESIAN_POINT('',(0.66952238031,3.143641845041,5.696920318507)
  );
#1852 = CARTESIAN_POINT('',(0.317457006888,3.198431532629,5.709403113362
    ));
#1853 = CARTESIAN_POINT('',(-3.82241986201E-02,3.20731456779,
    5.721890924321));
#1854 = CARTESIAN_POINT('',(-0.390435034146,3.170394846171,
    5.734388770577));
#1855 = CARTESIAN_POINT('',(-0.820597967892,3.068474171473,
    5.750122813125));
#1856 = CARTESIAN_POINT('',(-0.908491276478,3.044518707446,
    5.753363572294));
#1857 = CARTESIAN_POINT('',(-0.995563074567,3.017627455445,
    5.756604529598));
#1858 = CARTESIAN_POINT('',(-1.081695865733,2.987834559069,
    5.759845665114));
#1859 = CARTESIAN_POINT('',(-1.166774161666,2.955179964427,
    5.763086954785));
#1860 = CARTESIAN_POINT('',(-1.250684482171,2.919709420144,
    5.766328370424));
#1861 = CARTESIAN_POINT('',(-1.586420768319,2.764357585823,
    5.779498899179));
#1862 = CARTESIAN_POINT('',(-1.827585535134,2.621274126734,
    5.789431186516));
#1863 = CARTESIAN_POINT('',(-2.053498678952,2.453730659676,
    5.799361829863));
#1864 = CARTESIAN_POINT('',(-2.261242739969,2.263720914131,
    5.809290474896));
#1865 = CARTESIAN_POINT('',(-2.448226738882,2.053614627982,
    5.819218828668));
#1866 = CARTESIAN_POINT('',(-2.612205098223,1.8261402931,5.829147653854)
  );
#1867 = CARTESIAN_POINT('',(-2.871701237374,1.375531046472,
    5.847653922306));
#1868 = CARTESIAN_POINT('',(-2.973526418158,1.155912597902,5.85623508698
    ));
#1869 = CARTESIAN_POINT('',(-3.055686914104,0.927620442036,5.86481500057
    ));
#1870 = CARTESIAN_POINT('',(-3.117333830404,0.692771094293,
    5.873394396801));
#1871 = CARTESIAN_POINT('',(-3.157891283222,0.453558673767,
    5.881974720825));
#1872 = CARTESIAN_POINT('',(-3.177059315653,0.212243693143,
    5.890556459593));
#1873 = CARTESIAN_POINT('',(-3.172704268812,-0.267110669358,
    5.907618243916));
#1874 = CARTESIAN_POINT('',(-3.149677687074,-0.505218271408,
    5.916100507635));
#1875 = CARTESIAN_POINT('',(-3.105800437322,-0.740919845901,
    5.924582451416));
#1876 = CARTESIAN_POINT('',(-3.041397670697,-0.972038563841,
    5.933064108255));
#1877 = CARTESIAN_POINT('',(-2.957057109095,-1.196465095566,
    5.941546089693));
#1878 = CARTESIAN_POINT('',(-2.853626149411,-1.412168071197,
    5.950028284551));
#1879 = CARTESIAN_POINT('',(-2.543199178906,-1.936628204455,
    5.971718600508));
#1880 = CARTESIAN_POINT('',(-2.310435309165,-2.230490761398,
    5.984936530443));
#1881 = CARTESIAN_POINT('',(-2.038337163016,-2.49117261379,
    5.998143496445));
#1882 = CARTESIAN_POINT('',(-1.732733773718,-2.712635696837,
    6.011345860432));
#1883 = CARTESIAN_POINT('',(-1.400293001936,-2.89004834242,6.0245507512)
  );
#1884 = CARTESIAN_POINT('',(-1.048567126625,-3.019751219843,
    6.037767157565));
#1885 = CARTESIAN_POINT('',(-0.461121310189,-3.14978110218,
    6.059180975758));
#1886 = CARTESIAN_POINT('',(-0.231826970491,-3.180539916561,
    6.067386914547));
#1887 = CARTESIAN_POINT('',(-2.695067538634E-04,-3.191796934117,
    6.075593726185));
#1888 = CARTESIAN_POINT('',(0.23156611174,-3.183385764257,6.083801490893
    ));
#1889 = CARTESIAN_POINT('',(0.46169905801,-3.155378258271,6.092010484349
    ));
#1890 = CARTESIAN_POINT('',(0.688161684197,-3.108084196713,
    6.100220094159));
#1891 = CARTESIAN_POINT('',(1.023286883067,-3.00794517954,6.11267513879)
  );
#1892 = CARTESIAN_POINT('',(1.136068202245,-2.968789348383,6.11692210413
    ));
#1893 = CARTESIAN_POINT('',(1.247088954119,-2.924704114546,
    6.121168731482));
#1894 = CARTESIAN_POINT('',(1.356091155739,-2.875785424835,
    6.125414937458));
#1895 = CARTESIAN_POINT('',(1.462824080012,-2.822145796865,6.12966068184
    ));
#1896 = CARTESIAN_POINT('',(1.567044545078,-2.76391419252,6.133905932939
    ));
#1897 = CARTESIAN_POINT('',(1.908529360544,-2.552983599154,
    6.148190574973));
#1898 = CARTESIAN_POINT('',(2.1332340997,-2.379813507915,6.158230129919)
  );
#1899 = CARTESIAN_POINT('',(2.339412575483,-2.183684842668,
    6.168264889028));
#1900 = CARTESIAN_POINT('',(2.524318759181,-1.967014216656,
    6.178296901105));
#1901 = CARTESIAN_POINT('',(2.685593728741,-1.732566087186,
    6.188331268153));
#1902 = CARTESIAN_POINT('',(2.821283232845,-1.48343187015,6.198371239205
    ));
#1903 = CARTESIAN_POINT('',(2.999054377348,-1.057577030052,
    6.214795601142));
#1904 = CARTESIAN_POINT('',(3.057244090126,-0.887495211451,
    6.221180934346));
#1905 = CARTESIAN_POINT('',(3.104160734967,-0.713726577329,
    6.227567168961));
#1906 = CARTESIAN_POINT('',(3.139533417488,-0.537168361452,6.23395393886
    ));
#1907 = CARTESIAN_POINT('',(3.163178460227,-0.358736592436,
    6.240340341658));
#1908 = CARTESIAN_POINT('',(3.174999999422,-0.179364009097,
    6.246725282536));
#1909 = CARTESIAN_POINT('',(3.175,-1.0229455117E-08,6.253108965021));
#1910 = ORIENTED_EDGE('',*,*,#1911,.F.);
#1911 = EDGE_CURVE('',#1784,#1833,#1912,.T.);
#1912 = B_SPLINE_CURVE_WITH_KNOTS('',1,(#1913,#1914),.UNSPECIFIED.,.F.,
  .F.,(2,2),(-0.826794919243,-0.),.PIECEWISE_BEZIER_KNOTS.);
#1913 = CARTESIAN_POINT('',(2.799999874134,-1.022975973704E-08,
    6.036602541411));
#1914 = CARTESIAN_POINT('',(3.516025277919,-1.02293553492E-08,
    6.450000001023));
#1915 = B_SPLINE_SURFACE_WITH_KNOTS('',1,10,(
    (#1916,#1917,#1918,#1919,#1920,#1921,#1922,#1923,#1924,#1925,#1926)
    ,(#1927,#1928,#1929,#1930,#1931,#1932,#1933,#1934,#1935,#1936,#1937
    )),.UNSPECIFIED.,.F.,.F.,.F.,(2,2),(11,11),(-0.826794919243,-0.),(0.
    ,6.285395403802),.PIECEWISE_BEZIER_KNOTS.);
#1916 = CARTESIAN_POINT('',(2.799999916061,-6.816102666689E-09,
    5.32660254107));
#1917 = CARTESIAN_POINT('',(2.799999721123,1.759287764167,5.397602542711
    ));
#1918 = CARTESIAN_POINT('',(1.572047100481,3.520013327403,5.468602537282
    ));
#1919 = CARTESIAN_POINT('',(-0.886726240852,4.304670388831,
    5.539602548677));
#1920 = CARTESIAN_POINT('',(-3.694450913398,3.205394132555,
    5.610602533351));
#1921 = CARTESIAN_POINT('',(-5.181735118497,1.240928094322E-07,
    5.681602545438));
#1922 = CARTESIAN_POINT('',(-3.694451823767,-3.205394268024,
    5.75260254249));
#1923 = CARTESIAN_POINT('',(-0.886725149782,-4.30467032378,
    5.823602538015));
#1924 = CARTESIAN_POINT('',(1.572046355354,-3.520013344865,
    5.894602543662));
#1925 = CARTESIAN_POINT('',(2.799999971538,-1.759287782307,5.96560254057
    ));
#1926 = CARTESIAN_POINT('',(2.799999874134,-1.022975973704E-08,
    6.036602541411));
#1927 = CARTESIAN_POINT('',(3.516025319847,-6.815835058327E-09,
    5.740000000682));
#1928 = CARTESIAN_POINT('',(3.51602512491,2.209179803076,5.811000002319)
  );
#1929 = CARTESIAN_POINT('',(1.974056171229,4.420159173299,5.881999997006
    ));
#1930 = CARTESIAN_POINT('',(-1.113482722188,5.405481888303,
    5.953000007898));
#1931 = CARTESIAN_POINT('',(-4.639208423163,4.025082600991,
    6.023999993706));
#1932 = CARTESIAN_POINT('',(-6.506825950874,1.24110334877E-07,
    6.095000004183));
#1933 = CARTESIAN_POINT('',(-4.63920933352,-4.025082736493,
    6.166000002736));
#1934 = CARTESIAN_POINT('',(-1.113481631129,-5.405481823231,
    6.236999997346));
#1935 = CARTESIAN_POINT('',(1.974055426111,-4.420159190769,
    6.308000003343));
#1936 = CARTESIAN_POINT('',(3.516025375323,-2.209179821214,
    6.379000000184));
#1937 = CARTESIAN_POINT('',(3.516025277919,-1.02293553492E-08,
    6.450000001023));
#1938 = ADVANCED_FACE('',(#1939),#2054,.F.);
#1939 = FACE_BOUND('',#1940,.F.);
#1940 = EDGE_LOOP('',(#1941,#2032,#2033,#2049));
#1941 = ORIENTED_EDGE('',*,*,#1942,.F.);
#1942 = EDGE_CURVE('',#1626,#1943,#1945,.T.);
#1943 = VERTEX_POINT('',#1944);
#1944 = CARTESIAN_POINT('',(3.175,-6.804082451483E-09,6.35689101317));
#1945 = B_SPLINE_CURVE_WITH_KNOTS('',7,(#1946,#1947,#1948,#1949,#1950,
    #1951,#1952,#1953,#1954,#1955,#1956,#1957,#1958,#1959,#1960,#1961,
    #1962,#1963,#1964,#1965,#1966,#1967,#1968,#1969,#1970,#1971,#1972,
    #1973,#1974,#1975,#1976,#1977,#1978,#1979,#1980,#1981,#1982,#1983,
    #1984,#1985,#1986,#1987,#1988,#1989,#1990,#1991,#1992,#1993,#1994,
    #1995,#1996,#1997,#1998,#1999,#2000,#2001,#2002,#2003,#2004,#2005,
    #2006,#2007,#2008,#2009,#2010,#2011,#2012,#2013,#2014,#2015,#2016,
    #2017,#2018,#2019,#2020,#2021,#2022,#2023,#2024,#2025,#2026,#2027,
    #2028,#2029,#2030,#2031),.UNSPECIFIED.,.F.,.F.,(8,6,6,6,6,6,6,6,6,6,
    6,6,6,6,8),(0.,1.850069457666E-02,6.396420389066E-02,0.163837766096,
    0.192235739168,0.285237930741,0.416847531558,0.49985026217,
    0.585127899104,0.682626838722,0.714629604429,0.83670661485,
    0.9029076338,0.936909394509,1.),.UNSPECIFIED.);
#1946 = CARTESIAN_POINT('',(3.175,2.742941199196E-15,5.646891037402));
#1947 = CARTESIAN_POINT('',(3.175,5.271999200398E-02,5.648767371957));
#1948 = CARTESIAN_POINT('',(3.173978697587,0.105440114589,5.65064379496)
  );
#1949 = CARTESIAN_POINT('',(3.171936088032,0.158136551903,5.652520319112
    ));
#1950 = CARTESIAN_POINT('',(3.168872857442,0.210785537191,5.654396948787
    ));
#1951 = CARTESIAN_POINT('',(3.164790382763,0.263363352789,5.656273680028
    ));
#1952 = CARTESIAN_POINT('',(3.15969073178,0.315846330127,5.658150500551)
  );
#1953 = CARTESIAN_POINT('',(3.138551983011,0.496891144129,5.66463964735)
  );
#1954 = CARTESIAN_POINT('',(3.117401172871,0.624857579667,5.669252391595
    ));
#1955 = CARTESIAN_POINT('',(3.090165538115,0.751757620824,5.673865247444
    ));
#1956 = CARTESIAN_POINT('',(3.056910924621,0.877244576042,5.678477905232
    ));
#1957 = CARTESIAN_POINT('',(3.017727583549,1.000978031252,5.683090123658
    ));
#1958 = CARTESIAN_POINT('',(2.972730036169,1.122624283396,5.687701732794
    ));
#1959 = CARTESIAN_POINT('',(2.810739030576,1.503784938816,5.702441803157
    ));
#1960 = CARTESIAN_POINT('',(2.67199985202,1.75413997898,5.71257041097));
#1961 = CARTESIAN_POINT('',(2.507329658971,1.989349386283,5.722693347995
    ));
#1962 = CARTESIAN_POINT('',(2.318760883847,2.206255096216,5.732814053511
    ));
#1963 = CARTESIAN_POINT('',(2.108741530076,2.402040925808,5.742937782287
    ));
#1964 = CARTESIAN_POINT('',(1.880116531785,2.574254318147,5.753066526265
    ));
#1965 = CARTESIAN_POINT('',(1.566866892753,2.762625883053,5.76607568579)
  );
#1966 = CARTESIAN_POINT('',(1.496276456934,2.802267285739,5.768956018247
    ));
#1967 = CARTESIAN_POINT('',(1.424519632059,2.839802200068,5.771836586629
    ));
#1968 = CARTESIAN_POINT('',(1.351671946268,2.875189675624,5.774717379884
    ));
#1969 = CARTESIAN_POINT('',(1.277810594947,2.908392213089,5.777598380911
    ));
#1970 = CARTESIAN_POINT('',(1.203014440735,2.939375764243,5.78047956656)
  );
#1971 = CARTESIAN_POINT('',(0.879611981838,3.062212292192,5.792797180907
    ));
#1972 = CARTESIAN_POINT('',(0.622646998274,3.132206372682,5.802236970002
    ));
#1973 = CARTESIAN_POINT('',(0.359371288669,3.176971338311,5.81167616787)
  );
#1974 = CARTESIAN_POINT('',(9.275155626308E-02,3.195886680141,
    5.821113802497));
#1975 = CARTESIAN_POINT('',(-0.17420696259,3.188739219844,5.830550522027
    ));
#1976 = CARTESIAN_POINT('',(-0.438479743628,3.155724449473,
    5.839986505403));
#1977 = CARTESIAN_POINT('',(-1.062923916008,3.015206655692,
    5.862766659549));
#1978 = CARTESIAN_POINT('',(-1.417749728429,2.882383170348,
    5.876121164346));
#1979 = CARTESIAN_POINT('',(-1.752620683932,2.700935084941,
    5.889463681295));
#1980 = CARTESIAN_POINT('',(-2.059767702688,2.47468925735,5.902803728795
    ));
#1981 = CARTESIAN_POINT('',(-2.33235277357,2.208682477266,5.916148614843
    ));
#1982 = CARTESIAN_POINT('',(-2.56441717327,1.909199648893,5.929504991764
    ));
#1983 = CARTESIAN_POINT('',(-2.869560434092,1.3792000818,5.951271033882)
  );
#1984 = CARTESIAN_POINT('',(-2.969775852028,1.163936479012,
    5.959690977426));
#1985 = CARTESIAN_POINT('',(-3.051086469249,0.940290158675,
    5.968110689471));
#1986 = CARTESIAN_POINT('',(-3.112685206397,0.710256889625,
    5.976530052265));
#1987 = CARTESIAN_POINT('',(-3.154018103319,0.475905580922,
    5.984949656646));
#1988 = CARTESIAN_POINT('',(-3.174786996044,0.239368200613,
    5.993369544997));
#1989 = CARTESIAN_POINT('',(-3.175216262781,-0.240166463644,
    6.01043695342));
#1990 = CARTESIAN_POINT('',(-3.153734396496,-0.483228631708,
    6.019086681213));
#1991 = CARTESIAN_POINT('',(-3.110540642858,-0.723957962164,
    6.027734961264));
#1992 = CARTESIAN_POINT('',(-3.04596398589,-0.960042631906,
    6.036382313331));
#1993 = CARTESIAN_POINT('',(-2.960617198731,-1.189242140999,
    6.045030244834));
#1994 = CARTESIAN_POINT('',(-2.855393695519,-1.409398973525,
    6.053679510655));
#1995 = CARTESIAN_POINT('',(-2.589891403401,-1.857492982606,
    6.072216505882));
#1996 = CARTESIAN_POINT('',(-2.423827008581,-2.082118858263,
    6.082107951442));
#1997 = CARTESIAN_POINT('',(-2.235139147586,-2.289237785954,
    6.091998964014));
#1998 = CARTESIAN_POINT('',(-2.02607938093,-2.476178280609,
    6.101890249747));
#1999 = CARTESIAN_POINT('',(-1.799235609919,-2.640626301394,
    6.111783441565));
#2000 = CARTESIAN_POINT('',(-1.557513369261,-2.780641942621,
    6.121678166579));
#2001 = CARTESIAN_POINT('',(-1.221053450498,-2.932229554235,
    6.134816342766));
#2002 = CARTESIAN_POINT('',(-1.136651102331,-2.96690406944,
    6.138062978618));
#2003 = CARTESIAN_POINT('',(-1.051105707411,-2.998741741246,
    6.141309481109));
#2004 = CARTESIAN_POINT('',(-0.96453176131,-3.027697758813,
    6.144555822481));
#2005 = CARTESIAN_POINT('',(-0.877045719455,-3.053733172304,
    6.14780197946));
#2006 = CARTESIAN_POINT('',(-0.788765997131,-3.076814892881,
    6.151047933252));
#2007 = CARTESIAN_POINT('',(-0.360494806063,-3.173591739169,
    6.166674780212));
#2008 = CARTESIAN_POINT('',(-1.11794575393E-02,-3.206937008534,
    6.179059918235));
#2009 = CARTESIAN_POINT('',(0.341140372804,-3.195282820695,
    6.191435415639));
#2010 = CARTESIAN_POINT('',(0.689568455647,-3.138583288679,
    6.203806155463));
#2011 = CARTESIAN_POINT('',(1.027405933915,-3.037928290183,6.21617947308
    ));
#2012 = CARTESIAN_POINT('',(1.348126342501,-2.895547722289,
    6.228563098041));
#2013 = CARTESIAN_POINT('',(1.806956999403,-2.617464334003,
    6.247658325691));
#2014 = CARTESIAN_POINT('',(1.961518105421,-2.508498240513,
    6.254374161067));
#2015 = CARTESIAN_POINT('',(2.108363263379,-2.388914578367,
    6.261091164345));
#2016 = CARTESIAN_POINT('',(2.246625984438,-2.259376011355,
    6.267809245157));
#2017 = CARTESIAN_POINT('',(2.375513175247,-2.120625692111,
    6.274528206042));
#2018 = CARTESIAN_POINT('',(2.494307390444,-1.973485092302,
    6.281247399241));
#2019 = CARTESIAN_POINT('',(2.657884024026,-1.739444031651,
    6.291416149758));
#2020 = CARTESIAN_POINT('',(2.710563103036,-1.658050445271,6.29486654288
    ));
#2021 = CARTESIAN_POINT('',(2.760330081263,-1.574801705749,
    6.298316669892));
#2022 = CARTESIAN_POINT('',(2.807107054085,-1.489823003308,
    6.301766452189));
#2023 = CARTESIAN_POINT('',(2.850823012179,-1.403243324948,
    6.305215834596));
#2024 = CARTESIAN_POINT('',(2.891413841517,-1.315195454452,
    6.308664785374));
#2025 = CARTESIAN_POINT('',(2.998234133849,-1.059971453608,
    6.318512042414));
#2026 = CARTESIAN_POINT('',(3.056692937721,-0.88953400856,6.324909568483
    ));
#2027 = CARTESIAN_POINT('',(3.103828324203,-0.715383839274,
    6.331305491173));
#2028 = CARTESIAN_POINT('',(3.139366806232,-0.538424374209,
    6.337700264896));
#2029 = CARTESIAN_POINT('',(3.163122949722,-0.359578153122,
    6.344095361527));
#2030 = CARTESIAN_POINT('',(3.174999999229,-0.179784647078,
    6.350492369635));
#2031 = CARTESIAN_POINT('',(3.175,-1.360825948746E-08,6.35689101317));
#2032 = ORIENTED_EDGE('',*,*,#1733,.T.);
#2033 = ORIENTED_EDGE('',*,*,#2034,.T.);
#2034 = EDGE_CURVE('',#1718,#2035,#2037,.T.);
#2035 = VERTEX_POINT('',#2036);
#2036 = CARTESIAN_POINT('',(2.799999832195,-1.360820631588E-08,
    6.573397460998));
#2037 = B_SPLINE_CURVE_WITH_KNOTS('',10,(#2038,#2039,#2040,#2041,#2042,
    #2043,#2044,#2045,#2046,#2047,#2048),.UNSPECIFIED.,.F.,.F.,(11,11),(
    0.,6.285395403802),.PIECEWISE_BEZIER_KNOTS.);
#2038 = CARTESIAN_POINT('',(2.799999874133,-1.022975019267E-08,
    5.863397460656));
#2039 = CARTESIAN_POINT('',(2.799999681457,1.759287734663,5.934397462296
    ));
#2040 = CARTESIAN_POINT('',(1.57204710707,3.52001328144,6.005397456723)
  );
#2041 = CARTESIAN_POINT('',(-0.8867263388,4.304670285097,6.076397468917)
  );
#2042 = CARTESIAN_POINT('',(-3.694450591354,3.205394173545,
    6.147397451329));
#2043 = CARTESIAN_POINT('',(-5.181735406486,2.08964076668E-08,
    6.218397467757));
#2044 = CARTESIAN_POINT('',(-3.694451433904,-3.205394137775,
    6.289397458982));
#2045 = CARTESIAN_POINT('',(-0.88672536242,-4.304670280256,
    6.360397459825));
#2046 = CARTESIAN_POINT('',(1.572046425934,-3.520013295246,
    6.431397462287));
#2047 = CARTESIAN_POINT('',(2.799999904188,-1.759287759577,
    6.502397460347));
#2048 = CARTESIAN_POINT('',(2.799999832195,-1.36082602666E-08,
    6.573397460998));
#2049 = ORIENTED_EDGE('',*,*,#2050,.F.);
#2050 = EDGE_CURVE('',#1943,#2035,#2051,.T.);
#2051 = B_SPLINE_CURVE_WITH_KNOTS('',1,(#2052,#2053),.UNSPECIFIED.,.F.,
  .F.,(2,2),(0.,0.826794919243),.PIECEWISE_BEZIER_KNOTS.);
#2052 = CARTESIAN_POINT('',(3.516025235978,-1.36080808744E-08,
    6.160000001379));
#2053 = CARTESIAN_POINT('',(2.799999832195,-1.36082602666E-08,
    6.573397460998));
#2054 = B_SPLINE_SURFACE_WITH_KNOTS('',1,10,(
    (#2055,#2056,#2057,#2058,#2059,#2060,#2061,#2062,#2063,#2064,#2065)
    ,(#2066,#2067,#2068,#2069,#2070,#2071,#2072,#2073,#2074,#2075,#2076
    )),.UNSPECIFIED.,.F.,.F.,.F.,(2,2),(11,11),(0.,0.826794919243),(0.,
    6.285395403802),.PIECEWISE_BEZIER_KNOTS.);
#2055 = CARTESIAN_POINT('',(3.516025277916,-1.022956369505E-08,
    5.45000000103));
#2056 = CARTESIAN_POINT('',(3.516025085238,2.20917977357,5.521000002667)
  );
#2057 = CARTESIAN_POINT('',(1.974056177827,4.420159127334,5.591999997113
    ));
#2058 = CARTESIAN_POINT('',(-1.113482820152,5.405481784562,
    5.663000009349));
#2059 = CARTESIAN_POINT('',(-4.639208101095,4.02508264198,5.733999991384
    ));
#2060 = CARTESIAN_POINT('',(-6.506826238868,2.091464650245E-08,
    5.805000008658));
#2061 = CARTESIAN_POINT('',(-4.639208943652,-4.025082606243,
    5.875999998894));
#2062 = CARTESIAN_POINT('',(-1.113481843762,-5.4054817797,5.947000000445
    ));
#2063 = CARTESIAN_POINT('',(1.974055496684,-4.420159141148,
    6.018000002589));
#2064 = CARTESIAN_POINT('',(3.516025307972,-2.209179798481,6.08900000073
    ));
#2065 = CARTESIAN_POINT('',(3.516025235978,-1.36080808744E-08,
    6.160000001379));
#2066 = CARTESIAN_POINT('',(2.799999874133,-1.022975019267E-08,
    5.863397460656));
#2067 = CARTESIAN_POINT('',(2.799999681457,1.759287734663,5.934397462296
    ));
#2068 = CARTESIAN_POINT('',(1.57204710707,3.52001328144,6.005397456723)
  );
#2069 = CARTESIAN_POINT('',(-0.8867263388,4.304670285097,6.076397468917)
  );
#2070 = CARTESIAN_POINT('',(-3.694450591354,3.205394173545,
    6.147397451329));
#2071 = CARTESIAN_POINT('',(-5.181735406486,2.08964076668E-08,
    6.218397467757));
#2072 = CARTESIAN_POINT('',(-3.694451433904,-3.205394137775,
    6.289397458982));
#2073 = CARTESIAN_POINT('',(-0.88672536242,-4.304670280256,
    6.360397459825));
#2074 = CARTESIAN_POINT('',(1.572046425934,-3.520013295246,
    6.431397462287));
#2075 = CARTESIAN_POINT('',(2.799999904188,-1.759287759577,
    6.502397460347));
#2076 = CARTESIAN_POINT('',(2.799999832195,-1.36082602666E-08,
    6.573397460998));
#2077 = ADVANCED_FACE('',(#2078),#2089,.T.);
#2078 = FACE_BOUND('',#2079,.T.);
#2079 = EDGE_LOOP('',(#2080,#2086,#2087,#2088));
#2080 = ORIENTED_EDGE('',*,*,#2081,.F.);
#2081 = EDGE_CURVE('',#1943,#1833,#2082,.T.);
#2082 = LINE('',#2083,#2084);
#2083 = CARTESIAN_POINT('',(3.175,1.633670976275E-15,7.3574));
#2084 = VECTOR('',#2085,1.);
#2085 = DIRECTION('',(0.,-2.22044604925E-16,-1.));
#2086 = ORIENTED_EDGE('',*,*,#1942,.F.);
#2087 = ORIENTED_EDGE('',*,*,#1764,.T.);
#2088 = ORIENTED_EDGE('',*,*,#1832,.T.);
#2089 = CYLINDRICAL_SURFACE('',#2090,3.175);
#2090 = AXIS2_PLACEMENT_3D('',#2091,#2092,#2093);
#2091 = CARTESIAN_POINT('',(0.,1.633670976275E-15,7.3574));
#2092 = DIRECTION('',(0.,-2.22044604925E-16,-1.));
#2093 = DIRECTION('',(1.,0.,0.));
#2094 = ADVANCED_FACE('',(#2095),#2120,.F.);
#2095 = FACE_BOUND('',#2096,.F.);
#2096 = EDGE_LOOP('',(#2097,#2098,#2099,#2115));
#2097 = ORIENTED_EDGE('',*,*,#2034,.F.);
#2098 = ORIENTED_EDGE('',*,*,#1799,.T.);
#2099 = ORIENTED_EDGE('',*,*,#2100,.T.);
#2100 = EDGE_CURVE('',#1784,#2101,#2103,.T.);
#2101 = VERTEX_POINT('',#2102);
#2102 = CARTESIAN_POINT('',(2.799999832196,-1.360814418185E-08,
    6.746602541753));
#2103 = B_SPLINE_CURVE_WITH_KNOTS('',10,(#2104,#2105,#2106,#2107,#2108,
    #2109,#2110,#2111,#2112,#2113,#2114),.UNSPECIFIED.,.F.,.F.,(11,11),(
    0.,6.285395403802),.PIECEWISE_BEZIER_KNOTS.);
#2104 = CARTESIAN_POINT('',(2.799999874133,-1.022970566226E-08,
    6.036602541411));
#2105 = CARTESIAN_POINT('',(2.799999681458,1.759287734663,6.107602543051
    ));
#2106 = CARTESIAN_POINT('',(1.572047107068,3.520013281441,6.178602537478
    ));
#2107 = CARTESIAN_POINT('',(-0.886726338795,4.304670285098,6.24960254967
    ));
#2108 = CARTESIAN_POINT('',(-3.69445059136,3.205394173548,6.320602532087
    ));
#2109 = CARTESIAN_POINT('',(-5.181735406485,2.089356368105E-08,
    6.39160254851));
#2110 = CARTESIAN_POINT('',(-3.694451433904,-3.205394137773,
    6.462602539739));
#2111 = CARTESIAN_POINT('',(-0.886725362423,-4.304670280259,
    6.533602540579));
#2112 = CARTESIAN_POINT('',(1.572046425935,-3.520013295247,
    6.604602543042));
#2113 = CARTESIAN_POINT('',(2.799999904189,-1.759287759577,
    6.675602541102));
#2114 = CARTESIAN_POINT('',(2.799999832196,-1.360819797262E-08,
    6.746602541753));
#2115 = ORIENTED_EDGE('',*,*,#2116,.F.);
#2116 = EDGE_CURVE('',#2035,#2101,#2117,.T.);
#2117 = B_SPLINE_CURVE_WITH_KNOTS('',1,(#2118,#2119),.UNSPECIFIED.,.F.,
  .F.,(2,2),(-0.173205080757,-0.),.PIECEWISE_BEZIER_KNOTS.);
#2118 = CARTESIAN_POINT('',(2.799999832195,-1.36082602666E-08,
    6.573397460998));
#2119 = CARTESIAN_POINT('',(2.799999832196,-1.360819797262E-08,
    6.746602541753));
#2120 = B_SPLINE_SURFACE_WITH_KNOTS('',1,10,(
    (#2121,#2122,#2123,#2124,#2125,#2126,#2127,#2128,#2129,#2130,#2131)
    ,(#2132,#2133,#2134,#2135,#2136,#2137,#2138,#2139,#2140,#2141,#2142
    )),.UNSPECIFIED.,.F.,.F.,.F.,(2,2),(11,11),(-0.173205080757,-0.),(0.
    ,6.285395403802),.PIECEWISE_BEZIER_KNOTS.);
#2121 = CARTESIAN_POINT('',(2.799999874133,-1.022975019267E-08,
    5.863397460656));
#2122 = CARTESIAN_POINT('',(2.799999681457,1.759287734663,5.934397462296
    ));
#2123 = CARTESIAN_POINT('',(1.57204710707,3.52001328144,6.005397456723)
  );
#2124 = CARTESIAN_POINT('',(-0.8867263388,4.304670285097,6.076397468917)
  );
#2125 = CARTESIAN_POINT('',(-3.694450591354,3.205394173545,
    6.147397451329));
#2126 = CARTESIAN_POINT('',(-5.181735406486,2.08964076668E-08,
    6.218397467757));
#2127 = CARTESIAN_POINT('',(-3.694451433904,-3.205394137775,
    6.289397458982));
#2128 = CARTESIAN_POINT('',(-0.88672536242,-4.304670280256,
    6.360397459825));
#2129 = CARTESIAN_POINT('',(1.572046425934,-3.520013295246,
    6.431397462287));
#2130 = CARTESIAN_POINT('',(2.799999904188,-1.759287759577,
    6.502397460347));
#2131 = CARTESIAN_POINT('',(2.799999832195,-1.36082602666E-08,
    6.573397460998));
#2132 = CARTESIAN_POINT('',(2.799999874133,-1.022970566226E-08,
    6.036602541411));
#2133 = CARTESIAN_POINT('',(2.799999681458,1.759287734663,6.107602543051
    ));
#2134 = CARTESIAN_POINT('',(1.572047107068,3.520013281441,6.178602537478
    ));
#2135 = CARTESIAN_POINT('',(-0.886726338795,4.304670285098,6.24960254967
    ));
#2136 = CARTESIAN_POINT('',(-3.69445059136,3.205394173548,6.320602532087
    ));
#2137 = CARTESIAN_POINT('',(-5.181735406485,2.089356368105E-08,
    6.39160254851));
#2138 = CARTESIAN_POINT('',(-3.694451433904,-3.205394137773,
    6.462602539739));
#2139 = CARTESIAN_POINT('',(-0.886725362423,-4.304670280259,
    6.533602540579));
#2140 = CARTESIAN_POINT('',(1.572046425935,-3.520013295247,
    6.604602543042));
#2141 = CARTESIAN_POINT('',(2.799999904189,-1.759287759577,
    6.675602541102));
#2142 = CARTESIAN_POINT('',(2.799999832196,-1.360819797262E-08,
    6.746602541753));
#2143 = ADVANCED_FACE('',(#2144),#2226,.F.);
#2144 = FACE_BOUND('',#2145,.F.);
#2145 = EDGE_LOOP('',(#2146,#2147,#2148,#2221));
#2146 = ORIENTED_EDGE('',*,*,#2100,.F.);
#2147 = ORIENTED_EDGE('',*,*,#1911,.T.);
#2148 = ORIENTED_EDGE('',*,*,#2149,.T.);
#2149 = EDGE_CURVE('',#1833,#2150,#2152,.T.);
#2150 = VERTEX_POINT('',#2151);
#2151 = CARTESIAN_POINT('',(3.175,-6.803975568289E-09,6.963108989578));
#2152 = B_SPLINE_CURVE_WITH_KNOTS('',7,(#2153,#2154,#2155,#2156,#2157,
    #2158,#2159,#2160,#2161,#2162,#2163,#2164,#2165,#2166,#2167,#2168,
    #2169,#2170,#2171,#2172,#2173,#2174,#2175,#2176,#2177,#2178,#2179,
    #2180,#2181,#2182,#2183,#2184,#2185,#2186,#2187,#2188,#2189,#2190,
    #2191,#2192,#2193,#2194,#2195,#2196,#2197,#2198,#2199,#2200,#2201,
    #2202,#2203,#2204,#2205,#2206,#2207,#2208,#2209,#2210,#2211,#2212,
    #2213,#2214,#2215,#2216,#2217,#2218,#2219,#2220),.UNSPECIFIED.,.F.,
  .F.,(8,6,6,6,6,6,6,6,6,6,6,8),(0.,6.396480548514E-02,0.163840770938,
    0.287031250866,0.318985957731,0.416862693474,0.501486743734,
    0.585143046274,0.715614382241,0.836503540685,0.936246631444,1.),
  .UNSPECIFIED.);
#2153 = CARTESIAN_POINT('',(3.175,2.608333778878E-15,6.253108965385));
#2154 = CARTESIAN_POINT('',(3.175,0.18227145598,6.259596131365));
#2155 = CARTESIAN_POINT('',(3.162792106151,0.364552347897,6.266081620824
    ));
#2156 = CARTESIAN_POINT('',(3.138374114024,0.545845910778,6.27256513801)
  );
#2157 = CARTESIAN_POINT('',(3.101848341562,0.725173245609,6.279048356611
    ));
#2158 = CARTESIAN_POINT('',(3.053410655277,0.901573554703,6.285532810902
    ));
#2159 = CARTESIAN_POINT('',(2.993349798022,1.074106486038,6.292018945572
    ));
#2160 = CARTESIAN_POINT('',(2.810739002933,1.503785050517,6.308635851027
    ));
#2161 = CARTESIAN_POINT('',(2.671999828788,1.754139946974,6.31877167028)
  );
#2162 = CARTESIAN_POINT('',(2.507329918907,1.989348868299,6.328909480637
    ));
#2163 = CARTESIAN_POINT('',(2.31876163816,2.206254142898,6.339046766224)
  );
#2164 = CARTESIAN_POINT('',(2.108742749765,2.40203983112,6.349183007351)
  );
#2165 = CARTESIAN_POINT('',(1.880117914152,2.574253346313,6.359317806198
    ));
#2166 = CARTESIAN_POINT('',(1.335383900463,2.901827536874,6.381940537075
    ));
#2167 = CARTESIAN_POINT('',(1.011033794974,3.044036178036,6.394436919846
    ));
#2168 = CARTESIAN_POINT('',(0.669457555959,3.143658883786,6.406922697942
    ));
#2169 = CARTESIAN_POINT('',(0.317376399463,3.198442710257,6.419405992669
    ));
#2170 = CARTESIAN_POINT('',(-3.831969165393E-02,3.207316054536,
    6.431894304591));
#2171 = CARTESIAN_POINT('',(-0.390543658713,3.170383023758,
    6.444392653556));
#2172 = CARTESIAN_POINT('',(-0.820724709138,3.068440529639,
    6.460127503811));
#2173 = CARTESIAN_POINT('',(-0.908625329559,3.044479131768,
    6.463368569363));
#2174 = CARTESIAN_POINT('',(-0.995704159636,3.017581425662,
    6.466609833069));
#2175 = CARTESIAN_POINT('',(-1.081843671218,2.987781569662,
    6.469851274996));
#2176 = CARTESIAN_POINT('',(-1.166928345229,2.955119526742,6.47309287108
    ));
#2177 = CARTESIAN_POINT('',(-1.250844671667,2.919641064507,
    6.476334593117));
#2178 = CARTESIAN_POINT('',(-1.586595307356,2.764259134729,
    6.489506036211));
#2179 = CARTESIAN_POINT('',(-1.827765874744,2.621151451377,
    6.499438931946));
#2180 = CARTESIAN_POINT('',(-2.053681338166,2.453581734708,6.50937018266
    ));
#2181 = CARTESIAN_POINT('',(-2.261423838595,2.263544283003,
    6.519299434132));
#2182 = CARTESIAN_POINT('',(-2.448402102087,2.053409467125,
    6.529228394255));
#2183 = CARTESIAN_POINT('',(-2.612370366051,1.82590646879,6.539157826252
    ));
#2184 = CARTESIAN_POINT('',(-2.871853325609,1.375220933251,
    6.557666211822));
#2185 = CARTESIAN_POINT('',(-2.973672289323,1.155552206,6.566248888307)
  );
#2186 = CARTESIAN_POINT('',(-3.055818600579,0.927208943303,6.5748303132)
  );
#2187 = CARTESIAN_POINT('',(-3.117443174752,0.69230888626,6.583411220795
    ));
#2188 = CARTESIAN_POINT('',(-3.157970135403,0.453047395365,6.59199305728
    ));
#2189 = CARTESIAN_POINT('',(-3.177099731395,0.211686229343,
    6.600576309705));
#2190 = CARTESIAN_POINT('',(-3.172652782409,-0.267816595926,
    6.617643410046));
#2191 = CARTESIAN_POINT('',(-3.149561537194,-0.506026561514,
    6.626129479743));
#2192 = CARTESIAN_POINT('',(-3.105601372659,-0.741823382325,
    6.634615227821));
#2193 = CARTESIAN_POINT('',(-3.041098440518,-0.973027378196,
    6.643100687201));
#2194 = CARTESIAN_POINT('',(-2.956641900746,-1.197526562112,
    6.651586470897));
#2195 = CARTESIAN_POINT('',(-2.853081015879,-1.413287125313,
    6.660072467954));
#2196 = CARTESIAN_POINT('',(-2.542062178426,-1.938238807335,
    6.681788560785));
#2197 = CARTESIAN_POINT('',(-2.308712475933,-2.232450015548,
    6.695028543458));
#2198 = CARTESIAN_POINT('',(-2.035918570056,-2.493339826714,
    6.708257479942));
#2199 = CARTESIAN_POINT('',(-1.729544452425,-2.714844994691,
    6.721481799541));
#2200 = CARTESIAN_POINT('',(-1.396296425814,-2.892117236999,
    6.734708681852));
#2201 = CARTESIAN_POINT('',(-1.043769830869,-3.021488695226,
    6.747947183378));
#2202 = CARTESIAN_POINT('',(-0.344155463142,-3.175035244756,
    6.773439861159));
#2203 = CARTESIAN_POINT('',(1.850690572176E-03,-3.206331105733,
    6.785710269059));
#2204 = CARTESIAN_POINT('',(0.350597263771,-3.193501890955,
    6.797978555344));
#2205 = CARTESIAN_POINT('',(0.695389583904,-3.13652779337,6.810247868392
    ));
#2206 = CARTESIAN_POINT('',(1.029725025615,-3.036483133834,
    6.822517618793));
#2207 = CARTESIAN_POINT('',(1.347270756637,-2.895540293004,
    6.834788811241));
#2208 = CARTESIAN_POINT('',(1.885358059034,-2.570376084351,
    6.857164440939));
#2209 = CARTESIAN_POINT('',(2.11332651597,-2.397932107751,6.867279645736
    ));
#2210 = CARTESIAN_POINT('',(2.322692513272,-2.202015919335,
    6.877389872347));
#2211 = CARTESIAN_POINT('',(2.5106270983,-1.985075734975,6.887497123019)
  );
#2212 = CARTESIAN_POINT('',(2.674696924493,-1.749920742183,
    6.897606631502));
#2213 = CARTESIAN_POINT('',(2.812882716705,-1.499699514389,
    6.907721808654));
#2214 = CARTESIAN_POINT('',(2.994539711405,-1.070682205885,
    6.924303281729));
#2215 = CARTESIAN_POINT('',(3.05421035904,-0.898656168275,6.930770609583
    ));
#2216 = CARTESIAN_POINT('',(3.102330739405,-0.722800756885,
    6.937238880506));
#2217 = CARTESIAN_POINT('',(3.138615936315,-0.544047258326,
    6.943707740114));
#2218 = CARTESIAN_POINT('',(3.162872681859,-0.363346959804,
    6.950176257038));
#2219 = CARTESIAN_POINT('',(3.174999999221,-0.181668923995,
    6.956643275021));
#2220 = CARTESIAN_POINT('',(3.175,-1.36080113762E-08,6.963108989578));
#2221 = ORIENTED_EDGE('',*,*,#2222,.F.);
#2222 = EDGE_CURVE('',#2101,#2150,#2223,.T.);
#2223 = B_SPLINE_CURVE_WITH_KNOTS('',1,(#2224,#2225),.UNSPECIFIED.,.F.,
  .F.,(2,2),(-0.826794919243,-0.),.PIECEWISE_BEZIER_KNOTS.);
#2224 = CARTESIAN_POINT('',(2.799999832196,-1.360819797262E-08,
    6.746602541753));
#2225 = CARTESIAN_POINT('',(3.516025235982,-1.360772961599E-08,
    7.160000001371));
#2226 = B_SPLINE_SURFACE_WITH_KNOTS('',1,10,(
    (#2227,#2228,#2229,#2230,#2231,#2232,#2233,#2234,#2235,#2236,#2237)
    ,(#2238,#2239,#2240,#2241,#2242,#2243,#2244,#2245,#2246,#2247,#2248
    )),.UNSPECIFIED.,.F.,.F.,.F.,(2,2),(11,11),(-0.826794919243,-0.),(0.
    ,6.285395403802),.PIECEWISE_BEZIER_KNOTS.);
#2227 = CARTESIAN_POINT('',(2.799999874133,-1.022970566226E-08,
    6.036602541411));
#2228 = CARTESIAN_POINT('',(2.799999681458,1.759287734663,6.107602543051
    ));
#2229 = CARTESIAN_POINT('',(1.572047107068,3.520013281441,6.178602537478
    ));
#2230 = CARTESIAN_POINT('',(-0.886726338795,4.304670285098,6.24960254967
    ));
#2231 = CARTESIAN_POINT('',(-3.69445059136,3.205394173548,6.320602532087
    ));
#2232 = CARTESIAN_POINT('',(-5.181735406485,2.089356368105E-08,
    6.39160254851));
#2233 = CARTESIAN_POINT('',(-3.694451433904,-3.205394137773,
    6.462602539739));
#2234 = CARTESIAN_POINT('',(-0.886725362423,-4.304670280259,
    6.533602540579));
#2235 = CARTESIAN_POINT('',(1.572046425935,-3.520013295247,
    6.604602543042));
#2236 = CARTESIAN_POINT('',(2.799999904189,-1.759287759577,
    6.675602541102));
#2237 = CARTESIAN_POINT('',(2.799999832196,-1.360819797262E-08,
    6.746602541753));
#2238 = CARTESIAN_POINT('',(3.516025277919,-1.022929414905E-08,
    6.450000001023));
#2239 = CARTESIAN_POINT('',(3.516025085246,2.209179773573,6.521000002659
    ));
#2240 = CARTESIAN_POINT('',(1.974056177816,4.420159127339,6.591999997209
    ));
#2241 = CARTESIAN_POINT('',(-1.113482820133,5.405481784568,
    6.663000008905));
#2242 = CARTESIAN_POINT('',(-4.639208101123,4.025082641984,
    6.733999992384));
#2243 = CARTESIAN_POINT('',(-6.506826238865,2.091544031191E-08,
    6.805000007342));
#2244 = CARTESIAN_POINT('',(-4.639208943656,-4.02508260625,
    6.875999999894));
#2245 = CARTESIAN_POINT('',(-1.11348184377,-5.405481779705,
    6.947000000002));
#2246 = CARTESIAN_POINT('',(1.974055496692,-4.420159141154,
    7.018000002685));
#2247 = CARTESIAN_POINT('',(3.516025307975,-2.209179798484,
    7.089000000722));
#2248 = CARTESIAN_POINT('',(3.516025235982,-1.360772961599E-08,
    7.160000001371));
#2249 = ADVANCED_FACE('',(#2250),#2365,.F.);
#2250 = FACE_BOUND('',#2251,.F.);
#2251 = EDGE_LOOP('',(#2252,#2343,#2344,#2360));
#2252 = ORIENTED_EDGE('',*,*,#2253,.F.);
#2253 = EDGE_CURVE('',#1943,#2254,#2256,.T.);
#2254 = VERTEX_POINT('',#2255);
#2255 = CARTESIAN_POINT('',(3.175,-6.822521314668E-09,7.066890989296));
#2256 = B_SPLINE_CURVE_WITH_KNOTS('',7,(#2257,#2258,#2259,#2260,#2261,
    #2262,#2263,#2264,#2265,#2266,#2267,#2268,#2269,#2270,#2271,#2272,
    #2273,#2274,#2275,#2276,#2277,#2278,#2279,#2280,#2281,#2282,#2283,
    #2284,#2285,#2286,#2287,#2288,#2289,#2290,#2291,#2292,#2293,#2294,
    #2295,#2296,#2297,#2298,#2299,#2300,#2301,#2302,#2303,#2304,#2305,
    #2306,#2307,#2308,#2309,#2310,#2311,#2312,#2313,#2314,#2315,#2316,
    #2317,#2318,#2319,#2320,#2321,#2322,#2323,#2324,#2325,#2326,#2327,
    #2328,#2329,#2330,#2331,#2332,#2333,#2334,#2335,#2336,#2337,#2338,
    #2339,#2340,#2341,#2342),.UNSPECIFIED.,.F.,.F.,(8,6,6,6,6,6,6,6,6,6,
    6,6,6,6,8),(0.,1.854904438862E-02,6.379015493952E-02,0.163366554463,
    0.192792978075,0.284795244809,0.416033723293,0.499362858755,
    0.585092136732,0.688487664875,0.715818829359,0.72930711344,
    0.838204027249,0.936202341333,1.),.UNSPECIFIED.);
#2257 = CARTESIAN_POINT('',(3.175,1.253021905422E-15,6.356891013654));
#2258 = CARTESIAN_POINT('',(3.175,5.285783717179E-02,6.358772255252));
#2259 = CARTESIAN_POINT('',(3.173973349894,0.105715804598,6.360653585621
    ));
#2260 = CARTESIAN_POINT('',(3.171920044939,0.158549899748,6.362535017579
    ));
#2261 = CARTESIAN_POINT('',(3.168840778473,0.211336169485,6.364416555526
    ));
#2262 = CARTESIAN_POINT('',(3.164736941912,0.264050710066,6.366298195453
    ));
#2263 = CARTESIAN_POINT('',(3.159610624754,0.316669667139,6.368179924933
    ));
#2264 = CARTESIAN_POINT('',(3.138474498636,0.497215658921,6.374651428044
    ));
#2265 = CARTESIAN_POINT('',(3.117418245886,0.624553327271,6.379241612326
    ));
#2266 = CARTESIAN_POINT('',(3.090336659715,0.750834884083,6.383831907214
    ));
#2267 = CARTESIAN_POINT('',(3.057294608934,0.875718700354,6.38842200754)
  );
#2268 = CARTESIAN_POINT('',(3.018380895264,0.998869296789,6.393011674932
    ));
#2269 = CARTESIAN_POINT('',(2.973708120824,1.119957765804,6.397600741011
    ));
#2270 = CARTESIAN_POINT('',(2.812711221498,1.499932515472,6.412288184586
    ));
#2271 = CARTESIAN_POINT('',(2.674739192483,1.749727630629,6.422386683812
    ));
#2272 = CARTESIAN_POINT('',(2.510969458834,1.984506071513,6.432479550156
    ));
#2273 = CARTESIAN_POINT('',(2.323411098267,2.201134581585,6.442570166583
    ));
#2274 = CARTESIAN_POINT('',(2.114484654351,2.39681713177,6.452663732125)
  );
#2275 = CARTESIAN_POINT('',(1.887003860131,2.569116348348,6.462762246783
    ));
#2276 = CARTESIAN_POINT('',(1.572530097316,2.759493731503,6.475845481391
    ));
#2277 = CARTESIAN_POINT('',(1.49945819128,2.800709925057,6.478830116301)
  );
#2278 = CARTESIAN_POINT('',(1.425130053312,2.839666269536,6.481815005535
    ));
#2279 = CARTESIAN_POINT('',(1.349629666027,2.876317083289,6.484800136704
    ));
#2280 = CARTESIAN_POINT('',(1.273042930205,2.910620666391,6.487785490594
    ));
#2281 = CARTESIAN_POINT('',(1.195457664792,2.942539300638,6.490771041165
    ));
#2282 = CARTESIAN_POINT('',(0.871550458974,3.064271394508,6.503091647703
    ));
#2283 = CARTESIAN_POINT('',(0.617205568863,3.132878622972,6.512429896774
    ));
#2284 = CARTESIAN_POINT('',(0.356740633079,3.176787079324,6.521767579109
    ));
#2285 = CARTESIAN_POINT('',(9.302841024592E-02,3.195400704282,
    6.531103752702));
#2286 = CARTESIAN_POINT('',(-0.171021678151,3.188514168872,
    6.540439015448));
#2287 = CARTESIAN_POINT('',(-0.432481693741,3.156314130982,
    6.549773523775));
#2288 = CARTESIAN_POINT('',(-1.053501229888,3.018380672851,
    6.572414789398));
#2289 = CARTESIAN_POINT('',(-1.40772213707,2.88705877715,6.58573160812)
  );
#2290 = CARTESIAN_POINT('',(-1.742261075009,2.707326856689,
    6.599036550126));
#2291 = CARTESIAN_POINT('',(-2.049401333839,2.482951111193,
    6.612338972752));
#2292 = CARTESIAN_POINT('',(-2.322342649496,2.21889975865,6.62564614587)
  );
#2293 = CARTESIAN_POINT('',(-2.555150411518,1.921377943494,
    6.638964682902));
#2294 = CARTESIAN_POINT('',(-2.862936690728,1.393055782309,
    6.660726092162));
#2295 = CARTESIAN_POINT('',(-2.964580463837,1.177421636672,
    6.669179139502));
#2296 = CARTESIAN_POINT('',(-3.047209342703,0.953248870926,
    6.677631961099));
#2297 = CARTESIAN_POINT('',(-3.10999755244,0.722553262337,6.686084441222
    ));
#2298 = CARTESIAN_POINT('',(-3.152376019205,0.487425920813,
    6.694537182248));
#2299 = CARTESIAN_POINT('',(-3.174035139588,0.250023002482,
    6.702990223906));
#2300 = CARTESIAN_POINT('',(-3.175942182027,-0.231725634116,
    6.720136594983));
#2301 = CARTESIAN_POINT('',(-3.15497961597,-0.476141463574,
    6.728832181129));
#2302 = CARTESIAN_POINT('',(-3.112067154645,-0.718254005979,
    6.73752628629));
#2303 = CARTESIAN_POINT('',(-3.047533827737,-0.955713676865,
    6.746219437831));
#2304 = CARTESIAN_POINT('',(-2.961998440204,-1.18624317375,
    6.754913178548));
#2305 = CARTESIAN_POINT('',(-2.85636637067,-1.407649472203,
    6.763608280648));
#2306 = CARTESIAN_POINT('',(-2.581746638761,-1.871368862772,
    6.782789117026));
#2307 = CARTESIAN_POINT('',(-2.404117489635,-2.108708354835,
    6.793279479318));
#2308 = CARTESIAN_POINT('',(-2.201162447795,-2.326147486642,
    6.803769021507));
#2309 = CARTESIAN_POINT('',(-1.975604042606,-2.520529065959,
    6.81425865089));
#2310 = CARTESIAN_POINT('',(-1.730578890335,-2.689150086388,
    6.824750537364));
#2311 = CARTESIAN_POINT('',(-1.469611482169,-2.829784270165,
    6.835244233901));
#2312 = CARTESIAN_POINT('',(-1.124563453618,-2.970193242102,
    6.848506166114));
#2313 = CARTESIAN_POINT('',(-1.051583679545,-2.997484194461,
    6.851278758117));
#2314 = CARTESIAN_POINT('',(-0.977834798189,-3.022681720667,
    6.854051238092));
#2315 = CARTESIAN_POINT('',(-0.903388906723,-3.045760029361,
    6.856823590385));
#2316 = CARTESIAN_POINT('',(-0.828319079988,-3.066696467737,
    6.859595801868));
#2317 = CARTESIAN_POINT('',(-0.752699370484,-3.085471521536,
    6.86236786194));
#2318 = CARTESIAN_POINT('',(-0.639051155244,-3.110259794614,
    6.866507731413));
#2319 = CARTESIAN_POINT('',(-0.601381764871,-3.117920388737,
    6.867875663723));
#2320 = CARTESIAN_POINT('',(-0.563605665875,-3.125048628183,
    6.869243557487));
#2321 = CARTESIAN_POINT('',(-0.525731906961,-3.131642738593,
    6.870611411463));
#2322 = CARTESIAN_POINT('',(-0.487769556922,-3.137701140486,
    6.871979225139));
#2323 = CARTESIAN_POINT('',(-0.449727704641,-3.143222449253,
    6.873346998732));
#2324 = CARTESIAN_POINT('',(-0.103918357371,-3.188435658605,
    6.885757061482));
#2325 = CARTESIAN_POINT('',(0.20847929159,-3.193594571004,6.896800858492
    ));
#2326 = CARTESIAN_POINT('',(0.520577360162,-3.162983764262,
    6.907838890052));
#2327 = CARTESIAN_POINT('',(0.827501230265,-3.096887029727,
    6.918874451648));
#2328 = CARTESIAN_POINT('',(1.124534486633,-2.996319851574,
    6.929912627108));
#2329 = CARTESIAN_POINT('',(1.407117353564,-2.863030188399,6.94095768203
    ));
#2330 = CARTESIAN_POINT('',(1.90843516055,-2.552740861356,6.961941691665
    ));
#2331 = CARTESIAN_POINT('',(2.130865894293,-2.381366561408,
    6.971886358227));
#2332 = CARTESIAN_POINT('',(2.335154484734,-2.187492695544,
    6.981832430758));
#2333 = CARTESIAN_POINT('',(2.518635335698,-1.973460471898,
    6.991779391202));
#2334 = CARTESIAN_POINT('',(2.679014526568,-1.741946082991,
    7.001726650683));
#2335 = CARTESIAN_POINT('',(2.814386348159,-1.495941100351,
    7.011671883993));
#2336 = CARTESIAN_POINT('',(2.994281243112,-1.07142702298,7.028081760581
    ));
#2337 = CARTESIAN_POINT('',(3.054036639899,-0.89929075233,7.034551087324
    ));
#2338 = CARTESIAN_POINT('',(3.102225976834,-0.723316754157,
    7.041018747689));
#2339 = CARTESIAN_POINT('',(3.138563451413,-0.544438306471,
    7.047485187687));
#2340 = CARTESIAN_POINT('',(3.162855207228,-0.363608870131,
    7.053951928806));
#2341 = CARTESIAN_POINT('',(3.174999999219,-0.181799777236,
    7.060420627304));
#2342 = CARTESIAN_POINT('',(3.175,-1.364505288024E-08,7.066890989296));
#2343 = ORIENTED_EDGE('',*,*,#2050,.T.);
#2344 = ORIENTED_EDGE('',*,*,#2345,.T.);
#2345 = EDGE_CURVE('',#2035,#2346,#2348,.T.);
#2346 = VERTEX_POINT('',#2347);
#2347 = CARTESIAN_POINT('',(2.799999790241,-1.364520589484E-08,
    7.283397461346));
#2348 = B_SPLINE_CURVE_WITH_KNOTS('',10,(#2349,#2350,#2351,#2352,#2353,
    #2354,#2355,#2356,#2357,#2358,#2359),.UNSPECIFIED.,.F.,.F.,(11,11),(
    0.,6.285395403802),.PIECEWISE_BEZIER_KNOTS.);
#2349 = CARTESIAN_POINT('',(2.799999832195,-1.360814845233E-08,
    6.573397460998));
#2350 = CARTESIAN_POINT('',(2.799999712063,1.75928771254,6.64439746206)
  );
#2351 = CARTESIAN_POINT('',(1.572046939556,3.52001324937,6.715397458396)
  );
#2352 = CARTESIAN_POINT('',(-0.886726046996,4.304670214365,
    6.786397466447));
#2353 = CARTESIAN_POINT('',(-3.694450906144,3.205394179678,6.85739745514
    ));
#2354 = CARTESIAN_POINT('',(-5.181735013,1.04513626801E-08,
    6.928397464834));
#2355 = CARTESIAN_POINT('',(-3.694451615481,-3.205394116729,
    6.999397461118));
#2356 = CARTESIAN_POINT('',(-0.886725267604,-4.304670205434,
    7.070397459336));
#2357 = CARTESIAN_POINT('',(1.572046376524,-3.520013274708,
    7.141397462783));
#2358 = CARTESIAN_POINT('',(2.799999885708,-1.759287740169,
    7.212397460485));
#2359 = CARTESIAN_POINT('',(2.799999790241,-1.36451767683E-08,
    7.283397461346));
#2360 = ORIENTED_EDGE('',*,*,#2361,.F.);
#2361 = EDGE_CURVE('',#2254,#2346,#2362,.T.);
#2362 = B_SPLINE_CURVE_WITH_KNOTS('',1,(#2363,#2364),.UNSPECIFIED.,.F.,
  .F.,(2,2),(0.,0.826794919243),.PIECEWISE_BEZIER_KNOTS.);
#2363 = CARTESIAN_POINT('',(3.516025194023,-1.364492363953E-08,
    6.870000001727));
#2364 = CARTESIAN_POINT('',(2.799999790241,-1.36451767683E-08,
    7.283397461346));
#2365 = B_SPLINE_SURFACE_WITH_KNOTS('',1,10,(
    (#2366,#2367,#2368,#2369,#2370,#2371,#2372,#2373,#2374,#2375,#2376)
    ,(#2377,#2378,#2379,#2380,#2381,#2382,#2383,#2384,#2385,#2386,#2387
    )),.UNSPECIFIED.,.F.,.F.,.F.,(2,2),(11,11),(0.,0.826794919243),(0.,
    6.285395403802),.PIECEWISE_BEZIER_KNOTS.);
#2366 = CARTESIAN_POINT('',(3.516025235978,-1.360796637783E-08,
    6.160000001379));
#2367 = CARTESIAN_POINT('',(3.516025115844,2.209179751446,6.231000002439
    ));
#2368 = CARTESIAN_POINT('',(1.97405601031,4.420159095266,6.30199999873)
  );
#2369 = CARTESIAN_POINT('',(-1.113482528343,5.405481713823,6.37300000704
    ));
#2370 = CARTESIAN_POINT('',(-4.639208415896,4.025082648123,
    6.443999995061));
#2371 = CARTESIAN_POINT('',(-6.506825845368,1.045866892757E-08,
    6.515000005696));
#2372 = CARTESIAN_POINT('',(-4.63920912524,-4.025082585188,
    6.586000001228));
#2373 = CARTESIAN_POINT('',(-1.11348174894,-5.405481704884,
    6.656999999794));
#2374 = CARTESIAN_POINT('',(1.974055447272,-4.420159120607,
    6.728000003135));
#2375 = CARTESIAN_POINT('',(3.516025289491,-2.209179779074,
    6.799000000869));
#2376 = CARTESIAN_POINT('',(3.516025194023,-1.364492363953E-08,
    6.870000001727));
#2377 = CARTESIAN_POINT('',(2.799999832195,-1.360814845233E-08,
    6.573397460998));
#2378 = CARTESIAN_POINT('',(2.799999712063,1.75928771254,6.64439746206)
  );
#2379 = CARTESIAN_POINT('',(1.572046939556,3.52001324937,6.715397458396)
  );
#2380 = CARTESIAN_POINT('',(-0.886726046996,4.304670214365,
    6.786397466447));
#2381 = CARTESIAN_POINT('',(-3.694450906144,3.205394179678,6.85739745514
    ));
#2382 = CARTESIAN_POINT('',(-5.181735013,1.04513626801E-08,
    6.928397464834));
#2383 = CARTESIAN_POINT('',(-3.694451615481,-3.205394116729,
    6.999397461118));
#2384 = CARTESIAN_POINT('',(-0.886725267604,-4.304670205434,
    7.070397459336));
#2385 = CARTESIAN_POINT('',(1.572046376524,-3.520013274708,
    7.141397462783));
#2386 = CARTESIAN_POINT('',(2.799999885708,-1.759287740169,
    7.212397460485));
#2387 = CARTESIAN_POINT('',(2.799999790241,-1.36451767683E-08,
    7.283397461346));
#2388 = ADVANCED_FACE('',(#2389),#2400,.T.);
#2389 = FACE_BOUND('',#2390,.T.);
#2390 = EDGE_LOOP('',(#2391,#2397,#2398,#2399));
#2391 = ORIENTED_EDGE('',*,*,#2392,.F.);
#2392 = EDGE_CURVE('',#2254,#2150,#2393,.T.);
#2393 = LINE('',#2394,#2395);
#2394 = CARTESIAN_POINT('',(3.175,1.633670976275E-15,7.3574));
#2395 = VECTOR('',#2396,1.);
#2396 = DIRECTION('',(0.,-2.22044604925E-16,-1.));
#2397 = ORIENTED_EDGE('',*,*,#2253,.F.);
#2398 = ORIENTED_EDGE('',*,*,#2081,.T.);
#2399 = ORIENTED_EDGE('',*,*,#2149,.T.);
#2400 = CYLINDRICAL_SURFACE('',#2401,3.175);
#2401 = AXIS2_PLACEMENT_3D('',#2402,#2403,#2404);
#2402 = CARTESIAN_POINT('',(0.,1.633670976275E-15,7.3574));
#2403 = DIRECTION('',(0.,-2.22044604925E-16,-1.));
#2404 = DIRECTION('',(1.,0.,0.));
#2405 = ADVANCED_FACE('',(#2406),#2431,.F.);
#2406 = FACE_BOUND('',#2407,.F.);
#2407 = EDGE_LOOP('',(#2408,#2409,#2410,#2426));
#2408 = ORIENTED_EDGE('',*,*,#2345,.F.);
#2409 = ORIENTED_EDGE('',*,*,#2116,.T.);
#2410 = ORIENTED_EDGE('',*,*,#2411,.T.);
#2411 = EDGE_CURVE('',#2101,#2412,#2414,.T.);
#2412 = VERTEX_POINT('',#2413);
#2413 = CARTESIAN_POINT('',(2.799999790242,-1.364514376081E-08,
    7.456602542101));
#2414 = B_SPLINE_CURVE_WITH_KNOTS('',10,(#2415,#2416,#2417,#2418,#2419,
    #2420,#2421,#2422,#2423,#2424,#2425),.UNSPECIFIED.,.F.,.F.,(11,11),(
    0.,6.285395403802),.PIECEWISE_BEZIER_KNOTS.);
#2415 = CARTESIAN_POINT('',(2.799999832196,-1.360808600483E-08,
    6.746602541753));
#2416 = CARTESIAN_POINT('',(2.799999712065,1.75928771254,6.817602542815)
  );
#2417 = CARTESIAN_POINT('',(1.572046939555,3.520013249371,6.888602539151
    ));
#2418 = CARTESIAN_POINT('',(-0.886726046993,4.304670214369,
    6.959602547203));
#2419 = CARTESIAN_POINT('',(-3.694450906151,3.205394179675,
    7.030602535895));
#2420 = CARTESIAN_POINT('',(-5.181735012996,1.045623430027E-08,
    7.101602545589));
#2421 = CARTESIAN_POINT('',(-3.694451615485,-3.205394116734,
    7.172602541873));
#2422 = CARTESIAN_POINT('',(-0.886725267604,-4.304670205435,
    7.243602540091));
#2423 = CARTESIAN_POINT('',(1.572046376524,-3.52001327471,7.314602543538
    ));
#2424 = CARTESIAN_POINT('',(2.799999885708,-1.759287740169,7.38560254124
    ));
#2425 = CARTESIAN_POINT('',(2.799999790242,-1.364511254444E-08,
    7.456602542101));
#2426 = ORIENTED_EDGE('',*,*,#2427,.F.);
#2427 = EDGE_CURVE('',#2346,#2412,#2428,.T.);
#2428 = B_SPLINE_CURVE_WITH_KNOTS('',1,(#2429,#2430),.UNSPECIFIED.,.F.,
  .F.,(2,2),(-0.173205080757,-0.),.PIECEWISE_BEZIER_KNOTS.);
#2429 = CARTESIAN_POINT('',(2.799999790241,-1.36451767683E-08,
    7.283397461346));
#2430 = CARTESIAN_POINT('',(2.799999790242,-1.364511254444E-08,
    7.456602542101));
#2431 = B_SPLINE_SURFACE_WITH_KNOTS('',1,10,(
    (#2432,#2433,#2434,#2435,#2436,#2437,#2438,#2439,#2440,#2441,#2442)
    ,(#2443,#2444,#2445,#2446,#2447,#2448,#2449,#2450,#2451,#2452,#2453
    )),.UNSPECIFIED.,.F.,.F.,.F.,(2,2),(11,11),(-0.173205080757,-0.),(0.
    ,6.285395403802),.PIECEWISE_BEZIER_KNOTS.);
#2432 = CARTESIAN_POINT('',(2.799999832195,-1.360814845233E-08,
    6.573397460998));
#2433 = CARTESIAN_POINT('',(2.799999712063,1.75928771254,6.64439746206)
  );
#2434 = CARTESIAN_POINT('',(1.572046939556,3.52001324937,6.715397458396)
  );
#2435 = CARTESIAN_POINT('',(-0.886726046996,4.304670214365,
    6.786397466447));
#2436 = CARTESIAN_POINT('',(-3.694450906144,3.205394179678,6.85739745514
    ));
#2437 = CARTESIAN_POINT('',(-5.181735013,1.04513626801E-08,
    6.928397464834));
#2438 = CARTESIAN_POINT('',(-3.694451615481,-3.205394116729,
    6.999397461118));
#2439 = CARTESIAN_POINT('',(-0.886725267604,-4.304670205434,
    7.070397459336));
#2440 = CARTESIAN_POINT('',(1.572046376524,-3.520013274708,
    7.141397462783));
#2441 = CARTESIAN_POINT('',(2.799999885708,-1.759287740169,
    7.212397460485));
#2442 = CARTESIAN_POINT('',(2.799999790241,-1.36451767683E-08,
    7.283397461346));
#2443 = CARTESIAN_POINT('',(2.799999832196,-1.360808600483E-08,
    6.746602541753));
#2444 = CARTESIAN_POINT('',(2.799999712065,1.75928771254,6.817602542815)
  );
#2445 = CARTESIAN_POINT('',(1.572046939555,3.520013249371,6.888602539151
    ));
#2446 = CARTESIAN_POINT('',(-0.886726046993,4.304670214369,
    6.959602547203));
#2447 = CARTESIAN_POINT('',(-3.694450906151,3.205394179675,
    7.030602535895));
#2448 = CARTESIAN_POINT('',(-5.181735012996,1.045623430027E-08,
    7.101602545589));
#2449 = CARTESIAN_POINT('',(-3.694451615485,-3.205394116734,
    7.172602541873));
#2450 = CARTESIAN_POINT('',(-0.886725267604,-4.304670205435,
    7.243602540091));
#2451 = CARTESIAN_POINT('',(1.572046376524,-3.52001327471,7.314602543538
    ));
#2452 = CARTESIAN_POINT('',(2.799999885708,-1.759287740169,7.38560254124
    ));
#2453 = CARTESIAN_POINT('',(2.799999790242,-1.364511254444E-08,
    7.456602542101));
#2454 = ADVANCED_FACE('',(#2455),#2562,.F.);
#2455 = FACE_BOUND('',#2456,.F.);
#2456 = EDGE_LOOP('',(#2457,#2458,#2459,#2514,#2557));
#2457 = ORIENTED_EDGE('',*,*,#2411,.F.);
#2458 = ORIENTED_EDGE('',*,*,#2222,.T.);
#2459 = ORIENTED_EDGE('',*,*,#2460,.T.);
#2460 = EDGE_CURVE('',#2150,#2461,#2463,.T.);
#2461 = VERTEX_POINT('',#2462);
#2462 = CARTESIAN_POINT('',(-2.985056402867,-1.081694629599,7.3574));
#2463 = B_SPLINE_CURVE_WITH_KNOTS('',7,(#2464,#2465,#2466,#2467,#2468,
    #2469,#2470,#2471,#2472,#2473,#2474,#2475,#2476,#2477,#2478,#2479,
    #2480,#2481,#2482,#2483,#2484,#2485,#2486,#2487,#2488,#2489,#2490,
    #2491,#2492,#2493,#2494,#2495,#2496,#2497,#2498,#2499,#2500,#2501,
    #2502,#2503,#2504,#2505,#2506,#2507,#2508,#2509,#2510,#2511,#2512,
    #2513),.UNSPECIFIED.,.F.,.F.,(8,6,6,6,6,6,6,6,8),(0.,
    3.700469002451E-02,0.114871657218,0.29418663223,0.51520509599,
    0.749241092306,0.816635229102,0.909184302967,1.),.UNSPECIFIED.);
#2464 = CARTESIAN_POINT('',(3.175,1.118414474351E-15,6.963108990066));
#2465 = CARTESIAN_POINT('',(3.175,5.855784580591E-02,6.965193102694));
#2466 = CARTESIAN_POINT('',(3.173739989927,0.117115876231,6.967277012062
    ));
#2467 = CARTESIAN_POINT('',(3.171219962442,0.17564144855,6.969360729453)
  );
#2468 = CARTESIAN_POINT('',(3.167440961451,0.234101998138,6.971444273776
    ));
#2469 = CARTESIAN_POINT('',(3.162405082103,0.292465038479,6.973527671562
    ));
#2470 = CARTESIAN_POINT('',(3.156115470791,0.350698161157,6.975610956966
    ));
#2471 = CARTESIAN_POINT('',(3.132712108873,0.530964435755,6.982077767971
    ));
#2472 = CARTESIAN_POINT('',(3.111314909031,0.652442635185,6.986461074254
    ));
#2473 = CARTESIAN_POINT('',(3.084424124185,0.772900966127,6.990844381872
    ));
#2474 = CARTESIAN_POINT('',(3.05209920431,0.892041699126,6.99522801514)
  );
#2475 = CARTESIAN_POINT('',(3.014419540167,1.00957237836,6.999612246803)
  );
#2476 = CARTESIAN_POINT('',(2.971484352656,1.12520615671,7.003997213415)
  );
#2477 = CARTESIAN_POINT('',(2.812711104621,1.499932806914,7.018482194848
    ));
#2478 = CARTESIAN_POINT('',(2.674739030532,1.749727829673,7.028587790724
    ));
#2479 = CARTESIAN_POINT('',(2.510969517756,1.984505826032,7.038695401767
    ));
#2480 = CARTESIAN_POINT('',(2.323411581914,2.201133926458,7.04880254805)
  );
#2481 = CARTESIAN_POINT('',(2.114485531997,2.396816344118,7.058908692249
    ));
#2482 = CARTESIAN_POINT('',(1.887004830603,2.569115678789,7.069013405099
    ));
#2483 = CARTESIAN_POINT('',(1.345069502666,2.897194836348,7.09156033137)
  );
#2484 = CARTESIAN_POINT('',(1.022419787564,3.039977180383,7.104010828235
    ));
#2485 = CARTESIAN_POINT('',(0.682522232408,3.140552108421,7.116450820737
    ));
#2486 = CARTESIAN_POINT('',(0.332014811312,3.196665268319,7.128888249866
    ));
#2487 = CARTESIAN_POINT('',(-2.229231050254E-02,3.207227194249,
    7.141330563317));
#2488 = CARTESIAN_POINT('',(-0.373390549501,3.172306551695,
    7.153782762304));
#2489 = CARTESIAN_POINT('',(-1.075034237561,3.010329615464,7.17941186391
    ));
#2490 = CARTESIAN_POINT('',(-1.424821282425,2.877853910448,
    7.192606229206));
#2491 = CARTESIAN_POINT('',(-1.754999049781,2.698051262649,
    7.205795111475));
#2492 = CARTESIAN_POINT('',(-2.058096582451,2.474619425495,
    7.218981858828));
#2493 = CARTESIAN_POINT('',(-2.32752939371,2.212411989276,7.2321680477)
  );
#2494 = CARTESIAN_POINT('',(-2.557554630512,1.917471687323,
    7.245360071755));
#2495 = CARTESIAN_POINT('',(-2.797541724853,1.505243828298,
    7.262336366492));
#2496 = CARTESIAN_POINT('',(-2.847586814934,1.410974110987,
    7.266131824924));
#2497 = CARTESIAN_POINT('',(-2.893920952618,1.314772022405,
    7.269927181284));
#2498 = CARTESIAN_POINT('',(-2.936455329575,1.216813068552,
    7.273722458953));
#2499 = CARTESIAN_POINT('',(-2.975111748453,1.117277350232,
    7.277517683391));
#2500 = CARTESIAN_POINT('',(-3.009822622875,1.016349563047,
    7.281312882136));
#2501 = CARTESIAN_POINT('',(-3.082701259758,0.773968083704,
    7.290319851117));
#2502 = CARTESIAN_POINT('',(-3.117324524018,0.631445132551,
    7.295531731989));
#2503 = CARTESIAN_POINT('',(-3.144253118172,0.487142129922,
    7.300743634403));
#2504 = CARTESIAN_POINT('',(-3.163380055572,0.341557714347,
    7.305955642704));
#2505 = CARTESIAN_POINT('',(-3.174639100897,0.195196266825,
    7.311167886116));
#2506 = CARTESIAN_POINT('',(-3.178004856066,4.856700074384E-02,
    7.316380406241));
#2507 = CARTESIAN_POINT('',(-3.169065342922,-0.241459232267,
    7.326708014348));
#2508 = CARTESIAN_POINT('',(-3.15705226681,-0.38487007693,7.331823269934
    ));
#2509 = CARTESIAN_POINT('',(-3.137468801416,-0.527564720922,
    7.336938629457));
#2510 = CARTESIAN_POINT('',(-3.110367822455,-0.669064312316,
    7.342054071555));
#2511 = CARTESIAN_POINT('',(-3.075839741427,-0.808896745938,
    7.347169611217));
#2512 = CARTESIAN_POINT('',(-3.034012349277,-0.946597500774,
    7.352285195625));
#2513 = CARTESIAN_POINT('',(-2.985050660056,-1.081710477391,7.3574006));
#2514 = ORIENTED_EDGE('',*,*,#2515,.T.);
#2515 = EDGE_CURVE('',#2461,#2516,#2518,.T.);
#2516 = VERTEX_POINT('',#2517);
#2517 = CARTESIAN_POINT('',(2.974848505232,-6.82248876778E-09,
    7.557551494768));
#2518 = B_SPLINE_CURVE_WITH_KNOTS('',7,(#2519,#2520,#2521,#2522,#2523,
    #2524,#2525,#2526,#2527,#2528,#2529,#2530,#2531,#2532,#2533,#2534,
    #2535,#2536,#2537,#2538,#2539,#2540,#2541,#2542,#2543,#2544,#2545,
    #2546,#2547,#2548,#2549,#2550,#2551,#2552,#2553,#2554,#2555,#2556),
  .UNSPECIFIED.,.F.,.F.,(8,6,6,6,6,6,8),(0.,0.130432625523,
    0.258469780792,0.385652636112,0.511983547905,0.757628752371,1.),
  .UNSPECIFIED.);
#2519 = CARTESIAN_POINT('',(-2.985056402867,-1.081694629599,7.3574));
#2520 = CARTESIAN_POINT('',(-2.926804845931,-1.231784942294,
    7.361032219688));
#2521 = CARTESIAN_POINT('',(-2.859682912232,-1.378398817493,
    7.36466849873));
#2522 = CARTESIAN_POINT('',(-2.783931438172,-1.520895979272,
    7.368308614446));
#2523 = CARTESIAN_POINT('',(-2.699844862061,-1.658662960062,
    7.371952541711));
#2524 = CARTESIAN_POINT('',(-2.607770940605,-1.791114809445,
    7.375600336987));
#2525 = CARTESIAN_POINT('',(-2.508110465386,-1.917696802965,
    7.379252022351));
#2526 = CARTESIAN_POINT('',(-2.296484817166,-2.155868152345,
    7.386495782311));
#2527 = CARTESIAN_POINT('',(-2.184773988387,-2.267696102288,
    7.39008790194));
#2528 = CARTESIAN_POINT('',(-2.06661422686,-2.372876008309,
    7.393683696243));
#2529 = CARTESIAN_POINT('',(-1.942474025633,-2.470955224735,
    7.397283253279));
#2530 = CARTESIAN_POINT('',(-1.812859844763,-2.561523884444,
    7.400886751239));
#2531 = CARTESIAN_POINT('',(-1.678315319117,-2.644216330626,
    7.404494328355));
#2532 = CARTESIAN_POINT('',(-1.401452358815,-2.792711706738,
    7.411693479472));
#2533 = CARTESIAN_POINT('',(-1.259184967124,-2.858627307178,
    7.415285177148));
#2534 = CARTESIAN_POINT('',(-1.113187402139,-2.916146332553,
    7.418881003643));
#2535 = CARTESIAN_POINT('',(-0.964050749453,-2.965007552483,
    7.422481098811));
#2536 = CARTESIAN_POINT('',(-0.812386831691,-3.005002595817,
    7.426085646844));
#2537 = CARTESIAN_POINT('',(-0.658826970987,-3.035977022917,
    7.429694738553));
#2538 = CARTESIAN_POINT('',(-0.350251512549,-3.079539379877,
    7.436897523512));
#2539 = CARTESIAN_POINT('',(-0.195244964762,-3.092250158999,
    7.440491335509));
#2540 = CARTESIAN_POINT('',(-3.9638075444E-02,-3.0958670825,
    7.444089531175));
#2541 = CARTESIAN_POINT('',(0.115929450329,-3.090349284567,
    7.447692095625));
#2542 = CARTESIAN_POINT('',(0.270816698849,-3.075712233546,7.45129902887
    ));
#2543 = CARTESIAN_POINT('',(0.424383076857,-3.052028279085,
    7.454910237124));
#2544 = CARTESIAN_POINT('',(0.870782888191,-2.956035755345,
    7.465555004863));
#2545 = CARTESIAN_POINT('',(1.158297002202,-2.858902293198,
    7.472602737187));
#2546 = CARTESIAN_POINT('',(1.433669041572,-2.728972703396,
    7.479662725962));
#2547 = CARTESIAN_POINT('',(1.692442527704,-2.568073945968,
    7.486735058209));
#2548 = CARTESIAN_POINT('',(1.930526127948,-2.37868406071,7.493820652534
    ));
#2549 = CARTESIAN_POINT('',(2.144195232824,-2.163938236416,
    7.500922880428));
#2550 = CARTESIAN_POINT('',(2.513943014061,-1.694812158784,
    7.515059839269));
#2551 = CARTESIAN_POINT('',(2.670888790637,-1.440823900473,
    7.522099447529));
#2552 = CARTESIAN_POINT('',(2.7980526206,-1.169603810682,7.529154599103)
  );
#2553 = CARTESIAN_POINT('',(2.893202015484,-0.885331994894,
    7.536227869596));
#2554 = CARTESIAN_POINT('',(2.954790195908,-0.592453349539,
    7.543322293699));
#2555 = CARTESIAN_POINT('',(2.981969023856,-0.295682017789,
    7.550430975466));
#2556 = CARTESIAN_POINT('',(2.974848504903,-3.154065845881E-14,
    7.557551495097));
#2557 = ORIENTED_EDGE('',*,*,#2558,.F.);
#2558 = EDGE_CURVE('',#2412,#2516,#2559,.T.);
#2559 = B_SPLINE_CURVE_WITH_KNOTS('',1,(#2560,#2561),.UNSPECIFIED.,.F.,
  .F.,(2,2),(-0.826794919243,-0.),.PIECEWISE_BEZIER_KNOTS.);
#2560 = CARTESIAN_POINT('',(2.799999790242,-1.364511254444E-08,
    7.456602542101));
#2561 = CARTESIAN_POINT('',(3.516025194029,-1.364456653977E-08,
    7.870000001727));
#2562 = B_SPLINE_SURFACE_WITH_KNOTS('',1,10,(
    (#2563,#2564,#2565,#2566,#2567,#2568,#2569,#2570,#2571,#2572,#2573)
    ,(#2574,#2575,#2576,#2577,#2578,#2579,#2580,#2581,#2582,#2583,#2584
    )),.UNSPECIFIED.,.F.,.F.,.F.,(2,2),(11,11),(-0.826794919243,-0.),(0.
    ,6.285395403802),.PIECEWISE_BEZIER_KNOTS.);
#2563 = CARTESIAN_POINT('',(2.799999832196,-1.360808600483E-08,
    6.746602541753));
#2564 = CARTESIAN_POINT('',(2.799999712065,1.75928771254,6.817602542815)
  );
#2565 = CARTESIAN_POINT('',(1.572046939555,3.520013249371,6.888602539151
    ));
#2566 = CARTESIAN_POINT('',(-0.886726046993,4.304670214369,
    6.959602547203));
#2567 = CARTESIAN_POINT('',(-3.694450906151,3.205394179675,
    7.030602535895));
#2568 = CARTESIAN_POINT('',(-5.181735012996,1.045623430027E-08,
    7.101602545589));
#2569 = CARTESIAN_POINT('',(-3.694451615485,-3.205394116734,
    7.172602541873));
#2570 = CARTESIAN_POINT('',(-0.886725267604,-4.304670205435,
    7.243602540091));
#2571 = CARTESIAN_POINT('',(1.572046376524,-3.52001327471,7.314602543538
    ));
#2572 = CARTESIAN_POINT('',(2.799999885708,-1.759287740169,7.38560254124
    ));
#2573 = CARTESIAN_POINT('',(2.799999790242,-1.364511254444E-08,
    7.456602542101));
#2574 = CARTESIAN_POINT('',(3.516025235982,-1.360761460715E-08,
    7.160000001379));
#2575 = CARTESIAN_POINT('',(3.516025115852,2.20917975145,7.231000002439)
  );
#2576 = CARTESIAN_POINT('',(1.974056010304,4.420159095272,7.301999998657
    ));
#2577 = CARTESIAN_POINT('',(-1.113482528331,5.405481713833,
    7.373000007304));
#2578 = CARTESIAN_POINT('',(-4.639208415916,4.025082648124,
    7.443999994483));
#2579 = CARTESIAN_POINT('',(-6.506825845374,1.046232622426E-08,
    7.515000006425));
#2580 = CARTESIAN_POINT('',(-4.639209125239,-4.025082585197,
    7.586000000675));
#2581 = CARTESIAN_POINT('',(-1.113481748951,-5.405481704891,
    7.657000000034));
#2582 = CARTESIAN_POINT('',(1.974055447282,-4.420159120613,
    7.728000003072));
#2583 = CARTESIAN_POINT('',(3.516025289494,-2.209179779076,
    7.799000000868));
#2584 = CARTESIAN_POINT('',(3.516025194029,-1.364456653977E-08,
    7.870000001727));
#2585 = ADVANCED_FACE('',(#2586),#2671,.F.);
#2586 = FACE_BOUND('',#2587,.F.);
#2587 = EDGE_LOOP('',(#2588,#2631,#2632,#2648));
#2588 = ORIENTED_EDGE('',*,*,#2589,.F.);
#2589 = EDGE_CURVE('',#2254,#2590,#2592,.T.);
#2590 = VERTEX_POINT('',#2591);
#2591 = CARTESIAN_POINT('',(-2.671924240092,1.715064388066,7.3574));
#2592 = B_SPLINE_CURVE_WITH_KNOTS('',7,(#2593,#2594,#2595,#2596,#2597,
    #2598,#2599,#2600,#2601,#2602,#2603,#2604,#2605,#2606,#2607,#2608,
    #2609,#2610,#2611,#2612,#2613,#2614,#2615,#2616,#2617,#2618,#2619,
    #2620,#2621,#2622,#2623,#2624,#2625,#2626,#2627,#2628,#2629,#2630),
  .UNSPECIFIED.,.F.,.F.,(8,6,6,6,6,6,8),(0.,4.533278899757E-02,
    0.155954082791,0.399743881145,0.471709833665,0.696557832122,1.),
  .UNSPECIFIED.);
#2593 = CARTESIAN_POINT('',(3.175,2.871727080626E-15,7.066890989782));
#2594 = CARTESIAN_POINT('',(3.175,5.285788512824E-02,7.068772233078));
#2595 = CARTESIAN_POINT('',(3.173973348031,0.10571590051,7.070653565186)
  );
#2596 = CARTESIAN_POINT('',(3.171920039351,0.158550043549,7.072534998917
    ));
#2597 = CARTESIAN_POINT('',(3.168840767298,0.211336361043,7.074416538669
    ));
#2598 = CARTESIAN_POINT('',(3.164736923297,0.264050949184,7.076298180425
    ));
#2599 = CARTESIAN_POINT('',(3.15961059685,0.316669953556,7.078179911757)
  );
#2600 = CARTESIAN_POINT('',(3.13846702425,0.497279388268,7.084653689563)
  );
#2601 = CARTESIAN_POINT('',(3.117397327503,0.624679751511,7.089246147329
    ));
#2602 = CARTESIAN_POINT('',(3.090296349834,0.751022784189,7.093838715645
    ));
#2603 = CARTESIAN_POINT('',(3.057229068527,0.875966351604,7.098431088875
    ));
#2604 = CARTESIAN_POINT('',(3.018284440867,0.999174482196,7.103023028378
    ));
#2605 = CARTESIAN_POINT('',(2.973575271382,1.120317790702,7.107614365661
    ));
#2606 = CARTESIAN_POINT('',(2.812303795682,1.500791399529,7.122321965204
    ));
#2607 = CARTESIAN_POINT('',(2.674003586945,1.750989507518,7.132438360956
    ));
#2608 = CARTESIAN_POINT('',(2.509818861638,1.986107606341,7.142549093983
    ));
#2609 = CARTESIAN_POINT('',(2.321770948757,2.202996689086,7.152657575969
    ));
#2610 = CARTESIAN_POINT('',(2.112295237058,2.398847528035,7.162769041454
    ));
#2611 = CARTESIAN_POINT('',(1.884222703482,2.571212298465,7.172885492491
    ));
#2612 = CARTESIAN_POINT('',(1.569031561739,2.761486232289,7.185988716961
    ));
#2613 = CARTESIAN_POINT('',(1.49585691936,2.802637900159,7.18897541844)
  );
#2614 = CARTESIAN_POINT('',(1.421427199525,2.841524999633,7.191962374236
    ));
#2615 = CARTESIAN_POINT('',(1.34582661675,2.878101862745,7.194949571719)
  );
#2616 = CARTESIAN_POINT('',(1.269141303913,2.91232681662,7.19793699144)
  );
#2617 = CARTESIAN_POINT('',(1.191459312259,2.944162183473,7.200924607133
    ));
#2618 = CARTESIAN_POINT('',(0.867330721038,3.065468446388,7.213247300505
    ));
#2619 = CARTESIAN_POINT('',(0.61289162529,3.133725422722,7.222585561122)
  );
#2620 = CARTESIAN_POINT('',(0.352366495317,3.177275226847,7.231923239718
    ));
#2621 = CARTESIAN_POINT('',(8.862890639846E-02,3.195525755214,
    7.241259395442));
#2622 = CARTESIAN_POINT('',(-0.175411440746,3.188275684216,
    7.250594631418));
#2623 = CARTESIAN_POINT('',(-0.436826867529,3.155715702145,
    7.259929110844));
#2624 = CARTESIAN_POINT('',(-1.037973719879,3.021327379525,
    7.281852517025));
#2625 = CARTESIAN_POINT('',(-1.373441116417,2.899196990554,
    7.294449449658));
#2626 = CARTESIAN_POINT('',(-1.691670818394,2.733686771249,
    7.307037009089));
#2627 = CARTESIAN_POINT('',(-1.986094984578,2.527888534237,
    7.319622152713));
#2628 = CARTESIAN_POINT('',(-2.250862430653,2.285892152365,7.33221105181
    ));
#2629 = CARTESIAN_POINT('',(-2.480812790885,2.012803225701,7.34480878567
    ));
#2630 = CARTESIAN_POINT('',(-2.671933347025,1.715050200157,7.3574006));
#2631 = ORIENTED_EDGE('',*,*,#2361,.T.);
#2632 = ORIENTED_EDGE('',*,*,#2633,.T.);
#2633 = EDGE_CURVE('',#2346,#2634,#2636,.T.);
#2634 = VERTEX_POINT('',#2635);
#2635 = CARTESIAN_POINT('',(-1.885719414191,-2.069794234623,
    7.732402520941));
#2636 = B_SPLINE_CURVE_WITH_KNOTS('',10,(#2637,#2638,#2639,#2640,#2641,
    #2642,#2643,#2644,#2645,#2646,#2647),.UNSPECIFIED.,.F.,.F.,(11,11),(
    0.,6.285395403802),.PIECEWISE_BEZIER_KNOTS.);
#2637 = CARTESIAN_POINT('',(2.799999790241,-1.364523200516E-08,
    7.283397461346));
#2638 = CARTESIAN_POINT('',(2.799999670108,1.759287693461,7.354397462391
    ));
#2639 = CARTESIAN_POINT('',(1.572047001532,3.520013234066,7.425397458044
    ));
#2640 = CARTESIAN_POINT('',(-0.886726245466,4.304670137879,
    7.496397467628));
#2641 = CARTESIAN_POINT('',(-3.694450543613,3.205394158195,
    7.567397455244));
#2642 = CARTESIAN_POINT('',(-5.181735325581,-2.525277223739E-08,
    7.63839746364));
#2643 = CARTESIAN_POINT('',(-3.694451308484,-3.205394027999,
    7.709397463493));
#2644 = CARTESIAN_POINT('',(-0.88672535461,-4.304670202365,
    7.780397458278));
#2645 = CARTESIAN_POINT('',(1.572046380622,-3.520013226139,
    7.851397463364));
#2646 = CARTESIAN_POINT('',(2.799999857511,-1.759287717957,
    7.922397460733));
#2647 = CARTESIAN_POINT('',(2.799999760051,-1.031040641393E-08,
    7.993397461592));
#2648 = ORIENTED_EDGE('',*,*,#2649,.T.);
#2649 = EDGE_CURVE('',#2634,#2590,#2650,.T.);
#2650 = B_SPLINE_CURVE_WITH_KNOTS('',7,(#2651,#2652,#2653,#2654,#2655,
    #2656,#2657,#2658,#2659,#2660,#2661,#2662,#2663,#2664,#2665,#2666,
    #2667,#2668,#2669,#2670),.UNSPECIFIED.,.F.,.F.,(8,6,6,8),(0.,
    0.476398458154,0.731296900479,1.),.UNSPECIFIED.);
#2651 = CARTESIAN_POINT('',(-1.885719414191,-2.069794234622,
    7.732402520941));
#2652 = CARTESIAN_POINT('',(-2.111615631764,-1.900311417909,
    7.705551665992));
#2653 = CARTESIAN_POINT('',(-2.318109094867,-1.703653335033,
    7.678925765931));
#2654 = CARTESIAN_POINT('',(-2.501326798356,-1.482872606684,
    7.652535735442));
#2655 = CARTESIAN_POINT('',(-2.658257659742,-1.241569184617,
    7.626368062697));
#2656 = CARTESIAN_POINT('',(-2.786568045049,-0.983643356182,
    7.60040966727));
#2657 = CARTESIAN_POINT('',(-2.884577914834,-0.713280383493,
    7.574650622334));
#2658 = CARTESIAN_POINT('',(-2.987182541565,-0.286043797285,
    7.535432801164));
#2659 = CARTESIAN_POINT('',(-3.014031649828,-0.134812512685,
    7.521820140078));
#2660 = CARTESIAN_POINT('',(-3.031832575013,1.807292409377E-02,
    7.508264054116));
#2661 = CARTESIAN_POINT('',(-3.040513428766,0.171954657873,
    7.494763626437));
#2662 = CARTESIAN_POINT('',(-3.04006195471,0.326179728726,7.481317849133
    ));
#2663 = CARTESIAN_POINT('',(-3.030523288637,0.480101869244,
    7.467926050467));
#2664 = CARTESIAN_POINT('',(-2.992468850625,0.794349823193,
    7.440528255989));
#2665 = CARTESIAN_POINT('',(-2.962952216509,0.954579500295,
    7.426527523482));
#2666 = CARTESIAN_POINT('',(-2.923566312789,1.113025898383,
    7.412586123019));
#2667 = CARTESIAN_POINT('',(-2.874495047182,1.268970936447,
    7.398703384902));
#2668 = CARTESIAN_POINT('',(-2.815984639393,1.42172593491,7.384878427222
    ));
#2669 = CARTESIAN_POINT('',(-2.74834052179,1.570632663322,7.371110611778
    ));
#2670 = CARTESIAN_POINT('',(-2.671924240092,1.715064388066,7.3574));
#2671 = B_SPLINE_SURFACE_WITH_KNOTS('',1,10,(
    (#2672,#2673,#2674,#2675,#2676,#2677,#2678,#2679,#2680,#2681,#2682)
    ,(#2683,#2684,#2685,#2686,#2687,#2688,#2689,#2690,#2691,#2692,#2693
    )),.UNSPECIFIED.,.F.,.F.,.F.,(2,2),(11,11),(0.,0.826794919243),(0.,
    6.285395403802),.PIECEWISE_BEZIER_KNOTS.);
#2672 = CARTESIAN_POINT('',(3.516025194023,-1.364498146773E-08,
    6.870000001727));
#2673 = CARTESIAN_POINT('',(3.516025073889,2.209179732367,6.94100000277)
  );
#2674 = CARTESIAN_POINT('',(1.974056072288,4.42015907996,7.011999998321)
  );
#2675 = CARTESIAN_POINT('',(-1.113482726819,5.405481637339,
    7.083000008338));
#2676 = CARTESIAN_POINT('',(-4.639208053352,4.025082626634,7.15399999495
    ));
#2677 = CARTESIAN_POINT('',(-6.506826157966,-2.523911196151E-08,
    7.225000004834));
#2678 = CARTESIAN_POINT('',(-4.639208818226,-4.025082496462,
    7.296000003234));
#2679 = CARTESIAN_POINT('',(-1.113481835955,-5.405481701813,
    7.366999998911));
#2680 = CARTESIAN_POINT('',(1.974055451374,-4.420159072038,
    7.438000003689));
#2681 = CARTESIAN_POINT('',(3.516025261295,-2.209179756862,
    7.509000001109));
#2682 = CARTESIAN_POINT('',(3.516025163833,-1.031007061137E-08,
    7.580000001966));
#2683 = CARTESIAN_POINT('',(2.799999790241,-1.364523200516E-08,
    7.283397461346));
#2684 = CARTESIAN_POINT('',(2.799999670108,1.759287693461,7.354397462391
    ));
#2685 = CARTESIAN_POINT('',(1.572047001532,3.520013234066,7.425397458044
    ));
#2686 = CARTESIAN_POINT('',(-0.886726245466,4.304670137879,
    7.496397467628));
#2687 = CARTESIAN_POINT('',(-3.694450543613,3.205394158195,
    7.567397455244));
#2688 = CARTESIAN_POINT('',(-5.181735325581,-2.525277223739E-08,
    7.63839746364));
#2689 = CARTESIAN_POINT('',(-3.694451308484,-3.205394027999,
    7.709397463493));
#2690 = CARTESIAN_POINT('',(-0.88672535461,-4.304670202365,
    7.780397458278));
#2691 = CARTESIAN_POINT('',(1.572046380622,-3.520013226139,
    7.851397463364));
#2692 = CARTESIAN_POINT('',(2.799999857511,-1.759287717957,
    7.922397460733));
#2693 = CARTESIAN_POINT('',(2.799999760051,-1.031040641393E-08,
    7.993397461592));
#2694 = ADVANCED_FACE('',(#2695),#2707,.T.);
#2695 = FACE_BOUND('',#2696,.T.);
#2696 = EDGE_LOOP('',(#2697,#2698,#2705,#2706));
#2697 = ORIENTED_EDGE('',*,*,#2460,.T.);
#2698 = ORIENTED_EDGE('',*,*,#2699,.T.);
#2699 = EDGE_CURVE('',#2461,#2590,#2700,.T.);
#2700 = CIRCLE('',#2701,3.175);
#2701 = AXIS2_PLACEMENT_3D('',#2702,#2703,#2704);
#2702 = CARTESIAN_POINT('',(0.,1.633670976275E-15,7.3574));
#2703 = DIRECTION('',(0.,-2.22044604925E-16,-1.));
#2704 = DIRECTION('',(1.,0.,0.));
#2705 = ORIENTED_EDGE('',*,*,#2589,.F.);
#2706 = ORIENTED_EDGE('',*,*,#2392,.T.);
#2707 = CYLINDRICAL_SURFACE('',#2708,3.175);
#2708 = AXIS2_PLACEMENT_3D('',#2709,#2710,#2711);
#2709 = CARTESIAN_POINT('',(0.,1.633670976275E-15,7.3574));
#2710 = DIRECTION('',(0.,-2.22044604925E-16,-1.));
#2711 = DIRECTION('',(1.,0.,0.));
#2712 = ADVANCED_FACE('',(#2713),#2763,.F.);
#2713 = FACE_BOUND('',#2714,.F.);
#2714 = EDGE_LOOP('',(#2715,#2716,#2717,#2733));
#2715 = ORIENTED_EDGE('',*,*,#2633,.F.);
#2716 = ORIENTED_EDGE('',*,*,#2427,.T.);
#2717 = ORIENTED_EDGE('',*,*,#2718,.T.);
#2718 = EDGE_CURVE('',#2412,#2719,#2721,.T.);
#2719 = VERTEX_POINT('',#2720);
#2720 = CARTESIAN_POINT('',(-2.140056191647,1.805578252967,
    7.732408333764));
#2721 = B_SPLINE_CURVE_WITH_KNOTS('',10,(#2722,#2723,#2724,#2725,#2726,
    #2727,#2728,#2729,#2730,#2731,#2732),.UNSPECIFIED.,.F.,.F.,(11,11),(
    0.,6.285395403802),.PIECEWISE_BEZIER_KNOTS.);
#2722 = CARTESIAN_POINT('',(2.799999790242,-1.364517477905E-08,
    7.456602542101));
#2723 = CARTESIAN_POINT('',(2.799999670109,1.759287693461,7.527602543147
    ));
#2724 = CARTESIAN_POINT('',(1.57204700153,3.520013234067,7.598602538799)
  );
#2725 = CARTESIAN_POINT('',(-0.886726245462,4.304670137881,
    7.669602548383));
#2726 = CARTESIAN_POINT('',(-3.694450543619,3.205394158194,
    7.740602535999));
#2727 = CARTESIAN_POINT('',(-5.181735325582,-2.524944338314E-08,
    7.811602544395));
#2728 = CARTESIAN_POINT('',(-3.694451308482,-3.205394028003,
    7.882602544248));
#2729 = CARTESIAN_POINT('',(-0.886725354614,-4.304670202366,
    7.953602539032));
#2730 = CARTESIAN_POINT('',(1.572046380625,-3.52001322614,8.02460254412)
  );
#2731 = CARTESIAN_POINT('',(2.799999857512,-1.759287717958,
    8.095602541488));
#2732 = CARTESIAN_POINT('',(2.799999760052,-1.031035629325E-08,
    8.166602542347));
#2733 = ORIENTED_EDGE('',*,*,#2734,.T.);
#2734 = EDGE_CURVE('',#2719,#2634,#2735,.T.);
#2735 = B_SPLINE_CURVE_WITH_KNOTS('',6,(#2736,#2737,#2738,#2739,#2740,
    #2741,#2742,#2743,#2744,#2745,#2746,#2747,#2748,#2749,#2750,#2751,
    #2752,#2753,#2754,#2755,#2756,#2757,#2758,#2759,#2760,#2761,#2762),
  .UNSPECIFIED.,.F.,.F.,(7,5,5,5,5,7),(0.,9.902220925378E-02,
    0.127023846484,0.457984387729,0.78503283094,1.),.UNSPECIFIED.);
#2736 = CARTESIAN_POINT('',(-2.140056191647,1.805578252966,
    7.732408333764));
#2737 = CARTESIAN_POINT('',(-2.185727998398,1.751444629444,
    7.732409141111));
#2738 = CARTESIAN_POINT('',(-2.229756781237,1.695924718614,
    7.732409794028));
#2739 = CARTESIAN_POINT('',(-2.272089825647,1.639081019695,
    7.732410289512));
#2740 = CARTESIAN_POINT('',(-2.312677760141,1.580978443636,
    7.732410630004));
#2741 = CARTESIAN_POINT('',(-2.351474556257,1.521684313122,
    7.732410823392));
#2742 = CARTESIAN_POINT('',(-2.398889968973,1.444183856547,
    7.732410899862));
#2743 = CARTESIAN_POINT('',(-2.409195771067,1.427009637927,
    7.732410906006));
#2744 = CARTESIAN_POINT('',(-2.419353971931,1.409747280152,
    7.732410901727));
#2745 = CARTESIAN_POINT('',(-2.429363631423,1.392398369945,7.73241088734
    ));
#2746 = CARTESIAN_POINT('',(-2.439223832169,1.374964507309,
    7.732410863184));
#2747 = CARTESIAN_POINT('',(-2.563697553019,1.150405748053,
    7.732410432994));
#2748 = CARTESIAN_POINT('',(-2.657472459541,0.931695034346,
    7.732408725258));
#2749 = CARTESIAN_POINT('',(-2.728738504898,0.704033203843,
    7.732406289554));
#2750 = CARTESIAN_POINT('',(-2.776517172395,0.470311332839,
    7.732404236315));
#2751 = CARTESIAN_POINT('',(-2.800264447329,0.233532886577,
    7.732403225054));
#2752 = CARTESIAN_POINT('',(-2.799728636618,-0.237109875667,
    7.732403247672));
#2753 = CARTESIAN_POINT('',(-2.776009910048,-0.471034450472,
    7.732404257645));
#2754 = CARTESIAN_POINT('',(-2.728831843879,-0.701957423697,
    7.732406276436));
#2755 = CARTESIAN_POINT('',(-2.658719054613,-0.926980622086,
    7.732408668962));
#2756 = CARTESIAN_POINT('',(-2.566611996624,-1.14331308484,
    7.732410371446));
#2757 = CARTESIAN_POINT('',(-2.379925248001,-1.483082832242,
    7.732411099849));
#2758 = CARTESIAN_POINT('',(-2.297002760632,-1.612962040289,
    7.732410843848));
#2759 = CARTESIAN_POINT('',(-2.205604950605,-1.737227886073,
    7.732409867401));
#2760 = CARTESIAN_POINT('',(-2.106212038831,-1.85519662657,
    7.732408095239));
#2761 = CARTESIAN_POINT('',(-1.999376236586,-1.966241217536,
    7.732405578515));
#2762 = CARTESIAN_POINT('',(-1.885719414191,-2.069794234623,
    7.732402520941));
#2763 = B_SPLINE_SURFACE_WITH_KNOTS('',1,10,(
    (#2764,#2765,#2766,#2767,#2768,#2769,#2770,#2771,#2772,#2773,#2774)
    ,(#2775,#2776,#2777,#2778,#2779,#2780,#2781,#2782,#2783,#2784,#2785
    )),.UNSPECIFIED.,.F.,.F.,.F.,(2,2),(11,11),(-0.173205080757,-0.),(0.
    ,6.285395403802),.PIECEWISE_BEZIER_KNOTS.);
#2764 = CARTESIAN_POINT('',(2.799999790241,-1.364523200516E-08,
    7.283397461346));
#2765 = CARTESIAN_POINT('',(2.799999670108,1.759287693461,7.354397462391
    ));
#2766 = CARTESIAN_POINT('',(1.572047001532,3.520013234066,7.425397458044
    ));
#2767 = CARTESIAN_POINT('',(-0.886726245466,4.304670137879,
    7.496397467628));
#2768 = CARTESIAN_POINT('',(-3.694450543613,3.205394158195,
    7.567397455244));
#2769 = CARTESIAN_POINT('',(-5.181735325581,-2.525277223739E-08,
    7.63839746364));
#2770 = CARTESIAN_POINT('',(-3.694451308484,-3.205394027999,
    7.709397463493));
#2771 = CARTESIAN_POINT('',(-0.88672535461,-4.304670202365,
    7.780397458278));
#2772 = CARTESIAN_POINT('',(1.572046380622,-3.520013226139,
    7.851397463364));
#2773 = CARTESIAN_POINT('',(2.799999857511,-1.759287717957,
    7.922397460733));
#2774 = CARTESIAN_POINT('',(2.799999760051,-1.031040641393E-08,
    7.993397461592));
#2775 = CARTESIAN_POINT('',(2.799999790242,-1.364517477905E-08,
    7.456602542101));
#2776 = CARTESIAN_POINT('',(2.799999670109,1.759287693461,7.527602543147
    ));
#2777 = CARTESIAN_POINT('',(1.57204700153,3.520013234067,7.598602538799)
  );
#2778 = CARTESIAN_POINT('',(-0.886726245462,4.304670137881,
    7.669602548383));
#2779 = CARTESIAN_POINT('',(-3.694450543619,3.205394158194,
    7.740602535999));
#2780 = CARTESIAN_POINT('',(-5.181735325582,-2.524944338314E-08,
    7.811602544395));
#2781 = CARTESIAN_POINT('',(-3.694451308482,-3.205394028003,
    7.882602544248));
#2782 = CARTESIAN_POINT('',(-0.886725354614,-4.304670202366,
    7.953602539032));
#2783 = CARTESIAN_POINT('',(1.572046380625,-3.52001322614,8.02460254412)
  );
#2784 = CARTESIAN_POINT('',(2.799999857512,-1.759287717958,
    8.095602541488));
#2785 = CARTESIAN_POINT('',(2.799999760052,-1.031035629325E-08,
    8.166602542347));
#2786 = ADVANCED_FACE('',(#2787),#2816,.F.);
#2787 = FACE_BOUND('',#2788,.F.);
#2788 = EDGE_LOOP('',(#2789,#2790,#2791));
#2789 = ORIENTED_EDGE('',*,*,#2718,.F.);
#2790 = ORIENTED_EDGE('',*,*,#2558,.T.);
#2791 = ORIENTED_EDGE('',*,*,#2792,.T.);
#2792 = EDGE_CURVE('',#2516,#2719,#2793,.T.);
#2793 = B_SPLINE_CURVE_WITH_KNOTS('',6,(#2794,#2795,#2796,#2797,#2798,
    #2799,#2800,#2801,#2802,#2803,#2804,#2805,#2806,#2807,#2808,#2809,
    #2810,#2811,#2812,#2813,#2814,#2815),.UNSPECIFIED.,.F.,.F.,(7,5,5,5,
    7),(0.,0.256882164274,0.510648237441,0.756230711708,1.),
  .UNSPECIFIED.);
#2794 = CARTESIAN_POINT('',(2.974848504903,3.650956982271E-15,
    7.557551495097));
#2795 = CARTESIAN_POINT('',(2.967541365241,0.303431397653,7.564858634664
    ));
#2796 = CARTESIAN_POINT('',(2.923078525423,0.60589761904,7.572181518999)
  );
#2797 = CARTESIAN_POINT('',(2.841498378691,0.90149608051,7.579517228675)
  );
#2798 = CARTESIAN_POINT('',(2.724141155433,1.184636955261,7.586877303277
    ));
#2799 = CARTESIAN_POINT('',(2.573275138772,1.449990767282,7.5942605098)
  );
#2800 = CARTESIAN_POINT('',(2.213860274076,1.932511723932,7.608971859265
    ));
#2801 = CARTESIAN_POINT('',(2.005932133647,2.150360535304,7.61630354573)
  );
#2802 = CARTESIAN_POINT('',(1.772077197924,2.341559040909,7.623649654845
    ));
#2803 = CARTESIAN_POINT('',(1.516560438636,2.502380039885,7.631009975329
    ));
#2804 = CARTESIAN_POINT('',(1.244238250826,2.629829388386,7.638388278979
    ));
#2805 = CARTESIAN_POINT('',(0.686363128588,2.811299769926,7.652936526181
    ));
#2806 = CARTESIAN_POINT('',(0.401373787605,2.867603975674,7.660109261284
    ));
#2807 = CARTESIAN_POINT('',(0.110838454141,2.889219946865,7.667297101027
    ));
#2808 = CARTESIAN_POINT('',(-0.180027466501,2.875583221203,
    7.674503915581));
#2809 = CARTESIAN_POINT('',(-0.465949136626,2.826993867329,
    7.681732368184));
#2810 = CARTESIAN_POINT('',(-1.015364987959,2.663590000794,
    7.696170565697));
#2811 = CARTESIAN_POINT('',(-1.279152144292,2.549224696018,7.70338372765
    ));
#2812 = CARTESIAN_POINT('',(-1.527871064941,2.403340212843,
    7.710613336414));
#2813 = CARTESIAN_POINT('',(-1.756915210479,2.228438104373,
    7.717860374034));
#2814 = CARTESIAN_POINT('',(-1.962122049166,2.027766177042,
    7.725126661927));
#2815 = CARTESIAN_POINT('',(-2.140056191647,1.805578252966,
    7.732408333764));
#2816 = B_SPLINE_SURFACE_WITH_KNOTS('',1,10,(
    (#2817,#2818,#2819,#2820,#2821,#2822,#2823,#2824,#2825,#2826,#2827)
    ,(#2828,#2829,#2830,#2831,#2832,#2833,#2834,#2835,#2836,#2837,#2838
    )),.UNSPECIFIED.,.F.,.F.,.F.,(2,2),(11,11),(-0.826794919243,-0.),(0.
    ,6.285395403802),.PIECEWISE_BEZIER_KNOTS.);
#2817 = CARTESIAN_POINT('',(2.799999790242,-1.364517477905E-08,
    7.456602542101));
#2818 = CARTESIAN_POINT('',(2.799999670109,1.759287693461,7.527602543147
    ));
#2819 = CARTESIAN_POINT('',(1.57204700153,3.520013234067,7.598602538799)
  );
#2820 = CARTESIAN_POINT('',(-0.886726245462,4.304670137881,
    7.669602548383));
#2821 = CARTESIAN_POINT('',(-3.694450543619,3.205394158194,
    7.740602535999));
#2822 = CARTESIAN_POINT('',(-5.181735325582,-2.524944338314E-08,
    7.811602544395));
#2823 = CARTESIAN_POINT('',(-3.694451308482,-3.205394028003,
    7.882602544248));
#2824 = CARTESIAN_POINT('',(-0.886725354614,-4.304670202366,
    7.953602539032));
#2825 = CARTESIAN_POINT('',(1.572046380625,-3.52001322614,8.02460254412)
  );
#2826 = CARTESIAN_POINT('',(2.799999857512,-1.759287717958,
    8.095602541488));
#2827 = CARTESIAN_POINT('',(2.799999760052,-1.031035629325E-08,
    8.166602542347));
#2828 = CARTESIAN_POINT('',(3.516025194029,-1.364462671391E-08,
    7.870000001727));
#2829 = CARTESIAN_POINT('',(3.516025073897,2.209179732371,7.94100000277)
  );
#2830 = CARTESIAN_POINT('',(1.97405607228,4.420159079968,8.011999998254)
  );
#2831 = CARTESIAN_POINT('',(-1.113482726802,5.405481637347,
    8.083000008559));
#2832 = CARTESIAN_POINT('',(-4.639208053383,4.025082626642,
    8.153999994492));
#2833 = CARTESIAN_POINT('',(-6.506826157959,-2.524244995805E-08,
    8.225000005423));
#2834 = CARTESIAN_POINT('',(-4.639208818239,-4.025082496467,
    8.296000002762));
#2835 = CARTESIAN_POINT('',(-1.11348183596,-5.405481701822,8.36699999913
    ));
#2836 = CARTESIAN_POINT('',(1.974055451382,-4.420159072044,
    8.438000003626));
#2837 = CARTESIAN_POINT('',(3.516025261298,-2.209179756865,
    8.509000001109));
#2838 = CARTESIAN_POINT('',(3.516025163839,-1.030980645175E-08,
    8.580000001966));
#2839 = ADVANCED_FACE('',(#2840),#2863,.T.);
#2840 = FACE_BOUND('',#2841,.T.);
#2841 = EDGE_LOOP('',(#2842,#2850,#2857,#2858,#2859,#2860,#2861,#2862));
#2842 = ORIENTED_EDGE('',*,*,#2843,.F.);
#2843 = EDGE_CURVE('',#2844,#2516,#2846,.T.);
#2844 = VERTEX_POINT('',#2845);
#2845 = CARTESIAN_POINT('',(2.6924,1.740829702612E-15,7.84));
#2846 = LINE('',#2847,#2848);
#2847 = CARTESIAN_POINT('',(2.6924,1.740829702612E-15,7.84));
#2848 = VECTOR('',#2849,1.);
#2849 = DIRECTION('',(0.707106781187,-1.570092458683E-16,-0.707106781187
    ));
#2850 = ORIENTED_EDGE('',*,*,#2851,.T.);
#2851 = EDGE_CURVE('',#2844,#2844,#2852,.T.);
#2852 = CIRCLE('',#2853,2.6924);
#2853 = AXIS2_PLACEMENT_3D('',#2854,#2855,#2856);
#2854 = CARTESIAN_POINT('',(0.,1.740829702612E-15,7.84));
#2855 = DIRECTION('',(0.,-2.22044604925E-16,-1.));
#2856 = DIRECTION('',(1.,0.,0.));
#2857 = ORIENTED_EDGE('',*,*,#2843,.T.);
#2858 = ORIENTED_EDGE('',*,*,#2792,.T.);
#2859 = ORIENTED_EDGE('',*,*,#2734,.T.);
#2860 = ORIENTED_EDGE('',*,*,#2649,.T.);
#2861 = ORIENTED_EDGE('',*,*,#2699,.F.);
#2862 = ORIENTED_EDGE('',*,*,#2515,.T.);
#2863 = CONICAL_SURFACE('',#2864,2.6924,0.785398163397);
#2864 = AXIS2_PLACEMENT_3D('',#2865,#2866,#2867);
#2865 = CARTESIAN_POINT('',(0.,1.740829702612E-15,7.84));
#2866 = DIRECTION('',(0.,-2.22044604925E-16,-1.));
#2867 = DIRECTION('',(1.,0.,0.));
#2868 = ADVANCED_FACE('',(#2869),#2888,.T.);
#2869 = FACE_BOUND('',#2870,.T.);
#2870 = EDGE_LOOP('',(#2871,#2880,#2886,#2887));
#2871 = ORIENTED_EDGE('',*,*,#2872,.T.);
#2872 = EDGE_CURVE('',#2873,#2873,#2875,.T.);
#2873 = VERTEX_POINT('',#2874);
#2874 = CARTESIAN_POINT('',(2.6924,1.940669847045E-15,8.74));
#2875 = CIRCLE('',#2876,2.6924);
#2876 = AXIS2_PLACEMENT_3D('',#2877,#2878,#2879);
#2877 = CARTESIAN_POINT('',(0.,1.940669847045E-15,8.74));
#2878 = DIRECTION('',(0.,-2.22044604925E-16,-1.));
#2879 = DIRECTION('',(1.,0.,0.));
#2880 = ORIENTED_EDGE('',*,*,#2881,.T.);
#2881 = EDGE_CURVE('',#2873,#2844,#2882,.T.);
#2882 = LINE('',#2883,#2884);
#2883 = CARTESIAN_POINT('',(2.6924,1.940669847045E-15,8.74));
#2884 = VECTOR('',#2885,1.);
#2885 = DIRECTION('',(0.,-2.22044604925E-16,-1.));
#2886 = ORIENTED_EDGE('',*,*,#2851,.F.);
#2887 = ORIENTED_EDGE('',*,*,#2881,.F.);
#2888 = CYLINDRICAL_SURFACE('',#2889,2.6924);
#2889 = AXIS2_PLACEMENT_3D('',#2890,#2891,#2892);
#2890 = CARTESIAN_POINT('',(0.,1.940669847045E-15,8.74));
#2891 = DIRECTION('',(0.,-2.22044604925E-16,-1.));
#2892 = DIRECTION('',(1.,0.,0.));
#2893 = ADVANCED_FACE('',(#2894),#2913,.T.);
#2894 = FACE_BOUND('',#2895,.T.);
#2895 = EDGE_LOOP('',(#2896,#2905,#2911,#2912));
#2896 = ORIENTED_EDGE('',*,*,#2897,.T.);
#2897 = EDGE_CURVE('',#2898,#2898,#2900,.T.);
#2898 = VERTEX_POINT('',#2899);
#2899 = CARTESIAN_POINT('',(2.5924,1.962874307537E-15,8.84));
#2900 = CIRCLE('',#2901,2.5924);
#2901 = AXIS2_PLACEMENT_3D('',#2902,#2903,#2904);
#2902 = CARTESIAN_POINT('',(0.,1.962874307537E-15,8.84));
#2903 = DIRECTION('',(0.,-2.22044604925E-16,-1.));
#2904 = DIRECTION('',(1.,0.,0.));
#2905 = ORIENTED_EDGE('',*,*,#2906,.T.);
#2906 = EDGE_CURVE('',#2898,#2873,#2907,.T.);
#2907 = LINE('',#2908,#2909);
#2908 = CARTESIAN_POINT('',(2.5924,1.962874307537E-15,8.84));
#2909 = VECTOR('',#2910,1.);
#2910 = DIRECTION('',(0.707106781187,-1.570092458683E-16,-0.707106781187
    ));
#2911 = ORIENTED_EDGE('',*,*,#2872,.F.);
#2912 = ORIENTED_EDGE('',*,*,#2906,.F.);
#2913 = CONICAL_SURFACE('',#2914,2.5924,0.785398163397);
#2914 = AXIS2_PLACEMENT_3D('',#2915,#2916,#2917);
#2915 = CARTESIAN_POINT('',(0.,1.962874307537E-15,8.84));
#2916 = DIRECTION('',(0.,-2.22044604925E-16,-1.));
#2917 = DIRECTION('',(1.,0.,0.));
#2918 = ADVANCED_FACE('',(#2919,#2930),#2933,.F.);
#2919 = FACE_BOUND('',#2920,.T.);
#2920 = EDGE_LOOP('',(#2921));
#2921 = ORIENTED_EDGE('',*,*,#2922,.T.);
#2922 = EDGE_CURVE('',#2923,#2923,#2925,.T.);
#2923 = VERTEX_POINT('',#2924);
#2924 = CARTESIAN_POINT('',(2.3987,1.962874307537E-15,8.84));
#2925 = CIRCLE('',#2926,2.3987);
#2926 = AXIS2_PLACEMENT_3D('',#2927,#2928,#2929);
#2927 = CARTESIAN_POINT('',(0.,1.962874307537E-15,8.84));
#2928 = DIRECTION('',(0.,-2.22044604925E-16,-1.));
#2929 = DIRECTION('',(1.,0.,0.));
#2930 = FACE_BOUND('',#2931,.T.);
#2931 = EDGE_LOOP('',(#2932));
#2932 = ORIENTED_EDGE('',*,*,#2897,.F.);
#2933 = PLANE('',#2934);
#2934 = AXIS2_PLACEMENT_3D('',#2935,#2936,#2937);
#2935 = CARTESIAN_POINT('',(0.,1.962874307537E-15,8.84));
#2936 = DIRECTION('',(0.,-2.22044604925E-16,-1.));
#2937 = DIRECTION('',(1.,0.,0.));
#2938 = ADVANCED_FACE('',(#2939),#2958,.F.);
#2939 = FACE_BOUND('',#2940,.F.);
#2940 = EDGE_LOOP('',(#2941,#2949,#2950,#2951));
#2941 = ORIENTED_EDGE('',*,*,#2942,.T.);
#2942 = EDGE_CURVE('',#2943,#2923,#2945,.T.);
#2943 = VERTEX_POINT('',#2944);
#2944 = CARTESIAN_POINT('',(2.2987,1.940669847045E-15,8.74));
#2945 = LINE('',#2946,#2947);
#2946 = CARTESIAN_POINT('',(2.2987,1.940669847045E-15,8.74));
#2947 = VECTOR('',#2948,1.);
#2948 = DIRECTION('',(0.707106781187,1.570092458683E-16,0.707106781187)
  );
#2949 = ORIENTED_EDGE('',*,*,#2922,.T.);
#2950 = ORIENTED_EDGE('',*,*,#2942,.F.);
#2951 = ORIENTED_EDGE('',*,*,#2952,.F.);
#2952 = EDGE_CURVE('',#2943,#2943,#2953,.T.);
#2953 = CIRCLE('',#2954,2.2987);
#2954 = AXIS2_PLACEMENT_3D('',#2955,#2956,#2957);
#2955 = CARTESIAN_POINT('',(0.,1.940669847045E-15,8.74));
#2956 = DIRECTION('',(0.,-2.22044604925E-16,-1.));
#2957 = DIRECTION('',(1.,0.,0.));
#2958 = CONICAL_SURFACE('',#2959,2.2987,0.785398163397);
#2959 = AXIS2_PLACEMENT_3D('',#2960,#2961,#2962);
#2960 = CARTESIAN_POINT('',(0.,1.940669847045E-15,8.74));
#2961 = DIRECTION('',(0.,2.22044604925E-16,1.));
#2962 = DIRECTION('',(1.,0.,-0.));
#2963 = ADVANCED_FACE('',(#2964),#2983,.F.);
#2964 = FACE_BOUND('',#2965,.F.);
#2965 = EDGE_LOOP('',(#2966,#2974,#2975,#2976));
#2966 = ORIENTED_EDGE('',*,*,#2967,.T.);
#2967 = EDGE_CURVE('',#2968,#2943,#2970,.T.);
#2968 = VERTEX_POINT('',#2969);
#2969 = CARTESIAN_POINT('',(2.2987,1.647038061492E-15,7.4176));
#2970 = LINE('',#2971,#2972);
#2971 = CARTESIAN_POINT('',(2.2987,1.647038061492E-15,7.4176));
#2972 = VECTOR('',#2973,1.);
#2973 = DIRECTION('',(0.,2.22044604925E-16,1.));
#2974 = ORIENTED_EDGE('',*,*,#2952,.T.);
#2975 = ORIENTED_EDGE('',*,*,#2967,.F.);
#2976 = ORIENTED_EDGE('',*,*,#2977,.F.);
#2977 = EDGE_CURVE('',#2968,#2968,#2978,.T.);
#2978 = CIRCLE('',#2979,2.2987);
#2979 = AXIS2_PLACEMENT_3D('',#2980,#2981,#2982);
#2980 = CARTESIAN_POINT('',(0.,1.647038061492E-15,7.4176));
#2981 = DIRECTION('',(0.,-2.22044604925E-16,-1.));
#2982 = DIRECTION('',(1.,0.,0.));
#2983 = CYLINDRICAL_SURFACE('',#2984,2.2987);
#2984 = AXIS2_PLACEMENT_3D('',#2985,#2986,#2987);
#2985 = CARTESIAN_POINT('',(0.,1.647038061492E-15,7.4176));
#2986 = DIRECTION('',(0.,2.22044604925E-16,1.));
#2987 = DIRECTION('',(1.,0.,-0.));
#2988 = ADVANCED_FACE('',(#2989,#3000),#3003,.F.);
#2989 = FACE_BOUND('',#2990,.T.);
#2990 = EDGE_LOOP('',(#2991));
#2991 = ORIENTED_EDGE('',*,*,#2992,.T.);
#2992 = EDGE_CURVE('',#2993,#2993,#2995,.T.);
#2993 = VERTEX_POINT('',#2994);
#2994 = CARTESIAN_POINT('',(2.1,1.647038061492E-15,7.4176));
#2995 = CIRCLE('',#2996,2.1);
#2996 = AXIS2_PLACEMENT_3D('',#2997,#2998,#2999);
#2997 = CARTESIAN_POINT('',(0.,1.647038061492E-15,7.4176));
#2998 = DIRECTION('',(0.,-2.22044604925E-16,-1.));
#2999 = DIRECTION('',(1.,0.,0.));
#3000 = FACE_BOUND('',#3001,.T.);
#3001 = EDGE_LOOP('',(#3002));
#3002 = ORIENTED_EDGE('',*,*,#2977,.F.);
#3003 = PLANE('',#3004);
#3004 = AXIS2_PLACEMENT_3D('',#3005,#3006,#3007);
#3005 = CARTESIAN_POINT('',(0.,1.647038061492E-15,7.4176));
#3006 = DIRECTION('',(0.,-2.22044604925E-16,-1.));
#3007 = DIRECTION('',(1.,0.,0.));
#3008 = ADVANCED_FACE('',(#3009),#3028,.F.);
#3009 = FACE_BOUND('',#3010,.F.);
#3010 = EDGE_LOOP('',(#3011,#3019,#3020,#3021));
#3011 = ORIENTED_EDGE('',*,*,#3012,.T.);
#3012 = EDGE_CURVE('',#3013,#2993,#3015,.T.);
#3013 = VERTEX_POINT('',#3014);
#3014 = CARTESIAN_POINT('',(2.,1.624833600999E-15,7.3176));
#3015 = LINE('',#3016,#3017);
#3016 = CARTESIAN_POINT('',(2.,1.624833600999E-15,7.3176));
#3017 = VECTOR('',#3018,1.);
#3018 = DIRECTION('',(0.707106781187,1.570092458683E-16,0.707106781187)
  );
#3019 = ORIENTED_EDGE('',*,*,#2992,.T.);
#3020 = ORIENTED_EDGE('',*,*,#3012,.F.);
#3021 = ORIENTED_EDGE('',*,*,#3022,.F.);
#3022 = EDGE_CURVE('',#3013,#3013,#3023,.T.);
#3023 = CIRCLE('',#3024,2.);
#3024 = AXIS2_PLACEMENT_3D('',#3025,#3026,#3027);
#3025 = CARTESIAN_POINT('',(0.,1.624833600999E-15,7.3176));
#3026 = DIRECTION('',(0.,-2.22044604925E-16,-1.));
#3027 = DIRECTION('',(1.,0.,0.));
#3028 = CONICAL_SURFACE('',#3029,2.,0.785398163397);
#3029 = AXIS2_PLACEMENT_3D('',#3030,#3031,#3032);
#3030 = CARTESIAN_POINT('',(0.,1.624833600999E-15,7.3176));
#3031 = DIRECTION('',(0.,2.22044604925E-16,1.));
#3032 = DIRECTION('',(1.,0.,-0.));
#3033 = ADVANCED_FACE('',(#3034),#3053,.F.);
#3034 = FACE_BOUND('',#3035,.F.);
#3035 = EDGE_LOOP('',(#3036,#3044,#3045,#3046));
#3036 = ORIENTED_EDGE('',*,*,#3037,.F.);
#3037 = EDGE_CURVE('',#3013,#3038,#3040,.T.);
#3038 = VERTEX_POINT('',#3039);
#3039 = CARTESIAN_POINT('',(2.,1.602629140507E-15,7.2176));
#3040 = LINE('',#3041,#3042);
#3041 = CARTESIAN_POINT('',(2.,1.624833600999E-15,7.3176));
#3042 = VECTOR('',#3043,1.);
#3043 = DIRECTION('',(0.,-2.22044604925E-16,-1.));
#3044 = ORIENTED_EDGE('',*,*,#3022,.T.);
#3045 = ORIENTED_EDGE('',*,*,#3037,.T.);
#3046 = ORIENTED_EDGE('',*,*,#3047,.F.);
#3047 = EDGE_CURVE('',#3038,#3038,#3048,.T.);
#3048 = CIRCLE('',#3049,2.);
#3049 = AXIS2_PLACEMENT_3D('',#3050,#3051,#3052);
#3050 = CARTESIAN_POINT('',(0.,1.602629140507E-15,7.2176));
#3051 = DIRECTION('',(0.,-2.22044604925E-16,-1.));
#3052 = DIRECTION('',(1.,0.,0.));
#3053 = CYLINDRICAL_SURFACE('',#3054,2.);
#3054 = AXIS2_PLACEMENT_3D('',#3055,#3056,#3057);
#3055 = CARTESIAN_POINT('',(0.,1.624833600999E-15,7.3176));
#3056 = DIRECTION('',(0.,-2.22044604925E-16,-1.));
#3057 = DIRECTION('',(1.,0.,0.));
#3058 = ADVANCED_FACE('',(#3059,#3062),#3109,.T.);
#3059 = FACE_BOUND('',#3060,.T.);
#3060 = EDGE_LOOP('',(#3061));
#3061 = ORIENTED_EDGE('',*,*,#3047,.F.);
#3062 = FACE_BOUND('',#3063,.T.);
#3063 = EDGE_LOOP('',(#3064,#3075,#3084,#3093,#3102));
#3064 = ORIENTED_EDGE('',*,*,#3065,.F.);
#3065 = EDGE_CURVE('',#3066,#3068,#3070,.T.);
#3066 = VERTEX_POINT('',#3067);
#3067 = CARTESIAN_POINT('',(0.635,0.,7.2176));
#3068 = VERTEX_POINT('',#3069);
#3069 = CARTESIAN_POINT('',(0.622575296651,0.125,7.2176));
#3070 = CIRCLE('',#3071,0.635);
#3071 = AXIS2_PLACEMENT_3D('',#3072,#3073,#3074);
#3072 = CARTESIAN_POINT('',(0.,0.,7.2176));
#3073 = DIRECTION('',(0.,0.,1.));
#3074 = DIRECTION('',(1.,0.,-0.));
#3075 = ORIENTED_EDGE('',*,*,#3076,.F.);
#3076 = EDGE_CURVE('',#3077,#3066,#3079,.T.);
#3077 = VERTEX_POINT('',#3078);
#3078 = CARTESIAN_POINT('',(0.622575296651,-0.125,7.2176));
#3079 = CIRCLE('',#3080,0.635);
#3080 = AXIS2_PLACEMENT_3D('',#3081,#3082,#3083);
#3081 = CARTESIAN_POINT('',(0.,0.,7.2176));
#3082 = DIRECTION('',(0.,0.,1.));
#3083 = DIRECTION('',(1.,0.,-0.));
#3084 = ORIENTED_EDGE('',*,*,#3085,.T.);
#3085 = EDGE_CURVE('',#3077,#3086,#3088,.T.);
#3086 = VERTEX_POINT('',#3087);
#3087 = CARTESIAN_POINT('',(-0.622575296651,-0.125,7.2176));
#3088 = CIRCLE('',#3089,0.635);
#3089 = AXIS2_PLACEMENT_3D('',#3090,#3091,#3092);
#3090 = CARTESIAN_POINT('',(0.,1.602629140507E-15,7.2176));
#3091 = DIRECTION('',(0.,-2.22044604925E-16,-1.));
#3092 = DIRECTION('',(1.,0.,0.));
#3093 = ORIENTED_EDGE('',*,*,#3094,.F.);
#3094 = EDGE_CURVE('',#3095,#3086,#3097,.T.);
#3095 = VERTEX_POINT('',#3096);
#3096 = CARTESIAN_POINT('',(-0.622575296651,0.125,7.2176));
#3097 = CIRCLE('',#3098,0.635);
#3098 = AXIS2_PLACEMENT_3D('',#3099,#3100,#3101);
#3099 = CARTESIAN_POINT('',(0.,0.,7.2176));
#3100 = DIRECTION('',(0.,0.,1.));
#3101 = DIRECTION('',(1.,0.,-0.));
#3102 = ORIENTED_EDGE('',*,*,#3103,.T.);
#3103 = EDGE_CURVE('',#3095,#3068,#3104,.T.);
#3104 = CIRCLE('',#3105,0.635);
#3105 = AXIS2_PLACEMENT_3D('',#3106,#3107,#3108);
#3106 = CARTESIAN_POINT('',(0.,1.602629140507E-15,7.2176));
#3107 = DIRECTION('',(0.,-2.22044604925E-16,-1.));
#3108 = DIRECTION('',(1.,0.,0.));
#3109 = PLANE('',#3110);
#3110 = AXIS2_PLACEMENT_3D('',#3111,#3112,#3113);
#3111 = CARTESIAN_POINT('',(-1.289006066436E-16,7.991535621962E-17,
    7.2176));
#3112 = DIRECTION('',(0.,0.,1.));
#3113 = DIRECTION('',(1.,0.,-0.));
#3114 = ADVANCED_FACE('',(#3115),#3141,.F.);
#3115 = FACE_BOUND('',#3116,.F.);
#3116 = EDGE_LOOP('',(#3117,#3125,#3126,#3134));
#3117 = ORIENTED_EDGE('',*,*,#3118,.F.);
#3118 = EDGE_CURVE('',#3068,#3119,#3121,.T.);
#3119 = VERTEX_POINT('',#3120);
#3120 = CARTESIAN_POINT('',(0.622575296651,0.125,4.5176));
#3121 = LINE('',#3122,#3123);
#3122 = CARTESIAN_POINT('',(0.622575296651,0.125,7.2176));
#3123 = VECTOR('',#3124,1.);
#3124 = DIRECTION('',(0.,-2.22044604925E-16,-1.));
#3125 = ORIENTED_EDGE('',*,*,#3065,.F.);
#3126 = ORIENTED_EDGE('',*,*,#3127,.F.);
#3127 = EDGE_CURVE('',#3128,#3066,#3130,.T.);
#3128 = VERTEX_POINT('',#3129);
#3129 = CARTESIAN_POINT('',(0.635,1.006139616067E-15,4.5176));
#3130 = LINE('',#3131,#3132);
#3131 = CARTESIAN_POINT('',(0.635,0.,1.2));
#3132 = VECTOR('',#3133,1.);
#3133 = DIRECTION('',(0.,0.,1.));
#3134 = ORIENTED_EDGE('',*,*,#3135,.F.);
#3135 = EDGE_CURVE('',#3119,#3128,#3136,.T.);
#3136 = CIRCLE('',#3137,0.635);
#3137 = AXIS2_PLACEMENT_3D('',#3138,#3139,#3140);
#3138 = CARTESIAN_POINT('',(0.,1.003108707209E-15,4.5176));
#3139 = DIRECTION('',(0.,-2.22044604925E-16,-1.));
#3140 = DIRECTION('',(1.,0.,0.));
#3141 = CYLINDRICAL_SURFACE('',#3142,0.635);
#3142 = AXIS2_PLACEMENT_3D('',#3143,#3144,#3145);
#3143 = CARTESIAN_POINT('',(0.,0.,1.2));
#3144 = DIRECTION('',(-0.,-0.,-1.));
#3145 = DIRECTION('',(1.,0.,0.));
#3146 = ADVANCED_FACE('',(#3147),#3166,.F.);
#3147 = FACE_BOUND('',#3148,.F.);
#3148 = EDGE_LOOP('',(#3149,#3150,#3158,#3165));
#3149 = ORIENTED_EDGE('',*,*,#3076,.F.);
#3150 = ORIENTED_EDGE('',*,*,#3151,.T.);
#3151 = EDGE_CURVE('',#3077,#3152,#3154,.T.);
#3152 = VERTEX_POINT('',#3153);
#3153 = CARTESIAN_POINT('',(0.622575296651,-0.125,4.5176));
#3154 = LINE('',#3155,#3156);
#3155 = CARTESIAN_POINT('',(0.622575296651,-0.125,7.2176));
#3156 = VECTOR('',#3157,1.);
#3157 = DIRECTION('',(0.,-2.22044604925E-16,-1.));
#3158 = ORIENTED_EDGE('',*,*,#3159,.F.);
#3159 = EDGE_CURVE('',#3128,#3152,#3160,.T.);
#3160 = CIRCLE('',#3161,0.635);
#3161 = AXIS2_PLACEMENT_3D('',#3162,#3163,#3164);
#3162 = CARTESIAN_POINT('',(0.,1.003108707209E-15,4.5176));
#3163 = DIRECTION('',(0.,-2.22044604925E-16,-1.));
#3164 = DIRECTION('',(1.,0.,0.));
#3165 = ORIENTED_EDGE('',*,*,#3127,.T.);
#3166 = CYLINDRICAL_SURFACE('',#3167,0.635);
#3167 = AXIS2_PLACEMENT_3D('',#3168,#3169,#3170);
#3168 = CARTESIAN_POINT('',(0.,0.,1.2));
#3169 = DIRECTION('',(-0.,-0.,-1.));
#3170 = DIRECTION('',(1.,0.,0.));
#3171 = ADVANCED_FACE('',(#3172),#3200,.F.);
#3172 = FACE_BOUND('',#3173,.F.);
#3173 = EDGE_LOOP('',(#3174,#3183,#3184,#3193));
#3174 = ORIENTED_EDGE('',*,*,#3175,.T.);
#3175 = EDGE_CURVE('',#3176,#3095,#3178,.T.);
#3176 = VERTEX_POINT('',#3177);
#3177 = CARTESIAN_POINT('',(-0.468614980554,0.125,7.067600000001));
#3178 = HYPERBOLA('',#3179,0.125,0.125);
#3179 = AXIS2_PLACEMENT_3D('',#3180,#3181,#3182);
#3180 = CARTESIAN_POINT('',(0.,0.125,6.582600000002));
#3181 = DIRECTION('',(0.,-1.,0.));
#3182 = DIRECTION('',(0.,0.,1.));
#3183 = ORIENTED_EDGE('',*,*,#3103,.T.);
#3184 = ORIENTED_EDGE('',*,*,#3185,.T.);
#3185 = EDGE_CURVE('',#3068,#3186,#3188,.T.);
#3186 = VERTEX_POINT('',#3187);
#3187 = CARTESIAN_POINT('',(0.468614980554,0.125,7.067600000001));
#3188 = HYPERBOLA('',#3189,0.125,0.125);
#3189 = AXIS2_PLACEMENT_3D('',#3190,#3191,#3192);
#3190 = CARTESIAN_POINT('',(0.,0.125,6.582600000002));
#3191 = DIRECTION('',(0.,-1.,0.));
#3192 = DIRECTION('',(0.,0.,1.));
#3193 = ORIENTED_EDGE('',*,*,#3194,.F.);
#3194 = EDGE_CURVE('',#3176,#3186,#3195,.T.);
#3195 = CIRCLE('',#3196,0.485);
#3196 = AXIS2_PLACEMENT_3D('',#3197,#3198,#3199);
#3197 = CARTESIAN_POINT('',(0.,1.569322449768E-15,7.067600000001));
#3198 = DIRECTION('',(0.,-2.22044604925E-16,-1.));
#3199 = DIRECTION('',(1.,0.,0.));
#3200 = CONICAL_SURFACE('',#3201,0.485,0.785398163399);
#3201 = AXIS2_PLACEMENT_3D('',#3202,#3203,#3204);
#3202 = CARTESIAN_POINT('',(0.,1.569322449768E-15,7.067600000001));
#3203 = DIRECTION('',(0.,2.22044604925E-16,1.));
#3204 = DIRECTION('',(1.,0.,-0.));
#3205 = ADVANCED_FACE('',(#3206),#3234,.F.);
#3206 = FACE_BOUND('',#3207,.F.);
#3207 = EDGE_LOOP('',(#3208,#3209,#3218,#3227));
#3208 = ORIENTED_EDGE('',*,*,#3085,.T.);
#3209 = ORIENTED_EDGE('',*,*,#3210,.T.);
#3210 = EDGE_CURVE('',#3086,#3211,#3213,.T.);
#3211 = VERTEX_POINT('',#3212);
#3212 = CARTESIAN_POINT('',(-0.468614980554,-0.125,7.067600000001));
#3213 = HYPERBOLA('',#3214,0.125,0.125);
#3214 = AXIS2_PLACEMENT_3D('',#3215,#3216,#3217);
#3215 = CARTESIAN_POINT('',(0.,-0.125,6.582600000002));
#3216 = DIRECTION('',(0.,1.,0.));
#3217 = DIRECTION('',(0.,-0.,1.));
#3218 = ORIENTED_EDGE('',*,*,#3219,.F.);
#3219 = EDGE_CURVE('',#3220,#3211,#3222,.T.);
#3220 = VERTEX_POINT('',#3221);
#3221 = CARTESIAN_POINT('',(0.468614980554,-0.125,7.067600000001));
#3222 = CIRCLE('',#3223,0.485);
#3223 = AXIS2_PLACEMENT_3D('',#3224,#3225,#3226);
#3224 = CARTESIAN_POINT('',(0.,1.569322449768E-15,7.067600000001));
#3225 = DIRECTION('',(0.,-2.22044604925E-16,-1.));
#3226 = DIRECTION('',(1.,0.,0.));
#3227 = ORIENTED_EDGE('',*,*,#3228,.T.);
#3228 = EDGE_CURVE('',#3220,#3077,#3229,.T.);
#3229 = HYPERBOLA('',#3230,0.125,0.125);
#3230 = AXIS2_PLACEMENT_3D('',#3231,#3232,#3233);
#3231 = CARTESIAN_POINT('',(0.,-0.125,6.582600000002));
#3232 = DIRECTION('',(0.,1.,0.));
#3233 = DIRECTION('',(0.,-0.,1.));
#3234 = CONICAL_SURFACE('',#3235,0.485,0.785398163399);
#3235 = AXIS2_PLACEMENT_3D('',#3236,#3237,#3238);
#3236 = CARTESIAN_POINT('',(0.,1.569322449768E-15,7.067600000001));
#3237 = DIRECTION('',(0.,2.22044604925E-16,1.));
#3238 = DIRECTION('',(1.,0.,-0.));
#3239 = ADVANCED_FACE('',(#3240),#3275,.F.);
#3240 = FACE_BOUND('',#3241,.F.);
#3241 = EDGE_LOOP('',(#3242,#3253,#3262,#3268,#3269));
#3242 = ORIENTED_EDGE('',*,*,#3243,.F.);
#3243 = EDGE_CURVE('',#3244,#3246,#3248,.T.);
#3244 = VERTEX_POINT('',#3245);
#3245 = CARTESIAN_POINT('',(-0.635,9.675371615003E-16,4.5176));
#3246 = VERTEX_POINT('',#3247);
#3247 = CARTESIAN_POINT('',(-0.622575296651,0.125,4.5176));
#3248 = CIRCLE('',#3249,0.635);
#3249 = AXIS2_PLACEMENT_3D('',#3250,#3251,#3252);
#3250 = CARTESIAN_POINT('',(0.,1.003108707209E-15,4.5176));
#3251 = DIRECTION('',(0.,-2.22044604925E-16,-1.));
#3252 = DIRECTION('',(1.,0.,0.));
#3253 = ORIENTED_EDGE('',*,*,#3254,.F.);
#3254 = EDGE_CURVE('',#3255,#3244,#3257,.T.);
#3255 = VERTEX_POINT('',#3256);
#3256 = CARTESIAN_POINT('',(-0.622575296651,-0.125,4.5176));
#3257 = CIRCLE('',#3258,0.635);
#3258 = AXIS2_PLACEMENT_3D('',#3259,#3260,#3261);
#3259 = CARTESIAN_POINT('',(0.,1.003108707209E-15,4.5176));
#3260 = DIRECTION('',(0.,-2.22044604925E-16,-1.));
#3261 = DIRECTION('',(1.,0.,0.));
#3262 = ORIENTED_EDGE('',*,*,#3263,.F.);
#3263 = EDGE_CURVE('',#3086,#3255,#3264,.T.);
#3264 = LINE('',#3265,#3266);
#3265 = CARTESIAN_POINT('',(-0.622575296651,-0.125,7.2176));
#3266 = VECTOR('',#3267,1.);
#3267 = DIRECTION('',(0.,-2.22044604925E-16,-1.));
#3268 = ORIENTED_EDGE('',*,*,#3094,.F.);
#3269 = ORIENTED_EDGE('',*,*,#3270,.T.);
#3270 = EDGE_CURVE('',#3095,#3246,#3271,.T.);
#3271 = LINE('',#3272,#3273);
#3272 = CARTESIAN_POINT('',(-0.622575296651,0.125,7.2176));
#3273 = VECTOR('',#3274,1.);
#3274 = DIRECTION('',(0.,-2.22044604925E-16,-1.));
#3275 = CYLINDRICAL_SURFACE('',#3276,0.635);
#3276 = AXIS2_PLACEMENT_3D('',#3277,#3278,#3279);
#3277 = CARTESIAN_POINT('',(0.,0.,1.2));
#3278 = DIRECTION('',(-0.,-0.,-1.));
#3279 = DIRECTION('',(1.,0.,0.));
#3280 = ADVANCED_FACE('',(#3281),#3317,.T.);
#3281 = FACE_BOUND('',#3282,.T.);
#3282 = EDGE_LOOP('',(#3283,#3291,#3300,#3309,#3315,#3316));
#3283 = ORIENTED_EDGE('',*,*,#3284,.F.);
#3284 = EDGE_CURVE('',#3285,#3119,#3287,.T.);
#3285 = VERTEX_POINT('',#3286);
#3286 = CARTESIAN_POINT('',(0.468614980554,0.125,4.5176));
#3287 = LINE('',#3288,#3289);
#3288 = CARTESIAN_POINT('',(-0.635,0.125,4.5176));
#3289 = VECTOR('',#3290,1.);
#3290 = DIRECTION('',(1.,0.,0.));
#3291 = ORIENTED_EDGE('',*,*,#3292,.T.);
#3292 = EDGE_CURVE('',#3285,#3293,#3295,.T.);
#3293 = VERTEX_POINT('',#3294);
#3294 = CARTESIAN_POINT('',(0.485,1.003108707209E-15,4.5176));
#3295 = CIRCLE('',#3296,0.485);
#3296 = AXIS2_PLACEMENT_3D('',#3297,#3298,#3299);
#3297 = CARTESIAN_POINT('',(0.,1.003108707209E-15,4.5176));
#3298 = DIRECTION('',(0.,-2.22044604925E-16,-1.));
#3299 = DIRECTION('',(1.,0.,0.));
#3300 = ORIENTED_EDGE('',*,*,#3301,.T.);
#3301 = EDGE_CURVE('',#3293,#3302,#3304,.T.);
#3302 = VERTEX_POINT('',#3303);
#3303 = CARTESIAN_POINT('',(0.468614980554,-0.125,4.5176));
#3304 = CIRCLE('',#3305,0.485);
#3305 = AXIS2_PLACEMENT_3D('',#3306,#3307,#3308);
#3306 = CARTESIAN_POINT('',(0.,1.003108707209E-15,4.5176));
#3307 = DIRECTION('',(0.,-2.22044604925E-16,-1.));
#3308 = DIRECTION('',(1.,0.,0.));
#3309 = ORIENTED_EDGE('',*,*,#3310,.F.);
#3310 = EDGE_CURVE('',#3152,#3302,#3311,.T.);
#3311 = LINE('',#3312,#3313);
#3312 = CARTESIAN_POINT('',(0.635,-0.125,4.5176));
#3313 = VECTOR('',#3314,1.);
#3314 = DIRECTION('',(-1.,0.,0.));
#3315 = ORIENTED_EDGE('',*,*,#3159,.F.);
#3316 = ORIENTED_EDGE('',*,*,#3135,.F.);
#3317 = PLANE('',#3318);
#3318 = AXIS2_PLACEMENT_3D('',#3319,#3320,#3321);
#3319 = CARTESIAN_POINT('',(0.,-4.440892098501E-16,4.5176));
#3320 = DIRECTION('',(0.,0.,1.));
#3321 = DIRECTION('',(1.,0.,-0.));
#3322 = ADVANCED_FACE('',(#3323),#3334,.T.);
#3323 = FACE_BOUND('',#3324,.T.);
#3324 = EDGE_LOOP('',(#3325,#3326,#3327,#3333));
#3325 = ORIENTED_EDGE('',*,*,#3118,.F.);
#3326 = ORIENTED_EDGE('',*,*,#3185,.T.);
#3327 = ORIENTED_EDGE('',*,*,#3328,.T.);
#3328 = EDGE_CURVE('',#3186,#3285,#3329,.T.);
#3329 = LINE('',#3330,#3331);
#3330 = CARTESIAN_POINT('',(0.468614980554,0.125,7.067600000001));
#3331 = VECTOR('',#3332,1.);
#3332 = DIRECTION('',(0.,-2.22044604925E-16,-1.));
#3333 = ORIENTED_EDGE('',*,*,#3284,.T.);
#3334 = PLANE('',#3335);
#3335 = AXIS2_PLACEMENT_3D('',#3336,#3337,#3338);
#3336 = CARTESIAN_POINT('',(-0.635,0.125,7.2176));
#3337 = DIRECTION('',(0.,-1.,0.));
#3338 = DIRECTION('',(1.,0.,0.));
#3339 = ADVANCED_FACE('',(#3340),#3351,.T.);
#3340 = FACE_BOUND('',#3341,.T.);
#3341 = EDGE_LOOP('',(#3342,#3343,#3344,#3345));
#3342 = ORIENTED_EDGE('',*,*,#3228,.T.);
#3343 = ORIENTED_EDGE('',*,*,#3151,.T.);
#3344 = ORIENTED_EDGE('',*,*,#3310,.T.);
#3345 = ORIENTED_EDGE('',*,*,#3346,.F.);
#3346 = EDGE_CURVE('',#3220,#3302,#3347,.T.);
#3347 = LINE('',#3348,#3349);
#3348 = CARTESIAN_POINT('',(0.468614980554,-0.125,7.067600000001));
#3349 = VECTOR('',#3350,1.);
#3350 = DIRECTION('',(0.,-2.22044604925E-16,-1.));
#3351 = PLANE('',#3352);
#3352 = AXIS2_PLACEMENT_3D('',#3353,#3354,#3355);
#3353 = CARTESIAN_POINT('',(0.635,-0.125,7.2176));
#3354 = DIRECTION('',(0.,1.,0.));
#3355 = DIRECTION('',(-1.,0.,0.));
#3356 = ADVANCED_FACE('',(#3357),#3404,.F.);
#3357 = FACE_BOUND('',#3358,.F.);
#3358 = EDGE_LOOP('',(#3359,#3360,#3361,#3369,#3378,#3384,#3385,#3386,
    #3387,#3395,#3402,#3403));
#3359 = ORIENTED_EDGE('',*,*,#3346,.F.);
#3360 = ORIENTED_EDGE('',*,*,#3219,.T.);
#3361 = ORIENTED_EDGE('',*,*,#3362,.T.);
#3362 = EDGE_CURVE('',#3211,#3363,#3365,.T.);
#3363 = VERTEX_POINT('',#3364);
#3364 = CARTESIAN_POINT('',(-0.468614980554,-0.125,4.5176));
#3365 = LINE('',#3366,#3367);
#3366 = CARTESIAN_POINT('',(-0.468614980554,-0.125,7.067600000001));
#3367 = VECTOR('',#3368,1.);
#3368 = DIRECTION('',(0.,-2.22044604925E-16,-1.));
#3369 = ORIENTED_EDGE('',*,*,#3370,.T.);
#3370 = EDGE_CURVE('',#3363,#3371,#3373,.T.);
#3371 = VERTEX_POINT('',#3372);
#3372 = CARTESIAN_POINT('',(-0.468614980554,0.125,4.5176));
#3373 = CIRCLE('',#3374,0.485);
#3374 = AXIS2_PLACEMENT_3D('',#3375,#3376,#3377);
#3375 = CARTESIAN_POINT('',(0.,1.003108707209E-15,4.5176));
#3376 = DIRECTION('',(0.,-2.22044604925E-16,-1.));
#3377 = DIRECTION('',(1.,0.,0.));
#3378 = ORIENTED_EDGE('',*,*,#3379,.F.);
#3379 = EDGE_CURVE('',#3176,#3371,#3380,.T.);
#3380 = LINE('',#3381,#3382);
#3381 = CARTESIAN_POINT('',(-0.468614980554,0.125,7.067600000001));
#3382 = VECTOR('',#3383,1.);
#3383 = DIRECTION('',(0.,-2.22044604925E-16,-1.));
#3384 = ORIENTED_EDGE('',*,*,#3194,.T.);
#3385 = ORIENTED_EDGE('',*,*,#3328,.T.);
#3386 = ORIENTED_EDGE('',*,*,#3292,.T.);
#3387 = ORIENTED_EDGE('',*,*,#3388,.T.);
#3388 = EDGE_CURVE('',#3293,#3389,#3391,.T.);
#3389 = VERTEX_POINT('',#3390);
#3390 = CARTESIAN_POINT('',(0.485,9.364953257318E-16,4.2176));
#3391 = LINE('',#3392,#3393);
#3392 = CARTESIAN_POINT('',(0.485,1.569322449768E-15,7.067600000001));
#3393 = VECTOR('',#3394,1.);
#3394 = DIRECTION('',(0.,-2.22044604925E-16,-1.));
#3395 = ORIENTED_EDGE('',*,*,#3396,.F.);
#3396 = EDGE_CURVE('',#3389,#3389,#3397,.T.);
#3397 = CIRCLE('',#3398,0.485);
#3398 = AXIS2_PLACEMENT_3D('',#3399,#3400,#3401);
#3399 = CARTESIAN_POINT('',(0.,9.364953257318E-16,4.2176));
#3400 = DIRECTION('',(0.,-2.22044604925E-16,-1.));
#3401 = DIRECTION('',(1.,0.,0.));
#3402 = ORIENTED_EDGE('',*,*,#3388,.F.);
#3403 = ORIENTED_EDGE('',*,*,#3301,.T.);
#3404 = CYLINDRICAL_SURFACE('',#3405,0.485);
#3405 = AXIS2_PLACEMENT_3D('',#3406,#3407,#3408);
#3406 = CARTESIAN_POINT('',(0.,1.569322449768E-15,7.067600000001));
#3407 = DIRECTION('',(0.,-2.22044604925E-16,-1.));
#3408 = DIRECTION('',(1.,0.,0.));
#3409 = ADVANCED_FACE('',(#3410),#3421,.T.);
#3410 = FACE_BOUND('',#3411,.T.);
#3411 = EDGE_LOOP('',(#3412,#3413,#3414,#3420));
#3412 = ORIENTED_EDGE('',*,*,#3175,.T.);
#3413 = ORIENTED_EDGE('',*,*,#3270,.T.);
#3414 = ORIENTED_EDGE('',*,*,#3415,.T.);
#3415 = EDGE_CURVE('',#3246,#3371,#3416,.T.);
#3416 = LINE('',#3417,#3418);
#3417 = CARTESIAN_POINT('',(-0.635,0.125,4.5176));
#3418 = VECTOR('',#3419,1.);
#3419 = DIRECTION('',(1.,0.,0.));
#3420 = ORIENTED_EDGE('',*,*,#3379,.F.);
#3421 = PLANE('',#3422);
#3422 = AXIS2_PLACEMENT_3D('',#3423,#3424,#3425);
#3423 = CARTESIAN_POINT('',(-0.635,0.125,7.2176));
#3424 = DIRECTION('',(0.,-1.,0.));
#3425 = DIRECTION('',(1.,0.,0.));
#3426 = ADVANCED_FACE('',(#3427),#3438,.T.);
#3427 = FACE_BOUND('',#3428,.T.);
#3428 = EDGE_LOOP('',(#3429,#3430,#3431,#3432));
#3429 = ORIENTED_EDGE('',*,*,#3263,.F.);
#3430 = ORIENTED_EDGE('',*,*,#3210,.T.);
#3431 = ORIENTED_EDGE('',*,*,#3362,.T.);
#3432 = ORIENTED_EDGE('',*,*,#3433,.T.);
#3433 = EDGE_CURVE('',#3363,#3255,#3434,.T.);
#3434 = LINE('',#3435,#3436);
#3435 = CARTESIAN_POINT('',(0.635,-0.125,4.5176));
#3436 = VECTOR('',#3437,1.);
#3437 = DIRECTION('',(-1.,0.,0.));
#3438 = PLANE('',#3439);
#3439 = AXIS2_PLACEMENT_3D('',#3440,#3441,#3442);
#3440 = CARTESIAN_POINT('',(0.635,-0.125,7.2176));
#3441 = DIRECTION('',(0.,1.,0.));
#3442 = DIRECTION('',(-1.,0.,0.));
#3443 = ADVANCED_FACE('',(#3444),#3451,.T.);
#3444 = FACE_BOUND('',#3445,.T.);
#3445 = EDGE_LOOP('',(#3446,#3447,#3448,#3449,#3450));
#3446 = ORIENTED_EDGE('',*,*,#3415,.F.);
#3447 = ORIENTED_EDGE('',*,*,#3243,.F.);
#3448 = ORIENTED_EDGE('',*,*,#3254,.F.);
#3449 = ORIENTED_EDGE('',*,*,#3433,.F.);
#3450 = ORIENTED_EDGE('',*,*,#3370,.T.);
#3451 = PLANE('',#3452);
#3452 = AXIS2_PLACEMENT_3D('',#3453,#3454,#3455);
#3453 = CARTESIAN_POINT('',(0.,-4.440892098501E-16,4.5176));
#3454 = DIRECTION('',(0.,0.,1.));
#3455 = DIRECTION('',(1.,0.,-0.));
#3456 = ADVANCED_FACE('',(#3457),#3460,.F.);
#3457 = FACE_BOUND('',#3458,.F.);
#3458 = EDGE_LOOP('',(#3459));
#3459 = ORIENTED_EDGE('',*,*,#3396,.T.);
#3460 = PLANE('',#3461);
#3461 = AXIS2_PLACEMENT_3D('',#3462,#3463,#3464);
#3462 = CARTESIAN_POINT('',(0.,9.364953257318E-16,4.2176));
#3463 = DIRECTION('',(0.,-2.22044604925E-16,-1.));
#3464 = DIRECTION('',(1.,0.,0.));
#3465 = ( GEOMETRIC_REPRESENTATION_CONTEXT(3) 
GLOBAL_UNCERTAINTY_ASSIGNED_CONTEXT((#3469)) 
GLOBAL_UNIT_ASSIGNED_CONTEXT((#3466,#3467,#3468)) REPRESENTATION_CONTEXT
('Context #1','3D Context with UNIT and UNCERTAINTY') );
#3466 = ( LENGTH_UNIT() NAMED_UNIT(*) SI_UNIT(.MILLI.,.METRE.) );
#3467 = ( NAMED_UNIT(*) PLANE_ANGLE_UNIT() SI_UNIT($,.RADIAN.) );
#3468 = ( NAMED_UNIT(*) SI_UNIT($,.STERADIAN.) SOLID_ANGLE_UNIT() );
#3469 = UNCERTAINTY_MEASURE_WITH_UNIT(LENGTH_MEASURE(1.E-07),#3466,
  'distance_accuracy_value','confusion accuracy');
#3470 = CONTEXT_DEPENDENT_SHAPE_REPRESENTATION(#3471,#3473);
#3471 = ( REPRESENTATION_RELATIONSHIP('','',#95,#72) 
REPRESENTATION_RELATIONSHIP_WITH_TRANSFORMATION(#3472) 
SHAPE_REPRESENTATION_RELATIONSHIP() );
#3472 = ITEM_DEFINED_TRANSFORMATION('','',#11,#73);
#3473 = PRODUCT_DEFINITION_SHAPE('Placement','Placement of an item',
  #3474);
#3474 = NEXT_ASSEMBLY_USAGE_OCCURRENCE('1','=>[0:1:1:3]','',#67,#90,$);
#3475 = PRODUCT_RELATED_PRODUCT_CATEGORY('part',$,(#92));
#3476 = SHAPE_DEFINITION_REPRESENTATION(#3477,#3483);
#3477 = PRODUCT_DEFINITION_SHAPE('','',#3478);
#3478 = PRODUCT_DEFINITION('design','',#3479,#3482);
#3479 = PRODUCT_DEFINITION_FORMATION('','',#3480);
#3480 = PRODUCT('C_0805_2012Metric','C_0805_2012Metric','',(#3481));
#3481 = PRODUCT_CONTEXT('',#2,'mechanical');
#3482 = PRODUCT_DEFINITION_CONTEXT('part definition',#2,'design');
#3483 = SHAPE_REPRESENTATION('',(#11,#3484),#3488);
#3484 = AXIS2_PLACEMENT_3D('',#3485,#3486,#3487);
#3485 = CARTESIAN_POINT('',(0.,0.,0.));
#3486 = DIRECTION('',(0.,0.,1.));
#3487 = DIRECTION('',(1.,0.,-0.));
#3488 = ( GEOMETRIC_REPRESENTATION_CONTEXT(3) 
GLOBAL_UNCERTAINTY_ASSIGNED_CONTEXT((#3492)) 
GLOBAL_UNIT_ASSIGNED_CONTEXT((#3489,#3490,#3491)) REPRESENTATION_CONTEXT
('Context #1','3D Context with UNIT and UNCERTAINTY') );
#3489 = ( LENGTH_UNIT() NAMED_UNIT(*) SI_UNIT(.MILLI.,.METRE.) );
#3490 = ( NAMED_UNIT(*) PLANE_ANGLE_UNIT() SI_UNIT($,.RADIAN.) );
#3491 = ( NAMED_UNIT(*) SI_UNIT($,.STERADIAN.) SOLID_ANGLE_UNIT() );
#3492 = UNCERTAINTY_MEASURE_WITH_UNIT(LENGTH_MEASURE(1.E-07),#3489,
  'distance_accuracy_value','confusion accuracy');
#3493 = CONTEXT_DEPENDENT_SHAPE_REPRESENTATION(#3494,#3496);
#3494 = ( REPRESENTATION_RELATIONSHIP('','',#3483,#10) 
REPRESENTATION_RELATIONSHIP_WITH_TRANSFORMATION(#3495) 
SHAPE_REPRESENTATION_RELATIONSHIP() );
#3495 = ITEM_DEFINED_TRANSFORMATION('','',#11,#19);
#3496 = PRODUCT_DEFINITION_SHAPE('Placement','Placement of an item',
  #3497);
#3497 = NEXT_ASSEMBLY_USAGE_OCCURRENCE('4','C4','',#5,#3478,$);
#3498 = PRODUCT_RELATED_PRODUCT_CATEGORY('part',$,(#3480));
#3499 = SHAPE_DEFINITION_REPRESENTATION(#3500,#3506);
#3500 = PRODUCT_DEFINITION_SHAPE('','',#3501);
#3501 = PRODUCT_DEFINITION('design','',#3502,#3505);
#3502 = PRODUCT_DEFINITION_FORMATION('','',#3503);
#3503 = PRODUCT('C_0805_2012Metric','C_0805_2012Metric','',(#3504));
#3504 = PRODUCT_CONTEXT('',#2,'mechanical');
#3505 = PRODUCT_DEFINITION_CONTEXT('part definition',#2,'design');
#3506 = ADVANCED_BREP_SHAPE_REPRESENTATION('',(#11,#3507),#4361);
#3507 = MANIFOLD_SOLID_BREP('',#3508);
#3508 = CLOSED_SHELL('',(#3509,#3585,#3616,#3641,#3666,#3690,#3714,#3739
    ,#3764,#3781,#3867,#3899,#3923,#3948,#3972,#3997,#4021,#4046,#4063,
    #4149,#4180,#4205,#4230,#4254,#4278,#4303,#4328,#4345));
#3509 = ADVANCED_FACE('',(#3510),#3580,.F.);
#3510 = FACE_BOUND('',#3511,.F.);
#3511 = EDGE_LOOP('',(#3512,#3522,#3531,#3539,#3548,#3556,#3565,#3573));
#3512 = ORIENTED_EDGE('',*,*,#3513,.F.);
#3513 = EDGE_CURVE('',#3514,#3516,#3518,.T.);
#3514 = VERTEX_POINT('',#3515);
#3515 = CARTESIAN_POINT('',(-1.,-0.625,4.E-02));
#3516 = VERTEX_POINT('',#3517);
#3517 = CARTESIAN_POINT('',(-1.,-0.625,1.21));
#3518 = LINE('',#3519,#3520);
#3519 = CARTESIAN_POINT('',(-1.,-0.625,0.));
#3520 = VECTOR('',#3521,1.);
#3521 = DIRECTION('',(0.,0.,1.));
#3522 = ORIENTED_EDGE('',*,*,#3523,.T.);
#3523 = EDGE_CURVE('',#3514,#3524,#3526,.T.);
#3524 = VERTEX_POINT('',#3525);
#3525 = CARTESIAN_POINT('',(-1.,-0.585,0.));
#3526 = CIRCLE('',#3527,4.E-02);
#3527 = AXIS2_PLACEMENT_3D('',#3528,#3529,#3530);
#3528 = CARTESIAN_POINT('',(-1.,-0.585,4.E-02));
#3529 = DIRECTION('',(1.,0.,-0.));
#3530 = DIRECTION('',(0.,0.,1.));
#3531 = ORIENTED_EDGE('',*,*,#3532,.T.);
#3532 = EDGE_CURVE('',#3524,#3533,#3535,.T.);
#3533 = VERTEX_POINT('',#3534);
#3534 = CARTESIAN_POINT('',(-1.,0.585,0.));
#3535 = LINE('',#3536,#3537);
#3536 = CARTESIAN_POINT('',(-1.,-0.625,0.));
#3537 = VECTOR('',#3538,1.);
#3538 = DIRECTION('',(0.,1.,0.));
#3539 = ORIENTED_EDGE('',*,*,#3540,.F.);
#3540 = EDGE_CURVE('',#3541,#3533,#3543,.T.);
#3541 = VERTEX_POINT('',#3542);
#3542 = CARTESIAN_POINT('',(-1.,0.625,4.E-02));
#3543 = CIRCLE('',#3544,4.E-02);
#3544 = AXIS2_PLACEMENT_3D('',#3545,#3546,#3547);
#3545 = CARTESIAN_POINT('',(-1.,0.585,4.E-02));
#3546 = DIRECTION('',(-1.,0.,0.));
#3547 = DIRECTION('',(0.,0.,1.));
#3548 = ORIENTED_EDGE('',*,*,#3549,.T.);
#3549 = EDGE_CURVE('',#3541,#3550,#3552,.T.);
#3550 = VERTEX_POINT('',#3551);
#3551 = CARTESIAN_POINT('',(-1.,0.625,1.21));
#3552 = LINE('',#3553,#3554);
#3553 = CARTESIAN_POINT('',(-1.,0.625,0.));
#3554 = VECTOR('',#3555,1.);
#3555 = DIRECTION('',(0.,0.,1.));
#3556 = ORIENTED_EDGE('',*,*,#3557,.T.);
#3557 = EDGE_CURVE('',#3550,#3558,#3560,.T.);
#3558 = VERTEX_POINT('',#3559);
#3559 = CARTESIAN_POINT('',(-1.,0.585,1.25));
#3560 = CIRCLE('',#3561,4.E-02);
#3561 = AXIS2_PLACEMENT_3D('',#3562,#3563,#3564);
#3562 = CARTESIAN_POINT('',(-1.,0.585,1.21));
#3563 = DIRECTION('',(1.,0.,-0.));
#3564 = DIRECTION('',(0.,0.,1.));
#3565 = ORIENTED_EDGE('',*,*,#3566,.F.);
#3566 = EDGE_CURVE('',#3567,#3558,#3569,.T.);
#3567 = VERTEX_POINT('',#3568);
#3568 = CARTESIAN_POINT('',(-1.,-0.585,1.25));
#3569 = LINE('',#3570,#3571);
#3570 = CARTESIAN_POINT('',(-1.,-0.625,1.25));
#3571 = VECTOR('',#3572,1.);
#3572 = DIRECTION('',(0.,1.,0.));
#3573 = ORIENTED_EDGE('',*,*,#3574,.F.);
#3574 = EDGE_CURVE('',#3516,#3567,#3575,.T.);
#3575 = CIRCLE('',#3576,4.E-02);
#3576 = AXIS2_PLACEMENT_3D('',#3577,#3578,#3579);
#3577 = CARTESIAN_POINT('',(-1.,-0.585,1.21));
#3578 = DIRECTION('',(-1.,0.,0.));
#3579 = DIRECTION('',(0.,0.,1.));
#3580 = PLANE('',#3581);
#3581 = AXIS2_PLACEMENT_3D('',#3582,#3583,#3584);
#3582 = CARTESIAN_POINT('',(-1.,-0.625,0.));
#3583 = DIRECTION('',(1.,0.,0.));
#3584 = DIRECTION('',(0.,0.,1.));
#3585 = ADVANCED_FACE('',(#3586),#3611,.F.);
#3586 = FACE_BOUND('',#3587,.F.);
#3587 = EDGE_LOOP('',(#3588,#3598,#3604,#3605));
#3588 = ORIENTED_EDGE('',*,*,#3589,.F.);
#3589 = EDGE_CURVE('',#3590,#3592,#3594,.T.);
#3590 = VERTEX_POINT('',#3591);
#3591 = CARTESIAN_POINT('',(-0.6,-0.625,4.E-02));
#3592 = VERTEX_POINT('',#3593);
#3593 = CARTESIAN_POINT('',(-0.6,-0.625,1.21));
#3594 = LINE('',#3595,#3596);
#3595 = CARTESIAN_POINT('',(-0.6,-0.625,0.));
#3596 = VECTOR('',#3597,1.);
#3597 = DIRECTION('',(0.,0.,1.));
#3598 = ORIENTED_EDGE('',*,*,#3599,.F.);
#3599 = EDGE_CURVE('',#3514,#3590,#3600,.T.);
#3600 = LINE('',#3601,#3602);
#3601 = CARTESIAN_POINT('',(-1.,-0.625,4.E-02));
#3602 = VECTOR('',#3603,1.);
#3603 = DIRECTION('',(1.,0.,0.));
#3604 = ORIENTED_EDGE('',*,*,#3513,.T.);
#3605 = ORIENTED_EDGE('',*,*,#3606,.T.);
#3606 = EDGE_CURVE('',#3516,#3592,#3607,.T.);
#3607 = LINE('',#3608,#3609);
#3608 = CARTESIAN_POINT('',(-1.,-0.625,1.21));
#3609 = VECTOR('',#3610,1.);
#3610 = DIRECTION('',(1.,0.,0.));
#3611 = PLANE('',#3612);
#3612 = AXIS2_PLACEMENT_3D('',#3613,#3614,#3615);
#3613 = CARTESIAN_POINT('',(-1.,-0.625,0.));
#3614 = DIRECTION('',(0.,1.,0.));
#3615 = DIRECTION('',(0.,-0.,1.));
#3616 = ADVANCED_FACE('',(#3617),#3636,.T.);
#3617 = FACE_BOUND('',#3618,.T.);
#3618 = EDGE_LOOP('',(#3619,#3620,#3628,#3635));
#3619 = ORIENTED_EDGE('',*,*,#3523,.T.);
#3620 = ORIENTED_EDGE('',*,*,#3621,.T.);
#3621 = EDGE_CURVE('',#3524,#3622,#3624,.T.);
#3622 = VERTEX_POINT('',#3623);
#3623 = CARTESIAN_POINT('',(-0.6,-0.585,0.));
#3624 = LINE('',#3625,#3626);
#3625 = CARTESIAN_POINT('',(-1.,-0.585,0.));
#3626 = VECTOR('',#3627,1.);
#3627 = DIRECTION('',(1.,0.,0.));
#3628 = ORIENTED_EDGE('',*,*,#3629,.F.);
#3629 = EDGE_CURVE('',#3590,#3622,#3630,.T.);
#3630 = CIRCLE('',#3631,4.E-02);
#3631 = AXIS2_PLACEMENT_3D('',#3632,#3633,#3634);
#3632 = CARTESIAN_POINT('',(-0.6,-0.585,4.E-02));
#3633 = DIRECTION('',(1.,0.,-0.));
#3634 = DIRECTION('',(0.,0.,1.));
#3635 = ORIENTED_EDGE('',*,*,#3599,.F.);
#3636 = CYLINDRICAL_SURFACE('',#3637,4.E-02);
#3637 = AXIS2_PLACEMENT_3D('',#3638,#3639,#3640);
#3638 = CARTESIAN_POINT('',(-1.,-0.585,4.E-02));
#3639 = DIRECTION('',(1.,0.,0.));
#3640 = DIRECTION('',(0.,-1.,0.));
#3641 = ADVANCED_FACE('',(#3642),#3661,.T.);
#3642 = FACE_BOUND('',#3643,.T.);
#3643 = EDGE_LOOP('',(#3644,#3645,#3654,#3660));
#3644 = ORIENTED_EDGE('',*,*,#3606,.T.);
#3645 = ORIENTED_EDGE('',*,*,#3646,.T.);
#3646 = EDGE_CURVE('',#3592,#3647,#3649,.T.);
#3647 = VERTEX_POINT('',#3648);
#3648 = CARTESIAN_POINT('',(-0.6,-0.585,1.25));
#3649 = CIRCLE('',#3650,4.E-02);
#3650 = AXIS2_PLACEMENT_3D('',#3651,#3652,#3653);
#3651 = CARTESIAN_POINT('',(-0.6,-0.585,1.21));
#3652 = DIRECTION('',(-1.,0.,0.));
#3653 = DIRECTION('',(0.,0.,1.));
#3654 = ORIENTED_EDGE('',*,*,#3655,.F.);
#3655 = EDGE_CURVE('',#3567,#3647,#3656,.T.);
#3656 = LINE('',#3657,#3658);
#3657 = CARTESIAN_POINT('',(-1.,-0.585,1.25));
#3658 = VECTOR('',#3659,1.);
#3659 = DIRECTION('',(1.,0.,0.));
#3660 = ORIENTED_EDGE('',*,*,#3574,.F.);
#3661 = CYLINDRICAL_SURFACE('',#3662,4.E-02);
#3662 = AXIS2_PLACEMENT_3D('',#3663,#3664,#3665);
#3663 = CARTESIAN_POINT('',(-1.,-0.585,1.21));
#3664 = DIRECTION('',(1.,0.,0.));
#3665 = DIRECTION('',(0.,-1.,0.));
#3666 = ADVANCED_FACE('',(#3667),#3685,.F.);
#3667 = FACE_BOUND('',#3668,.F.);
#3668 = EDGE_LOOP('',(#3669,#3670,#3671,#3679));
#3669 = ORIENTED_EDGE('',*,*,#3532,.F.);
#3670 = ORIENTED_EDGE('',*,*,#3621,.T.);
#3671 = ORIENTED_EDGE('',*,*,#3672,.T.);
#3672 = EDGE_CURVE('',#3622,#3673,#3675,.T.);
#3673 = VERTEX_POINT('',#3674);
#3674 = CARTESIAN_POINT('',(-0.6,0.585,0.));
#3675 = LINE('',#3676,#3677);
#3676 = CARTESIAN_POINT('',(-0.6,-0.625,0.));
#3677 = VECTOR('',#3678,1.);
#3678 = DIRECTION('',(0.,1.,0.));
#3679 = ORIENTED_EDGE('',*,*,#3680,.F.);
#3680 = EDGE_CURVE('',#3533,#3673,#3681,.T.);
#3681 = LINE('',#3682,#3683);
#3682 = CARTESIAN_POINT('',(-1.,0.585,0.));
#3683 = VECTOR('',#3684,1.);
#3684 = DIRECTION('',(1.,0.,0.));
#3685 = PLANE('',#3686);
#3686 = AXIS2_PLACEMENT_3D('',#3687,#3688,#3689);
#3687 = CARTESIAN_POINT('',(-1.,-0.625,0.));
#3688 = DIRECTION('',(0.,0.,1.));
#3689 = DIRECTION('',(1.,0.,-0.));
#3690 = ADVANCED_FACE('',(#3691),#3709,.T.);
#3691 = FACE_BOUND('',#3692,.T.);
#3692 = EDGE_LOOP('',(#3693,#3694,#3695,#3703));
#3693 = ORIENTED_EDGE('',*,*,#3566,.F.);
#3694 = ORIENTED_EDGE('',*,*,#3655,.T.);
#3695 = ORIENTED_EDGE('',*,*,#3696,.T.);
#3696 = EDGE_CURVE('',#3647,#3697,#3699,.T.);
#3697 = VERTEX_POINT('',#3698);
#3698 = CARTESIAN_POINT('',(-0.6,0.585,1.25));
#3699 = LINE('',#3700,#3701);
#3700 = CARTESIAN_POINT('',(-0.6,-0.625,1.25));
#3701 = VECTOR('',#3702,1.);
#3702 = DIRECTION('',(0.,1.,0.));
#3703 = ORIENTED_EDGE('',*,*,#3704,.F.);
#3704 = EDGE_CURVE('',#3558,#3697,#3705,.T.);
#3705 = LINE('',#3706,#3707);
#3706 = CARTESIAN_POINT('',(-1.,0.585,1.25));
#3707 = VECTOR('',#3708,1.);
#3708 = DIRECTION('',(1.,0.,0.));
#3709 = PLANE('',#3710);
#3710 = AXIS2_PLACEMENT_3D('',#3711,#3712,#3713);
#3711 = CARTESIAN_POINT('',(-1.,-0.625,1.25));
#3712 = DIRECTION('',(0.,0.,1.));
#3713 = DIRECTION('',(1.,0.,-0.));
#3714 = ADVANCED_FACE('',(#3715),#3734,.T.);
#3715 = FACE_BOUND('',#3716,.T.);
#3716 = EDGE_LOOP('',(#3717,#3725,#3732,#3733));
#3717 = ORIENTED_EDGE('',*,*,#3718,.T.);
#3718 = EDGE_CURVE('',#3541,#3719,#3721,.T.);
#3719 = VERTEX_POINT('',#3720);
#3720 = CARTESIAN_POINT('',(-0.6,0.625,4.E-02));
#3721 = LINE('',#3722,#3723);
#3722 = CARTESIAN_POINT('',(-1.,0.625,4.E-02));
#3723 = VECTOR('',#3724,1.);
#3724 = DIRECTION('',(1.,0.,0.));
#3725 = ORIENTED_EDGE('',*,*,#3726,.T.);
#3726 = EDGE_CURVE('',#3719,#3673,#3727,.T.);
#3727 = CIRCLE('',#3728,4.E-02);
#3728 = AXIS2_PLACEMENT_3D('',#3729,#3730,#3731);
#3729 = CARTESIAN_POINT('',(-0.6,0.585,4.E-02));
#3730 = DIRECTION('',(-1.,0.,0.));
#3731 = DIRECTION('',(0.,0.,1.));
#3732 = ORIENTED_EDGE('',*,*,#3680,.F.);
#3733 = ORIENTED_EDGE('',*,*,#3540,.F.);
#3734 = CYLINDRICAL_SURFACE('',#3735,4.E-02);
#3735 = AXIS2_PLACEMENT_3D('',#3736,#3737,#3738);
#3736 = CARTESIAN_POINT('',(-1.,0.585,4.E-02));
#3737 = DIRECTION('',(1.,0.,0.));
#3738 = DIRECTION('',(-0.,1.,0.));
#3739 = ADVANCED_FACE('',(#3740),#3759,.T.);
#3740 = FACE_BOUND('',#3741,.T.);
#3741 = EDGE_LOOP('',(#3742,#3743,#3744,#3753));
#3742 = ORIENTED_EDGE('',*,*,#3557,.T.);
#3743 = ORIENTED_EDGE('',*,*,#3704,.T.);
#3744 = ORIENTED_EDGE('',*,*,#3745,.F.);
#3745 = EDGE_CURVE('',#3746,#3697,#3748,.T.);
#3746 = VERTEX_POINT('',#3747);
#3747 = CARTESIAN_POINT('',(-0.6,0.625,1.21));
#3748 = CIRCLE('',#3749,4.E-02);
#3749 = AXIS2_PLACEMENT_3D('',#3750,#3751,#3752);
#3750 = CARTESIAN_POINT('',(-0.6,0.585,1.21));
#3751 = DIRECTION('',(1.,0.,-0.));
#3752 = DIRECTION('',(0.,0.,1.));
#3753 = ORIENTED_EDGE('',*,*,#3754,.F.);
#3754 = EDGE_CURVE('',#3550,#3746,#3755,.T.);
#3755 = LINE('',#3756,#3757);
#3756 = CARTESIAN_POINT('',(-1.,0.625,1.21));
#3757 = VECTOR('',#3758,1.);
#3758 = DIRECTION('',(1.,0.,0.));
#3759 = CYLINDRICAL_SURFACE('',#3760,4.E-02);
#3760 = AXIS2_PLACEMENT_3D('',#3761,#3762,#3763);
#3761 = CARTESIAN_POINT('',(-1.,0.585,1.21));
#3762 = DIRECTION('',(1.,0.,0.));
#3763 = DIRECTION('',(-0.,1.,0.));
#3764 = ADVANCED_FACE('',(#3765),#3776,.T.);
#3765 = FACE_BOUND('',#3766,.T.);
#3766 = EDGE_LOOP('',(#3767,#3773,#3774,#3775));
#3767 = ORIENTED_EDGE('',*,*,#3768,.F.);
#3768 = EDGE_CURVE('',#3719,#3746,#3769,.T.);
#3769 = LINE('',#3770,#3771);
#3770 = CARTESIAN_POINT('',(-0.6,0.625,0.));
#3771 = VECTOR('',#3772,1.);
#3772 = DIRECTION('',(0.,0.,1.));
#3773 = ORIENTED_EDGE('',*,*,#3718,.F.);
#3774 = ORIENTED_EDGE('',*,*,#3549,.T.);
#3775 = ORIENTED_EDGE('',*,*,#3754,.T.);
#3776 = PLANE('',#3777);
#3777 = AXIS2_PLACEMENT_3D('',#3778,#3779,#3780);
#3778 = CARTESIAN_POINT('',(-1.,0.625,0.));
#3779 = DIRECTION('',(0.,1.,0.));
#3780 = DIRECTION('',(0.,-0.,1.));
#3781 = ADVANCED_FACE('',(#3782,#3792),#3862,.T.);
#3782 = FACE_BOUND('',#3783,.T.);
#3783 = EDGE_LOOP('',(#3784,#3785,#3786,#3787,#3788,#3789,#3790,#3791));
#3784 = ORIENTED_EDGE('',*,*,#3589,.F.);
#3785 = ORIENTED_EDGE('',*,*,#3629,.T.);
#3786 = ORIENTED_EDGE('',*,*,#3672,.T.);
#3787 = ORIENTED_EDGE('',*,*,#3726,.F.);
#3788 = ORIENTED_EDGE('',*,*,#3768,.T.);
#3789 = ORIENTED_EDGE('',*,*,#3745,.T.);
#3790 = ORIENTED_EDGE('',*,*,#3696,.F.);
#3791 = ORIENTED_EDGE('',*,*,#3646,.F.);
#3792 = FACE_BOUND('',#3793,.T.);
#3793 = EDGE_LOOP('',(#3794,#3805,#3813,#3822,#3830,#3839,#3847,#3856));
#3794 = ORIENTED_EDGE('',*,*,#3795,.F.);
#3795 = EDGE_CURVE('',#3796,#3798,#3800,.T.);
#3796 = VERTEX_POINT('',#3797);
#3797 = CARTESIAN_POINT('',(-0.6,-0.585,8.E-02));
#3798 = VERTEX_POINT('',#3799);
#3799 = CARTESIAN_POINT('',(-0.6,-0.545,4.E-02));
#3800 = CIRCLE('',#3801,4.E-02);
#3801 = AXIS2_PLACEMENT_3D('',#3802,#3803,#3804);
#3802 = CARTESIAN_POINT('',(-0.6,-0.545,8.E-02));
#3803 = DIRECTION('',(1.,0.,-0.));
#3804 = DIRECTION('',(0.,0.,1.));
#3805 = ORIENTED_EDGE('',*,*,#3806,.T.);
#3806 = EDGE_CURVE('',#3796,#3807,#3809,.T.);
#3807 = VERTEX_POINT('',#3808);
#3808 = CARTESIAN_POINT('',(-0.6,-0.585,1.17));
#3809 = LINE('',#3810,#3811);
#3810 = CARTESIAN_POINT('',(-0.6,-0.585,4.E-02));
#3811 = VECTOR('',#3812,1.);
#3812 = DIRECTION('',(0.,0.,1.));
#3813 = ORIENTED_EDGE('',*,*,#3814,.T.);
#3814 = EDGE_CURVE('',#3807,#3815,#3817,.T.);
#3815 = VERTEX_POINT('',#3816);
#3816 = CARTESIAN_POINT('',(-0.6,-0.545,1.21));
#3817 = CIRCLE('',#3818,4.E-02);
#3818 = AXIS2_PLACEMENT_3D('',#3819,#3820,#3821);
#3819 = CARTESIAN_POINT('',(-0.6,-0.545,1.17));
#3820 = DIRECTION('',(-1.,0.,0.));
#3821 = DIRECTION('',(0.,0.,1.));
#3822 = ORIENTED_EDGE('',*,*,#3823,.T.);
#3823 = EDGE_CURVE('',#3815,#3824,#3826,.T.);
#3824 = VERTEX_POINT('',#3825);
#3825 = CARTESIAN_POINT('',(-0.6,0.545,1.21));
#3826 = LINE('',#3827,#3828);
#3827 = CARTESIAN_POINT('',(-0.6,-0.585,1.21));
#3828 = VECTOR('',#3829,1.);
#3829 = DIRECTION('',(0.,1.,0.));
#3830 = ORIENTED_EDGE('',*,*,#3831,.F.);
#3831 = EDGE_CURVE('',#3832,#3824,#3834,.T.);
#3832 = VERTEX_POINT('',#3833);
#3833 = CARTESIAN_POINT('',(-0.6,0.585,1.17));
#3834 = CIRCLE('',#3835,4.E-02);
#3835 = AXIS2_PLACEMENT_3D('',#3836,#3837,#3838);
#3836 = CARTESIAN_POINT('',(-0.6,0.545,1.17));
#3837 = DIRECTION('',(1.,0.,-0.));
#3838 = DIRECTION('',(0.,0.,1.));
#3839 = ORIENTED_EDGE('',*,*,#3840,.F.);
#3840 = EDGE_CURVE('',#3841,#3832,#3843,.T.);
#3841 = VERTEX_POINT('',#3842);
#3842 = CARTESIAN_POINT('',(-0.6,0.585,8.E-02));
#3843 = LINE('',#3844,#3845);
#3844 = CARTESIAN_POINT('',(-0.6,0.585,4.E-02));
#3845 = VECTOR('',#3846,1.);
#3846 = DIRECTION('',(0.,0.,1.));
#3847 = ORIENTED_EDGE('',*,*,#3848,.T.);
#3848 = EDGE_CURVE('',#3841,#3849,#3851,.T.);
#3849 = VERTEX_POINT('',#3850);
#3850 = CARTESIAN_POINT('',(-0.6,0.545,4.E-02));
#3851 = CIRCLE('',#3852,4.E-02);
#3852 = AXIS2_PLACEMENT_3D('',#3853,#3854,#3855);
#3853 = CARTESIAN_POINT('',(-0.6,0.545,8.E-02));
#3854 = DIRECTION('',(-1.,0.,0.));
#3855 = DIRECTION('',(0.,0.,1.));
#3856 = ORIENTED_EDGE('',*,*,#3857,.F.);
#3857 = EDGE_CURVE('',#3798,#3849,#3858,.T.);
#3858 = LINE('',#3859,#3860);
#3859 = CARTESIAN_POINT('',(-0.6,-0.585,4.E-02));
#3860 = VECTOR('',#3861,1.);
#3861 = DIRECTION('',(0.,1.,0.));
#3862 = PLANE('',#3863);
#3863 = AXIS2_PLACEMENT_3D('',#3864,#3865,#3866);
#3864 = CARTESIAN_POINT('',(-0.6,-0.625,0.));
#3865 = DIRECTION('',(1.,0.,0.));
#3866 = DIRECTION('',(0.,0.,1.));
#3867 = ADVANCED_FACE('',(#3868),#3894,.T.);
#3868 = FACE_BOUND('',#3869,.T.);
#3869 = EDGE_LOOP('',(#3870,#3871,#3879,#3888));
#3870 = ORIENTED_EDGE('',*,*,#3795,.T.);
#3871 = ORIENTED_EDGE('',*,*,#3872,.T.);
#3872 = EDGE_CURVE('',#3798,#3873,#3875,.T.);
#3873 = VERTEX_POINT('',#3874);
#3874 = CARTESIAN_POINT('',(0.6,-0.545,4.E-02));
#3875 = LINE('',#3876,#3877);
#3876 = CARTESIAN_POINT('',(-0.6,-0.545,4.E-02));
#3877 = VECTOR('',#3878,1.);
#3878 = DIRECTION('',(1.,0.,0.));
#3879 = ORIENTED_EDGE('',*,*,#3880,.F.);
#3880 = EDGE_CURVE('',#3881,#3873,#3883,.T.);
#3881 = VERTEX_POINT('',#3882);
#3882 = CARTESIAN_POINT('',(0.6,-0.585,8.E-02));
#3883 = CIRCLE('',#3884,4.E-02);
#3884 = AXIS2_PLACEMENT_3D('',#3885,#3886,#3887);
#3885 = CARTESIAN_POINT('',(0.6,-0.545,8.E-02));
#3886 = DIRECTION('',(1.,0.,-0.));
#3887 = DIRECTION('',(0.,0.,1.));
#3888 = ORIENTED_EDGE('',*,*,#3889,.F.);
#3889 = EDGE_CURVE('',#3796,#3881,#3890,.T.);
#3890 = LINE('',#3891,#3892);
#3891 = CARTESIAN_POINT('',(-0.6,-0.585,8.E-02));
#3892 = VECTOR('',#3893,1.);
#3893 = DIRECTION('',(1.,0.,0.));
#3894 = CYLINDRICAL_SURFACE('',#3895,4.E-02);
#3895 = AXIS2_PLACEMENT_3D('',#3896,#3897,#3898);
#3896 = CARTESIAN_POINT('',(-0.6,-0.545,8.E-02));
#3897 = DIRECTION('',(1.,0.,0.));
#3898 = DIRECTION('',(0.,-1.,0.));
#3899 = ADVANCED_FACE('',(#3900),#3918,.F.);
#3900 = FACE_BOUND('',#3901,.F.);
#3901 = EDGE_LOOP('',(#3902,#3903,#3904,#3912));
#3902 = ORIENTED_EDGE('',*,*,#3857,.F.);
#3903 = ORIENTED_EDGE('',*,*,#3872,.T.);
#3904 = ORIENTED_EDGE('',*,*,#3905,.T.);
#3905 = EDGE_CURVE('',#3873,#3906,#3908,.T.);
#3906 = VERTEX_POINT('',#3907);
#3907 = CARTESIAN_POINT('',(0.6,0.545,4.E-02));
#3908 = LINE('',#3909,#3910);
#3909 = CARTESIAN_POINT('',(0.6,-0.585,4.E-02));
#3910 = VECTOR('',#3911,1.);
#3911 = DIRECTION('',(0.,1.,0.));
#3912 = ORIENTED_EDGE('',*,*,#3913,.F.);
#3913 = EDGE_CURVE('',#3849,#3906,#3914,.T.);
#3914 = LINE('',#3915,#3916);
#3915 = CARTESIAN_POINT('',(-0.6,0.545,4.E-02));
#3916 = VECTOR('',#3917,1.);
#3917 = DIRECTION('',(1.,0.,0.));
#3918 = PLANE('',#3919);
#3919 = AXIS2_PLACEMENT_3D('',#3920,#3921,#3922);
#3920 = CARTESIAN_POINT('',(-0.6,-0.585,4.E-02));
#3921 = DIRECTION('',(0.,0.,1.));
#3922 = DIRECTION('',(1.,0.,-0.));
#3923 = ADVANCED_FACE('',(#3924),#3943,.T.);
#3924 = FACE_BOUND('',#3925,.T.);
#3925 = EDGE_LOOP('',(#3926,#3934,#3941,#3942));
#3926 = ORIENTED_EDGE('',*,*,#3927,.T.);
#3927 = EDGE_CURVE('',#3841,#3928,#3930,.T.);
#3928 = VERTEX_POINT('',#3929);
#3929 = CARTESIAN_POINT('',(0.6,0.585,8.E-02));
#3930 = LINE('',#3931,#3932);
#3931 = CARTESIAN_POINT('',(-0.6,0.585,8.E-02));
#3932 = VECTOR('',#3933,1.);
#3933 = DIRECTION('',(1.,0.,0.));
#3934 = ORIENTED_EDGE('',*,*,#3935,.T.);
#3935 = EDGE_CURVE('',#3928,#3906,#3936,.T.);
#3936 = CIRCLE('',#3937,4.E-02);
#3937 = AXIS2_PLACEMENT_3D('',#3938,#3939,#3940);
#3938 = CARTESIAN_POINT('',(0.6,0.545,8.E-02));
#3939 = DIRECTION('',(-1.,0.,0.));
#3940 = DIRECTION('',(0.,0.,1.));
#3941 = ORIENTED_EDGE('',*,*,#3913,.F.);
#3942 = ORIENTED_EDGE('',*,*,#3848,.F.);
#3943 = CYLINDRICAL_SURFACE('',#3944,4.E-02);
#3944 = AXIS2_PLACEMENT_3D('',#3945,#3946,#3947);
#3945 = CARTESIAN_POINT('',(-0.6,0.545,8.E-02));
#3946 = DIRECTION('',(1.,0.,0.));
#3947 = DIRECTION('',(-0.,1.,0.));
#3948 = ADVANCED_FACE('',(#3949),#3967,.T.);
#3949 = FACE_BOUND('',#3950,.T.);
#3950 = EDGE_LOOP('',(#3951,#3959,#3960,#3961));
#3951 = ORIENTED_EDGE('',*,*,#3952,.F.);
#3952 = EDGE_CURVE('',#3928,#3953,#3955,.T.);
#3953 = VERTEX_POINT('',#3954);
#3954 = CARTESIAN_POINT('',(0.6,0.585,1.17));
#3955 = LINE('',#3956,#3957);
#3956 = CARTESIAN_POINT('',(0.6,0.585,4.E-02));
#3957 = VECTOR('',#3958,1.);
#3958 = DIRECTION('',(0.,0.,1.));
#3959 = ORIENTED_EDGE('',*,*,#3927,.F.);
#3960 = ORIENTED_EDGE('',*,*,#3840,.T.);
#3961 = ORIENTED_EDGE('',*,*,#3962,.T.);
#3962 = EDGE_CURVE('',#3832,#3953,#3963,.T.);
#3963 = LINE('',#3964,#3965);
#3964 = CARTESIAN_POINT('',(-0.6,0.585,1.17));
#3965 = VECTOR('',#3966,1.);
#3966 = DIRECTION('',(1.,0.,0.));
#3967 = PLANE('',#3968);
#3968 = AXIS2_PLACEMENT_3D('',#3969,#3970,#3971);
#3969 = CARTESIAN_POINT('',(-0.6,0.585,4.E-02));
#3970 = DIRECTION('',(0.,1.,0.));
#3971 = DIRECTION('',(0.,-0.,1.));
#3972 = ADVANCED_FACE('',(#3973),#3992,.T.);
#3973 = FACE_BOUND('',#3974,.T.);
#3974 = EDGE_LOOP('',(#3975,#3976,#3984,#3991));
#3975 = ORIENTED_EDGE('',*,*,#3831,.T.);
#3976 = ORIENTED_EDGE('',*,*,#3977,.T.);
#3977 = EDGE_CURVE('',#3824,#3978,#3980,.T.);
#3978 = VERTEX_POINT('',#3979);
#3979 = CARTESIAN_POINT('',(0.6,0.545,1.21));
#3980 = LINE('',#3981,#3982);
#3981 = CARTESIAN_POINT('',(-0.6,0.545,1.21));
#3982 = VECTOR('',#3983,1.);
#3983 = DIRECTION('',(1.,0.,0.));
#3984 = ORIENTED_EDGE('',*,*,#3985,.F.);
#3985 = EDGE_CURVE('',#3953,#3978,#3986,.T.);
#3986 = CIRCLE('',#3987,4.E-02);
#3987 = AXIS2_PLACEMENT_3D('',#3988,#3989,#3990);
#3988 = CARTESIAN_POINT('',(0.6,0.545,1.17));
#3989 = DIRECTION('',(1.,0.,-0.));
#3990 = DIRECTION('',(0.,0.,1.));
#3991 = ORIENTED_EDGE('',*,*,#3962,.F.);
#3992 = CYLINDRICAL_SURFACE('',#3993,4.E-02);
#3993 = AXIS2_PLACEMENT_3D('',#3994,#3995,#3996);
#3994 = CARTESIAN_POINT('',(-0.6,0.545,1.17));
#3995 = DIRECTION('',(1.,0.,0.));
#3996 = DIRECTION('',(-0.,1.,0.));
#3997 = ADVANCED_FACE('',(#3998),#4016,.T.);
#3998 = FACE_BOUND('',#3999,.T.);
#3999 = EDGE_LOOP('',(#4000,#4001,#4009,#4015));
#4000 = ORIENTED_EDGE('',*,*,#3823,.F.);
#4001 = ORIENTED_EDGE('',*,*,#4002,.T.);
#4002 = EDGE_CURVE('',#3815,#4003,#4005,.T.);
#4003 = VERTEX_POINT('',#4004);
#4004 = CARTESIAN_POINT('',(0.6,-0.545,1.21));
#4005 = LINE('',#4006,#4007);
#4006 = CARTESIAN_POINT('',(-0.6,-0.545,1.21));
#4007 = VECTOR('',#4008,1.);
#4008 = DIRECTION('',(1.,0.,0.));
#4009 = ORIENTED_EDGE('',*,*,#4010,.T.);
#4010 = EDGE_CURVE('',#4003,#3978,#4011,.T.);
#4011 = LINE('',#4012,#4013);
#4012 = CARTESIAN_POINT('',(0.6,-0.585,1.21));
#4013 = VECTOR('',#4014,1.);
#4014 = DIRECTION('',(0.,1.,0.));
#4015 = ORIENTED_EDGE('',*,*,#3977,.F.);
#4016 = PLANE('',#4017);
#4017 = AXIS2_PLACEMENT_3D('',#4018,#4019,#4020);
#4018 = CARTESIAN_POINT('',(-0.6,-0.585,1.21));
#4019 = DIRECTION('',(0.,0.,1.));
#4020 = DIRECTION('',(1.,0.,-0.));
#4021 = ADVANCED_FACE('',(#4022),#4041,.T.);
#4022 = FACE_BOUND('',#4023,.T.);
#4023 = EDGE_LOOP('',(#4024,#4032,#4039,#4040));
#4024 = ORIENTED_EDGE('',*,*,#4025,.T.);
#4025 = EDGE_CURVE('',#3807,#4026,#4028,.T.);
#4026 = VERTEX_POINT('',#4027);
#4027 = CARTESIAN_POINT('',(0.6,-0.585,1.17));
#4028 = LINE('',#4029,#4030);
#4029 = CARTESIAN_POINT('',(-0.6,-0.585,1.17));
#4030 = VECTOR('',#4031,1.);
#4031 = DIRECTION('',(1.,0.,0.));
#4032 = ORIENTED_EDGE('',*,*,#4033,.T.);
#4033 = EDGE_CURVE('',#4026,#4003,#4034,.T.);
#4034 = CIRCLE('',#4035,4.E-02);
#4035 = AXIS2_PLACEMENT_3D('',#4036,#4037,#4038);
#4036 = CARTESIAN_POINT('',(0.6,-0.545,1.17));
#4037 = DIRECTION('',(-1.,0.,0.));
#4038 = DIRECTION('',(0.,0.,1.));
#4039 = ORIENTED_EDGE('',*,*,#4002,.F.);
#4040 = ORIENTED_EDGE('',*,*,#3814,.F.);
#4041 = CYLINDRICAL_SURFACE('',#4042,4.E-02);
#4042 = AXIS2_PLACEMENT_3D('',#4043,#4044,#4045);
#4043 = CARTESIAN_POINT('',(-0.6,-0.545,1.17));
#4044 = DIRECTION('',(1.,0.,0.));
#4045 = DIRECTION('',(0.,-1.,0.));
#4046 = ADVANCED_FACE('',(#4047),#4058,.F.);
#4047 = FACE_BOUND('',#4048,.F.);
#4048 = EDGE_LOOP('',(#4049,#4055,#4056,#4057));
#4049 = ORIENTED_EDGE('',*,*,#4050,.F.);
#4050 = EDGE_CURVE('',#3881,#4026,#4051,.T.);
#4051 = LINE('',#4052,#4053);
#4052 = CARTESIAN_POINT('',(0.6,-0.585,4.E-02));
#4053 = VECTOR('',#4054,1.);
#4054 = DIRECTION('',(0.,0.,1.));
#4055 = ORIENTED_EDGE('',*,*,#3889,.F.);
#4056 = ORIENTED_EDGE('',*,*,#3806,.T.);
#4057 = ORIENTED_EDGE('',*,*,#4025,.T.);
#4058 = PLANE('',#4059);
#4059 = AXIS2_PLACEMENT_3D('',#4060,#4061,#4062);
#4060 = CARTESIAN_POINT('',(-0.6,-0.585,4.E-02));
#4061 = DIRECTION('',(0.,1.,0.));
#4062 = DIRECTION('',(0.,-0.,1.));
#4063 = ADVANCED_FACE('',(#4064,#4134),#4144,.F.);
#4064 = FACE_BOUND('',#4065,.F.);
#4065 = EDGE_LOOP('',(#4066,#4076,#4085,#4093,#4102,#4110,#4119,#4127));
#4066 = ORIENTED_EDGE('',*,*,#4067,.F.);
#4067 = EDGE_CURVE('',#4068,#4070,#4072,.T.);
#4068 = VERTEX_POINT('',#4069);
#4069 = CARTESIAN_POINT('',(0.6,-0.625,4.E-02));
#4070 = VERTEX_POINT('',#4071);
#4071 = CARTESIAN_POINT('',(0.6,-0.625,1.21));
#4072 = LINE('',#4073,#4074);
#4073 = CARTESIAN_POINT('',(0.6,-0.625,0.));
#4074 = VECTOR('',#4075,1.);
#4075 = DIRECTION('',(0.,0.,1.));
#4076 = ORIENTED_EDGE('',*,*,#4077,.T.);
#4077 = EDGE_CURVE('',#4068,#4078,#4080,.T.);
#4078 = VERTEX_POINT('',#4079);
#4079 = CARTESIAN_POINT('',(0.6,-0.585,0.));
#4080 = CIRCLE('',#4081,4.E-02);
#4081 = AXIS2_PLACEMENT_3D('',#4082,#4083,#4084);
#4082 = CARTESIAN_POINT('',(0.6,-0.585,4.E-02));
#4083 = DIRECTION('',(1.,0.,-0.));
#4084 = DIRECTION('',(0.,0.,1.));
#4085 = ORIENTED_EDGE('',*,*,#4086,.T.);
#4086 = EDGE_CURVE('',#4078,#4087,#4089,.T.);
#4087 = VERTEX_POINT('',#4088);
#4088 = CARTESIAN_POINT('',(0.6,0.585,0.));
#4089 = LINE('',#4090,#4091);
#4090 = CARTESIAN_POINT('',(0.6,-0.625,0.));
#4091 = VECTOR('',#4092,1.);
#4092 = DIRECTION('',(0.,1.,0.));
#4093 = ORIENTED_EDGE('',*,*,#4094,.F.);
#4094 = EDGE_CURVE('',#4095,#4087,#4097,.T.);
#4095 = VERTEX_POINT('',#4096);
#4096 = CARTESIAN_POINT('',(0.6,0.625,4.E-02));
#4097 = CIRCLE('',#4098,4.E-02);
#4098 = AXIS2_PLACEMENT_3D('',#4099,#4100,#4101);
#4099 = CARTESIAN_POINT('',(0.6,0.585,4.E-02));
#4100 = DIRECTION('',(-1.,0.,0.));
#4101 = DIRECTION('',(0.,0.,1.));
#4102 = ORIENTED_EDGE('',*,*,#4103,.T.);
#4103 = EDGE_CURVE('',#4095,#4104,#4106,.T.);
#4104 = VERTEX_POINT('',#4105);
#4105 = CARTESIAN_POINT('',(0.6,0.625,1.21));
#4106 = LINE('',#4107,#4108);
#4107 = CARTESIAN_POINT('',(0.6,0.625,0.));
#4108 = VECTOR('',#4109,1.);
#4109 = DIRECTION('',(0.,0.,1.));
#4110 = ORIENTED_EDGE('',*,*,#4111,.T.);
#4111 = EDGE_CURVE('',#4104,#4112,#4114,.T.);
#4112 = VERTEX_POINT('',#4113);
#4113 = CARTESIAN_POINT('',(0.6,0.585,1.25));
#4114 = CIRCLE('',#4115,4.E-02);
#4115 = AXIS2_PLACEMENT_3D('',#4116,#4117,#4118);
#4116 = CARTESIAN_POINT('',(0.6,0.585,1.21));
#4117 = DIRECTION('',(1.,0.,-0.));
#4118 = DIRECTION('',(0.,0.,1.));
#4119 = ORIENTED_EDGE('',*,*,#4120,.F.);
#4120 = EDGE_CURVE('',#4121,#4112,#4123,.T.);
#4121 = VERTEX_POINT('',#4122);
#4122 = CARTESIAN_POINT('',(0.6,-0.585,1.25));
#4123 = LINE('',#4124,#4125);
#4124 = CARTESIAN_POINT('',(0.6,-0.625,1.25));
#4125 = VECTOR('',#4126,1.);
#4126 = DIRECTION('',(0.,1.,0.));
#4127 = ORIENTED_EDGE('',*,*,#4128,.F.);
#4128 = EDGE_CURVE('',#4070,#4121,#4129,.T.);
#4129 = CIRCLE('',#4130,4.E-02);
#4130 = AXIS2_PLACEMENT_3D('',#4131,#4132,#4133);
#4131 = CARTESIAN_POINT('',(0.6,-0.585,1.21));
#4132 = DIRECTION('',(-1.,0.,0.));
#4133 = DIRECTION('',(0.,0.,1.));
#4134 = FACE_BOUND('',#4135,.F.);
#4135 = EDGE_LOOP('',(#4136,#4137,#4138,#4139,#4140,#4141,#4142,#4143));
#4136 = ORIENTED_EDGE('',*,*,#3880,.F.);
#4137 = ORIENTED_EDGE('',*,*,#4050,.T.);
#4138 = ORIENTED_EDGE('',*,*,#4033,.T.);
#4139 = ORIENTED_EDGE('',*,*,#4010,.T.);
#4140 = ORIENTED_EDGE('',*,*,#3985,.F.);
#4141 = ORIENTED_EDGE('',*,*,#3952,.F.);
#4142 = ORIENTED_EDGE('',*,*,#3935,.T.);
#4143 = ORIENTED_EDGE('',*,*,#3905,.F.);
#4144 = PLANE('',#4145);
#4145 = AXIS2_PLACEMENT_3D('',#4146,#4147,#4148);
#4146 = CARTESIAN_POINT('',(0.6,-0.625,0.));
#4147 = DIRECTION('',(1.,0.,0.));
#4148 = DIRECTION('',(0.,0.,1.));
#4149 = ADVANCED_FACE('',(#4150),#4175,.F.);
#4150 = FACE_BOUND('',#4151,.F.);
#4151 = EDGE_LOOP('',(#4152,#4162,#4168,#4169));
#4152 = ORIENTED_EDGE('',*,*,#4153,.F.);
#4153 = EDGE_CURVE('',#4154,#4156,#4158,.T.);
#4154 = VERTEX_POINT('',#4155);
#4155 = CARTESIAN_POINT('',(1.,-0.625,4.E-02));
#4156 = VERTEX_POINT('',#4157);
#4157 = CARTESIAN_POINT('',(1.,-0.625,1.21));
#4158 = LINE('',#4159,#4160);
#4159 = CARTESIAN_POINT('',(1.,-0.625,0.));
#4160 = VECTOR('',#4161,1.);
#4161 = DIRECTION('',(0.,0.,1.));
#4162 = ORIENTED_EDGE('',*,*,#4163,.F.);
#4163 = EDGE_CURVE('',#4068,#4154,#4164,.T.);
#4164 = LINE('',#4165,#4166);
#4165 = CARTESIAN_POINT('',(0.6,-0.625,4.E-02));
#4166 = VECTOR('',#4167,1.);
#4167 = DIRECTION('',(1.,0.,0.));
#4168 = ORIENTED_EDGE('',*,*,#4067,.T.);
#4169 = ORIENTED_EDGE('',*,*,#4170,.T.);
#4170 = EDGE_CURVE('',#4070,#4156,#4171,.T.);
#4171 = LINE('',#4172,#4173);
#4172 = CARTESIAN_POINT('',(0.6,-0.625,1.21));
#4173 = VECTOR('',#4174,1.);
#4174 = DIRECTION('',(1.,0.,0.));
#4175 = PLANE('',#4176);
#4176 = AXIS2_PLACEMENT_3D('',#4177,#4178,#4179);
#4177 = CARTESIAN_POINT('',(0.6,-0.625,0.));
#4178 = DIRECTION('',(0.,1.,0.));
#4179 = DIRECTION('',(0.,-0.,1.));
#4180 = ADVANCED_FACE('',(#4181),#4200,.T.);
#4181 = FACE_BOUND('',#4182,.T.);
#4182 = EDGE_LOOP('',(#4183,#4184,#4192,#4199));
#4183 = ORIENTED_EDGE('',*,*,#4077,.T.);
#4184 = ORIENTED_EDGE('',*,*,#4185,.T.);
#4185 = EDGE_CURVE('',#4078,#4186,#4188,.T.);
#4186 = VERTEX_POINT('',#4187);
#4187 = CARTESIAN_POINT('',(1.,-0.585,0.));
#4188 = LINE('',#4189,#4190);
#4189 = CARTESIAN_POINT('',(0.6,-0.585,0.));
#4190 = VECTOR('',#4191,1.);
#4191 = DIRECTION('',(1.,0.,0.));
#4192 = ORIENTED_EDGE('',*,*,#4193,.F.);
#4193 = EDGE_CURVE('',#4154,#4186,#4194,.T.);
#4194 = CIRCLE('',#4195,4.E-02);
#4195 = AXIS2_PLACEMENT_3D('',#4196,#4197,#4198);
#4196 = CARTESIAN_POINT('',(1.,-0.585,4.E-02));
#4197 = DIRECTION('',(1.,0.,-0.));
#4198 = DIRECTION('',(0.,0.,1.));
#4199 = ORIENTED_EDGE('',*,*,#4163,.F.);
#4200 = CYLINDRICAL_SURFACE('',#4201,4.E-02);
#4201 = AXIS2_PLACEMENT_3D('',#4202,#4203,#4204);
#4202 = CARTESIAN_POINT('',(0.6,-0.585,4.E-02));
#4203 = DIRECTION('',(1.,0.,0.));
#4204 = DIRECTION('',(0.,-1.,0.));
#4205 = ADVANCED_FACE('',(#4206),#4225,.T.);
#4206 = FACE_BOUND('',#4207,.T.);
#4207 = EDGE_LOOP('',(#4208,#4209,#4218,#4224));
#4208 = ORIENTED_EDGE('',*,*,#4170,.T.);
#4209 = ORIENTED_EDGE('',*,*,#4210,.T.);
#4210 = EDGE_CURVE('',#4156,#4211,#4213,.T.);
#4211 = VERTEX_POINT('',#4212);
#4212 = CARTESIAN_POINT('',(1.,-0.585,1.25));
#4213 = CIRCLE('',#4214,4.E-02);
#4214 = AXIS2_PLACEMENT_3D('',#4215,#4216,#4217);
#4215 = CARTESIAN_POINT('',(1.,-0.585,1.21));
#4216 = DIRECTION('',(-1.,0.,0.));
#4217 = DIRECTION('',(0.,0.,1.));
#4218 = ORIENTED_EDGE('',*,*,#4219,.F.);
#4219 = EDGE_CURVE('',#4121,#4211,#4220,.T.);
#4220 = LINE('',#4221,#4222);
#4221 = CARTESIAN_POINT('',(0.6,-0.585,1.25));
#4222 = VECTOR('',#4223,1.);
#4223 = DIRECTION('',(1.,0.,0.));
#4224 = ORIENTED_EDGE('',*,*,#4128,.F.);
#4225 = CYLINDRICAL_SURFACE('',#4226,4.E-02);
#4226 = AXIS2_PLACEMENT_3D('',#4227,#4228,#4229);
#4227 = CARTESIAN_POINT('',(0.6,-0.585,1.21));
#4228 = DIRECTION('',(1.,0.,0.));
#4229 = DIRECTION('',(0.,-1.,0.));
#4230 = ADVANCED_FACE('',(#4231),#4249,.F.);
#4231 = FACE_BOUND('',#4232,.F.);
#4232 = EDGE_LOOP('',(#4233,#4234,#4235,#4243));
#4233 = ORIENTED_EDGE('',*,*,#4086,.F.);
#4234 = ORIENTED_EDGE('',*,*,#4185,.T.);
#4235 = ORIENTED_EDGE('',*,*,#4236,.T.);
#4236 = EDGE_CURVE('',#4186,#4237,#4239,.T.);
#4237 = VERTEX_POINT('',#4238);
#4238 = CARTESIAN_POINT('',(1.,0.585,0.));
#4239 = LINE('',#4240,#4241);
#4240 = CARTESIAN_POINT('',(1.,-0.625,0.));
#4241 = VECTOR('',#4242,1.);
#4242 = DIRECTION('',(0.,1.,0.));
#4243 = ORIENTED_EDGE('',*,*,#4244,.F.);
#4244 = EDGE_CURVE('',#4087,#4237,#4245,.T.);
#4245 = LINE('',#4246,#4247);
#4246 = CARTESIAN_POINT('',(0.6,0.585,0.));
#4247 = VECTOR('',#4248,1.);
#4248 = DIRECTION('',(1.,0.,0.));
#4249 = PLANE('',#4250);
#4250 = AXIS2_PLACEMENT_3D('',#4251,#4252,#4253);
#4251 = CARTESIAN_POINT('',(0.6,-0.625,0.));
#4252 = DIRECTION('',(0.,0.,1.));
#4253 = DIRECTION('',(1.,0.,-0.));
#4254 = ADVANCED_FACE('',(#4255),#4273,.T.);
#4255 = FACE_BOUND('',#4256,.T.);
#4256 = EDGE_LOOP('',(#4257,#4258,#4259,#4267));
#4257 = ORIENTED_EDGE('',*,*,#4120,.F.);
#4258 = ORIENTED_EDGE('',*,*,#4219,.T.);
#4259 = ORIENTED_EDGE('',*,*,#4260,.T.);
#4260 = EDGE_CURVE('',#4211,#4261,#4263,.T.);
#4261 = VERTEX_POINT('',#4262);
#4262 = CARTESIAN_POINT('',(1.,0.585,1.25));
#4263 = LINE('',#4264,#4265);
#4264 = CARTESIAN_POINT('',(1.,-0.625,1.25));
#4265 = VECTOR('',#4266,1.);
#4266 = DIRECTION('',(0.,1.,0.));
#4267 = ORIENTED_EDGE('',*,*,#4268,.F.);
#4268 = EDGE_CURVE('',#4112,#4261,#4269,.T.);
#4269 = LINE('',#4270,#4271);
#4270 = CARTESIAN_POINT('',(0.6,0.585,1.25));
#4271 = VECTOR('',#4272,1.);
#4272 = DIRECTION('',(1.,0.,0.));
#4273 = PLANE('',#4274);
#4274 = AXIS2_PLACEMENT_3D('',#4275,#4276,#4277);
#4275 = CARTESIAN_POINT('',(0.6,-0.625,1.25));
#4276 = DIRECTION('',(0.,0.,1.));
#4277 = DIRECTION('',(1.,0.,-0.));
#4278 = ADVANCED_FACE('',(#4279),#4298,.T.);
#4279 = FACE_BOUND('',#4280,.T.);
#4280 = EDGE_LOOP('',(#4281,#4289,#4296,#4297));
#4281 = ORIENTED_EDGE('',*,*,#4282,.T.);
#4282 = EDGE_CURVE('',#4095,#4283,#4285,.T.);
#4283 = VERTEX_POINT('',#4284);
#4284 = CARTESIAN_POINT('',(1.,0.625,4.E-02));
#4285 = LINE('',#4286,#4287);
#4286 = CARTESIAN_POINT('',(0.6,0.625,4.E-02));
#4287 = VECTOR('',#4288,1.);
#4288 = DIRECTION('',(1.,0.,0.));
#4289 = ORIENTED_EDGE('',*,*,#4290,.T.);
#4290 = EDGE_CURVE('',#4283,#4237,#4291,.T.);
#4291 = CIRCLE('',#4292,4.E-02);
#4292 = AXIS2_PLACEMENT_3D('',#4293,#4294,#4295);
#4293 = CARTESIAN_POINT('',(1.,0.585,4.E-02));
#4294 = DIRECTION('',(-1.,0.,0.));
#4295 = DIRECTION('',(0.,0.,1.));
#4296 = ORIENTED_EDGE('',*,*,#4244,.F.);
#4297 = ORIENTED_EDGE('',*,*,#4094,.F.);
#4298 = CYLINDRICAL_SURFACE('',#4299,4.E-02);
#4299 = AXIS2_PLACEMENT_3D('',#4300,#4301,#4302);
#4300 = CARTESIAN_POINT('',(0.6,0.585,4.E-02));
#4301 = DIRECTION('',(1.,0.,0.));
#4302 = DIRECTION('',(-0.,1.,0.));
#4303 = ADVANCED_FACE('',(#4304),#4323,.T.);
#4304 = FACE_BOUND('',#4305,.T.);
#4305 = EDGE_LOOP('',(#4306,#4307,#4308,#4317));
#4306 = ORIENTED_EDGE('',*,*,#4111,.T.);
#4307 = ORIENTED_EDGE('',*,*,#4268,.T.);
#4308 = ORIENTED_EDGE('',*,*,#4309,.F.);
#4309 = EDGE_CURVE('',#4310,#4261,#4312,.T.);
#4310 = VERTEX_POINT('',#4311);
#4311 = CARTESIAN_POINT('',(1.,0.625,1.21));
#4312 = CIRCLE('',#4313,4.E-02);
#4313 = AXIS2_PLACEMENT_3D('',#4314,#4315,#4316);
#4314 = CARTESIAN_POINT('',(1.,0.585,1.21));
#4315 = DIRECTION('',(1.,0.,-0.));
#4316 = DIRECTION('',(0.,0.,1.));
#4317 = ORIENTED_EDGE('',*,*,#4318,.F.);
#4318 = EDGE_CURVE('',#4104,#4310,#4319,.T.);
#4319 = LINE('',#4320,#4321);
#4320 = CARTESIAN_POINT('',(0.6,0.625,1.21));
#4321 = VECTOR('',#4322,1.);
#4322 = DIRECTION('',(1.,0.,0.));
#4323 = CYLINDRICAL_SURFACE('',#4324,4.E-02);
#4324 = AXIS2_PLACEMENT_3D('',#4325,#4326,#4327);
#4325 = CARTESIAN_POINT('',(0.6,0.585,1.21));
#4326 = DIRECTION('',(1.,0.,0.));
#4327 = DIRECTION('',(-0.,1.,0.));
#4328 = ADVANCED_FACE('',(#4329),#4340,.T.);
#4329 = FACE_BOUND('',#4330,.T.);
#4330 = EDGE_LOOP('',(#4331,#4337,#4338,#4339));
#4331 = ORIENTED_EDGE('',*,*,#4332,.F.);
#4332 = EDGE_CURVE('',#4283,#4310,#4333,.T.);
#4333 = LINE('',#4334,#4335);
#4334 = CARTESIAN_POINT('',(1.,0.625,0.));
#4335 = VECTOR('',#4336,1.);
#4336 = DIRECTION('',(0.,0.,1.));
#4337 = ORIENTED_EDGE('',*,*,#4282,.F.);
#4338 = ORIENTED_EDGE('',*,*,#4103,.T.);
#4339 = ORIENTED_EDGE('',*,*,#4318,.T.);
#4340 = PLANE('',#4341);
#4341 = AXIS2_PLACEMENT_3D('',#4342,#4343,#4344);
#4342 = CARTESIAN_POINT('',(0.6,0.625,0.));
#4343 = DIRECTION('',(0.,1.,0.));
#4344 = DIRECTION('',(0.,-0.,1.));
#4345 = ADVANCED_FACE('',(#4346),#4356,.T.);
#4346 = FACE_BOUND('',#4347,.T.);
#4347 = EDGE_LOOP('',(#4348,#4349,#4350,#4351,#4352,#4353,#4354,#4355));
#4348 = ORIENTED_EDGE('',*,*,#4153,.F.);
#4349 = ORIENTED_EDGE('',*,*,#4193,.T.);
#4350 = ORIENTED_EDGE('',*,*,#4236,.T.);
#4351 = ORIENTED_EDGE('',*,*,#4290,.F.);
#4352 = ORIENTED_EDGE('',*,*,#4332,.T.);
#4353 = ORIENTED_EDGE('',*,*,#4309,.T.);
#4354 = ORIENTED_EDGE('',*,*,#4260,.F.);
#4355 = ORIENTED_EDGE('',*,*,#4210,.F.);
#4356 = PLANE('',#4357);
#4357 = AXIS2_PLACEMENT_3D('',#4358,#4359,#4360);
#4358 = CARTESIAN_POINT('',(1.,-0.625,0.));
#4359 = DIRECTION('',(1.,0.,0.));
#4360 = DIRECTION('',(0.,0.,1.));
#4361 = ( GEOMETRIC_REPRESENTATION_CONTEXT(3) 
GLOBAL_UNCERTAINTY_ASSIGNED_CONTEXT((#4365)) 
GLOBAL_UNIT_ASSIGNED_CONTEXT((#4362,#4363,#4364)) REPRESENTATION_CONTEXT
('Context #1','3D Context with UNIT and UNCERTAINTY') );
#4362 = ( LENGTH_UNIT() NAMED_UNIT(*) SI_UNIT(.MILLI.,.METRE.) );
#4363 = ( NAMED_UNIT(*) PLANE_ANGLE_UNIT() SI_UNIT($,.RADIAN.) );
#4364 = ( NAMED_UNIT(*) SI_UNIT($,.STERADIAN.) SOLID_ANGLE_UNIT() );
#4365 = UNCERTAINTY_MEASURE_WITH_UNIT(LENGTH_MEASURE(1.E-07),#4362,
  'distance_accuracy_value','confusion accuracy');
#4366 = CONTEXT_DEPENDENT_SHAPE_REPRESENTATION(#4367,#4369);
#4367 = ( REPRESENTATION_RELATIONSHIP('','',#3506,#3483) 
REPRESENTATION_RELATIONSHIP_WITH_TRANSFORMATION(#4368) 
SHAPE_REPRESENTATION_RELATIONSHIP() );
#4368 = ITEM_DEFINED_TRANSFORMATION('','',#11,#3484);
#4369 = PRODUCT_DEFINITION_SHAPE('Placement','Placement of an item',
  #4370);
#4370 = NEXT_ASSEMBLY_USAGE_OCCURRENCE('3','=>[0:1:1:5]','',#3478,#3501,
  $);
#4371 = PRODUCT_RELATED_PRODUCT_CATEGORY('part',$,(#3503));
#4372 = CONTEXT_DEPENDENT_SHAPE_REPRESENTATION(#4373,#4375);
#4373 = ( REPRESENTATION_RELATIONSHIP('','',#3483,#10) 
REPRESENTATION_RELATIONSHIP_WITH_TRANSFORMATION(#4374) 
SHAPE_REPRESENTATION_RELATIONSHIP() );
#4374 = ITEM_DEFINED_TRANSFORMATION('','',#11,#23);
#4375 = PRODUCT_DEFINITION_SHAPE('Placement','Placement of an item',
  #4376);
#4376 = NEXT_ASSEMBLY_USAGE_OCCURRENCE('5','C5','',#5,#3478,$);
#4377 = SHAPE_DEFINITION_REPRESENTATION(#4378,#4384);
#4378 = PRODUCT_DEFINITION_SHAPE('','',#4379);
#4379 = PRODUCT_DEFINITION('design','',#4380,#4383);
#4380 = PRODUCT_DEFINITION_FORMATION('','',#4381);
#4381 = PRODUCT('SOIC-8_3.9x4.9mm_P1.27mm','SOIC-8_3.9x4.9mm_P1.27mm',''
  ,(#4382));
#4382 = PRODUCT_CONTEXT('',#2,'mechanical');
#4383 = PRODUCT_DEFINITION_CONTEXT('part definition',#2,'design');
#4384 = SHAPE_REPRESENTATION('',(#11,#4385),#4389);
#4385 = AXIS2_PLACEMENT_3D('',#4386,#4387,#4388);
#4386 = CARTESIAN_POINT('',(0.,0.,0.));
#4387 = DIRECTION('',(0.,0.,1.));
#4388 = DIRECTION('',(1.,0.,-0.));
#4389 = ( GEOMETRIC_REPRESENTATION_CONTEXT(3) 
GLOBAL_UNCERTAINTY_ASSIGNED_CONTEXT((#4393)) 
GLOBAL_UNIT_ASSIGNED_CONTEXT((#4390,#4391,#4392)) REPRESENTATION_CONTEXT
('Context #1','3D Context with UNIT and UNCERTAINTY') );
#4390 = ( LENGTH_UNIT() NAMED_UNIT(*) SI_UNIT(.MILLI.,.METRE.) );
#4391 = ( NAMED_UNIT(*) PLANE_ANGLE_UNIT() SI_UNIT($,.RADIAN.) );
#4392 = ( NAMED_UNIT(*) SI_UNIT($,.STERADIAN.) SOLID_ANGLE_UNIT() );
#4393 = UNCERTAINTY_MEASURE_WITH_UNIT(LENGTH_MEASURE(1.E-07),#4390,
  'distance_accuracy_value','confusion accuracy');
#4394 = CONTEXT_DEPENDENT_SHAPE_REPRESENTATION(#4395,#4397);
#4395 = ( REPRESENTATION_RELATIONSHIP('','',#4384,#10) 
REPRESENTATION_RELATIONSHIP_WITH_TRANSFORMATION(#4396) 
SHAPE_REPRESENTATION_RELATIONSHIP() );
#4396 = ITEM_DEFINED_TRANSFORMATION('','',#11,#27);
#4397 = PRODUCT_DEFINITION_SHAPE('Placement','Placement of an item',
  #4398);
#4398 = NEXT_ASSEMBLY_USAGE_OCCURRENCE('7','U3','',#5,#4379,$);
#4399 = PRODUCT_RELATED_PRODUCT_CATEGORY('part',$,(#4381));
#4400 = SHAPE_DEFINITION_REPRESENTATION(#4401,#4407);
#4401 = PRODUCT_DEFINITION_SHAPE('','',#4402);
#4402 = PRODUCT_DEFINITION('design','',#4403,#4406);
#4403 = PRODUCT_DEFINITION_FORMATION('','',#4404);
#4404 = PRODUCT('SOIC-8_3.9x4.9mm_P1.27mm','SOIC-8_3.9x4.9mm_P1.27mm',''
  ,(#4405));
#4405 = PRODUCT_CONTEXT('',#2,'mechanical');
#4406 = PRODUCT_DEFINITION_CONTEXT('part definition',#2,'design');
#4407 = ADVANCED_BREP_SHAPE_REPRESENTATION('',(#11,#4408),#8876);
#4408 = MANIFOLD_SOLID_BREP('',#4409);
#4409 = CLOSED_SHELL('',(#4410,#4448,#4511,#4534,#4563,#4586,#4673,#4760
    ,#4783,#4806,#4823,#4846,#4934,#4950,#4980,#5011,#5042,#5073,#5104,
    #5135,#5166,#5197,#5214,#5231,#5262,#5293,#5324,#5355,#5386,#5417,
    #5448,#5478,#5501,#5524,#5541,#5586,#5672,#5695,#5718,#5741,#5828,
    #5866,#5915,#6007,#6032,#6116,#6138,#6230,#6255,#6339,#6361,#6453,
    #6478,#6562,#6579,#6664,#6689,#6766,#6851,#6876,#6953,#6970,#7062,
    #7087,#7171,#7193,#7285,#7310,#7394,#7416,#7508,#7533,#7617,#7634,
    #7653,#7672,#7691,#7737,#7753,#7772,#7791,#7810,#7826,#7843,#7855,
    #7872,#7889,#7906,#7923,#7940,#7957,#7974,#7986,#8003,#8020,#8037,
    #8054,#8071,#8088,#8105,#8117,#8134,#8151,#8168,#8185,#8202,#8219,
    #8236,#8248,#8265,#8282,#8299,#8316,#8333,#8350,#8362,#8379,#8396,
    #8413,#8430,#8447,#8464,#8476,#8493,#8510,#8527,#8544,#8561,#8578,
    #8595,#8607,#8624,#8641,#8658,#8675,#8692,#8709,#8726,#8738,#8755,
    #8772,#8789,#8806,#8823,#8840,#8857,#8869));
#4410 = ADVANCED_FACE('',(#4411),#4443,.F.);
#4411 = FACE_BOUND('',#4412,.F.);
#4412 = EDGE_LOOP('',(#4413,#4423,#4430,#4438));
#4413 = ORIENTED_EDGE('',*,*,#4414,.T.);
#4414 = EDGE_CURVE('',#4415,#4417,#4419,.T.);
#4415 = VERTEX_POINT('',#4416);
#4416 = CARTESIAN_POINT('',(-1.717585640382,2.335171280765,0.1));
#4417 = VERTEX_POINT('',#4418);
#4418 = CARTESIAN_POINT('',(1.717585640382,2.335171280765,0.1));
#4419 = LINE('',#4420,#4421);
#4420 = CARTESIAN_POINT('',(-1.717585640382,2.335171280765,0.1));
#4421 = VECTOR('',#4422,1.);
#4422 = DIRECTION('',(1.,1.110223024625E-16,0.));
#4423 = ORIENTED_EDGE('',*,*,#4424,.T.);
#4424 = EDGE_CURVE('',#4417,#4425,#4427,.T.);
#4425 = VERTEX_POINT('',#4426);
#4426 = CARTESIAN_POINT('',(1.775,2.45,0.825));
#4427 = B_SPLINE_CURVE_WITH_KNOTS('',1,(#4428,#4429),.UNSPECIFIED.,.F.,
  .F.,(2,2),(0.,1.),.PIECEWISE_BEZIER_KNOTS.);
#4428 = CARTESIAN_POINT('',(1.717585640382,2.335171280765,0.1));
#4429 = CARTESIAN_POINT('',(1.775,2.45,0.825));
#4430 = ORIENTED_EDGE('',*,*,#4431,.F.);
#4431 = EDGE_CURVE('',#4432,#4425,#4434,.T.);
#4432 = VERTEX_POINT('',#4433);
#4433 = CARTESIAN_POINT('',(-1.775,2.45,0.825));
#4434 = LINE('',#4435,#4436);
#4435 = CARTESIAN_POINT('',(-1.775,2.45,0.825));
#4436 = VECTOR('',#4437,1.);
#4437 = DIRECTION('',(1.,1.110223024625E-16,0.));
#4438 = ORIENTED_EDGE('',*,*,#4439,.F.);
#4439 = EDGE_CURVE('',#4415,#4432,#4440,.T.);
#4440 = B_SPLINE_CURVE_WITH_KNOTS('',1,(#4441,#4442),.UNSPECIFIED.,.F.,
  .F.,(2,2),(0.,1.),.PIECEWISE_BEZIER_KNOTS.);
#4441 = CARTESIAN_POINT('',(-1.717585640382,2.335171280765,0.1));
#4442 = CARTESIAN_POINT('',(-1.775,2.45,0.825));
#4443 = B_SPLINE_SURFACE_WITH_KNOTS('',1,1,(
    (#4444,#4445)
    ,(#4446,#4447
    )),.UNSPECIFIED.,.F.,.F.,.F.,(2,2),(2,2),(0.,3.55),(0.,1.),
  .PIECEWISE_BEZIER_KNOTS.);
#4444 = CARTESIAN_POINT('',(-1.717585640382,2.335171280765,0.1));
#4445 = CARTESIAN_POINT('',(-1.775,2.45,0.825));
#4446 = CARTESIAN_POINT('',(1.717585640382,2.335171280765,0.1));
#4447 = CARTESIAN_POINT('',(1.775,2.45,0.825));
#4448 = ADVANCED_FACE('',(#4449),#4506,.F.);
#4449 = FACE_BOUND('',#4450,.T.);
#4450 = EDGE_LOOP('',(#4451,#4452,#4460,#4468,#4476,#4484,#4492,#4500));
#4451 = ORIENTED_EDGE('',*,*,#4414,.T.);
#4452 = ORIENTED_EDGE('',*,*,#4453,.T.);
#4453 = EDGE_CURVE('',#4417,#4454,#4456,.T.);
#4454 = VERTEX_POINT('',#4455);
#4455 = CARTESIAN_POINT('',(1.835171280765,2.217585640382,0.1));
#4456 = LINE('',#4457,#4458);
#4457 = CARTESIAN_POINT('',(1.717585640382,2.335171280765,0.1));
#4458 = VECTOR('',#4459,1.);
#4459 = DIRECTION('',(0.707106781187,-0.707106781187,0.));
#4460 = ORIENTED_EDGE('',*,*,#4461,.T.);
#4461 = EDGE_CURVE('',#4454,#4462,#4464,.T.);
#4462 = VERTEX_POINT('',#4463);
#4463 = CARTESIAN_POINT('',(1.835171280765,-2.217585640382,0.1));
#4464 = LINE('',#4465,#4466);
#4465 = CARTESIAN_POINT('',(1.835171280765,2.217585640382,0.1));
#4466 = VECTOR('',#4467,1.);
#4467 = DIRECTION('',(1.110223024625E-16,-1.,0.));
#4468 = ORIENTED_EDGE('',*,*,#4469,.T.);
#4469 = EDGE_CURVE('',#4462,#4470,#4472,.T.);
#4470 = VERTEX_POINT('',#4471);
#4471 = CARTESIAN_POINT('',(1.717585640382,-2.335171280765,0.1));
#4472 = LINE('',#4473,#4474);
#4473 = CARTESIAN_POINT('',(1.835171280765,-2.217585640382,0.1));
#4474 = VECTOR('',#4475,1.);
#4475 = DIRECTION('',(-0.707106781187,-0.707106781187,0.));
#4476 = ORIENTED_EDGE('',*,*,#4477,.T.);
#4477 = EDGE_CURVE('',#4470,#4478,#4480,.T.);
#4478 = VERTEX_POINT('',#4479);
#4479 = CARTESIAN_POINT('',(-1.717585640382,-2.335171280765,0.1));
#4480 = LINE('',#4481,#4482);
#4481 = CARTESIAN_POINT('',(1.717585640382,-2.335171280765,0.1));
#4482 = VECTOR('',#4483,1.);
#4483 = DIRECTION('',(-1.,-1.110223024625E-16,0.));
#4484 = ORIENTED_EDGE('',*,*,#4485,.T.);
#4485 = EDGE_CURVE('',#4478,#4486,#4488,.T.);
#4486 = VERTEX_POINT('',#4487);
#4487 = CARTESIAN_POINT('',(-1.835171280765,-2.217585640382,0.1));
#4488 = LINE('',#4489,#4490);
#4489 = CARTESIAN_POINT('',(-1.717585640382,-2.335171280765,0.1));
#4490 = VECTOR('',#4491,1.);
#4491 = DIRECTION('',(-0.707106781187,0.707106781187,0.));
#4492 = ORIENTED_EDGE('',*,*,#4493,.T.);
#4493 = EDGE_CURVE('',#4486,#4494,#4496,.T.);
#4494 = VERTEX_POINT('',#4495);
#4495 = CARTESIAN_POINT('',(-1.835171280765,2.217585640382,0.1));
#4496 = LINE('',#4497,#4498);
#4497 = CARTESIAN_POINT('',(-1.835171280765,-2.217585640382,0.1));
#4498 = VECTOR('',#4499,1.);
#4499 = DIRECTION('',(-1.110223024625E-16,1.,0.));
#4500 = ORIENTED_EDGE('',*,*,#4501,.T.);
#4501 = EDGE_CURVE('',#4494,#4415,#4502,.T.);
#4502 = LINE('',#4503,#4504);
#4503 = CARTESIAN_POINT('',(-1.835171280765,2.217585640382,0.1));
#4504 = VECTOR('',#4505,1.);
#4505 = DIRECTION('',(0.707106781187,0.707106781187,0.));
#4506 = PLANE('',#4507);
#4507 = AXIS2_PLACEMENT_3D('',#4508,#4509,#4510);
#4508 = CARTESIAN_POINT('',(-1.717585640382,2.335171280765,0.1));
#4509 = DIRECTION('',(0.,0.,1.));
#4510 = DIRECTION('',(0.592513131498,-0.805560791625,0.));
#4511 = ADVANCED_FACE('',(#4512),#4529,.F.);
#4512 = FACE_BOUND('',#4513,.F.);
#4513 = EDGE_LOOP('',(#4514,#4515,#4522,#4528));
#4514 = ORIENTED_EDGE('',*,*,#4453,.T.);
#4515 = ORIENTED_EDGE('',*,*,#4516,.T.);
#4516 = EDGE_CURVE('',#4454,#4517,#4519,.T.);
#4517 = VERTEX_POINT('',#4518);
#4518 = CARTESIAN_POINT('',(1.95,2.275,0.825));
#4519 = B_SPLINE_CURVE_WITH_KNOTS('',1,(#4520,#4521),.UNSPECIFIED.,.F.,
  .F.,(2,2),(0.,1.),.PIECEWISE_BEZIER_KNOTS.);
#4520 = CARTESIAN_POINT('',(1.835171280765,2.217585640382,0.1));
#4521 = CARTESIAN_POINT('',(1.95,2.275,0.825));
#4522 = ORIENTED_EDGE('',*,*,#4523,.F.);
#4523 = EDGE_CURVE('',#4425,#4517,#4524,.T.);
#4524 = LINE('',#4525,#4526);
#4525 = CARTESIAN_POINT('',(1.775,2.45,0.825));
#4526 = VECTOR('',#4527,1.);
#4527 = DIRECTION('',(0.707106781187,-0.707106781187,0.));
#4528 = ORIENTED_EDGE('',*,*,#4424,.F.);
#4529 = B_SPLINE_SURFACE_WITH_KNOTS('',1,1,(
    (#4530,#4531)
    ,(#4532,#4533
    )),.UNSPECIFIED.,.F.,.F.,.F.,(2,2),(2,2),(0.,0.247487373415),(0.,1.)
  ,.PIECEWISE_BEZIER_KNOTS.);
#4530 = CARTESIAN_POINT('',(1.717585640382,2.335171280765,0.1));
#4531 = CARTESIAN_POINT('',(1.775,2.45,0.825));
#4532 = CARTESIAN_POINT('',(1.835171280765,2.217585640382,0.1));
#4533 = CARTESIAN_POINT('',(1.95,2.275,0.825));
#4534 = ADVANCED_FACE('',(#4535),#4558,.F.);
#4535 = FACE_BOUND('',#4536,.F.);
#4536 = EDGE_LOOP('',(#4537,#4538,#4545,#4553));
#4537 = ORIENTED_EDGE('',*,*,#4431,.T.);
#4538 = ORIENTED_EDGE('',*,*,#4539,.T.);
#4539 = EDGE_CURVE('',#4425,#4540,#4542,.T.);
#4540 = VERTEX_POINT('',#4541);
#4541 = CARTESIAN_POINT('',(1.775,2.45,1.025));
#4542 = B_SPLINE_CURVE_WITH_KNOTS('',1,(#4543,#4544),.UNSPECIFIED.,.F.,
  .F.,(2,2),(0.,1.),.PIECEWISE_BEZIER_KNOTS.);
#4543 = CARTESIAN_POINT('',(1.775,2.45,0.825));
#4544 = CARTESIAN_POINT('',(1.775,2.45,1.025));
#4545 = ORIENTED_EDGE('',*,*,#4546,.F.);
#4546 = EDGE_CURVE('',#4547,#4540,#4549,.T.);
#4547 = VERTEX_POINT('',#4548);
#4548 = CARTESIAN_POINT('',(-1.775,2.45,1.025));
#4549 = LINE('',#4550,#4551);
#4550 = CARTESIAN_POINT('',(-1.775,2.45,1.025));
#4551 = VECTOR('',#4552,1.);
#4552 = DIRECTION('',(1.,1.110223024625E-16,0.));
#4553 = ORIENTED_EDGE('',*,*,#4554,.F.);
#4554 = EDGE_CURVE('',#4432,#4547,#4555,.T.);
#4555 = B_SPLINE_CURVE_WITH_KNOTS('',1,(#4556,#4557),.UNSPECIFIED.,.F.,
  .F.,(2,2),(0.,1.),.PIECEWISE_BEZIER_KNOTS.);
#4556 = CARTESIAN_POINT('',(-1.775,2.45,0.825));
#4557 = CARTESIAN_POINT('',(-1.775,2.45,1.025));
#4558 = PLANE('',#4559);
#4559 = AXIS2_PLACEMENT_3D('',#4560,#4561,#4562);
#4560 = CARTESIAN_POINT('',(-1.775,2.45,1.025));
#4561 = DIRECTION('',(1.110223024625E-16,-1.,0.));
#4562 = DIRECTION('',(1.,1.110223024625E-16,0.));
#4563 = ADVANCED_FACE('',(#4564),#4581,.F.);
#4564 = FACE_BOUND('',#4565,.F.);
#4565 = EDGE_LOOP('',(#4566,#4567,#4568,#4576));
#4566 = ORIENTED_EDGE('',*,*,#4501,.T.);
#4567 = ORIENTED_EDGE('',*,*,#4439,.T.);
#4568 = ORIENTED_EDGE('',*,*,#4569,.F.);
#4569 = EDGE_CURVE('',#4570,#4432,#4572,.T.);
#4570 = VERTEX_POINT('',#4571);
#4571 = CARTESIAN_POINT('',(-1.95,2.275,0.825));
#4572 = LINE('',#4573,#4574);
#4573 = CARTESIAN_POINT('',(-1.95,2.275,0.825));
#4574 = VECTOR('',#4575,1.);
#4575 = DIRECTION('',(0.707106781187,0.707106781187,0.));
#4576 = ORIENTED_EDGE('',*,*,#4577,.F.);
#4577 = EDGE_CURVE('',#4494,#4570,#4578,.T.);
#4578 = B_SPLINE_CURVE_WITH_KNOTS('',1,(#4579,#4580),.UNSPECIFIED.,.F.,
  .F.,(2,2),(0.,1.),.PIECEWISE_BEZIER_KNOTS.);
#4579 = CARTESIAN_POINT('',(-1.835171280765,2.217585640382,0.1));
#4580 = CARTESIAN_POINT('',(-1.95,2.275,0.825));
#4581 = B_SPLINE_SURFACE_WITH_KNOTS('',1,1,(
    (#4582,#4583)
    ,(#4584,#4585
    )),.UNSPECIFIED.,.F.,.F.,.F.,(2,2),(2,2),(0.,0.247487373415),(0.,1.)
  ,.PIECEWISE_BEZIER_KNOTS.);
#4582 = CARTESIAN_POINT('',(-1.835171280765,2.217585640382,0.1));
#4583 = CARTESIAN_POINT('',(-1.95,2.275,0.825));
#4584 = CARTESIAN_POINT('',(-1.717585640382,2.335171280765,0.1));
#4585 = CARTESIAN_POINT('',(-1.775,2.45,0.825));
#4586 = ADVANCED_FACE('',(#4587),#4668,.F.);
#4587 = FACE_BOUND('',#4588,.F.);
#4588 = EDGE_LOOP('',(#4589,#4590,#4591,#4599,#4607,#4615,#4623,#4631,
    #4639,#4647,#4655,#4663));
#4589 = ORIENTED_EDGE('',*,*,#4493,.T.);
#4590 = ORIENTED_EDGE('',*,*,#4577,.T.);
#4591 = ORIENTED_EDGE('',*,*,#4592,.F.);
#4592 = EDGE_CURVE('',#4593,#4570,#4595,.T.);
#4593 = VERTEX_POINT('',#4594);
#4594 = CARTESIAN_POINT('',(-1.95,2.11,0.825));
#4595 = LINE('',#4596,#4597);
#4596 = CARTESIAN_POINT('',(-1.95,-2.275,0.825));
#4597 = VECTOR('',#4598,1.);
#4598 = DIRECTION('',(-1.110223024625E-16,1.,0.));
#4599 = ORIENTED_EDGE('',*,*,#4600,.F.);
#4600 = EDGE_CURVE('',#4601,#4593,#4603,.T.);
#4601 = VERTEX_POINT('',#4602);
#4602 = CARTESIAN_POINT('',(-1.95,1.7,0.825));
#4603 = LINE('',#4604,#4605);
#4604 = CARTESIAN_POINT('',(-1.95,-2.275,0.825));
#4605 = VECTOR('',#4606,1.);
#4606 = DIRECTION('',(-1.110223024625E-16,1.,0.));
#4607 = ORIENTED_EDGE('',*,*,#4608,.F.);
#4608 = EDGE_CURVE('',#4609,#4601,#4611,.T.);
#4609 = VERTEX_POINT('',#4610);
#4610 = CARTESIAN_POINT('',(-1.95,0.84,0.825));
#4611 = LINE('',#4612,#4613);
#4612 = CARTESIAN_POINT('',(-1.95,-2.275,0.825));
#4613 = VECTOR('',#4614,1.);
#4614 = DIRECTION('',(-1.110223024625E-16,1.,0.));
#4615 = ORIENTED_EDGE('',*,*,#4616,.F.);
#4616 = EDGE_CURVE('',#4617,#4609,#4619,.T.);
#4617 = VERTEX_POINT('',#4618);
#4618 = CARTESIAN_POINT('',(-1.95,0.43,0.825));
#4619 = LINE('',#4620,#4621);
#4620 = CARTESIAN_POINT('',(-1.95,-2.275,0.825));
#4621 = VECTOR('',#4622,1.);
#4622 = DIRECTION('',(-1.110223024625E-16,1.,0.));
#4623 = ORIENTED_EDGE('',*,*,#4624,.F.);
#4624 = EDGE_CURVE('',#4625,#4617,#4627,.T.);
#4625 = VERTEX_POINT('',#4626);
#4626 = CARTESIAN_POINT('',(-1.95,-0.43,0.825));
#4627 = LINE('',#4628,#4629);
#4628 = CARTESIAN_POINT('',(-1.95,-2.275,0.825));
#4629 = VECTOR('',#4630,1.);
#4630 = DIRECTION('',(-1.110223024625E-16,1.,0.));
#4631 = ORIENTED_EDGE('',*,*,#4632,.F.);
#4632 = EDGE_CURVE('',#4633,#4625,#4635,.T.);
#4633 = VERTEX_POINT('',#4634);
#4634 = CARTESIAN_POINT('',(-1.95,-0.84,0.825));
#4635 = LINE('',#4636,#4637);
#4636 = CARTESIAN_POINT('',(-1.95,-2.275,0.825));
#4637 = VECTOR('',#4638,1.);
#4638 = DIRECTION('',(-1.110223024625E-16,1.,0.));
#4639 = ORIENTED_EDGE('',*,*,#4640,.F.);
#4640 = EDGE_CURVE('',#4641,#4633,#4643,.T.);
#4641 = VERTEX_POINT('',#4642);
#4642 = CARTESIAN_POINT('',(-1.95,-1.7,0.825));
#4643 = LINE('',#4644,#4645);
#4644 = CARTESIAN_POINT('',(-1.95,-2.275,0.825));
#4645 = VECTOR('',#4646,1.);
#4646 = DIRECTION('',(-1.110223024625E-16,1.,0.));
#4647 = ORIENTED_EDGE('',*,*,#4648,.F.);
#4648 = EDGE_CURVE('',#4649,#4641,#4651,.T.);
#4649 = VERTEX_POINT('',#4650);
#4650 = CARTESIAN_POINT('',(-1.95,-2.11,0.825));
#4651 = LINE('',#4652,#4653);
#4652 = CARTESIAN_POINT('',(-1.95,-2.275,0.825));
#4653 = VECTOR('',#4654,1.);
#4654 = DIRECTION('',(-1.110223024625E-16,1.,0.));
#4655 = ORIENTED_EDGE('',*,*,#4656,.F.);
#4656 = EDGE_CURVE('',#4657,#4649,#4659,.T.);
#4657 = VERTEX_POINT('',#4658);
#4658 = CARTESIAN_POINT('',(-1.95,-2.275,0.825));
#4659 = LINE('',#4660,#4661);
#4660 = CARTESIAN_POINT('',(-1.95,-2.275,0.825));
#4661 = VECTOR('',#4662,1.);
#4662 = DIRECTION('',(-1.110223024625E-16,1.,0.));
#4663 = ORIENTED_EDGE('',*,*,#4664,.F.);
#4664 = EDGE_CURVE('',#4486,#4657,#4665,.T.);
#4665 = B_SPLINE_CURVE_WITH_KNOTS('',1,(#4666,#4667),.UNSPECIFIED.,.F.,
  .F.,(2,2),(0.,1.),.PIECEWISE_BEZIER_KNOTS.);
#4666 = CARTESIAN_POINT('',(-1.835171280765,-2.217585640382,0.1));
#4667 = CARTESIAN_POINT('',(-1.95,-2.275,0.825));
#4668 = B_SPLINE_SURFACE_WITH_KNOTS('',1,1,(
    (#4669,#4670)
    ,(#4671,#4672
    )),.UNSPECIFIED.,.F.,.F.,.F.,(2,2),(2,2),(0.,4.55),(0.,1.),
  .PIECEWISE_BEZIER_KNOTS.);
#4669 = CARTESIAN_POINT('',(-1.835171280765,-2.217585640382,0.1));
#4670 = CARTESIAN_POINT('',(-1.95,-2.275,0.825));
#4671 = CARTESIAN_POINT('',(-1.835171280765,2.217585640382,0.1));
#4672 = CARTESIAN_POINT('',(-1.95,2.275,0.825));
#4673 = ADVANCED_FACE('',(#4674),#4755,.F.);
#4674 = FACE_BOUND('',#4675,.F.);
#4675 = EDGE_LOOP('',(#4676,#4677,#4684,#4692,#4700,#4708,#4716,#4724,
    #4732,#4740,#4748,#4754));
#4676 = ORIENTED_EDGE('',*,*,#4461,.T.);
#4677 = ORIENTED_EDGE('',*,*,#4678,.T.);
#4678 = EDGE_CURVE('',#4462,#4679,#4681,.T.);
#4679 = VERTEX_POINT('',#4680);
#4680 = CARTESIAN_POINT('',(1.95,-2.275,0.825));
#4681 = B_SPLINE_CURVE_WITH_KNOTS('',1,(#4682,#4683),.UNSPECIFIED.,.F.,
  .F.,(2,2),(0.,1.),.PIECEWISE_BEZIER_KNOTS.);
#4682 = CARTESIAN_POINT('',(1.835171280765,-2.217585640382,0.1));
#4683 = CARTESIAN_POINT('',(1.95,-2.275,0.825));
#4684 = ORIENTED_EDGE('',*,*,#4685,.F.);
#4685 = EDGE_CURVE('',#4686,#4679,#4688,.T.);
#4686 = VERTEX_POINT('',#4687);
#4687 = CARTESIAN_POINT('',(1.95,-2.11,0.825));
#4688 = LINE('',#4689,#4690);
#4689 = CARTESIAN_POINT('',(1.95,2.275,0.825));
#4690 = VECTOR('',#4691,1.);
#4691 = DIRECTION('',(1.110223024625E-16,-1.,0.));
#4692 = ORIENTED_EDGE('',*,*,#4693,.F.);
#4693 = EDGE_CURVE('',#4694,#4686,#4696,.T.);
#4694 = VERTEX_POINT('',#4695);
#4695 = CARTESIAN_POINT('',(1.95,-1.7,0.825));
#4696 = LINE('',#4697,#4698);
#4697 = CARTESIAN_POINT('',(1.95,2.275,0.825));
#4698 = VECTOR('',#4699,1.);
#4699 = DIRECTION('',(1.110223024625E-16,-1.,0.));
#4700 = ORIENTED_EDGE('',*,*,#4701,.F.);
#4701 = EDGE_CURVE('',#4702,#4694,#4704,.T.);
#4702 = VERTEX_POINT('',#4703);
#4703 = CARTESIAN_POINT('',(1.95,-0.84,0.825));
#4704 = LINE('',#4705,#4706);
#4705 = CARTESIAN_POINT('',(1.95,2.275,0.825));
#4706 = VECTOR('',#4707,1.);
#4707 = DIRECTION('',(1.110223024625E-16,-1.,0.));
#4708 = ORIENTED_EDGE('',*,*,#4709,.F.);
#4709 = EDGE_CURVE('',#4710,#4702,#4712,.T.);
#4710 = VERTEX_POINT('',#4711);
#4711 = CARTESIAN_POINT('',(1.95,-0.43,0.825));
#4712 = LINE('',#4713,#4714);
#4713 = CARTESIAN_POINT('',(1.95,2.275,0.825));
#4714 = VECTOR('',#4715,1.);
#4715 = DIRECTION('',(1.110223024625E-16,-1.,0.));
#4716 = ORIENTED_EDGE('',*,*,#4717,.F.);
#4717 = EDGE_CURVE('',#4718,#4710,#4720,.T.);
#4718 = VERTEX_POINT('',#4719);
#4719 = CARTESIAN_POINT('',(1.95,0.43,0.825));
#4720 = LINE('',#4721,#4722);
#4721 = CARTESIAN_POINT('',(1.95,2.275,0.825));
#4722 = VECTOR('',#4723,1.);
#4723 = DIRECTION('',(1.110223024625E-16,-1.,0.));
#4724 = ORIENTED_EDGE('',*,*,#4725,.F.);
#4725 = EDGE_CURVE('',#4726,#4718,#4728,.T.);
#4726 = VERTEX_POINT('',#4727);
#4727 = CARTESIAN_POINT('',(1.95,0.84,0.825));
#4728 = LINE('',#4729,#4730);
#4729 = CARTESIAN_POINT('',(1.95,2.275,0.825));
#4730 = VECTOR('',#4731,1.);
#4731 = DIRECTION('',(1.110223024625E-16,-1.,0.));
#4732 = ORIENTED_EDGE('',*,*,#4733,.F.);
#4733 = EDGE_CURVE('',#4734,#4726,#4736,.T.);
#4734 = VERTEX_POINT('',#4735);
#4735 = CARTESIAN_POINT('',(1.95,1.7,0.825));
#4736 = LINE('',#4737,#4738);
#4737 = CARTESIAN_POINT('',(1.95,2.275,0.825));
#4738 = VECTOR('',#4739,1.);
#4739 = DIRECTION('',(1.110223024625E-16,-1.,0.));
#4740 = ORIENTED_EDGE('',*,*,#4741,.F.);
#4741 = EDGE_CURVE('',#4742,#4734,#4744,.T.);
#4742 = VERTEX_POINT('',#4743);
#4743 = CARTESIAN_POINT('',(1.95,2.11,0.825));
#4744 = LINE('',#4745,#4746);
#4745 = CARTESIAN_POINT('',(1.95,2.275,0.825));
#4746 = VECTOR('',#4747,1.);
#4747 = DIRECTION('',(1.110223024625E-16,-1.,0.));
#4748 = ORIENTED_EDGE('',*,*,#4749,.F.);
#4749 = EDGE_CURVE('',#4517,#4742,#4750,.T.);
#4750 = LINE('',#4751,#4752);
#4751 = CARTESIAN_POINT('',(1.95,2.275,0.825));
#4752 = VECTOR('',#4753,1.);
#4753 = DIRECTION('',(1.110223024625E-16,-1.,0.));
#4754 = ORIENTED_EDGE('',*,*,#4516,.F.);
#4755 = B_SPLINE_SURFACE_WITH_KNOTS('',1,1,(
    (#4756,#4757)
    ,(#4758,#4759
    )),.UNSPECIFIED.,.F.,.F.,.F.,(2,2),(2,2),(0.,4.55),(0.,1.),
  .PIECEWISE_BEZIER_KNOTS.);
#4756 = CARTESIAN_POINT('',(1.835171280765,2.217585640382,0.1));
#4757 = CARTESIAN_POINT('',(1.95,2.275,0.825));
#4758 = CARTESIAN_POINT('',(1.835171280765,-2.217585640382,0.1));
#4759 = CARTESIAN_POINT('',(1.95,-2.275,0.825));
#4760 = ADVANCED_FACE('',(#4761),#4778,.F.);
#4761 = FACE_BOUND('',#4762,.F.);
#4762 = EDGE_LOOP('',(#4763,#4764,#4765,#4773));
#4763 = ORIENTED_EDGE('',*,*,#4485,.T.);
#4764 = ORIENTED_EDGE('',*,*,#4664,.T.);
#4765 = ORIENTED_EDGE('',*,*,#4766,.F.);
#4766 = EDGE_CURVE('',#4767,#4657,#4769,.T.);
#4767 = VERTEX_POINT('',#4768);
#4768 = CARTESIAN_POINT('',(-1.775,-2.45,0.825));
#4769 = LINE('',#4770,#4771);
#4770 = CARTESIAN_POINT('',(-1.775,-2.45,0.825));
#4771 = VECTOR('',#4772,1.);
#4772 = DIRECTION('',(-0.707106781187,0.707106781187,0.));
#4773 = ORIENTED_EDGE('',*,*,#4774,.F.);
#4774 = EDGE_CURVE('',#4478,#4767,#4775,.T.);
#4775 = B_SPLINE_CURVE_WITH_KNOTS('',1,(#4776,#4777),.UNSPECIFIED.,.F.,
  .F.,(2,2),(0.,1.),.PIECEWISE_BEZIER_KNOTS.);
#4776 = CARTESIAN_POINT('',(-1.717585640382,-2.335171280765,0.1));
#4777 = CARTESIAN_POINT('',(-1.775,-2.45,0.825));
#4778 = B_SPLINE_SURFACE_WITH_KNOTS('',1,1,(
    (#4779,#4780)
    ,(#4781,#4782
    )),.UNSPECIFIED.,.F.,.F.,.F.,(2,2),(2,2),(0.,0.247487373415),(0.,1.)
  ,.PIECEWISE_BEZIER_KNOTS.);
#4779 = CARTESIAN_POINT('',(-1.717585640382,-2.335171280765,0.1));
#4780 = CARTESIAN_POINT('',(-1.775,-2.45,0.825));
#4781 = CARTESIAN_POINT('',(-1.835171280765,-2.217585640382,0.1));
#4782 = CARTESIAN_POINT('',(-1.95,-2.275,0.825));
#4783 = ADVANCED_FACE('',(#4784),#4801,.F.);
#4784 = FACE_BOUND('',#4785,.F.);
#4785 = EDGE_LOOP('',(#4786,#4787,#4794,#4800));
#4786 = ORIENTED_EDGE('',*,*,#4469,.T.);
#4787 = ORIENTED_EDGE('',*,*,#4788,.T.);
#4788 = EDGE_CURVE('',#4470,#4789,#4791,.T.);
#4789 = VERTEX_POINT('',#4790);
#4790 = CARTESIAN_POINT('',(1.775,-2.45,0.825));
#4791 = B_SPLINE_CURVE_WITH_KNOTS('',1,(#4792,#4793),.UNSPECIFIED.,.F.,
  .F.,(2,2),(0.,1.),.PIECEWISE_BEZIER_KNOTS.);
#4792 = CARTESIAN_POINT('',(1.717585640382,-2.335171280765,0.1));
#4793 = CARTESIAN_POINT('',(1.775,-2.45,0.825));
#4794 = ORIENTED_EDGE('',*,*,#4795,.F.);
#4795 = EDGE_CURVE('',#4679,#4789,#4796,.T.);
#4796 = LINE('',#4797,#4798);
#4797 = CARTESIAN_POINT('',(1.95,-2.275,0.825));
#4798 = VECTOR('',#4799,1.);
#4799 = DIRECTION('',(-0.707106781187,-0.707106781187,0.));
#4800 = ORIENTED_EDGE('',*,*,#4678,.F.);
#4801 = B_SPLINE_SURFACE_WITH_KNOTS('',1,1,(
    (#4802,#4803)
    ,(#4804,#4805
    )),.UNSPECIFIED.,.F.,.F.,.F.,(2,2),(2,2),(0.,0.247487373415),(0.,1.)
  ,.PIECEWISE_BEZIER_KNOTS.);
#4802 = CARTESIAN_POINT('',(1.835171280765,-2.217585640382,0.1));
#4803 = CARTESIAN_POINT('',(1.95,-2.275,0.825));
#4804 = CARTESIAN_POINT('',(1.717585640382,-2.335171280765,0.1));
#4805 = CARTESIAN_POINT('',(1.775,-2.45,0.825));
#4806 = ADVANCED_FACE('',(#4807),#4818,.F.);
#4807 = FACE_BOUND('',#4808,.F.);
#4808 = EDGE_LOOP('',(#4809,#4810,#4811,#4817));
#4809 = ORIENTED_EDGE('',*,*,#4477,.T.);
#4810 = ORIENTED_EDGE('',*,*,#4774,.T.);
#4811 = ORIENTED_EDGE('',*,*,#4812,.F.);
#4812 = EDGE_CURVE('',#4789,#4767,#4813,.T.);
#4813 = LINE('',#4814,#4815);
#4814 = CARTESIAN_POINT('',(1.775,-2.45,0.825));
#4815 = VECTOR('',#4816,1.);
#4816 = DIRECTION('',(-1.,-1.110223024625E-16,0.));
#4817 = ORIENTED_EDGE('',*,*,#4788,.F.);
#4818 = B_SPLINE_SURFACE_WITH_KNOTS('',1,1,(
    (#4819,#4820)
    ,(#4821,#4822
    )),.UNSPECIFIED.,.F.,.F.,.F.,(2,2),(2,2),(0.,3.55),(0.,1.),
  .PIECEWISE_BEZIER_KNOTS.);
#4819 = CARTESIAN_POINT('',(1.717585640382,-2.335171280765,0.1));
#4820 = CARTESIAN_POINT('',(1.775,-2.45,0.825));
#4821 = CARTESIAN_POINT('',(-1.717585640382,-2.335171280765,0.1));
#4822 = CARTESIAN_POINT('',(-1.775,-2.45,0.825));
#4823 = ADVANCED_FACE('',(#4824),#4841,.F.);
#4824 = FACE_BOUND('',#4825,.F.);
#4825 = EDGE_LOOP('',(#4826,#4827,#4834,#4840));
#4826 = ORIENTED_EDGE('',*,*,#4523,.T.);
#4827 = ORIENTED_EDGE('',*,*,#4828,.T.);
#4828 = EDGE_CURVE('',#4517,#4829,#4831,.T.);
#4829 = VERTEX_POINT('',#4830);
#4830 = CARTESIAN_POINT('',(1.95,2.275,1.025));
#4831 = B_SPLINE_CURVE_WITH_KNOTS('',1,(#4832,#4833),.UNSPECIFIED.,.F.,
  .F.,(2,2),(0.,1.),.PIECEWISE_BEZIER_KNOTS.);
#4832 = CARTESIAN_POINT('',(1.95,2.275,0.825));
#4833 = CARTESIAN_POINT('',(1.95,2.275,1.025));
#4834 = ORIENTED_EDGE('',*,*,#4835,.F.);
#4835 = EDGE_CURVE('',#4540,#4829,#4836,.T.);
#4836 = LINE('',#4837,#4838);
#4837 = CARTESIAN_POINT('',(1.775,2.45,1.025));
#4838 = VECTOR('',#4839,1.);
#4839 = DIRECTION('',(0.707106781187,-0.707106781187,0.));
#4840 = ORIENTED_EDGE('',*,*,#4539,.F.);
#4841 = PLANE('',#4842);
#4842 = AXIS2_PLACEMENT_3D('',#4843,#4844,#4845);
#4843 = CARTESIAN_POINT('',(1.775,2.45,1.025));
#4844 = DIRECTION('',(-0.707106781187,-0.707106781187,0.));
#4845 = DIRECTION('',(0.707106781187,-0.707106781187,0.));
#4846 = ADVANCED_FACE('',(#4847),#4929,.F.);
#4847 = FACE_BOUND('',#4848,.F.);
#4848 = EDGE_LOOP('',(#4849,#4857,#4858,#4859,#4867,#4875,#4883,#4891,
    #4899,#4907,#4915,#4923));
#4849 = ORIENTED_EDGE('',*,*,#4850,.T.);
#4850 = EDGE_CURVE('',#4851,#4547,#4853,.T.);
#4851 = VERTEX_POINT('',#4852);
#4852 = CARTESIAN_POINT('',(-1.95,2.275,1.025));
#4853 = LINE('',#4854,#4855);
#4854 = CARTESIAN_POINT('',(-1.95,2.275,1.025));
#4855 = VECTOR('',#4856,1.);
#4856 = DIRECTION('',(0.707106781187,0.707106781187,0.));
#4857 = ORIENTED_EDGE('',*,*,#4546,.T.);
#4858 = ORIENTED_EDGE('',*,*,#4835,.T.);
#4859 = ORIENTED_EDGE('',*,*,#4860,.T.);
#4860 = EDGE_CURVE('',#4829,#4861,#4863,.T.);
#4861 = VERTEX_POINT('',#4862);
#4862 = CARTESIAN_POINT('',(1.95,2.11,1.025));
#4863 = LINE('',#4864,#4865);
#4864 = CARTESIAN_POINT('',(1.95,2.275,1.025));
#4865 = VECTOR('',#4866,1.);
#4866 = DIRECTION('',(1.110223024625E-16,-1.,0.));
#4867 = ORIENTED_EDGE('',*,*,#4868,.T.);
#4868 = EDGE_CURVE('',#4861,#4869,#4871,.T.);
#4869 = VERTEX_POINT('',#4870);
#4870 = CARTESIAN_POINT('',(1.875,2.11,1.025));
#4871 = LINE('',#4872,#4873);
#4872 = CARTESIAN_POINT('',(2.25,2.11,1.025));
#4873 = VECTOR('',#4874,1.);
#4874 = DIRECTION('',(-1.,-1.110223024625E-16,0.));
#4875 = ORIENTED_EDGE('',*,*,#4876,.F.);
#4876 = EDGE_CURVE('',#4877,#4869,#4879,.T.);
#4877 = VERTEX_POINT('',#4878);
#4878 = CARTESIAN_POINT('',(1.875,2.2375,1.025));
#4879 = LINE('',#4880,#4881);
#4880 = CARTESIAN_POINT('',(1.875,2.2375,1.025));
#4881 = VECTOR('',#4882,1.);
#4882 = DIRECTION('',(1.110223024625E-16,-1.,0.));
#4883 = ORIENTED_EDGE('',*,*,#4884,.F.);
#4884 = EDGE_CURVE('',#4885,#4877,#4887,.T.);
#4885 = VERTEX_POINT('',#4886);
#4886 = CARTESIAN_POINT('',(1.7375,2.375,1.025));
#4887 = LINE('',#4888,#4889);
#4888 = CARTESIAN_POINT('',(1.7375,2.375,1.025));
#4889 = VECTOR('',#4890,1.);
#4890 = DIRECTION('',(0.707106781187,-0.707106781187,0.));
#4891 = ORIENTED_EDGE('',*,*,#4892,.F.);
#4892 = EDGE_CURVE('',#4893,#4885,#4895,.T.);
#4893 = VERTEX_POINT('',#4894);
#4894 = CARTESIAN_POINT('',(-1.7375,2.375,1.025));
#4895 = LINE('',#4896,#4897);
#4896 = CARTESIAN_POINT('',(-1.7375,2.375,1.025));
#4897 = VECTOR('',#4898,1.);
#4898 = DIRECTION('',(1.,1.110223024625E-16,0.));
#4899 = ORIENTED_EDGE('',*,*,#4900,.F.);
#4900 = EDGE_CURVE('',#4901,#4893,#4903,.T.);
#4901 = VERTEX_POINT('',#4902);
#4902 = CARTESIAN_POINT('',(-1.875,2.2375,1.025));
#4903 = LINE('',#4904,#4905);
#4904 = CARTESIAN_POINT('',(-1.875,2.2375,1.025));
#4905 = VECTOR('',#4906,1.);
#4906 = DIRECTION('',(0.707106781187,0.707106781187,0.));
#4907 = ORIENTED_EDGE('',*,*,#4908,.F.);
#4908 = EDGE_CURVE('',#4909,#4901,#4911,.T.);
#4909 = VERTEX_POINT('',#4910);
#4910 = CARTESIAN_POINT('',(-1.875,2.11,1.025));
#4911 = LINE('',#4912,#4913);
#4912 = CARTESIAN_POINT('',(-1.875,-2.2375,1.025));
#4913 = VECTOR('',#4914,1.);
#4914 = DIRECTION('',(-1.110223024625E-16,1.,0.));
#4915 = ORIENTED_EDGE('',*,*,#4916,.F.);
#4916 = EDGE_CURVE('',#4917,#4909,#4919,.T.);
#4917 = VERTEX_POINT('',#4918);
#4918 = CARTESIAN_POINT('',(-1.95,2.11,1.025));
#4919 = LINE('',#4920,#4921);
#4920 = CARTESIAN_POINT('',(-2.25,2.11,1.025));
#4921 = VECTOR('',#4922,1.);
#4922 = DIRECTION('',(1.,-1.144237745222E-17,0.));
#4923 = ORIENTED_EDGE('',*,*,#4924,.T.);
#4924 = EDGE_CURVE('',#4917,#4851,#4925,.T.);
#4925 = LINE('',#4926,#4927);
#4926 = CARTESIAN_POINT('',(-1.95,-2.275,1.025));
#4927 = VECTOR('',#4928,1.);
#4928 = DIRECTION('',(-1.110223024625E-16,1.,0.));
#4929 = PLANE('',#4930);
#4930 = AXIS2_PLACEMENT_3D('',#4931,#4932,#4933);
#4931 = CARTESIAN_POINT('',(-3.027078129022E-16,2.4125,1.025));
#4932 = DIRECTION('',(2.007919022429E-31,-7.713306628828E-27,-1.));
#4933 = DIRECTION('',(1.,1.112083013911E-16,2.00791902242E-31));
#4934 = ADVANCED_FACE('',(#4935),#4945,.F.);
#4935 = FACE_BOUND('',#4936,.F.);
#4936 = EDGE_LOOP('',(#4937,#4938,#4939,#4940));
#4937 = ORIENTED_EDGE('',*,*,#4569,.T.);
#4938 = ORIENTED_EDGE('',*,*,#4554,.T.);
#4939 = ORIENTED_EDGE('',*,*,#4850,.F.);
#4940 = ORIENTED_EDGE('',*,*,#4941,.F.);
#4941 = EDGE_CURVE('',#4570,#4851,#4942,.T.);
#4942 = B_SPLINE_CURVE_WITH_KNOTS('',1,(#4943,#4944),.UNSPECIFIED.,.F.,
  .F.,(2,2),(0.,1.),.PIECEWISE_BEZIER_KNOTS.);
#4943 = CARTESIAN_POINT('',(-1.95,2.275,0.825));
#4944 = CARTESIAN_POINT('',(-1.95,2.275,1.025));
#4945 = PLANE('',#4946);
#4946 = AXIS2_PLACEMENT_3D('',#4947,#4948,#4949);
#4947 = CARTESIAN_POINT('',(-1.95,2.275,1.025));
#4948 = DIRECTION('',(0.707106781187,-0.707106781187,0.));
#4949 = DIRECTION('',(0.707106781187,0.707106781187,0.));
#4950 = ADVANCED_FACE('',(#4951),#4975,.F.);
#4951 = FACE_BOUND('',#4952,.F.);
#4952 = EDGE_LOOP('',(#4953,#4960,#4961,#4969));
#4953 = ORIENTED_EDGE('',*,*,#4954,.F.);
#4954 = EDGE_CURVE('',#4657,#4955,#4957,.T.);
#4955 = VERTEX_POINT('',#4956);
#4956 = CARTESIAN_POINT('',(-1.95,-2.275,1.025));
#4957 = B_SPLINE_CURVE_WITH_KNOTS('',1,(#4958,#4959),.UNSPECIFIED.,.F.,
  .F.,(2,2),(0.,1.),.PIECEWISE_BEZIER_KNOTS.);
#4958 = CARTESIAN_POINT('',(-1.95,-2.275,0.825));
#4959 = CARTESIAN_POINT('',(-1.95,-2.275,1.025));
#4960 = ORIENTED_EDGE('',*,*,#4656,.T.);
#4961 = ORIENTED_EDGE('',*,*,#4962,.T.);
#4962 = EDGE_CURVE('',#4649,#4963,#4965,.T.);
#4963 = VERTEX_POINT('',#4964);
#4964 = CARTESIAN_POINT('',(-1.95,-2.11,1.025));
#4965 = LINE('',#4966,#4967);
#4966 = CARTESIAN_POINT('',(-1.95,-2.11,0.786976568901));
#4967 = VECTOR('',#4968,1.);
#4968 = DIRECTION('',(0.,0.,1.));
#4969 = ORIENTED_EDGE('',*,*,#4970,.F.);
#4970 = EDGE_CURVE('',#4955,#4963,#4971,.T.);
#4971 = LINE('',#4972,#4973);
#4972 = CARTESIAN_POINT('',(-1.95,-2.275,1.025));
#4973 = VECTOR('',#4974,1.);
#4974 = DIRECTION('',(-1.110223024625E-16,1.,0.));
#4975 = PLANE('',#4976);
#4976 = AXIS2_PLACEMENT_3D('',#4977,#4978,#4979);
#4977 = CARTESIAN_POINT('',(-1.95,-2.275,1.025));
#4978 = DIRECTION('',(1.,1.110223024625E-16,0.));
#4979 = DIRECTION('',(-1.110223024625E-16,1.,0.));
#4980 = ADVANCED_FACE('',(#4981),#5006,.F.);
#4981 = FACE_BOUND('',#4982,.F.);
#4982 = EDGE_LOOP('',(#4983,#4991,#4992,#5000));
#4983 = ORIENTED_EDGE('',*,*,#4984,.F.);
#4984 = EDGE_CURVE('',#4649,#4985,#4987,.T.);
#4985 = VERTEX_POINT('',#4986);
#4986 = CARTESIAN_POINT('',(-2.25,-2.11,0.825));
#4987 = LINE('',#4988,#4989);
#4988 = CARTESIAN_POINT('',(-1.8,-2.11,0.825));
#4989 = VECTOR('',#4990,1.);
#4990 = DIRECTION('',(-1.,1.144237745222E-17,0.));
#4991 = ORIENTED_EDGE('',*,*,#4648,.T.);
#4992 = ORIENTED_EDGE('',*,*,#4993,.T.);
#4993 = EDGE_CURVE('',#4641,#4994,#4996,.T.);
#4994 = VERTEX_POINT('',#4995);
#4995 = CARTESIAN_POINT('',(-2.25,-1.7,0.825));
#4996 = LINE('',#4997,#4998);
#4997 = CARTESIAN_POINT('',(-1.8,-1.7,0.825));
#4998 = VECTOR('',#4999,1.);
#4999 = DIRECTION('',(-1.,1.144237745222E-17,0.));
#5000 = ORIENTED_EDGE('',*,*,#5001,.F.);
#5001 = EDGE_CURVE('',#4985,#4994,#5002,.T.);
#5002 = LINE('',#5003,#5004);
#5003 = CARTESIAN_POINT('',(-2.25,-2.11,0.825));
#5004 = VECTOR('',#5005,1.);
#5005 = DIRECTION('',(1.144237745222E-17,1.,0.));
#5006 = PLANE('',#5007);
#5007 = AXIS2_PLACEMENT_3D('',#5008,#5009,#5010);
#5008 = CARTESIAN_POINT('',(-1.8,-2.11,0.825));
#5009 = DIRECTION('',(0.,0.,1.));
#5010 = DIRECTION('',(-1.,1.144237745222E-17,0.));
#5011 = ADVANCED_FACE('',(#5012),#5037,.F.);
#5012 = FACE_BOUND('',#5013,.F.);
#5013 = EDGE_LOOP('',(#5014,#5022,#5023,#5031));
#5014 = ORIENTED_EDGE('',*,*,#5015,.F.);
#5015 = EDGE_CURVE('',#4641,#5016,#5018,.T.);
#5016 = VERTEX_POINT('',#5017);
#5017 = CARTESIAN_POINT('',(-1.95,-1.7,1.025));
#5018 = LINE('',#5019,#5020);
#5019 = CARTESIAN_POINT('',(-1.95,-1.7,0.786976568901));
#5020 = VECTOR('',#5021,1.);
#5021 = DIRECTION('',(0.,0.,1.));
#5022 = ORIENTED_EDGE('',*,*,#4640,.T.);
#5023 = ORIENTED_EDGE('',*,*,#5024,.T.);
#5024 = EDGE_CURVE('',#4633,#5025,#5027,.T.);
#5025 = VERTEX_POINT('',#5026);
#5026 = CARTESIAN_POINT('',(-1.95,-0.84,1.025));
#5027 = LINE('',#5028,#5029);
#5028 = CARTESIAN_POINT('',(-1.95,-0.84,0.786976568901));
#5029 = VECTOR('',#5030,1.);
#5030 = DIRECTION('',(0.,0.,1.));
#5031 = ORIENTED_EDGE('',*,*,#5032,.F.);
#5032 = EDGE_CURVE('',#5016,#5025,#5033,.T.);
#5033 = LINE('',#5034,#5035);
#5034 = CARTESIAN_POINT('',(-1.95,-2.275,1.025));
#5035 = VECTOR('',#5036,1.);
#5036 = DIRECTION('',(-1.110223024625E-16,1.,0.));
#5037 = PLANE('',#5038);
#5038 = AXIS2_PLACEMENT_3D('',#5039,#5040,#5041);
#5039 = CARTESIAN_POINT('',(-1.95,-2.275,1.025));
#5040 = DIRECTION('',(1.,1.110223024625E-16,0.));
#5041 = DIRECTION('',(-1.110223024625E-16,1.,0.));
#5042 = ADVANCED_FACE('',(#5043),#5068,.F.);
#5043 = FACE_BOUND('',#5044,.F.);
#5044 = EDGE_LOOP('',(#5045,#5053,#5054,#5062));
#5045 = ORIENTED_EDGE('',*,*,#5046,.F.);
#5046 = EDGE_CURVE('',#4633,#5047,#5049,.T.);
#5047 = VERTEX_POINT('',#5048);
#5048 = CARTESIAN_POINT('',(-2.25,-0.84,0.825));
#5049 = LINE('',#5050,#5051);
#5050 = CARTESIAN_POINT('',(-1.8,-0.84,0.825));
#5051 = VECTOR('',#5052,1.);
#5052 = DIRECTION('',(-1.,1.144237745222E-17,0.));
#5053 = ORIENTED_EDGE('',*,*,#4632,.T.);
#5054 = ORIENTED_EDGE('',*,*,#5055,.T.);
#5055 = EDGE_CURVE('',#4625,#5056,#5058,.T.);
#5056 = VERTEX_POINT('',#5057);
#5057 = CARTESIAN_POINT('',(-2.25,-0.43,0.825));
#5058 = LINE('',#5059,#5060);
#5059 = CARTESIAN_POINT('',(-1.8,-0.43,0.825));
#5060 = VECTOR('',#5061,1.);
#5061 = DIRECTION('',(-1.,1.144237745222E-17,0.));
#5062 = ORIENTED_EDGE('',*,*,#5063,.F.);
#5063 = EDGE_CURVE('',#5047,#5056,#5064,.T.);
#5064 = LINE('',#5065,#5066);
#5065 = CARTESIAN_POINT('',(-2.25,-0.84,0.825));
#5066 = VECTOR('',#5067,1.);
#5067 = DIRECTION('',(1.144237745222E-17,1.,0.));
#5068 = PLANE('',#5069);
#5069 = AXIS2_PLACEMENT_3D('',#5070,#5071,#5072);
#5070 = CARTESIAN_POINT('',(-1.8,-0.84,0.825));
#5071 = DIRECTION('',(0.,0.,1.));
#5072 = DIRECTION('',(-1.,1.144237745222E-17,0.));
#5073 = ADVANCED_FACE('',(#5074),#5099,.F.);
#5074 = FACE_BOUND('',#5075,.F.);
#5075 = EDGE_LOOP('',(#5076,#5084,#5085,#5093));
#5076 = ORIENTED_EDGE('',*,*,#5077,.F.);
#5077 = EDGE_CURVE('',#4625,#5078,#5080,.T.);
#5078 = VERTEX_POINT('',#5079);
#5079 = CARTESIAN_POINT('',(-1.95,-0.43,1.025));
#5080 = LINE('',#5081,#5082);
#5081 = CARTESIAN_POINT('',(-1.95,-0.43,0.786976568901));
#5082 = VECTOR('',#5083,1.);
#5083 = DIRECTION('',(0.,0.,1.));
#5084 = ORIENTED_EDGE('',*,*,#4624,.T.);
#5085 = ORIENTED_EDGE('',*,*,#5086,.T.);
#5086 = EDGE_CURVE('',#4617,#5087,#5089,.T.);
#5087 = VERTEX_POINT('',#5088);
#5088 = CARTESIAN_POINT('',(-1.95,0.43,1.025));
#5089 = LINE('',#5090,#5091);
#5090 = CARTESIAN_POINT('',(-1.95,0.43,0.786976568901));
#5091 = VECTOR('',#5092,1.);
#5092 = DIRECTION('',(0.,0.,1.));
#5093 = ORIENTED_EDGE('',*,*,#5094,.F.);
#5094 = EDGE_CURVE('',#5078,#5087,#5095,.T.);
#5095 = LINE('',#5096,#5097);
#5096 = CARTESIAN_POINT('',(-1.95,-2.275,1.025));
#5097 = VECTOR('',#5098,1.);
#5098 = DIRECTION('',(-1.110223024625E-16,1.,0.));
#5099 = PLANE('',#5100);
#5100 = AXIS2_PLACEMENT_3D('',#5101,#5102,#5103);
#5101 = CARTESIAN_POINT('',(-1.95,-2.275,1.025));
#5102 = DIRECTION('',(1.,1.110223024625E-16,0.));
#5103 = DIRECTION('',(-1.110223024625E-16,1.,0.));
#5104 = ADVANCED_FACE('',(#5105),#5130,.F.);
#5105 = FACE_BOUND('',#5106,.F.);
#5106 = EDGE_LOOP('',(#5107,#5115,#5116,#5124));
#5107 = ORIENTED_EDGE('',*,*,#5108,.F.);
#5108 = EDGE_CURVE('',#4617,#5109,#5111,.T.);
#5109 = VERTEX_POINT('',#5110);
#5110 = CARTESIAN_POINT('',(-2.25,0.43,0.825));
#5111 = LINE('',#5112,#5113);
#5112 = CARTESIAN_POINT('',(-1.8,0.43,0.825));
#5113 = VECTOR('',#5114,1.);
#5114 = DIRECTION('',(-1.,1.144237745222E-17,0.));
#5115 = ORIENTED_EDGE('',*,*,#4616,.T.);
#5116 = ORIENTED_EDGE('',*,*,#5117,.T.);
#5117 = EDGE_CURVE('',#4609,#5118,#5120,.T.);
#5118 = VERTEX_POINT('',#5119);
#5119 = CARTESIAN_POINT('',(-2.25,0.84,0.825));
#5120 = LINE('',#5121,#5122);
#5121 = CARTESIAN_POINT('',(-1.8,0.84,0.825));
#5122 = VECTOR('',#5123,1.);
#5123 = DIRECTION('',(-1.,1.144237745222E-17,0.));
#5124 = ORIENTED_EDGE('',*,*,#5125,.F.);
#5125 = EDGE_CURVE('',#5109,#5118,#5126,.T.);
#5126 = LINE('',#5127,#5128);
#5127 = CARTESIAN_POINT('',(-2.25,0.43,0.825));
#5128 = VECTOR('',#5129,1.);
#5129 = DIRECTION('',(1.144237745222E-17,1.,0.));
#5130 = PLANE('',#5131);
#5131 = AXIS2_PLACEMENT_3D('',#5132,#5133,#5134);
#5132 = CARTESIAN_POINT('',(-1.8,0.43,0.825));
#5133 = DIRECTION('',(0.,0.,1.));
#5134 = DIRECTION('',(-1.,1.144237745222E-17,0.));
#5135 = ADVANCED_FACE('',(#5136),#5161,.F.);
#5136 = FACE_BOUND('',#5137,.F.);
#5137 = EDGE_LOOP('',(#5138,#5146,#5147,#5155));
#5138 = ORIENTED_EDGE('',*,*,#5139,.F.);
#5139 = EDGE_CURVE('',#4609,#5140,#5142,.T.);
#5140 = VERTEX_POINT('',#5141);
#5141 = CARTESIAN_POINT('',(-1.95,0.84,1.025));
#5142 = LINE('',#5143,#5144);
#5143 = CARTESIAN_POINT('',(-1.95,0.84,0.786976568901));
#5144 = VECTOR('',#5145,1.);
#5145 = DIRECTION('',(0.,0.,1.));
#5146 = ORIENTED_EDGE('',*,*,#4608,.T.);
#5147 = ORIENTED_EDGE('',*,*,#5148,.T.);
#5148 = EDGE_CURVE('',#4601,#5149,#5151,.T.);
#5149 = VERTEX_POINT('',#5150);
#5150 = CARTESIAN_POINT('',(-1.95,1.7,1.025));
#5151 = LINE('',#5152,#5153);
#5152 = CARTESIAN_POINT('',(-1.95,1.7,0.786976568901));
#5153 = VECTOR('',#5154,1.);
#5154 = DIRECTION('',(0.,0.,1.));
#5155 = ORIENTED_EDGE('',*,*,#5156,.F.);
#5156 = EDGE_CURVE('',#5140,#5149,#5157,.T.);
#5157 = LINE('',#5158,#5159);
#5158 = CARTESIAN_POINT('',(-1.95,-2.275,1.025));
#5159 = VECTOR('',#5160,1.);
#5160 = DIRECTION('',(-1.110223024625E-16,1.,0.));
#5161 = PLANE('',#5162);
#5162 = AXIS2_PLACEMENT_3D('',#5163,#5164,#5165);
#5163 = CARTESIAN_POINT('',(-1.95,-2.275,1.025));
#5164 = DIRECTION('',(1.,1.110223024625E-16,0.));
#5165 = DIRECTION('',(-1.110223024625E-16,1.,0.));
#5166 = ADVANCED_FACE('',(#5167),#5192,.F.);
#5167 = FACE_BOUND('',#5168,.F.);
#5168 = EDGE_LOOP('',(#5169,#5177,#5178,#5186));
#5169 = ORIENTED_EDGE('',*,*,#5170,.F.);
#5170 = EDGE_CURVE('',#4601,#5171,#5173,.T.);
#5171 = VERTEX_POINT('',#5172);
#5172 = CARTESIAN_POINT('',(-2.25,1.7,0.825));
#5173 = LINE('',#5174,#5175);
#5174 = CARTESIAN_POINT('',(-1.8,1.7,0.825));
#5175 = VECTOR('',#5176,1.);
#5176 = DIRECTION('',(-1.,1.144237745222E-17,0.));
#5177 = ORIENTED_EDGE('',*,*,#4600,.T.);
#5178 = ORIENTED_EDGE('',*,*,#5179,.T.);
#5179 = EDGE_CURVE('',#4593,#5180,#5182,.T.);
#5180 = VERTEX_POINT('',#5181);
#5181 = CARTESIAN_POINT('',(-2.25,2.11,0.825));
#5182 = LINE('',#5183,#5184);
#5183 = CARTESIAN_POINT('',(-1.8,2.11,0.825));
#5184 = VECTOR('',#5185,1.);
#5185 = DIRECTION('',(-1.,1.144237745222E-17,0.));
#5186 = ORIENTED_EDGE('',*,*,#5187,.F.);
#5187 = EDGE_CURVE('',#5171,#5180,#5188,.T.);
#5188 = LINE('',#5189,#5190);
#5189 = CARTESIAN_POINT('',(-2.25,1.7,0.825));
#5190 = VECTOR('',#5191,1.);
#5191 = DIRECTION('',(1.144237745222E-17,1.,0.));
#5192 = PLANE('',#5193);
#5193 = AXIS2_PLACEMENT_3D('',#5194,#5195,#5196);
#5194 = CARTESIAN_POINT('',(-1.8,1.7,0.825));
#5195 = DIRECTION('',(0.,0.,1.));
#5196 = DIRECTION('',(-1.,1.144237745222E-17,0.));
#5197 = ADVANCED_FACE('',(#5198),#5209,.F.);
#5198 = FACE_BOUND('',#5199,.F.);
#5199 = EDGE_LOOP('',(#5200,#5206,#5207,#5208));
#5200 = ORIENTED_EDGE('',*,*,#5201,.F.);
#5201 = EDGE_CURVE('',#4593,#4917,#5202,.T.);
#5202 = LINE('',#5203,#5204);
#5203 = CARTESIAN_POINT('',(-1.95,2.11,0.786976568901));
#5204 = VECTOR('',#5205,1.);
#5205 = DIRECTION('',(0.,0.,1.));
#5206 = ORIENTED_EDGE('',*,*,#4592,.T.);
#5207 = ORIENTED_EDGE('',*,*,#4941,.T.);
#5208 = ORIENTED_EDGE('',*,*,#4924,.F.);
#5209 = PLANE('',#5210);
#5210 = AXIS2_PLACEMENT_3D('',#5211,#5212,#5213);
#5211 = CARTESIAN_POINT('',(-1.95,-2.275,1.025));
#5212 = DIRECTION('',(1.,1.110223024625E-16,0.));
#5213 = DIRECTION('',(-1.110223024625E-16,1.,0.));
#5214 = ADVANCED_FACE('',(#5215),#5226,.F.);
#5215 = FACE_BOUND('',#5216,.F.);
#5216 = EDGE_LOOP('',(#5217,#5218,#5219,#5225));
#5217 = ORIENTED_EDGE('',*,*,#4828,.F.);
#5218 = ORIENTED_EDGE('',*,*,#4749,.T.);
#5219 = ORIENTED_EDGE('',*,*,#5220,.T.);
#5220 = EDGE_CURVE('',#4742,#4861,#5221,.T.);
#5221 = LINE('',#5222,#5223);
#5222 = CARTESIAN_POINT('',(1.95,2.11,0.786976568901));
#5223 = VECTOR('',#5224,1.);
#5224 = DIRECTION('',(0.,0.,1.));
#5225 = ORIENTED_EDGE('',*,*,#4860,.F.);
#5226 = PLANE('',#5227);
#5227 = AXIS2_PLACEMENT_3D('',#5228,#5229,#5230);
#5228 = CARTESIAN_POINT('',(1.95,2.275,1.025));
#5229 = DIRECTION('',(-1.,-1.110223024625E-16,0.));
#5230 = DIRECTION('',(1.110223024625E-16,-1.,0.));
#5231 = ADVANCED_FACE('',(#5232),#5257,.F.);
#5232 = FACE_BOUND('',#5233,.F.);
#5233 = EDGE_LOOP('',(#5234,#5242,#5243,#5251));
#5234 = ORIENTED_EDGE('',*,*,#5235,.F.);
#5235 = EDGE_CURVE('',#4742,#5236,#5238,.T.);
#5236 = VERTEX_POINT('',#5237);
#5237 = CARTESIAN_POINT('',(2.25,2.11,0.825));
#5238 = LINE('',#5239,#5240);
#5239 = CARTESIAN_POINT('',(1.8,2.11,0.825));
#5240 = VECTOR('',#5241,1.);
#5241 = DIRECTION('',(1.,1.110223024625E-16,0.));
#5242 = ORIENTED_EDGE('',*,*,#4741,.T.);
#5243 = ORIENTED_EDGE('',*,*,#5244,.T.);
#5244 = EDGE_CURVE('',#4734,#5245,#5247,.T.);
#5245 = VERTEX_POINT('',#5246);
#5246 = CARTESIAN_POINT('',(2.25,1.7,0.825));
#5247 = LINE('',#5248,#5249);
#5248 = CARTESIAN_POINT('',(1.8,1.7,0.825));
#5249 = VECTOR('',#5250,1.);
#5250 = DIRECTION('',(1.,1.110223024625E-16,0.));
#5251 = ORIENTED_EDGE('',*,*,#5252,.F.);
#5252 = EDGE_CURVE('',#5236,#5245,#5253,.T.);
#5253 = LINE('',#5254,#5255);
#5254 = CARTESIAN_POINT('',(2.25,2.11,0.825));
#5255 = VECTOR('',#5256,1.);
#5256 = DIRECTION('',(1.110223024625E-16,-1.,0.));
#5257 = PLANE('',#5258);
#5258 = AXIS2_PLACEMENT_3D('',#5259,#5260,#5261);
#5259 = CARTESIAN_POINT('',(1.8,2.11,0.825));
#5260 = DIRECTION('',(0.,0.,1.));
#5261 = DIRECTION('',(1.,1.110223024625E-16,-0.));
#5262 = ADVANCED_FACE('',(#5263),#5288,.F.);
#5263 = FACE_BOUND('',#5264,.F.);
#5264 = EDGE_LOOP('',(#5265,#5273,#5274,#5282));
#5265 = ORIENTED_EDGE('',*,*,#5266,.F.);
#5266 = EDGE_CURVE('',#4734,#5267,#5269,.T.);
#5267 = VERTEX_POINT('',#5268);
#5268 = CARTESIAN_POINT('',(1.95,1.7,1.025));
#5269 = LINE('',#5270,#5271);
#5270 = CARTESIAN_POINT('',(1.95,1.7,0.786976568901));
#5271 = VECTOR('',#5272,1.);
#5272 = DIRECTION('',(0.,0.,1.));
#5273 = ORIENTED_EDGE('',*,*,#4733,.T.);
#5274 = ORIENTED_EDGE('',*,*,#5275,.T.);
#5275 = EDGE_CURVE('',#4726,#5276,#5278,.T.);
#5276 = VERTEX_POINT('',#5277);
#5277 = CARTESIAN_POINT('',(1.95,0.84,1.025));
#5278 = LINE('',#5279,#5280);
#5279 = CARTESIAN_POINT('',(1.95,0.84,0.786976568901));
#5280 = VECTOR('',#5281,1.);
#5281 = DIRECTION('',(0.,0.,1.));
#5282 = ORIENTED_EDGE('',*,*,#5283,.F.);
#5283 = EDGE_CURVE('',#5267,#5276,#5284,.T.);
#5284 = LINE('',#5285,#5286);
#5285 = CARTESIAN_POINT('',(1.95,2.275,1.025));
#5286 = VECTOR('',#5287,1.);
#5287 = DIRECTION('',(1.110223024625E-16,-1.,0.));
#5288 = PLANE('',#5289);
#5289 = AXIS2_PLACEMENT_3D('',#5290,#5291,#5292);
#5290 = CARTESIAN_POINT('',(1.95,2.275,1.025));
#5291 = DIRECTION('',(-1.,-1.110223024625E-16,0.));
#5292 = DIRECTION('',(1.110223024625E-16,-1.,0.));
#5293 = ADVANCED_FACE('',(#5294),#5319,.F.);
#5294 = FACE_BOUND('',#5295,.F.);
#5295 = EDGE_LOOP('',(#5296,#5304,#5305,#5313));
#5296 = ORIENTED_EDGE('',*,*,#5297,.F.);
#5297 = EDGE_CURVE('',#4726,#5298,#5300,.T.);
#5298 = VERTEX_POINT('',#5299);
#5299 = CARTESIAN_POINT('',(2.25,0.84,0.825));
#5300 = LINE('',#5301,#5302);
#5301 = CARTESIAN_POINT('',(1.8,0.84,0.825));
#5302 = VECTOR('',#5303,1.);
#5303 = DIRECTION('',(1.,1.110223024625E-16,0.));
#5304 = ORIENTED_EDGE('',*,*,#4725,.T.);
#5305 = ORIENTED_EDGE('',*,*,#5306,.T.);
#5306 = EDGE_CURVE('',#4718,#5307,#5309,.T.);
#5307 = VERTEX_POINT('',#5308);
#5308 = CARTESIAN_POINT('',(2.25,0.43,0.825));
#5309 = LINE('',#5310,#5311);
#5310 = CARTESIAN_POINT('',(1.8,0.43,0.825));
#5311 = VECTOR('',#5312,1.);
#5312 = DIRECTION('',(1.,1.110223024625E-16,0.));
#5313 = ORIENTED_EDGE('',*,*,#5314,.F.);
#5314 = EDGE_CURVE('',#5298,#5307,#5315,.T.);
#5315 = LINE('',#5316,#5317);
#5316 = CARTESIAN_POINT('',(2.25,0.84,0.825));
#5317 = VECTOR('',#5318,1.);
#5318 = DIRECTION('',(1.110223024625E-16,-1.,0.));
#5319 = PLANE('',#5320);
#5320 = AXIS2_PLACEMENT_3D('',#5321,#5322,#5323);
#5321 = CARTESIAN_POINT('',(1.8,0.84,0.825));
#5322 = DIRECTION('',(0.,0.,1.));
#5323 = DIRECTION('',(1.,1.110223024625E-16,-0.));
#5324 = ADVANCED_FACE('',(#5325),#5350,.F.);
#5325 = FACE_BOUND('',#5326,.F.);
#5326 = EDGE_LOOP('',(#5327,#5335,#5336,#5344));
#5327 = ORIENTED_EDGE('',*,*,#5328,.F.);
#5328 = EDGE_CURVE('',#4718,#5329,#5331,.T.);
#5329 = VERTEX_POINT('',#5330);
#5330 = CARTESIAN_POINT('',(1.95,0.43,1.025));
#5331 = LINE('',#5332,#5333);
#5332 = CARTESIAN_POINT('',(1.95,0.43,0.786976568901));
#5333 = VECTOR('',#5334,1.);
#5334 = DIRECTION('',(0.,0.,1.));
#5335 = ORIENTED_EDGE('',*,*,#4717,.T.);
#5336 = ORIENTED_EDGE('',*,*,#5337,.T.);
#5337 = EDGE_CURVE('',#4710,#5338,#5340,.T.);
#5338 = VERTEX_POINT('',#5339);
#5339 = CARTESIAN_POINT('',(1.95,-0.43,1.025));
#5340 = LINE('',#5341,#5342);
#5341 = CARTESIAN_POINT('',(1.95,-0.43,0.786976568901));
#5342 = VECTOR('',#5343,1.);
#5343 = DIRECTION('',(0.,0.,1.));
#5344 = ORIENTED_EDGE('',*,*,#5345,.F.);
#5345 = EDGE_CURVE('',#5329,#5338,#5346,.T.);
#5346 = LINE('',#5347,#5348);
#5347 = CARTESIAN_POINT('',(1.95,2.275,1.025));
#5348 = VECTOR('',#5349,1.);
#5349 = DIRECTION('',(1.110223024625E-16,-1.,0.));
#5350 = PLANE('',#5351);
#5351 = AXIS2_PLACEMENT_3D('',#5352,#5353,#5354);
#5352 = CARTESIAN_POINT('',(1.95,2.275,1.025));
#5353 = DIRECTION('',(-1.,-1.110223024625E-16,0.));
#5354 = DIRECTION('',(1.110223024625E-16,-1.,0.));
#5355 = ADVANCED_FACE('',(#5356),#5381,.F.);
#5356 = FACE_BOUND('',#5357,.F.);
#5357 = EDGE_LOOP('',(#5358,#5366,#5367,#5375));
#5358 = ORIENTED_EDGE('',*,*,#5359,.F.);
#5359 = EDGE_CURVE('',#4710,#5360,#5362,.T.);
#5360 = VERTEX_POINT('',#5361);
#5361 = CARTESIAN_POINT('',(2.25,-0.43,0.825));
#5362 = LINE('',#5363,#5364);
#5363 = CARTESIAN_POINT('',(1.8,-0.43,0.825));
#5364 = VECTOR('',#5365,1.);
#5365 = DIRECTION('',(1.,1.110223024625E-16,0.));
#5366 = ORIENTED_EDGE('',*,*,#4709,.T.);
#5367 = ORIENTED_EDGE('',*,*,#5368,.T.);
#5368 = EDGE_CURVE('',#4702,#5369,#5371,.T.);
#5369 = VERTEX_POINT('',#5370);
#5370 = CARTESIAN_POINT('',(2.25,-0.84,0.825));
#5371 = LINE('',#5372,#5373);
#5372 = CARTESIAN_POINT('',(1.8,-0.84,0.825));
#5373 = VECTOR('',#5374,1.);
#5374 = DIRECTION('',(1.,1.110223024625E-16,0.));
#5375 = ORIENTED_EDGE('',*,*,#5376,.F.);
#5376 = EDGE_CURVE('',#5360,#5369,#5377,.T.);
#5377 = LINE('',#5378,#5379);
#5378 = CARTESIAN_POINT('',(2.25,-0.43,0.825));
#5379 = VECTOR('',#5380,1.);
#5380 = DIRECTION('',(1.110223024625E-16,-1.,0.));
#5381 = PLANE('',#5382);
#5382 = AXIS2_PLACEMENT_3D('',#5383,#5384,#5385);
#5383 = CARTESIAN_POINT('',(1.8,-0.43,0.825));
#5384 = DIRECTION('',(0.,0.,1.));
#5385 = DIRECTION('',(1.,1.110223024625E-16,-0.));
#5386 = ADVANCED_FACE('',(#5387),#5412,.F.);
#5387 = FACE_BOUND('',#5388,.F.);
#5388 = EDGE_LOOP('',(#5389,#5397,#5398,#5406));
#5389 = ORIENTED_EDGE('',*,*,#5390,.F.);
#5390 = EDGE_CURVE('',#4702,#5391,#5393,.T.);
#5391 = VERTEX_POINT('',#5392);
#5392 = CARTESIAN_POINT('',(1.95,-0.84,1.025));
#5393 = LINE('',#5394,#5395);
#5394 = CARTESIAN_POINT('',(1.95,-0.84,0.786976568901));
#5395 = VECTOR('',#5396,1.);
#5396 = DIRECTION('',(0.,0.,1.));
#5397 = ORIENTED_EDGE('',*,*,#4701,.T.);
#5398 = ORIENTED_EDGE('',*,*,#5399,.T.);
#5399 = EDGE_CURVE('',#4694,#5400,#5402,.T.);
#5400 = VERTEX_POINT('',#5401);
#5401 = CARTESIAN_POINT('',(1.95,-1.7,1.025));
#5402 = LINE('',#5403,#5404);
#5403 = CARTESIAN_POINT('',(1.95,-1.7,0.786976568901));
#5404 = VECTOR('',#5405,1.);
#5405 = DIRECTION('',(0.,0.,1.));
#5406 = ORIENTED_EDGE('',*,*,#5407,.F.);
#5407 = EDGE_CURVE('',#5391,#5400,#5408,.T.);
#5408 = LINE('',#5409,#5410);
#5409 = CARTESIAN_POINT('',(1.95,2.275,1.025));
#5410 = VECTOR('',#5411,1.);
#5411 = DIRECTION('',(1.110223024625E-16,-1.,0.));
#5412 = PLANE('',#5413);
#5413 = AXIS2_PLACEMENT_3D('',#5414,#5415,#5416);
#5414 = CARTESIAN_POINT('',(1.95,2.275,1.025));
#5415 = DIRECTION('',(-1.,-1.110223024625E-16,0.));
#5416 = DIRECTION('',(1.110223024625E-16,-1.,0.));
#5417 = ADVANCED_FACE('',(#5418),#5443,.F.);
#5418 = FACE_BOUND('',#5419,.F.);
#5419 = EDGE_LOOP('',(#5420,#5428,#5429,#5437));
#5420 = ORIENTED_EDGE('',*,*,#5421,.F.);
#5421 = EDGE_CURVE('',#4694,#5422,#5424,.T.);
#5422 = VERTEX_POINT('',#5423);
#5423 = CARTESIAN_POINT('',(2.25,-1.7,0.825));
#5424 = LINE('',#5425,#5426);
#5425 = CARTESIAN_POINT('',(1.8,-1.7,0.825));
#5426 = VECTOR('',#5427,1.);
#5427 = DIRECTION('',(1.,1.110223024625E-16,0.));
#5428 = ORIENTED_EDGE('',*,*,#4693,.T.);
#5429 = ORIENTED_EDGE('',*,*,#5430,.T.);
#5430 = EDGE_CURVE('',#4686,#5431,#5433,.T.);
#5431 = VERTEX_POINT('',#5432);
#5432 = CARTESIAN_POINT('',(2.25,-2.11,0.825));
#5433 = LINE('',#5434,#5435);
#5434 = CARTESIAN_POINT('',(1.8,-2.11,0.825));
#5435 = VECTOR('',#5436,1.);
#5436 = DIRECTION('',(1.,1.110223024625E-16,0.));
#5437 = ORIENTED_EDGE('',*,*,#5438,.F.);
#5438 = EDGE_CURVE('',#5422,#5431,#5439,.T.);
#5439 = LINE('',#5440,#5441);
#5440 = CARTESIAN_POINT('',(2.25,-1.7,0.825));
#5441 = VECTOR('',#5442,1.);
#5442 = DIRECTION('',(1.110223024625E-16,-1.,0.));
#5443 = PLANE('',#5444);
#5444 = AXIS2_PLACEMENT_3D('',#5445,#5446,#5447);
#5445 = CARTESIAN_POINT('',(1.8,-1.7,0.825));
#5446 = DIRECTION('',(0.,0.,1.));
#5447 = DIRECTION('',(1.,1.110223024625E-16,-0.));
#5448 = ADVANCED_FACE('',(#5449),#5473,.F.);
#5449 = FACE_BOUND('',#5450,.F.);
#5450 = EDGE_LOOP('',(#5451,#5459,#5460,#5467));
#5451 = ORIENTED_EDGE('',*,*,#5452,.F.);
#5452 = EDGE_CURVE('',#4686,#5453,#5455,.T.);
#5453 = VERTEX_POINT('',#5454);
#5454 = CARTESIAN_POINT('',(1.95,-2.11,1.025));
#5455 = LINE('',#5456,#5457);
#5456 = CARTESIAN_POINT('',(1.95,-2.11,0.786976568901));
#5457 = VECTOR('',#5458,1.);
#5458 = DIRECTION('',(0.,0.,1.));
#5459 = ORIENTED_EDGE('',*,*,#4685,.T.);
#5460 = ORIENTED_EDGE('',*,*,#5461,.T.);
#5461 = EDGE_CURVE('',#4679,#5462,#5464,.T.);
#5462 = VERTEX_POINT('',#5463);
#5463 = CARTESIAN_POINT('',(1.95,-2.275,1.025));
#5464 = B_SPLINE_CURVE_WITH_KNOTS('',1,(#5465,#5466),.UNSPECIFIED.,.F.,
  .F.,(2,2),(0.,1.),.PIECEWISE_BEZIER_KNOTS.);
#5465 = CARTESIAN_POINT('',(1.95,-2.275,0.825));
#5466 = CARTESIAN_POINT('',(1.95,-2.275,1.025));
#5467 = ORIENTED_EDGE('',*,*,#5468,.F.);
#5468 = EDGE_CURVE('',#5453,#5462,#5469,.T.);
#5469 = LINE('',#5470,#5471);
#5470 = CARTESIAN_POINT('',(1.95,2.275,1.025));
#5471 = VECTOR('',#5472,1.);
#5472 = DIRECTION('',(1.110223024625E-16,-1.,0.));
#5473 = PLANE('',#5474);
#5474 = AXIS2_PLACEMENT_3D('',#5475,#5476,#5477);
#5475 = CARTESIAN_POINT('',(1.95,2.275,1.025));
#5476 = DIRECTION('',(-1.,-1.110223024625E-16,0.));
#5477 = DIRECTION('',(1.110223024625E-16,-1.,0.));
#5478 = ADVANCED_FACE('',(#5479),#5496,.F.);
#5479 = FACE_BOUND('',#5480,.F.);
#5480 = EDGE_LOOP('',(#5481,#5482,#5483,#5491));
#5481 = ORIENTED_EDGE('',*,*,#4766,.T.);
#5482 = ORIENTED_EDGE('',*,*,#4954,.T.);
#5483 = ORIENTED_EDGE('',*,*,#5484,.F.);
#5484 = EDGE_CURVE('',#5485,#4955,#5487,.T.);
#5485 = VERTEX_POINT('',#5486);
#5486 = CARTESIAN_POINT('',(-1.775,-2.45,1.025));
#5487 = LINE('',#5488,#5489);
#5488 = CARTESIAN_POINT('',(-1.775,-2.45,1.025));
#5489 = VECTOR('',#5490,1.);
#5490 = DIRECTION('',(-0.707106781187,0.707106781187,0.));
#5491 = ORIENTED_EDGE('',*,*,#5492,.F.);
#5492 = EDGE_CURVE('',#4767,#5485,#5493,.T.);
#5493 = B_SPLINE_CURVE_WITH_KNOTS('',1,(#5494,#5495),.UNSPECIFIED.,.F.,
  .F.,(2,2),(0.,1.),.PIECEWISE_BEZIER_KNOTS.);
#5494 = CARTESIAN_POINT('',(-1.775,-2.45,0.825));
#5495 = CARTESIAN_POINT('',(-1.775,-2.45,1.025));
#5496 = PLANE('',#5497);
#5497 = AXIS2_PLACEMENT_3D('',#5498,#5499,#5500);
#5498 = CARTESIAN_POINT('',(-1.775,-2.45,1.025));
#5499 = DIRECTION('',(0.707106781187,0.707106781187,0.));
#5500 = DIRECTION('',(-0.707106781187,0.707106781187,0.));
#5501 = ADVANCED_FACE('',(#5502),#5519,.F.);
#5502 = FACE_BOUND('',#5503,.F.);
#5503 = EDGE_LOOP('',(#5504,#5505,#5512,#5518));
#5504 = ORIENTED_EDGE('',*,*,#4795,.T.);
#5505 = ORIENTED_EDGE('',*,*,#5506,.T.);
#5506 = EDGE_CURVE('',#4789,#5507,#5509,.T.);
#5507 = VERTEX_POINT('',#5508);
#5508 = CARTESIAN_POINT('',(1.775,-2.45,1.025));
#5509 = B_SPLINE_CURVE_WITH_KNOTS('',1,(#5510,#5511),.UNSPECIFIED.,.F.,
  .F.,(2,2),(0.,1.),.PIECEWISE_BEZIER_KNOTS.);
#5510 = CARTESIAN_POINT('',(1.775,-2.45,0.825));
#5511 = CARTESIAN_POINT('',(1.775,-2.45,1.025));
#5512 = ORIENTED_EDGE('',*,*,#5513,.F.);
#5513 = EDGE_CURVE('',#5462,#5507,#5514,.T.);
#5514 = LINE('',#5515,#5516);
#5515 = CARTESIAN_POINT('',(1.95,-2.275,1.025));
#5516 = VECTOR('',#5517,1.);
#5517 = DIRECTION('',(-0.707106781187,-0.707106781187,0.));
#5518 = ORIENTED_EDGE('',*,*,#5461,.F.);
#5519 = PLANE('',#5520);
#5520 = AXIS2_PLACEMENT_3D('',#5521,#5522,#5523);
#5521 = CARTESIAN_POINT('',(1.95,-2.275,1.025));
#5522 = DIRECTION('',(-0.707106781187,0.707106781187,0.));
#5523 = DIRECTION('',(-0.707106781187,-0.707106781187,0.));
#5524 = ADVANCED_FACE('',(#5525),#5536,.F.);
#5525 = FACE_BOUND('',#5526,.F.);
#5526 = EDGE_LOOP('',(#5527,#5528,#5529,#5535));
#5527 = ORIENTED_EDGE('',*,*,#4812,.T.);
#5528 = ORIENTED_EDGE('',*,*,#5492,.T.);
#5529 = ORIENTED_EDGE('',*,*,#5530,.F.);
#5530 = EDGE_CURVE('',#5507,#5485,#5531,.T.);
#5531 = LINE('',#5532,#5533);
#5532 = CARTESIAN_POINT('',(1.775,-2.45,1.025));
#5533 = VECTOR('',#5534,1.);
#5534 = DIRECTION('',(-1.,-1.110223024625E-16,0.));
#5535 = ORIENTED_EDGE('',*,*,#5506,.F.);
#5536 = PLANE('',#5537);
#5537 = AXIS2_PLACEMENT_3D('',#5538,#5539,#5540);
#5538 = CARTESIAN_POINT('',(1.775,-2.45,1.025));
#5539 = DIRECTION('',(-1.110223024625E-16,1.,0.));
#5540 = DIRECTION('',(-1.,-1.110223024625E-16,0.));
#5541 = ADVANCED_FACE('',(#5542),#5581,.F.);
#5542 = FACE_BOUND('',#5543,.F.);
#5543 = EDGE_LOOP('',(#5544,#5552,#5560,#5566,#5567,#5575));
#5544 = ORIENTED_EDGE('',*,*,#5545,.F.);
#5545 = EDGE_CURVE('',#5546,#5149,#5548,.T.);
#5546 = VERTEX_POINT('',#5547);
#5547 = CARTESIAN_POINT('',(-2.25,1.7,1.025));
#5548 = LINE('',#5549,#5550);
#5549 = CARTESIAN_POINT('',(-2.25,1.7,1.025));
#5550 = VECTOR('',#5551,1.);
#5551 = DIRECTION('',(1.,-1.144237745222E-17,0.));
#5552 = ORIENTED_EDGE('',*,*,#5553,.T.);
#5553 = EDGE_CURVE('',#5546,#5554,#5556,.T.);
#5554 = VERTEX_POINT('',#5555);
#5555 = CARTESIAN_POINT('',(-2.25,2.11,1.025));
#5556 = LINE('',#5557,#5558);
#5557 = CARTESIAN_POINT('',(-2.25,1.7,1.025));
#5558 = VECTOR('',#5559,1.);
#5559 = DIRECTION('',(1.144237745222E-17,1.,0.));
#5560 = ORIENTED_EDGE('',*,*,#5561,.T.);
#5561 = EDGE_CURVE('',#5554,#4917,#5562,.T.);
#5562 = LINE('',#5563,#5564);
#5563 = CARTESIAN_POINT('',(-2.25,2.11,1.025));
#5564 = VECTOR('',#5565,1.);
#5565 = DIRECTION('',(1.,-1.144237745222E-17,0.));
#5566 = ORIENTED_EDGE('',*,*,#4916,.T.);
#5567 = ORIENTED_EDGE('',*,*,#5568,.F.);
#5568 = EDGE_CURVE('',#5569,#4909,#5571,.T.);
#5569 = VERTEX_POINT('',#5570);
#5570 = CARTESIAN_POINT('',(-1.875,1.7,1.025));
#5571 = LINE('',#5572,#5573);
#5572 = CARTESIAN_POINT('',(-1.875,-2.2375,1.025));
#5573 = VECTOR('',#5574,1.);
#5574 = DIRECTION('',(-1.110223024625E-16,1.,0.));
#5575 = ORIENTED_EDGE('',*,*,#5576,.F.);
#5576 = EDGE_CURVE('',#5149,#5569,#5577,.T.);
#5577 = LINE('',#5578,#5579);
#5578 = CARTESIAN_POINT('',(-2.25,1.7,1.025));
#5579 = VECTOR('',#5580,1.);
#5580 = DIRECTION('',(1.,-1.144237745222E-17,0.));
#5581 = PLANE('',#5582);
#5582 = AXIS2_PLACEMENT_3D('',#5583,#5584,#5585);
#5583 = CARTESIAN_POINT('',(-2.25,1.7,1.025));
#5584 = DIRECTION('',(0.,0.,-1.));
#5585 = DIRECTION('',(1.,-1.144237745222E-17,0.));
#5586 = ADVANCED_FACE('',(#5587),#5667,.F.);
#5587 = FACE_BOUND('',#5588,.F.);
#5588 = EDGE_LOOP('',(#5589,#5599,#5607,#5615,#5623,#5631,#5639,#5645,
    #5646,#5647,#5654,#5662));
#5589 = ORIENTED_EDGE('',*,*,#5590,.T.);
#5590 = EDGE_CURVE('',#5591,#5593,#5595,.T.);
#5591 = VERTEX_POINT('',#5592);
#5592 = CARTESIAN_POINT('',(-1.875,-2.2375,1.025));
#5593 = VERTEX_POINT('',#5594);
#5594 = CARTESIAN_POINT('',(-1.875,-2.11,1.025));
#5595 = LINE('',#5596,#5597);
#5596 = CARTESIAN_POINT('',(-1.875,-2.2375,1.025));
#5597 = VECTOR('',#5598,1.);
#5598 = DIRECTION('',(-1.110223024625E-16,1.,0.));
#5599 = ORIENTED_EDGE('',*,*,#5600,.T.);
#5600 = EDGE_CURVE('',#5593,#5601,#5603,.T.);
#5601 = VERTEX_POINT('',#5602);
#5602 = CARTESIAN_POINT('',(-1.875,-1.7,1.025));
#5603 = LINE('',#5604,#5605);
#5604 = CARTESIAN_POINT('',(-1.875,-2.2375,1.025));
#5605 = VECTOR('',#5606,1.);
#5606 = DIRECTION('',(-1.110223024625E-16,1.,0.));
#5607 = ORIENTED_EDGE('',*,*,#5608,.T.);
#5608 = EDGE_CURVE('',#5601,#5609,#5611,.T.);
#5609 = VERTEX_POINT('',#5610);
#5610 = CARTESIAN_POINT('',(-1.875,-0.84,1.025));
#5611 = LINE('',#5612,#5613);
#5612 = CARTESIAN_POINT('',(-1.875,-2.2375,1.025));
#5613 = VECTOR('',#5614,1.);
#5614 = DIRECTION('',(-1.110223024625E-16,1.,0.));
#5615 = ORIENTED_EDGE('',*,*,#5616,.T.);
#5616 = EDGE_CURVE('',#5609,#5617,#5619,.T.);
#5617 = VERTEX_POINT('',#5618);
#5618 = CARTESIAN_POINT('',(-1.875,-0.43,1.025));
#5619 = LINE('',#5620,#5621);
#5620 = CARTESIAN_POINT('',(-1.875,-2.2375,1.025));
#5621 = VECTOR('',#5622,1.);
#5622 = DIRECTION('',(-1.110223024625E-16,1.,0.));
#5623 = ORIENTED_EDGE('',*,*,#5624,.T.);
#5624 = EDGE_CURVE('',#5617,#5625,#5627,.T.);
#5625 = VERTEX_POINT('',#5626);
#5626 = CARTESIAN_POINT('',(-1.875,0.43,1.025));
#5627 = LINE('',#5628,#5629);
#5628 = CARTESIAN_POINT('',(-1.875,-2.2375,1.025));
#5629 = VECTOR('',#5630,1.);
#5630 = DIRECTION('',(-1.110223024625E-16,1.,0.));
#5631 = ORIENTED_EDGE('',*,*,#5632,.T.);
#5632 = EDGE_CURVE('',#5625,#5633,#5635,.T.);
#5633 = VERTEX_POINT('',#5634);
#5634 = CARTESIAN_POINT('',(-1.875,0.84,1.025));
#5635 = LINE('',#5636,#5637);
#5636 = CARTESIAN_POINT('',(-1.875,-2.2375,1.025));
#5637 = VECTOR('',#5638,1.);
#5638 = DIRECTION('',(-1.110223024625E-16,1.,0.));
#5639 = ORIENTED_EDGE('',*,*,#5640,.T.);
#5640 = EDGE_CURVE('',#5633,#5569,#5641,.T.);
#5641 = LINE('',#5642,#5643);
#5642 = CARTESIAN_POINT('',(-1.875,-2.2375,1.025));
#5643 = VECTOR('',#5644,1.);
#5644 = DIRECTION('',(-1.110223024625E-16,1.,0.));
#5645 = ORIENTED_EDGE('',*,*,#5568,.T.);
#5646 = ORIENTED_EDGE('',*,*,#4908,.T.);
#5647 = ORIENTED_EDGE('',*,*,#5648,.T.);
#5648 = EDGE_CURVE('',#4901,#5649,#5651,.T.);
#5649 = VERTEX_POINT('',#5650);
#5650 = CARTESIAN_POINT('',(-1.760171280765,2.180085640382,1.75));
#5651 = B_SPLINE_CURVE_WITH_KNOTS('',1,(#5652,#5653),.UNSPECIFIED.,.F.,
  .F.,(2,2),(0.,1.),.PIECEWISE_BEZIER_KNOTS.);
#5652 = CARTESIAN_POINT('',(-1.875,2.2375,1.025));
#5653 = CARTESIAN_POINT('',(-1.760171280765,2.180085640382,1.75));
#5654 = ORIENTED_EDGE('',*,*,#5655,.F.);
#5655 = EDGE_CURVE('',#5656,#5649,#5658,.T.);
#5656 = VERTEX_POINT('',#5657);
#5657 = CARTESIAN_POINT('',(-1.760171280765,-2.180085640382,1.75));
#5658 = LINE('',#5659,#5660);
#5659 = CARTESIAN_POINT('',(-1.760171280765,-2.180085640382,1.75));
#5660 = VECTOR('',#5661,1.);
#5661 = DIRECTION('',(-1.110223024625E-16,1.,0.));
#5662 = ORIENTED_EDGE('',*,*,#5663,.F.);
#5663 = EDGE_CURVE('',#5591,#5656,#5664,.T.);
#5664 = B_SPLINE_CURVE_WITH_KNOTS('',1,(#5665,#5666),.UNSPECIFIED.,.F.,
  .F.,(2,2),(0.,1.),.PIECEWISE_BEZIER_KNOTS.);
#5665 = CARTESIAN_POINT('',(-1.875,-2.2375,1.025));
#5666 = CARTESIAN_POINT('',(-1.760171280765,-2.180085640382,1.75));
#5667 = B_SPLINE_SURFACE_WITH_KNOTS('',1,1,(
    (#5668,#5669)
    ,(#5670,#5671
    )),.UNSPECIFIED.,.F.,.F.,.F.,(2,2),(2,2),(0.,4.475),(0.,1.),
  .PIECEWISE_BEZIER_KNOTS.);
#5668 = CARTESIAN_POINT('',(-1.875,-2.2375,1.025));
#5669 = CARTESIAN_POINT('',(-1.760171280765,-2.180085640382,1.75));
#5670 = CARTESIAN_POINT('',(-1.875,2.2375,1.025));
#5671 = CARTESIAN_POINT('',(-1.760171280765,2.180085640382,1.75));
#5672 = ADVANCED_FACE('',(#5673),#5690,.F.);
#5673 = FACE_BOUND('',#5674,.F.);
#5674 = EDGE_LOOP('',(#5675,#5676,#5683,#5689));
#5675 = ORIENTED_EDGE('',*,*,#4900,.T.);
#5676 = ORIENTED_EDGE('',*,*,#5677,.T.);
#5677 = EDGE_CURVE('',#4893,#5678,#5680,.T.);
#5678 = VERTEX_POINT('',#5679);
#5679 = CARTESIAN_POINT('',(-1.680085640382,2.260171280765,1.75));
#5680 = B_SPLINE_CURVE_WITH_KNOTS('',1,(#5681,#5682),.UNSPECIFIED.,.F.,
  .F.,(2,2),(0.,1.),.PIECEWISE_BEZIER_KNOTS.);
#5681 = CARTESIAN_POINT('',(-1.7375,2.375,1.025));
#5682 = CARTESIAN_POINT('',(-1.680085640382,2.260171280765,1.75));
#5683 = ORIENTED_EDGE('',*,*,#5684,.F.);
#5684 = EDGE_CURVE('',#5649,#5678,#5685,.T.);
#5685 = LINE('',#5686,#5687);
#5686 = CARTESIAN_POINT('',(-1.760171280765,2.180085640382,1.75));
#5687 = VECTOR('',#5688,1.);
#5688 = DIRECTION('',(0.707106781187,0.707106781187,0.));
#5689 = ORIENTED_EDGE('',*,*,#5648,.F.);
#5690 = B_SPLINE_SURFACE_WITH_KNOTS('',1,1,(
    (#5691,#5692)
    ,(#5693,#5694
    )),.UNSPECIFIED.,.F.,.F.,.F.,(2,2),(2,2),(0.,0.194454364826),(0.,1.)
  ,.PIECEWISE_BEZIER_KNOTS.);
#5691 = CARTESIAN_POINT('',(-1.875,2.2375,1.025));
#5692 = CARTESIAN_POINT('',(-1.760171280765,2.180085640382,1.75));
#5693 = CARTESIAN_POINT('',(-1.7375,2.375,1.025));
#5694 = CARTESIAN_POINT('',(-1.680085640382,2.260171280765,1.75));
#5695 = ADVANCED_FACE('',(#5696),#5713,.F.);
#5696 = FACE_BOUND('',#5697,.F.);
#5697 = EDGE_LOOP('',(#5698,#5699,#5706,#5712));
#5698 = ORIENTED_EDGE('',*,*,#4892,.T.);
#5699 = ORIENTED_EDGE('',*,*,#5700,.T.);
#5700 = EDGE_CURVE('',#4885,#5701,#5703,.T.);
#5701 = VERTEX_POINT('',#5702);
#5702 = CARTESIAN_POINT('',(1.680085640382,2.260171280765,1.75));
#5703 = B_SPLINE_CURVE_WITH_KNOTS('',1,(#5704,#5705),.UNSPECIFIED.,.F.,
  .F.,(2,2),(0.,1.),.PIECEWISE_BEZIER_KNOTS.);
#5704 = CARTESIAN_POINT('',(1.7375,2.375,1.025));
#5705 = CARTESIAN_POINT('',(1.680085640382,2.260171280765,1.75));
#5706 = ORIENTED_EDGE('',*,*,#5707,.F.);
#5707 = EDGE_CURVE('',#5678,#5701,#5708,.T.);
#5708 = LINE('',#5709,#5710);
#5709 = CARTESIAN_POINT('',(-1.680085640382,2.260171280765,1.75));
#5710 = VECTOR('',#5711,1.);
#5711 = DIRECTION('',(1.,1.110223024625E-16,0.));
#5712 = ORIENTED_EDGE('',*,*,#5677,.F.);
#5713 = B_SPLINE_SURFACE_WITH_KNOTS('',1,1,(
    (#5714,#5715)
    ,(#5716,#5717
    )),.UNSPECIFIED.,.F.,.F.,.F.,(2,2),(2,2),(0.,3.475),(0.,1.),
  .PIECEWISE_BEZIER_KNOTS.);
#5714 = CARTESIAN_POINT('',(-1.7375,2.375,1.025));
#5715 = CARTESIAN_POINT('',(-1.680085640382,2.260171280765,1.75));
#5716 = CARTESIAN_POINT('',(1.7375,2.375,1.025));
#5717 = CARTESIAN_POINT('',(1.680085640382,2.260171280765,1.75));
#5718 = ADVANCED_FACE('',(#5719),#5736,.F.);
#5719 = FACE_BOUND('',#5720,.F.);
#5720 = EDGE_LOOP('',(#5721,#5722,#5729,#5735));
#5721 = ORIENTED_EDGE('',*,*,#4884,.T.);
#5722 = ORIENTED_EDGE('',*,*,#5723,.T.);
#5723 = EDGE_CURVE('',#4877,#5724,#5726,.T.);
#5724 = VERTEX_POINT('',#5725);
#5725 = CARTESIAN_POINT('',(1.760171280765,2.180085640382,1.75));
#5726 = B_SPLINE_CURVE_WITH_KNOTS('',1,(#5727,#5728),.UNSPECIFIED.,.F.,
  .F.,(2,2),(0.,1.),.PIECEWISE_BEZIER_KNOTS.);
#5727 = CARTESIAN_POINT('',(1.875,2.2375,1.025));
#5728 = CARTESIAN_POINT('',(1.760171280765,2.180085640382,1.75));
#5729 = ORIENTED_EDGE('',*,*,#5730,.F.);
#5730 = EDGE_CURVE('',#5701,#5724,#5731,.T.);
#5731 = LINE('',#5732,#5733);
#5732 = CARTESIAN_POINT('',(1.680085640382,2.260171280765,1.75));
#5733 = VECTOR('',#5734,1.);
#5734 = DIRECTION('',(0.707106781187,-0.707106781187,0.));
#5735 = ORIENTED_EDGE('',*,*,#5700,.F.);
#5736 = B_SPLINE_SURFACE_WITH_KNOTS('',1,1,(
    (#5737,#5738)
    ,(#5739,#5740
    )),.UNSPECIFIED.,.F.,.F.,.F.,(2,2),(2,2),(0.,0.194454364826),(0.,1.)
  ,.PIECEWISE_BEZIER_KNOTS.);
#5737 = CARTESIAN_POINT('',(1.7375,2.375,1.025));
#5738 = CARTESIAN_POINT('',(1.680085640382,2.260171280765,1.75));
#5739 = CARTESIAN_POINT('',(1.875,2.2375,1.025));
#5740 = CARTESIAN_POINT('',(1.760171280765,2.180085640382,1.75));
#5741 = ADVANCED_FACE('',(#5742),#5823,.F.);
#5742 = FACE_BOUND('',#5743,.F.);
#5743 = EDGE_LOOP('',(#5744,#5745,#5753,#5761,#5769,#5777,#5785,#5793,
    #5801,#5809,#5816,#5822));
#5744 = ORIENTED_EDGE('',*,*,#4876,.T.);
#5745 = ORIENTED_EDGE('',*,*,#5746,.T.);
#5746 = EDGE_CURVE('',#4869,#5747,#5749,.T.);
#5747 = VERTEX_POINT('',#5748);
#5748 = CARTESIAN_POINT('',(1.875,1.7,1.025));
#5749 = LINE('',#5750,#5751);
#5750 = CARTESIAN_POINT('',(1.875,2.2375,1.025));
#5751 = VECTOR('',#5752,1.);
#5752 = DIRECTION('',(1.110223024625E-16,-1.,0.));
#5753 = ORIENTED_EDGE('',*,*,#5754,.T.);
#5754 = EDGE_CURVE('',#5747,#5755,#5757,.T.);
#5755 = VERTEX_POINT('',#5756);
#5756 = CARTESIAN_POINT('',(1.875,0.84,1.025));
#5757 = LINE('',#5758,#5759);
#5758 = CARTESIAN_POINT('',(1.875,2.2375,1.025));
#5759 = VECTOR('',#5760,1.);
#5760 = DIRECTION('',(1.110223024625E-16,-1.,0.));
#5761 = ORIENTED_EDGE('',*,*,#5762,.T.);
#5762 = EDGE_CURVE('',#5755,#5763,#5765,.T.);
#5763 = VERTEX_POINT('',#5764);
#5764 = CARTESIAN_POINT('',(1.875,0.43,1.025));
#5765 = LINE('',#5766,#5767);
#5766 = CARTESIAN_POINT('',(1.875,2.2375,1.025));
#5767 = VECTOR('',#5768,1.);
#5768 = DIRECTION('',(1.110223024625E-16,-1.,0.));
#5769 = ORIENTED_EDGE('',*,*,#5770,.T.);
#5770 = EDGE_CURVE('',#5763,#5771,#5773,.T.);
#5771 = VERTEX_POINT('',#5772);
#5772 = CARTESIAN_POINT('',(1.875,-0.43,1.025));
#5773 = LINE('',#5774,#5775);
#5774 = CARTESIAN_POINT('',(1.875,2.2375,1.025));
#5775 = VECTOR('',#5776,1.);
#5776 = DIRECTION('',(1.110223024625E-16,-1.,0.));
#5777 = ORIENTED_EDGE('',*,*,#5778,.T.);
#5778 = EDGE_CURVE('',#5771,#5779,#5781,.T.);
#5779 = VERTEX_POINT('',#5780);
#5780 = CARTESIAN_POINT('',(1.875,-0.84,1.025));
#5781 = LINE('',#5782,#5783);
#5782 = CARTESIAN_POINT('',(1.875,2.2375,1.025));
#5783 = VECTOR('',#5784,1.);
#5784 = DIRECTION('',(1.110223024625E-16,-1.,0.));
#5785 = ORIENTED_EDGE('',*,*,#5786,.T.);
#5786 = EDGE_CURVE('',#5779,#5787,#5789,.T.);
#5787 = VERTEX_POINT('',#5788);
#5788 = CARTESIAN_POINT('',(1.875,-1.7,1.025));
#5789 = LINE('',#5790,#5791);
#5790 = CARTESIAN_POINT('',(1.875,2.2375,1.025));
#5791 = VECTOR('',#5792,1.);
#5792 = DIRECTION('',(1.110223024625E-16,-1.,0.));
#5793 = ORIENTED_EDGE('',*,*,#5794,.T.);
#5794 = EDGE_CURVE('',#5787,#5795,#5797,.T.);
#5795 = VERTEX_POINT('',#5796);
#5796 = CARTESIAN_POINT('',(1.875,-2.11,1.025));
#5797 = LINE('',#5798,#5799);
#5798 = CARTESIAN_POINT('',(1.875,2.2375,1.025));
#5799 = VECTOR('',#5800,1.);
#5800 = DIRECTION('',(1.110223024625E-16,-1.,0.));
#5801 = ORIENTED_EDGE('',*,*,#5802,.T.);
#5802 = EDGE_CURVE('',#5795,#5803,#5805,.T.);
#5803 = VERTEX_POINT('',#5804);
#5804 = CARTESIAN_POINT('',(1.875,-2.2375,1.025));
#5805 = LINE('',#5806,#5807);
#5806 = CARTESIAN_POINT('',(1.875,2.2375,1.025));
#5807 = VECTOR('',#5808,1.);
#5808 = DIRECTION('',(1.110223024625E-16,-1.,0.));
#5809 = ORIENTED_EDGE('',*,*,#5810,.T.);
#5810 = EDGE_CURVE('',#5803,#5811,#5813,.T.);
#5811 = VERTEX_POINT('',#5812);
#5812 = CARTESIAN_POINT('',(1.760171280765,-2.180085640382,1.75));
#5813 = B_SPLINE_CURVE_WITH_KNOTS('',1,(#5814,#5815),.UNSPECIFIED.,.F.,
  .F.,(2,2),(0.,1.),.PIECEWISE_BEZIER_KNOTS.);
#5814 = CARTESIAN_POINT('',(1.875,-2.2375,1.025));
#5815 = CARTESIAN_POINT('',(1.760171280765,-2.180085640382,1.75));
#5816 = ORIENTED_EDGE('',*,*,#5817,.F.);
#5817 = EDGE_CURVE('',#5724,#5811,#5818,.T.);
#5818 = LINE('',#5819,#5820);
#5819 = CARTESIAN_POINT('',(1.760171280765,2.180085640382,1.75));
#5820 = VECTOR('',#5821,1.);
#5821 = DIRECTION('',(1.110223024625E-16,-1.,0.));
#5822 = ORIENTED_EDGE('',*,*,#5723,.F.);
#5823 = B_SPLINE_SURFACE_WITH_KNOTS('',1,1,(
    (#5824,#5825)
    ,(#5826,#5827
    )),.UNSPECIFIED.,.F.,.F.,.F.,(2,2),(2,2),(0.,4.475),(0.,1.),
  .PIECEWISE_BEZIER_KNOTS.);
#5824 = CARTESIAN_POINT('',(1.875,2.2375,1.025));
#5825 = CARTESIAN_POINT('',(1.760171280765,2.180085640382,1.75));
#5826 = CARTESIAN_POINT('',(1.875,-2.2375,1.025));
#5827 = CARTESIAN_POINT('',(1.760171280765,-2.180085640382,1.75));
#5828 = ADVANCED_FACE('',(#5829),#5861,.F.);
#5829 = FACE_BOUND('',#5830,.F.);
#5830 = EDGE_LOOP('',(#5831,#5839,#5847,#5853,#5859,#5860));
#5831 = ORIENTED_EDGE('',*,*,#5832,.F.);
#5832 = EDGE_CURVE('',#5833,#4861,#5835,.T.);
#5833 = VERTEX_POINT('',#5834);
#5834 = CARTESIAN_POINT('',(2.25,2.11,1.025));
#5835 = LINE('',#5836,#5837);
#5836 = CARTESIAN_POINT('',(2.25,2.11,1.025));
#5837 = VECTOR('',#5838,1.);
#5838 = DIRECTION('',(-1.,-1.110223024625E-16,0.));
#5839 = ORIENTED_EDGE('',*,*,#5840,.T.);
#5840 = EDGE_CURVE('',#5833,#5841,#5843,.T.);
#5841 = VERTEX_POINT('',#5842);
#5842 = CARTESIAN_POINT('',(2.25,1.7,1.025));
#5843 = LINE('',#5844,#5845);
#5844 = CARTESIAN_POINT('',(2.25,2.11,1.025));
#5845 = VECTOR('',#5846,1.);
#5846 = DIRECTION('',(1.110223024625E-16,-1.,0.));
#5847 = ORIENTED_EDGE('',*,*,#5848,.T.);
#5848 = EDGE_CURVE('',#5841,#5267,#5849,.T.);
#5849 = LINE('',#5850,#5851);
#5850 = CARTESIAN_POINT('',(2.25,1.7,1.025));
#5851 = VECTOR('',#5852,1.);
#5852 = DIRECTION('',(-1.,-1.110223024625E-16,0.));
#5853 = ORIENTED_EDGE('',*,*,#5854,.T.);
#5854 = EDGE_CURVE('',#5267,#5747,#5855,.T.);
#5855 = LINE('',#5856,#5857);
#5856 = CARTESIAN_POINT('',(2.25,1.7,1.025));
#5857 = VECTOR('',#5858,1.);
#5858 = DIRECTION('',(-1.,-1.110223024625E-16,0.));
#5859 = ORIENTED_EDGE('',*,*,#5746,.F.);
#5860 = ORIENTED_EDGE('',*,*,#4868,.F.);
#5861 = PLANE('',#5862);
#5862 = AXIS2_PLACEMENT_3D('',#5863,#5864,#5865);
#5863 = CARTESIAN_POINT('',(2.25,2.11,1.025));
#5864 = DIRECTION('',(0.,0.,-1.));
#5865 = DIRECTION('',(-1.,-1.110223024625E-16,-0.));
#5866 = ADVANCED_FACE('',(#5867),#5910,.F.);
#5867 = FACE_BOUND('',#5868,.F.);
#5868 = EDGE_LOOP('',(#5869,#5870,#5876,#5877,#5885,#5893,#5899,#5900,
    #5906,#5907,#5908,#5909));
#5869 = ORIENTED_EDGE('',*,*,#4970,.T.);
#5870 = ORIENTED_EDGE('',*,*,#5871,.T.);
#5871 = EDGE_CURVE('',#4963,#5593,#5872,.T.);
#5872 = LINE('',#5873,#5874);
#5873 = CARTESIAN_POINT('',(-2.25,-2.11,1.025));
#5874 = VECTOR('',#5875,1.);
#5875 = DIRECTION('',(1.,-1.144237745222E-17,0.));
#5876 = ORIENTED_EDGE('',*,*,#5590,.F.);
#5877 = ORIENTED_EDGE('',*,*,#5878,.F.);
#5878 = EDGE_CURVE('',#5879,#5591,#5881,.T.);
#5879 = VERTEX_POINT('',#5880);
#5880 = CARTESIAN_POINT('',(-1.7375,-2.375,1.025));
#5881 = LINE('',#5882,#5883);
#5882 = CARTESIAN_POINT('',(-1.7375,-2.375,1.025));
#5883 = VECTOR('',#5884,1.);
#5884 = DIRECTION('',(-0.707106781187,0.707106781187,0.));
#5885 = ORIENTED_EDGE('',*,*,#5886,.F.);
#5886 = EDGE_CURVE('',#5887,#5879,#5889,.T.);
#5887 = VERTEX_POINT('',#5888);
#5888 = CARTESIAN_POINT('',(1.7375,-2.375,1.025));
#5889 = LINE('',#5890,#5891);
#5890 = CARTESIAN_POINT('',(1.7375,-2.375,1.025));
#5891 = VECTOR('',#5892,1.);
#5892 = DIRECTION('',(-1.,-1.110223024625E-16,0.));
#5893 = ORIENTED_EDGE('',*,*,#5894,.F.);
#5894 = EDGE_CURVE('',#5803,#5887,#5895,.T.);
#5895 = LINE('',#5896,#5897);
#5896 = CARTESIAN_POINT('',(1.875,-2.2375,1.025));
#5897 = VECTOR('',#5898,1.);
#5898 = DIRECTION('',(-0.707106781187,-0.707106781187,0.));
#5899 = ORIENTED_EDGE('',*,*,#5802,.F.);
#5900 = ORIENTED_EDGE('',*,*,#5901,.F.);
#5901 = EDGE_CURVE('',#5453,#5795,#5902,.T.);
#5902 = LINE('',#5903,#5904);
#5903 = CARTESIAN_POINT('',(2.25,-2.11,1.025));
#5904 = VECTOR('',#5905,1.);
#5905 = DIRECTION('',(-1.,-1.110223024625E-16,0.));
#5906 = ORIENTED_EDGE('',*,*,#5468,.T.);
#5907 = ORIENTED_EDGE('',*,*,#5513,.T.);
#5908 = ORIENTED_EDGE('',*,*,#5530,.T.);
#5909 = ORIENTED_EDGE('',*,*,#5484,.T.);
#5910 = PLANE('',#5911);
#5911 = AXIS2_PLACEMENT_3D('',#5912,#5913,#5914);
#5912 = CARTESIAN_POINT('',(-3.027078129022E-16,2.4125,1.025));
#5913 = DIRECTION('',(2.007919022429E-31,-7.713306628828E-27,-1.));
#5914 = DIRECTION('',(1.,1.112083013911E-16,2.00791902242E-31));
#5915 = ADVANCED_FACE('',(#5916),#6002,.F.);
#5916 = FACE_BOUND('',#5917,.F.);
#5917 = EDGE_LOOP('',(#5918,#5919,#5920,#5929,#5937,#5946,#5954,#5962,
    #5970,#5979,#5987,#5996));
#5918 = ORIENTED_EDGE('',*,*,#4962,.F.);
#5919 = ORIENTED_EDGE('',*,*,#4984,.T.);
#5920 = ORIENTED_EDGE('',*,*,#5921,.T.);
#5921 = EDGE_CURVE('',#4985,#5922,#5924,.T.);
#5922 = VERTEX_POINT('',#5923);
#5923 = CARTESIAN_POINT('',(-2.348480775301,-2.11,0.742364817767));
#5924 = CIRCLE('',#5925,0.1);
#5925 = AXIS2_PLACEMENT_3D('',#5926,#5927,#5928);
#5926 = CARTESIAN_POINT('',(-2.25,-2.11,0.725));
#5927 = DIRECTION('',(-1.144237745222E-17,-1.,3.284293275761E-47));
#5928 = DIRECTION('',(-4.440892098501E-15,5.081436361563E-32,1.));
#5929 = ORIENTED_EDGE('',*,*,#5930,.T.);
#5930 = EDGE_CURVE('',#5922,#5931,#5933,.T.);
#5931 = VERTEX_POINT('',#5932);
#5932 = CARTESIAN_POINT('',(-2.429496640897,-2.11,0.2479055467));
#5933 = LINE('',#5934,#5935);
#5934 = CARTESIAN_POINT('',(-2.348480775301,-2.11,0.742364817767));
#5935 = VECTOR('',#5936,1.);
#5936 = DIRECTION('',(-0.161691392282,1.85013394127E-18,-0.986841372087)
  );
#5937 = ORIENTED_EDGE('',*,*,#5938,.T.);
#5938 = EDGE_CURVE('',#5931,#5939,#5941,.T.);
#5939 = VERTEX_POINT('',#5940);
#5940 = CARTESIAN_POINT('',(-2.724938966801,-2.11,-1.665334536938E-16));
#5941 = CIRCLE('',#5942,0.3);
#5942 = AXIS2_PLACEMENT_3D('',#5943,#5944,#5945);
#5943 = CARTESIAN_POINT('',(-2.724938966801,-2.11,0.3));
#5944 = DIRECTION('',(1.144237745222E-17,1.,7.703719777549E-34));
#5945 = DIRECTION('',(0.984807753012,-1.126854202784E-17,-0.173648177667
    ));
#5946 = ORIENTED_EDGE('',*,*,#5947,.T.);
#5947 = EDGE_CURVE('',#5939,#5948,#5950,.T.);
#5948 = VERTEX_POINT('',#5949);
#5949 = CARTESIAN_POINT('',(-3.,-2.11,-1.665334536938E-16));
#5950 = LINE('',#5951,#5952);
#5951 = CARTESIAN_POINT('',(-2.724938966801,-2.11,-1.665334536938E-16));
#5952 = VECTOR('',#5953,1.);
#5953 = DIRECTION('',(-1.,1.144237745222E-17,0.));
#5954 = ORIENTED_EDGE('',*,*,#5955,.T.);
#5955 = EDGE_CURVE('',#5948,#5956,#5958,.T.);
#5956 = VERTEX_POINT('',#5957);
#5957 = CARTESIAN_POINT('',(-3.,-2.11,0.2));
#5958 = LINE('',#5959,#5960);
#5959 = CARTESIAN_POINT('',(-3.,-2.11,-1.665334536938E-16));
#5960 = VECTOR('',#5961,1.);
#5961 = DIRECTION('',(0.,0.,1.));
#5962 = ORIENTED_EDGE('',*,*,#5963,.T.);
#5963 = EDGE_CURVE('',#5956,#5964,#5966,.T.);
#5964 = VERTEX_POINT('',#5965);
#5965 = CARTESIAN_POINT('',(-2.724938966801,-2.11,0.2));
#5966 = LINE('',#5967,#5968);
#5967 = CARTESIAN_POINT('',(-3.,-2.11,0.2));
#5968 = VECTOR('',#5969,1.);
#5969 = DIRECTION('',(1.,-1.144237745222E-17,0.));
#5970 = ORIENTED_EDGE('',*,*,#5971,.T.);
#5971 = EDGE_CURVE('',#5964,#5972,#5974,.T.);
#5972 = VERTEX_POINT('',#5973);
#5973 = CARTESIAN_POINT('',(-2.6264581915,-2.11,0.282635182233));
#5974 = CIRCLE('',#5975,0.1);
#5975 = AXIS2_PLACEMENT_3D('',#5976,#5977,#5978);
#5976 = CARTESIAN_POINT('',(-2.724938966801,-2.11,0.3));
#5977 = DIRECTION('',(-1.144237745222E-17,-1.,-0.));
#5978 = DIRECTION('',(0.,0.,-1.));
#5979 = ORIENTED_EDGE('',*,*,#5980,.T.);
#5980 = EDGE_CURVE('',#5972,#5981,#5983,.T.);
#5981 = VERTEX_POINT('',#5982);
#5982 = CARTESIAN_POINT('',(-2.545442325904,-2.11,0.7770944533));
#5983 = LINE('',#5984,#5985);
#5984 = CARTESIAN_POINT('',(-2.6264581915,-2.11,0.282635182233));
#5985 = VECTOR('',#5986,1.);
#5986 = DIRECTION('',(0.161691392282,-1.85013394127E-18,0.986841372087)
  );
#5987 = ORIENTED_EDGE('',*,*,#5988,.T.);
#5988 = EDGE_CURVE('',#5981,#5989,#5991,.T.);
#5989 = VERTEX_POINT('',#5990);
#5990 = CARTESIAN_POINT('',(-2.25,-2.11,1.025));
#5991 = CIRCLE('',#5992,0.3);
#5992 = AXIS2_PLACEMENT_3D('',#5993,#5994,#5995);
#5993 = CARTESIAN_POINT('',(-2.25,-2.11,0.725));
#5994 = DIRECTION('',(1.144237745222E-17,1.,7.703719777549E-34));
#5995 = DIRECTION('',(-0.984807753012,1.126854202784E-17,0.173648177667)
  );
#5996 = ORIENTED_EDGE('',*,*,#5997,.T.);
#5997 = EDGE_CURVE('',#5989,#4963,#5998,.T.);
#5998 = LINE('',#5999,#6000);
#5999 = CARTESIAN_POINT('',(-2.25,-2.11,1.025));
#6000 = VECTOR('',#6001,1.);
#6001 = DIRECTION('',(1.,-1.144237745222E-17,0.));
#6002 = PLANE('',#6003);
#6003 = AXIS2_PLACEMENT_3D('',#6004,#6005,#6006);
#6004 = CARTESIAN_POINT('',(-2.42560961319,-2.11,0.548953137803));
#6005 = DIRECTION('',(1.144237745222E-17,1.,0.));
#6006 = DIRECTION('',(0.,-0.,1.));
#6007 = ADVANCED_FACE('',(#6008),#6027,.F.);
#6008 = FACE_BOUND('',#6009,.F.);
#6009 = EDGE_LOOP('',(#6010,#6011,#6020,#6026));
#6010 = ORIENTED_EDGE('',*,*,#5001,.T.);
#6011 = ORIENTED_EDGE('',*,*,#6012,.T.);
#6012 = EDGE_CURVE('',#4994,#6013,#6015,.T.);
#6013 = VERTEX_POINT('',#6014);
#6014 = CARTESIAN_POINT('',(-2.348480775301,-1.7,0.742364817767));
#6015 = CIRCLE('',#6016,0.1);
#6016 = AXIS2_PLACEMENT_3D('',#6017,#6018,#6019);
#6017 = CARTESIAN_POINT('',(-2.25,-1.7,0.725));
#6018 = DIRECTION('',(-1.144237745222E-17,-1.,3.284293275761E-47));
#6019 = DIRECTION('',(-4.440892098501E-15,5.081436361563E-32,1.));
#6020 = ORIENTED_EDGE('',*,*,#6021,.F.);
#6021 = EDGE_CURVE('',#5922,#6013,#6022,.T.);
#6022 = LINE('',#6023,#6024);
#6023 = CARTESIAN_POINT('',(-2.348480775301,-2.11,0.742364817767));
#6024 = VECTOR('',#6025,1.);
#6025 = DIRECTION('',(1.144237745222E-17,1.,0.));
#6026 = ORIENTED_EDGE('',*,*,#5921,.F.);
#6027 = CYLINDRICAL_SURFACE('',#6028,0.1);
#6028 = AXIS2_PLACEMENT_3D('',#6029,#6030,#6031);
#6029 = CARTESIAN_POINT('',(-2.25,-2.11,0.725));
#6030 = DIRECTION('',(-1.144237745222E-17,-1.,0.));
#6031 = DIRECTION('',(-4.440892098501E-15,5.081436361563E-32,1.));
#6032 = ADVANCED_FACE('',(#6033),#6111,.T.);
#6033 = FACE_BOUND('',#6034,.T.);
#6034 = EDGE_LOOP('',(#6035,#6036,#6037,#6038,#6046,#6055,#6063,#6071,
    #6079,#6088,#6096,#6105));
#6035 = ORIENTED_EDGE('',*,*,#5015,.F.);
#6036 = ORIENTED_EDGE('',*,*,#4993,.T.);
#6037 = ORIENTED_EDGE('',*,*,#6012,.T.);
#6038 = ORIENTED_EDGE('',*,*,#6039,.T.);
#6039 = EDGE_CURVE('',#6013,#6040,#6042,.T.);
#6040 = VERTEX_POINT('',#6041);
#6041 = CARTESIAN_POINT('',(-2.429496640897,-1.7,0.2479055467));
#6042 = LINE('',#6043,#6044);
#6043 = CARTESIAN_POINT('',(-2.348480775301,-1.7,0.742364817767));
#6044 = VECTOR('',#6045,1.);
#6045 = DIRECTION('',(-0.161691392282,1.85013394127E-18,-0.986841372087)
  );
#6046 = ORIENTED_EDGE('',*,*,#6047,.T.);
#6047 = EDGE_CURVE('',#6040,#6048,#6050,.T.);
#6048 = VERTEX_POINT('',#6049);
#6049 = CARTESIAN_POINT('',(-2.724938966801,-1.7,-1.665334536938E-16));
#6050 = CIRCLE('',#6051,0.3);
#6051 = AXIS2_PLACEMENT_3D('',#6052,#6053,#6054);
#6052 = CARTESIAN_POINT('',(-2.724938966801,-1.7,0.3));
#6053 = DIRECTION('',(1.144237745222E-17,1.,7.703719777549E-34));
#6054 = DIRECTION('',(0.984807753012,-1.126854202784E-17,-0.173648177667
    ));
#6055 = ORIENTED_EDGE('',*,*,#6056,.T.);
#6056 = EDGE_CURVE('',#6048,#6057,#6059,.T.);
#6057 = VERTEX_POINT('',#6058);
#6058 = CARTESIAN_POINT('',(-3.,-1.7,-1.665334536938E-16));
#6059 = LINE('',#6060,#6061);
#6060 = CARTESIAN_POINT('',(-2.724938966801,-1.7,-1.665334536938E-16));
#6061 = VECTOR('',#6062,1.);
#6062 = DIRECTION('',(-1.,1.144237745222E-17,0.));
#6063 = ORIENTED_EDGE('',*,*,#6064,.T.);
#6064 = EDGE_CURVE('',#6057,#6065,#6067,.T.);
#6065 = VERTEX_POINT('',#6066);
#6066 = CARTESIAN_POINT('',(-3.,-1.7,0.2));
#6067 = LINE('',#6068,#6069);
#6068 = CARTESIAN_POINT('',(-3.,-1.7,-1.665334536938E-16));
#6069 = VECTOR('',#6070,1.);
#6070 = DIRECTION('',(0.,0.,1.));
#6071 = ORIENTED_EDGE('',*,*,#6072,.T.);
#6072 = EDGE_CURVE('',#6065,#6073,#6075,.T.);
#6073 = VERTEX_POINT('',#6074);
#6074 = CARTESIAN_POINT('',(-2.724938966801,-1.7,0.2));
#6075 = LINE('',#6076,#6077);
#6076 = CARTESIAN_POINT('',(-3.,-1.7,0.2));
#6077 = VECTOR('',#6078,1.);
#6078 = DIRECTION('',(1.,-1.144237745222E-17,0.));
#6079 = ORIENTED_EDGE('',*,*,#6080,.T.);
#6080 = EDGE_CURVE('',#6073,#6081,#6083,.T.);
#6081 = VERTEX_POINT('',#6082);
#6082 = CARTESIAN_POINT('',(-2.6264581915,-1.7,0.282635182233));
#6083 = CIRCLE('',#6084,0.1);
#6084 = AXIS2_PLACEMENT_3D('',#6085,#6086,#6087);
#6085 = CARTESIAN_POINT('',(-2.724938966801,-1.7,0.3));
#6086 = DIRECTION('',(-1.144237745222E-17,-1.,-0.));
#6087 = DIRECTION('',(0.,0.,-1.));
#6088 = ORIENTED_EDGE('',*,*,#6089,.T.);
#6089 = EDGE_CURVE('',#6081,#6090,#6092,.T.);
#6090 = VERTEX_POINT('',#6091);
#6091 = CARTESIAN_POINT('',(-2.545442325904,-1.7,0.7770944533));
#6092 = LINE('',#6093,#6094);
#6093 = CARTESIAN_POINT('',(-2.6264581915,-1.7,0.282635182233));
#6094 = VECTOR('',#6095,1.);
#6095 = DIRECTION('',(0.161691392282,-1.85013394127E-18,0.986841372087)
  );
#6096 = ORIENTED_EDGE('',*,*,#6097,.T.);
#6097 = EDGE_CURVE('',#6090,#6098,#6100,.T.);
#6098 = VERTEX_POINT('',#6099);
#6099 = CARTESIAN_POINT('',(-2.25,-1.7,1.025));
#6100 = CIRCLE('',#6101,0.3);
#6101 = AXIS2_PLACEMENT_3D('',#6102,#6103,#6104);
#6102 = CARTESIAN_POINT('',(-2.25,-1.7,0.725));
#6103 = DIRECTION('',(1.144237745222E-17,1.,7.703719777549E-34));
#6104 = DIRECTION('',(-0.984807753012,1.126854202784E-17,0.173648177667)
  );
#6105 = ORIENTED_EDGE('',*,*,#6106,.T.);
#6106 = EDGE_CURVE('',#6098,#5016,#6107,.T.);
#6107 = LINE('',#6108,#6109);
#6108 = CARTESIAN_POINT('',(-2.25,-1.7,1.025));
#6109 = VECTOR('',#6110,1.);
#6110 = DIRECTION('',(1.,-1.144237745222E-17,0.));
#6111 = PLANE('',#6112);
#6112 = AXIS2_PLACEMENT_3D('',#6113,#6114,#6115);
#6113 = CARTESIAN_POINT('',(-2.42560961319,-1.7,0.548953137803));
#6114 = DIRECTION('',(1.144237745222E-17,1.,0.));
#6115 = DIRECTION('',(0.,-0.,1.));
#6116 = ADVANCED_FACE('',(#6117),#6133,.F.);
#6117 = FACE_BOUND('',#6118,.F.);
#6118 = EDGE_LOOP('',(#6119,#6120,#6126,#6127));
#6119 = ORIENTED_EDGE('',*,*,#5032,.T.);
#6120 = ORIENTED_EDGE('',*,*,#6121,.T.);
#6121 = EDGE_CURVE('',#5025,#5609,#6122,.T.);
#6122 = LINE('',#6123,#6124);
#6123 = CARTESIAN_POINT('',(-2.25,-0.84,1.025));
#6124 = VECTOR('',#6125,1.);
#6125 = DIRECTION('',(1.,-1.144237745222E-17,0.));
#6126 = ORIENTED_EDGE('',*,*,#5608,.F.);
#6127 = ORIENTED_EDGE('',*,*,#6128,.F.);
#6128 = EDGE_CURVE('',#5016,#5601,#6129,.T.);
#6129 = LINE('',#6130,#6131);
#6130 = CARTESIAN_POINT('',(-2.25,-1.7,1.025));
#6131 = VECTOR('',#6132,1.);
#6132 = DIRECTION('',(1.,-1.144237745222E-17,0.));
#6133 = PLANE('',#6134);
#6134 = AXIS2_PLACEMENT_3D('',#6135,#6136,#6137);
#6135 = CARTESIAN_POINT('',(-3.027078129022E-16,2.4125,1.025));
#6136 = DIRECTION('',(2.007919022429E-31,-7.713306628828E-27,-1.));
#6137 = DIRECTION('',(1.,1.112083013911E-16,2.00791902242E-31));
#6138 = ADVANCED_FACE('',(#6139),#6225,.F.);
#6139 = FACE_BOUND('',#6140,.F.);
#6140 = EDGE_LOOP('',(#6141,#6142,#6143,#6152,#6160,#6169,#6177,#6185,
    #6193,#6202,#6210,#6219));
#6141 = ORIENTED_EDGE('',*,*,#5024,.F.);
#6142 = ORIENTED_EDGE('',*,*,#5046,.T.);
#6143 = ORIENTED_EDGE('',*,*,#6144,.T.);
#6144 = EDGE_CURVE('',#5047,#6145,#6147,.T.);
#6145 = VERTEX_POINT('',#6146);
#6146 = CARTESIAN_POINT('',(-2.348480775301,-0.84,0.742364817767));
#6147 = CIRCLE('',#6148,0.1);
#6148 = AXIS2_PLACEMENT_3D('',#6149,#6150,#6151);
#6149 = CARTESIAN_POINT('',(-2.25,-0.84,0.725));
#6150 = DIRECTION('',(-1.144237745222E-17,-1.,3.284293275761E-47));
#6151 = DIRECTION('',(-4.440892098501E-15,5.081436361563E-32,1.));
#6152 = ORIENTED_EDGE('',*,*,#6153,.T.);
#6153 = EDGE_CURVE('',#6145,#6154,#6156,.T.);
#6154 = VERTEX_POINT('',#6155);
#6155 = CARTESIAN_POINT('',(-2.429496640897,-0.84,0.2479055467));
#6156 = LINE('',#6157,#6158);
#6157 = CARTESIAN_POINT('',(-2.348480775301,-0.84,0.742364817767));
#6158 = VECTOR('',#6159,1.);
#6159 = DIRECTION('',(-0.161691392282,1.85013394127E-18,-0.986841372087)
  );
#6160 = ORIENTED_EDGE('',*,*,#6161,.T.);
#6161 = EDGE_CURVE('',#6154,#6162,#6164,.T.);
#6162 = VERTEX_POINT('',#6163);
#6163 = CARTESIAN_POINT('',(-2.724938966801,-0.84,-1.665334536938E-16));
#6164 = CIRCLE('',#6165,0.3);
#6165 = AXIS2_PLACEMENT_3D('',#6166,#6167,#6168);
#6166 = CARTESIAN_POINT('',(-2.724938966801,-0.84,0.3));
#6167 = DIRECTION('',(1.144237745222E-17,1.,7.703719777549E-34));
#6168 = DIRECTION('',(0.984807753012,-1.126854202784E-17,-0.173648177667
    ));
#6169 = ORIENTED_EDGE('',*,*,#6170,.T.);
#6170 = EDGE_CURVE('',#6162,#6171,#6173,.T.);
#6171 = VERTEX_POINT('',#6172);
#6172 = CARTESIAN_POINT('',(-3.,-0.84,-1.665334536938E-16));
#6173 = LINE('',#6174,#6175);
#6174 = CARTESIAN_POINT('',(-2.724938966801,-0.84,-1.665334536938E-16));
#6175 = VECTOR('',#6176,1.);
#6176 = DIRECTION('',(-1.,1.144237745222E-17,0.));
#6177 = ORIENTED_EDGE('',*,*,#6178,.T.);
#6178 = EDGE_CURVE('',#6171,#6179,#6181,.T.);
#6179 = VERTEX_POINT('',#6180);
#6180 = CARTESIAN_POINT('',(-3.,-0.84,0.2));
#6181 = LINE('',#6182,#6183);
#6182 = CARTESIAN_POINT('',(-3.,-0.84,-1.665334536938E-16));
#6183 = VECTOR('',#6184,1.);
#6184 = DIRECTION('',(0.,0.,1.));
#6185 = ORIENTED_EDGE('',*,*,#6186,.T.);
#6186 = EDGE_CURVE('',#6179,#6187,#6189,.T.);
#6187 = VERTEX_POINT('',#6188);
#6188 = CARTESIAN_POINT('',(-2.724938966801,-0.84,0.2));
#6189 = LINE('',#6190,#6191);
#6190 = CARTESIAN_POINT('',(-3.,-0.84,0.2));
#6191 = VECTOR('',#6192,1.);
#6192 = DIRECTION('',(1.,-1.144237745222E-17,0.));
#6193 = ORIENTED_EDGE('',*,*,#6194,.T.);
#6194 = EDGE_CURVE('',#6187,#6195,#6197,.T.);
#6195 = VERTEX_POINT('',#6196);
#6196 = CARTESIAN_POINT('',(-2.6264581915,-0.84,0.282635182233));
#6197 = CIRCLE('',#6198,0.1);
#6198 = AXIS2_PLACEMENT_3D('',#6199,#6200,#6201);
#6199 = CARTESIAN_POINT('',(-2.724938966801,-0.84,0.3));
#6200 = DIRECTION('',(-1.144237745222E-17,-1.,-0.));
#6201 = DIRECTION('',(0.,0.,-1.));
#6202 = ORIENTED_EDGE('',*,*,#6203,.T.);
#6203 = EDGE_CURVE('',#6195,#6204,#6206,.T.);
#6204 = VERTEX_POINT('',#6205);
#6205 = CARTESIAN_POINT('',(-2.545442325904,-0.84,0.7770944533));
#6206 = LINE('',#6207,#6208);
#6207 = CARTESIAN_POINT('',(-2.6264581915,-0.84,0.282635182233));
#6208 = VECTOR('',#6209,1.);
#6209 = DIRECTION('',(0.161691392282,-1.85013394127E-18,0.986841372087)
  );
#6210 = ORIENTED_EDGE('',*,*,#6211,.T.);
#6211 = EDGE_CURVE('',#6204,#6212,#6214,.T.);
#6212 = VERTEX_POINT('',#6213);
#6213 = CARTESIAN_POINT('',(-2.25,-0.84,1.025));
#6214 = CIRCLE('',#6215,0.3);
#6215 = AXIS2_PLACEMENT_3D('',#6216,#6217,#6218);
#6216 = CARTESIAN_POINT('',(-2.25,-0.84,0.725));
#6217 = DIRECTION('',(1.144237745222E-17,1.,7.703719777549E-34));
#6218 = DIRECTION('',(-0.984807753012,1.126854202784E-17,0.173648177667)
  );
#6219 = ORIENTED_EDGE('',*,*,#6220,.T.);
#6220 = EDGE_CURVE('',#6212,#5025,#6221,.T.);
#6221 = LINE('',#6222,#6223);
#6222 = CARTESIAN_POINT('',(-2.25,-0.84,1.025));
#6223 = VECTOR('',#6224,1.);
#6224 = DIRECTION('',(1.,-1.144237745222E-17,0.));
#6225 = PLANE('',#6226);
#6226 = AXIS2_PLACEMENT_3D('',#6227,#6228,#6229);
#6227 = CARTESIAN_POINT('',(-2.42560961319,-0.84,0.548953137803));
#6228 = DIRECTION('',(1.144237745222E-17,1.,0.));
#6229 = DIRECTION('',(0.,-0.,1.));
#6230 = ADVANCED_FACE('',(#6231),#6250,.F.);
#6231 = FACE_BOUND('',#6232,.F.);
#6232 = EDGE_LOOP('',(#6233,#6234,#6243,#6249));
#6233 = ORIENTED_EDGE('',*,*,#5063,.T.);
#6234 = ORIENTED_EDGE('',*,*,#6235,.T.);
#6235 = EDGE_CURVE('',#5056,#6236,#6238,.T.);
#6236 = VERTEX_POINT('',#6237);
#6237 = CARTESIAN_POINT('',(-2.348480775301,-0.43,0.742364817767));
#6238 = CIRCLE('',#6239,0.1);
#6239 = AXIS2_PLACEMENT_3D('',#6240,#6241,#6242);
#6240 = CARTESIAN_POINT('',(-2.25,-0.43,0.725));
#6241 = DIRECTION('',(-1.144237745222E-17,-1.,3.284293275761E-47));
#6242 = DIRECTION('',(-4.440892098501E-15,5.081436361563E-32,1.));
#6243 = ORIENTED_EDGE('',*,*,#6244,.F.);
#6244 = EDGE_CURVE('',#6145,#6236,#6245,.T.);
#6245 = LINE('',#6246,#6247);
#6246 = CARTESIAN_POINT('',(-2.348480775301,-0.84,0.742364817767));
#6247 = VECTOR('',#6248,1.);
#6248 = DIRECTION('',(1.144237745222E-17,1.,0.));
#6249 = ORIENTED_EDGE('',*,*,#6144,.F.);
#6250 = CYLINDRICAL_SURFACE('',#6251,0.1);
#6251 = AXIS2_PLACEMENT_3D('',#6252,#6253,#6254);
#6252 = CARTESIAN_POINT('',(-2.25,-0.84,0.725));
#6253 = DIRECTION('',(-1.144237745222E-17,-1.,0.));
#6254 = DIRECTION('',(-4.440892098501E-15,5.081436361563E-32,1.));
#6255 = ADVANCED_FACE('',(#6256),#6334,.T.);
#6256 = FACE_BOUND('',#6257,.T.);
#6257 = EDGE_LOOP('',(#6258,#6259,#6260,#6261,#6269,#6278,#6286,#6294,
    #6302,#6311,#6319,#6328));
#6258 = ORIENTED_EDGE('',*,*,#5077,.F.);
#6259 = ORIENTED_EDGE('',*,*,#5055,.T.);
#6260 = ORIENTED_EDGE('',*,*,#6235,.T.);
#6261 = ORIENTED_EDGE('',*,*,#6262,.T.);
#6262 = EDGE_CURVE('',#6236,#6263,#6265,.T.);
#6263 = VERTEX_POINT('',#6264);
#6264 = CARTESIAN_POINT('',(-2.429496640897,-0.43,0.2479055467));
#6265 = LINE('',#6266,#6267);
#6266 = CARTESIAN_POINT('',(-2.348480775301,-0.43,0.742364817767));
#6267 = VECTOR('',#6268,1.);
#6268 = DIRECTION('',(-0.161691392282,1.85013394127E-18,-0.986841372087)
  );
#6269 = ORIENTED_EDGE('',*,*,#6270,.T.);
#6270 = EDGE_CURVE('',#6263,#6271,#6273,.T.);
#6271 = VERTEX_POINT('',#6272);
#6272 = CARTESIAN_POINT('',(-2.724938966801,-0.43,-1.665334536938E-16));
#6273 = CIRCLE('',#6274,0.3);
#6274 = AXIS2_PLACEMENT_3D('',#6275,#6276,#6277);
#6275 = CARTESIAN_POINT('',(-2.724938966801,-0.43,0.3));
#6276 = DIRECTION('',(1.144237745222E-17,1.,7.703719777549E-34));
#6277 = DIRECTION('',(0.984807753012,-1.126854202784E-17,-0.173648177667
    ));
#6278 = ORIENTED_EDGE('',*,*,#6279,.T.);
#6279 = EDGE_CURVE('',#6271,#6280,#6282,.T.);
#6280 = VERTEX_POINT('',#6281);
#6281 = CARTESIAN_POINT('',(-3.,-0.43,-1.665334536938E-16));
#6282 = LINE('',#6283,#6284);
#6283 = CARTESIAN_POINT('',(-2.724938966801,-0.43,-1.665334536938E-16));
#6284 = VECTOR('',#6285,1.);
#6285 = DIRECTION('',(-1.,1.144237745222E-17,0.));
#6286 = ORIENTED_EDGE('',*,*,#6287,.T.);
#6287 = EDGE_CURVE('',#6280,#6288,#6290,.T.);
#6288 = VERTEX_POINT('',#6289);
#6289 = CARTESIAN_POINT('',(-3.,-0.43,0.2));
#6290 = LINE('',#6291,#6292);
#6291 = CARTESIAN_POINT('',(-3.,-0.43,-1.665334536938E-16));
#6292 = VECTOR('',#6293,1.);
#6293 = DIRECTION('',(0.,0.,1.));
#6294 = ORIENTED_EDGE('',*,*,#6295,.T.);
#6295 = EDGE_CURVE('',#6288,#6296,#6298,.T.);
#6296 = VERTEX_POINT('',#6297);
#6297 = CARTESIAN_POINT('',(-2.724938966801,-0.43,0.2));
#6298 = LINE('',#6299,#6300);
#6299 = CARTESIAN_POINT('',(-3.,-0.43,0.2));
#6300 = VECTOR('',#6301,1.);
#6301 = DIRECTION('',(1.,-1.144237745222E-17,0.));
#6302 = ORIENTED_EDGE('',*,*,#6303,.T.);
#6303 = EDGE_CURVE('',#6296,#6304,#6306,.T.);
#6304 = VERTEX_POINT('',#6305);
#6305 = CARTESIAN_POINT('',(-2.6264581915,-0.43,0.282635182233));
#6306 = CIRCLE('',#6307,0.1);
#6307 = AXIS2_PLACEMENT_3D('',#6308,#6309,#6310);
#6308 = CARTESIAN_POINT('',(-2.724938966801,-0.43,0.3));
#6309 = DIRECTION('',(-1.144237745222E-17,-1.,-0.));
#6310 = DIRECTION('',(0.,0.,-1.));
#6311 = ORIENTED_EDGE('',*,*,#6312,.T.);
#6312 = EDGE_CURVE('',#6304,#6313,#6315,.T.);
#6313 = VERTEX_POINT('',#6314);
#6314 = CARTESIAN_POINT('',(-2.545442325904,-0.43,0.7770944533));
#6315 = LINE('',#6316,#6317);
#6316 = CARTESIAN_POINT('',(-2.6264581915,-0.43,0.282635182233));
#6317 = VECTOR('',#6318,1.);
#6318 = DIRECTION('',(0.161691392282,-1.85013394127E-18,0.986841372087)
  );
#6319 = ORIENTED_EDGE('',*,*,#6320,.T.);
#6320 = EDGE_CURVE('',#6313,#6321,#6323,.T.);
#6321 = VERTEX_POINT('',#6322);
#6322 = CARTESIAN_POINT('',(-2.25,-0.43,1.025));
#6323 = CIRCLE('',#6324,0.3);
#6324 = AXIS2_PLACEMENT_3D('',#6325,#6326,#6327);
#6325 = CARTESIAN_POINT('',(-2.25,-0.43,0.725));
#6326 = DIRECTION('',(1.144237745222E-17,1.,7.703719777549E-34));
#6327 = DIRECTION('',(-0.984807753012,1.126854202784E-17,0.173648177667)
  );
#6328 = ORIENTED_EDGE('',*,*,#6329,.T.);
#6329 = EDGE_CURVE('',#6321,#5078,#6330,.T.);
#6330 = LINE('',#6331,#6332);
#6331 = CARTESIAN_POINT('',(-2.25,-0.43,1.025));
#6332 = VECTOR('',#6333,1.);
#6333 = DIRECTION('',(1.,-1.144237745222E-17,0.));
#6334 = PLANE('',#6335);
#6335 = AXIS2_PLACEMENT_3D('',#6336,#6337,#6338);
#6336 = CARTESIAN_POINT('',(-2.42560961319,-0.43,0.548953137803));
#6337 = DIRECTION('',(1.144237745222E-17,1.,0.));
#6338 = DIRECTION('',(0.,-0.,1.));
#6339 = ADVANCED_FACE('',(#6340),#6356,.F.);
#6340 = FACE_BOUND('',#6341,.F.);
#6341 = EDGE_LOOP('',(#6342,#6343,#6349,#6350));
#6342 = ORIENTED_EDGE('',*,*,#5094,.T.);
#6343 = ORIENTED_EDGE('',*,*,#6344,.T.);
#6344 = EDGE_CURVE('',#5087,#5625,#6345,.T.);
#6345 = LINE('',#6346,#6347);
#6346 = CARTESIAN_POINT('',(-2.25,0.43,1.025));
#6347 = VECTOR('',#6348,1.);
#6348 = DIRECTION('',(1.,-1.144237745222E-17,0.));
#6349 = ORIENTED_EDGE('',*,*,#5624,.F.);
#6350 = ORIENTED_EDGE('',*,*,#6351,.F.);
#6351 = EDGE_CURVE('',#5078,#5617,#6352,.T.);
#6352 = LINE('',#6353,#6354);
#6353 = CARTESIAN_POINT('',(-2.25,-0.43,1.025));
#6354 = VECTOR('',#6355,1.);
#6355 = DIRECTION('',(1.,-1.144237745222E-17,0.));
#6356 = PLANE('',#6357);
#6357 = AXIS2_PLACEMENT_3D('',#6358,#6359,#6360);
#6358 = CARTESIAN_POINT('',(-3.027078129022E-16,2.4125,1.025));
#6359 = DIRECTION('',(2.007919022429E-31,-7.713306628828E-27,-1.));
#6360 = DIRECTION('',(1.,1.112083013911E-16,2.00791902242E-31));
#6361 = ADVANCED_FACE('',(#6362),#6448,.F.);
#6362 = FACE_BOUND('',#6363,.F.);
#6363 = EDGE_LOOP('',(#6364,#6365,#6366,#6375,#6383,#6392,#6400,#6408,
    #6416,#6425,#6433,#6442));
#6364 = ORIENTED_EDGE('',*,*,#5086,.F.);
#6365 = ORIENTED_EDGE('',*,*,#5108,.T.);
#6366 = ORIENTED_EDGE('',*,*,#6367,.T.);
#6367 = EDGE_CURVE('',#5109,#6368,#6370,.T.);
#6368 = VERTEX_POINT('',#6369);
#6369 = CARTESIAN_POINT('',(-2.348480775301,0.43,0.742364817767));
#6370 = CIRCLE('',#6371,0.1);
#6371 = AXIS2_PLACEMENT_3D('',#6372,#6373,#6374);
#6372 = CARTESIAN_POINT('',(-2.25,0.43,0.725));
#6373 = DIRECTION('',(-1.144237745222E-17,-1.,3.284293275761E-47));
#6374 = DIRECTION('',(-4.440892098501E-15,5.081436361563E-32,1.));
#6375 = ORIENTED_EDGE('',*,*,#6376,.T.);
#6376 = EDGE_CURVE('',#6368,#6377,#6379,.T.);
#6377 = VERTEX_POINT('',#6378);
#6378 = CARTESIAN_POINT('',(-2.429496640897,0.43,0.2479055467));
#6379 = LINE('',#6380,#6381);
#6380 = CARTESIAN_POINT('',(-2.348480775301,0.43,0.742364817767));
#6381 = VECTOR('',#6382,1.);
#6382 = DIRECTION('',(-0.161691392282,1.85013394127E-18,-0.986841372087)
  );
#6383 = ORIENTED_EDGE('',*,*,#6384,.T.);
#6384 = EDGE_CURVE('',#6377,#6385,#6387,.T.);
#6385 = VERTEX_POINT('',#6386);
#6386 = CARTESIAN_POINT('',(-2.724938966801,0.43,-1.665334536938E-16));
#6387 = CIRCLE('',#6388,0.3);
#6388 = AXIS2_PLACEMENT_3D('',#6389,#6390,#6391);
#6389 = CARTESIAN_POINT('',(-2.724938966801,0.43,0.3));
#6390 = DIRECTION('',(1.144237745222E-17,1.,7.703719777549E-34));
#6391 = DIRECTION('',(0.984807753012,-1.126854202784E-17,-0.173648177667
    ));
#6392 = ORIENTED_EDGE('',*,*,#6393,.T.);
#6393 = EDGE_CURVE('',#6385,#6394,#6396,.T.);
#6394 = VERTEX_POINT('',#6395);
#6395 = CARTESIAN_POINT('',(-3.,0.43,-1.665334536938E-16));
#6396 = LINE('',#6397,#6398);
#6397 = CARTESIAN_POINT('',(-2.724938966801,0.43,-1.665334536938E-16));
#6398 = VECTOR('',#6399,1.);
#6399 = DIRECTION('',(-1.,1.144237745222E-17,0.));
#6400 = ORIENTED_EDGE('',*,*,#6401,.T.);
#6401 = EDGE_CURVE('',#6394,#6402,#6404,.T.);
#6402 = VERTEX_POINT('',#6403);
#6403 = CARTESIAN_POINT('',(-3.,0.43,0.2));
#6404 = LINE('',#6405,#6406);
#6405 = CARTESIAN_POINT('',(-3.,0.43,-1.665334536938E-16));
#6406 = VECTOR('',#6407,1.);
#6407 = DIRECTION('',(0.,0.,1.));
#6408 = ORIENTED_EDGE('',*,*,#6409,.T.);
#6409 = EDGE_CURVE('',#6402,#6410,#6412,.T.);
#6410 = VERTEX_POINT('',#6411);
#6411 = CARTESIAN_POINT('',(-2.724938966801,0.43,0.2));
#6412 = LINE('',#6413,#6414);
#6413 = CARTESIAN_POINT('',(-3.,0.43,0.2));
#6414 = VECTOR('',#6415,1.);
#6415 = DIRECTION('',(1.,-1.144237745222E-17,0.));
#6416 = ORIENTED_EDGE('',*,*,#6417,.T.);
#6417 = EDGE_CURVE('',#6410,#6418,#6420,.T.);
#6418 = VERTEX_POINT('',#6419);
#6419 = CARTESIAN_POINT('',(-2.6264581915,0.43,0.282635182233));
#6420 = CIRCLE('',#6421,0.1);
#6421 = AXIS2_PLACEMENT_3D('',#6422,#6423,#6424);
#6422 = CARTESIAN_POINT('',(-2.724938966801,0.43,0.3));
#6423 = DIRECTION('',(-1.144237745222E-17,-1.,-0.));
#6424 = DIRECTION('',(0.,0.,-1.));
#6425 = ORIENTED_EDGE('',*,*,#6426,.T.);
#6426 = EDGE_CURVE('',#6418,#6427,#6429,.T.);
#6427 = VERTEX_POINT('',#6428);
#6428 = CARTESIAN_POINT('',(-2.545442325904,0.43,0.7770944533));
#6429 = LINE('',#6430,#6431);
#6430 = CARTESIAN_POINT('',(-2.6264581915,0.43,0.282635182233));
#6431 = VECTOR('',#6432,1.);
#6432 = DIRECTION('',(0.161691392282,-1.85013394127E-18,0.986841372087)
  );
#6433 = ORIENTED_EDGE('',*,*,#6434,.T.);
#6434 = EDGE_CURVE('',#6427,#6435,#6437,.T.);
#6435 = VERTEX_POINT('',#6436);
#6436 = CARTESIAN_POINT('',(-2.25,0.43,1.025));
#6437 = CIRCLE('',#6438,0.3);
#6438 = AXIS2_PLACEMENT_3D('',#6439,#6440,#6441);
#6439 = CARTESIAN_POINT('',(-2.25,0.43,0.725));
#6440 = DIRECTION('',(1.144237745222E-17,1.,7.703719777549E-34));
#6441 = DIRECTION('',(-0.984807753012,1.126854202784E-17,0.173648177667)
  );
#6442 = ORIENTED_EDGE('',*,*,#6443,.T.);
#6443 = EDGE_CURVE('',#6435,#5087,#6444,.T.);
#6444 = LINE('',#6445,#6446);
#6445 = CARTESIAN_POINT('',(-2.25,0.43,1.025));
#6446 = VECTOR('',#6447,1.);
#6447 = DIRECTION('',(1.,-1.144237745222E-17,0.));
#6448 = PLANE('',#6449);
#6449 = AXIS2_PLACEMENT_3D('',#6450,#6451,#6452);
#6450 = CARTESIAN_POINT('',(-2.42560961319,0.43,0.548953137803));
#6451 = DIRECTION('',(1.144237745222E-17,1.,0.));
#6452 = DIRECTION('',(0.,-0.,1.));
#6453 = ADVANCED_FACE('',(#6454),#6473,.F.);
#6454 = FACE_BOUND('',#6455,.F.);
#6455 = EDGE_LOOP('',(#6456,#6457,#6466,#6472));
#6456 = ORIENTED_EDGE('',*,*,#5125,.T.);
#6457 = ORIENTED_EDGE('',*,*,#6458,.T.);
#6458 = EDGE_CURVE('',#5118,#6459,#6461,.T.);
#6459 = VERTEX_POINT('',#6460);
#6460 = CARTESIAN_POINT('',(-2.348480775301,0.84,0.742364817767));
#6461 = CIRCLE('',#6462,0.1);
#6462 = AXIS2_PLACEMENT_3D('',#6463,#6464,#6465);
#6463 = CARTESIAN_POINT('',(-2.25,0.84,0.725));
#6464 = DIRECTION('',(-1.144237745222E-17,-1.,3.284293275761E-47));
#6465 = DIRECTION('',(-4.440892098501E-15,5.081436361563E-32,1.));
#6466 = ORIENTED_EDGE('',*,*,#6467,.F.);
#6467 = EDGE_CURVE('',#6368,#6459,#6468,.T.);
#6468 = LINE('',#6469,#6470);
#6469 = CARTESIAN_POINT('',(-2.348480775301,0.43,0.742364817767));
#6470 = VECTOR('',#6471,1.);
#6471 = DIRECTION('',(1.144237745222E-17,1.,0.));
#6472 = ORIENTED_EDGE('',*,*,#6367,.F.);
#6473 = CYLINDRICAL_SURFACE('',#6474,0.1);
#6474 = AXIS2_PLACEMENT_3D('',#6475,#6476,#6477);
#6475 = CARTESIAN_POINT('',(-2.25,0.43,0.725));
#6476 = DIRECTION('',(-1.144237745222E-17,-1.,0.));
#6477 = DIRECTION('',(-4.440892098501E-15,5.081436361563E-32,1.));
#6478 = ADVANCED_FACE('',(#6479),#6557,.T.);
#6479 = FACE_BOUND('',#6480,.T.);
#6480 = EDGE_LOOP('',(#6481,#6482,#6483,#6484,#6492,#6501,#6509,#6517,
    #6525,#6534,#6542,#6551));
#6481 = ORIENTED_EDGE('',*,*,#5139,.F.);
#6482 = ORIENTED_EDGE('',*,*,#5117,.T.);
#6483 = ORIENTED_EDGE('',*,*,#6458,.T.);
#6484 = ORIENTED_EDGE('',*,*,#6485,.T.);
#6485 = EDGE_CURVE('',#6459,#6486,#6488,.T.);
#6486 = VERTEX_POINT('',#6487);
#6487 = CARTESIAN_POINT('',(-2.429496640897,0.84,0.2479055467));
#6488 = LINE('',#6489,#6490);
#6489 = CARTESIAN_POINT('',(-2.348480775301,0.84,0.742364817767));
#6490 = VECTOR('',#6491,1.);
#6491 = DIRECTION('',(-0.161691392282,1.85013394127E-18,-0.986841372087)
  );
#6492 = ORIENTED_EDGE('',*,*,#6493,.T.);
#6493 = EDGE_CURVE('',#6486,#6494,#6496,.T.);
#6494 = VERTEX_POINT('',#6495);
#6495 = CARTESIAN_POINT('',(-2.724938966801,0.84,-1.665334536938E-16));
#6496 = CIRCLE('',#6497,0.3);
#6497 = AXIS2_PLACEMENT_3D('',#6498,#6499,#6500);
#6498 = CARTESIAN_POINT('',(-2.724938966801,0.84,0.3));
#6499 = DIRECTION('',(1.144237745222E-17,1.,7.703719777549E-34));
#6500 = DIRECTION('',(0.984807753012,-1.126854202784E-17,-0.173648177667
    ));
#6501 = ORIENTED_EDGE('',*,*,#6502,.T.);
#6502 = EDGE_CURVE('',#6494,#6503,#6505,.T.);
#6503 = VERTEX_POINT('',#6504);
#6504 = CARTESIAN_POINT('',(-3.,0.84,-1.665334536938E-16));
#6505 = LINE('',#6506,#6507);
#6506 = CARTESIAN_POINT('',(-2.724938966801,0.84,-1.665334536938E-16));
#6507 = VECTOR('',#6508,1.);
#6508 = DIRECTION('',(-1.,1.144237745222E-17,0.));
#6509 = ORIENTED_EDGE('',*,*,#6510,.T.);
#6510 = EDGE_CURVE('',#6503,#6511,#6513,.T.);
#6511 = VERTEX_POINT('',#6512);
#6512 = CARTESIAN_POINT('',(-3.,0.84,0.2));
#6513 = LINE('',#6514,#6515);
#6514 = CARTESIAN_POINT('',(-3.,0.84,-1.665334536938E-16));
#6515 = VECTOR('',#6516,1.);
#6516 = DIRECTION('',(0.,0.,1.));
#6517 = ORIENTED_EDGE('',*,*,#6518,.T.);
#6518 = EDGE_CURVE('',#6511,#6519,#6521,.T.);
#6519 = VERTEX_POINT('',#6520);
#6520 = CARTESIAN_POINT('',(-2.724938966801,0.84,0.2));
#6521 = LINE('',#6522,#6523);
#6522 = CARTESIAN_POINT('',(-3.,0.84,0.2));
#6523 = VECTOR('',#6524,1.);
#6524 = DIRECTION('',(1.,-1.144237745222E-17,0.));
#6525 = ORIENTED_EDGE('',*,*,#6526,.T.);
#6526 = EDGE_CURVE('',#6519,#6527,#6529,.T.);
#6527 = VERTEX_POINT('',#6528);
#6528 = CARTESIAN_POINT('',(-2.6264581915,0.84,0.282635182233));
#6529 = CIRCLE('',#6530,0.1);
#6530 = AXIS2_PLACEMENT_3D('',#6531,#6532,#6533);
#6531 = CARTESIAN_POINT('',(-2.724938966801,0.84,0.3));
#6532 = DIRECTION('',(-1.144237745222E-17,-1.,-0.));
#6533 = DIRECTION('',(0.,0.,-1.));
#6534 = ORIENTED_EDGE('',*,*,#6535,.T.);
#6535 = EDGE_CURVE('',#6527,#6536,#6538,.T.);
#6536 = VERTEX_POINT('',#6537);
#6537 = CARTESIAN_POINT('',(-2.545442325904,0.84,0.7770944533));
#6538 = LINE('',#6539,#6540);
#6539 = CARTESIAN_POINT('',(-2.6264581915,0.84,0.282635182233));
#6540 = VECTOR('',#6541,1.);
#6541 = DIRECTION('',(0.161691392282,-1.85013394127E-18,0.986841372087)
  );
#6542 = ORIENTED_EDGE('',*,*,#6543,.T.);
#6543 = EDGE_CURVE('',#6536,#6544,#6546,.T.);
#6544 = VERTEX_POINT('',#6545);
#6545 = CARTESIAN_POINT('',(-2.25,0.84,1.025));
#6546 = CIRCLE('',#6547,0.3);
#6547 = AXIS2_PLACEMENT_3D('',#6548,#6549,#6550);
#6548 = CARTESIAN_POINT('',(-2.25,0.84,0.725));
#6549 = DIRECTION('',(1.144237745222E-17,1.,7.703719777549E-34));
#6550 = DIRECTION('',(-0.984807753012,1.126854202784E-17,0.173648177667)
  );
#6551 = ORIENTED_EDGE('',*,*,#6552,.T.);
#6552 = EDGE_CURVE('',#6544,#5140,#6553,.T.);
#6553 = LINE('',#6554,#6555);
#6554 = CARTESIAN_POINT('',(-2.25,0.84,1.025));
#6555 = VECTOR('',#6556,1.);
#6556 = DIRECTION('',(1.,-1.144237745222E-17,0.));
#6557 = PLANE('',#6558);
#6558 = AXIS2_PLACEMENT_3D('',#6559,#6560,#6561);
#6559 = CARTESIAN_POINT('',(-2.42560961319,0.84,0.548953137803));
#6560 = DIRECTION('',(1.144237745222E-17,1.,0.));
#6561 = DIRECTION('',(0.,-0.,1.));
#6562 = ADVANCED_FACE('',(#6563),#6574,.F.);
#6563 = FACE_BOUND('',#6564,.F.);
#6564 = EDGE_LOOP('',(#6565,#6566,#6567,#6568));
#6565 = ORIENTED_EDGE('',*,*,#5156,.T.);
#6566 = ORIENTED_EDGE('',*,*,#5576,.T.);
#6567 = ORIENTED_EDGE('',*,*,#5640,.F.);
#6568 = ORIENTED_EDGE('',*,*,#6569,.F.);
#6569 = EDGE_CURVE('',#5140,#5633,#6570,.T.);
#6570 = LINE('',#6571,#6572);
#6571 = CARTESIAN_POINT('',(-2.25,0.84,1.025));
#6572 = VECTOR('',#6573,1.);
#6573 = DIRECTION('',(1.,-1.144237745222E-17,0.));
#6574 = PLANE('',#6575);
#6575 = AXIS2_PLACEMENT_3D('',#6576,#6577,#6578);
#6576 = CARTESIAN_POINT('',(-3.027078129022E-16,2.4125,1.025));
#6577 = DIRECTION('',(2.007919022429E-31,-7.713306628828E-27,-1.));
#6578 = DIRECTION('',(1.,1.112083013911E-16,2.00791902242E-31));
#6579 = ADVANCED_FACE('',(#6580),#6659,.F.);
#6580 = FACE_BOUND('',#6581,.F.);
#6581 = EDGE_LOOP('',(#6582,#6583,#6584,#6593,#6601,#6610,#6618,#6626,
    #6634,#6643,#6651,#6658));
#6582 = ORIENTED_EDGE('',*,*,#5148,.F.);
#6583 = ORIENTED_EDGE('',*,*,#5170,.T.);
#6584 = ORIENTED_EDGE('',*,*,#6585,.T.);
#6585 = EDGE_CURVE('',#5171,#6586,#6588,.T.);
#6586 = VERTEX_POINT('',#6587);
#6587 = CARTESIAN_POINT('',(-2.348480775301,1.7,0.742364817767));
#6588 = CIRCLE('',#6589,0.1);
#6589 = AXIS2_PLACEMENT_3D('',#6590,#6591,#6592);
#6590 = CARTESIAN_POINT('',(-2.25,1.7,0.725));
#6591 = DIRECTION('',(-1.144237745222E-17,-1.,3.284293275761E-47));
#6592 = DIRECTION('',(-4.440892098501E-15,5.081436361563E-32,1.));
#6593 = ORIENTED_EDGE('',*,*,#6594,.T.);
#6594 = EDGE_CURVE('',#6586,#6595,#6597,.T.);
#6595 = VERTEX_POINT('',#6596);
#6596 = CARTESIAN_POINT('',(-2.429496640897,1.7,0.2479055467));
#6597 = LINE('',#6598,#6599);
#6598 = CARTESIAN_POINT('',(-2.348480775301,1.7,0.742364817767));
#6599 = VECTOR('',#6600,1.);
#6600 = DIRECTION('',(-0.161691392282,1.85013394127E-18,-0.986841372087)
  );
#6601 = ORIENTED_EDGE('',*,*,#6602,.T.);
#6602 = EDGE_CURVE('',#6595,#6603,#6605,.T.);
#6603 = VERTEX_POINT('',#6604);
#6604 = CARTESIAN_POINT('',(-2.724938966801,1.7,-1.665334536938E-16));
#6605 = CIRCLE('',#6606,0.3);
#6606 = AXIS2_PLACEMENT_3D('',#6607,#6608,#6609);
#6607 = CARTESIAN_POINT('',(-2.724938966801,1.7,0.3));
#6608 = DIRECTION('',(1.144237745222E-17,1.,7.703719777549E-34));
#6609 = DIRECTION('',(0.984807753012,-1.126854202784E-17,-0.173648177667
    ));
#6610 = ORIENTED_EDGE('',*,*,#6611,.T.);
#6611 = EDGE_CURVE('',#6603,#6612,#6614,.T.);
#6612 = VERTEX_POINT('',#6613);
#6613 = CARTESIAN_POINT('',(-3.,1.7,-1.665334536938E-16));
#6614 = LINE('',#6615,#6616);
#6615 = CARTESIAN_POINT('',(-2.724938966801,1.7,-1.665334536938E-16));
#6616 = VECTOR('',#6617,1.);
#6617 = DIRECTION('',(-1.,1.144237745222E-17,0.));
#6618 = ORIENTED_EDGE('',*,*,#6619,.T.);
#6619 = EDGE_CURVE('',#6612,#6620,#6622,.T.);
#6620 = VERTEX_POINT('',#6621);
#6621 = CARTESIAN_POINT('',(-3.,1.7,0.2));
#6622 = LINE('',#6623,#6624);
#6623 = CARTESIAN_POINT('',(-3.,1.7,-1.665334536938E-16));
#6624 = VECTOR('',#6625,1.);
#6625 = DIRECTION('',(0.,0.,1.));
#6626 = ORIENTED_EDGE('',*,*,#6627,.T.);
#6627 = EDGE_CURVE('',#6620,#6628,#6630,.T.);
#6628 = VERTEX_POINT('',#6629);
#6629 = CARTESIAN_POINT('',(-2.724938966801,1.7,0.2));
#6630 = LINE('',#6631,#6632);
#6631 = CARTESIAN_POINT('',(-3.,1.7,0.2));
#6632 = VECTOR('',#6633,1.);
#6633 = DIRECTION('',(1.,-1.144237745222E-17,0.));
#6634 = ORIENTED_EDGE('',*,*,#6635,.T.);
#6635 = EDGE_CURVE('',#6628,#6636,#6638,.T.);
#6636 = VERTEX_POINT('',#6637);
#6637 = CARTESIAN_POINT('',(-2.6264581915,1.7,0.282635182233));
#6638 = CIRCLE('',#6639,0.1);
#6639 = AXIS2_PLACEMENT_3D('',#6640,#6641,#6642);
#6640 = CARTESIAN_POINT('',(-2.724938966801,1.7,0.3));
#6641 = DIRECTION('',(-1.144237745222E-17,-1.,-0.));
#6642 = DIRECTION('',(0.,0.,-1.));
#6643 = ORIENTED_EDGE('',*,*,#6644,.T.);
#6644 = EDGE_CURVE('',#6636,#6645,#6647,.T.);
#6645 = VERTEX_POINT('',#6646);
#6646 = CARTESIAN_POINT('',(-2.545442325904,1.7,0.7770944533));
#6647 = LINE('',#6648,#6649);
#6648 = CARTESIAN_POINT('',(-2.6264581915,1.7,0.282635182233));
#6649 = VECTOR('',#6650,1.);
#6650 = DIRECTION('',(0.161691392282,-1.85013394127E-18,0.986841372087)
  );
#6651 = ORIENTED_EDGE('',*,*,#6652,.T.);
#6652 = EDGE_CURVE('',#6645,#5546,#6653,.T.);
#6653 = CIRCLE('',#6654,0.3);
#6654 = AXIS2_PLACEMENT_3D('',#6655,#6656,#6657);
#6655 = CARTESIAN_POINT('',(-2.25,1.7,0.725));
#6656 = DIRECTION('',(1.144237745222E-17,1.,7.703719777549E-34));
#6657 = DIRECTION('',(-0.984807753012,1.126854202784E-17,0.173648177667)
  );
#6658 = ORIENTED_EDGE('',*,*,#5545,.T.);
#6659 = PLANE('',#6660);
#6660 = AXIS2_PLACEMENT_3D('',#6661,#6662,#6663);
#6661 = CARTESIAN_POINT('',(-2.42560961319,1.7,0.548953137803));
#6662 = DIRECTION('',(1.144237745222E-17,1.,0.));
#6663 = DIRECTION('',(0.,-0.,1.));
#6664 = ADVANCED_FACE('',(#6665),#6684,.F.);
#6665 = FACE_BOUND('',#6666,.F.);
#6666 = EDGE_LOOP('',(#6667,#6668,#6677,#6683));
#6667 = ORIENTED_EDGE('',*,*,#5187,.T.);
#6668 = ORIENTED_EDGE('',*,*,#6669,.T.);
#6669 = EDGE_CURVE('',#5180,#6670,#6672,.T.);
#6670 = VERTEX_POINT('',#6671);
#6671 = CARTESIAN_POINT('',(-2.348480775301,2.11,0.742364817767));
#6672 = CIRCLE('',#6673,0.1);
#6673 = AXIS2_PLACEMENT_3D('',#6674,#6675,#6676);
#6674 = CARTESIAN_POINT('',(-2.25,2.11,0.725));
#6675 = DIRECTION('',(-1.144237745222E-17,-1.,3.284293275761E-47));
#6676 = DIRECTION('',(-4.440892098501E-15,5.081436361563E-32,1.));
#6677 = ORIENTED_EDGE('',*,*,#6678,.F.);
#6678 = EDGE_CURVE('',#6586,#6670,#6679,.T.);
#6679 = LINE('',#6680,#6681);
#6680 = CARTESIAN_POINT('',(-2.348480775301,1.7,0.742364817767));
#6681 = VECTOR('',#6682,1.);
#6682 = DIRECTION('',(1.144237745222E-17,1.,0.));
#6683 = ORIENTED_EDGE('',*,*,#6585,.F.);
#6684 = CYLINDRICAL_SURFACE('',#6685,0.1);
#6685 = AXIS2_PLACEMENT_3D('',#6686,#6687,#6688);
#6686 = CARTESIAN_POINT('',(-2.25,1.7,0.725));
#6687 = DIRECTION('',(-1.144237745222E-17,-1.,0.));
#6688 = DIRECTION('',(-4.440892098501E-15,5.081436361563E-32,1.));
#6689 = ADVANCED_FACE('',(#6690),#6761,.T.);
#6690 = FACE_BOUND('',#6691,.T.);
#6691 = EDGE_LOOP('',(#6692,#6693,#6694,#6695,#6703,#6712,#6720,#6728,
    #6736,#6745,#6753,#6760));
#6692 = ORIENTED_EDGE('',*,*,#5201,.F.);
#6693 = ORIENTED_EDGE('',*,*,#5179,.T.);
#6694 = ORIENTED_EDGE('',*,*,#6669,.T.);
#6695 = ORIENTED_EDGE('',*,*,#6696,.T.);
#6696 = EDGE_CURVE('',#6670,#6697,#6699,.T.);
#6697 = VERTEX_POINT('',#6698);
#6698 = CARTESIAN_POINT('',(-2.429496640897,2.11,0.2479055467));
#6699 = LINE('',#6700,#6701);
#6700 = CARTESIAN_POINT('',(-2.348480775301,2.11,0.742364817767));
#6701 = VECTOR('',#6702,1.);
#6702 = DIRECTION('',(-0.161691392282,1.85013394127E-18,-0.986841372087)
  );
#6703 = ORIENTED_EDGE('',*,*,#6704,.T.);
#6704 = EDGE_CURVE('',#6697,#6705,#6707,.T.);
#6705 = VERTEX_POINT('',#6706);
#6706 = CARTESIAN_POINT('',(-2.724938966801,2.11,-1.665334536938E-16));
#6707 = CIRCLE('',#6708,0.3);
#6708 = AXIS2_PLACEMENT_3D('',#6709,#6710,#6711);
#6709 = CARTESIAN_POINT('',(-2.724938966801,2.11,0.3));
#6710 = DIRECTION('',(1.144237745222E-17,1.,7.703719777549E-34));
#6711 = DIRECTION('',(0.984807753012,-1.126854202784E-17,-0.173648177667
    ));
#6712 = ORIENTED_EDGE('',*,*,#6713,.T.);
#6713 = EDGE_CURVE('',#6705,#6714,#6716,.T.);
#6714 = VERTEX_POINT('',#6715);
#6715 = CARTESIAN_POINT('',(-3.,2.11,-1.665334536938E-16));
#6716 = LINE('',#6717,#6718);
#6717 = CARTESIAN_POINT('',(-2.724938966801,2.11,-1.665334536938E-16));
#6718 = VECTOR('',#6719,1.);
#6719 = DIRECTION('',(-1.,1.144237745222E-17,0.));
#6720 = ORIENTED_EDGE('',*,*,#6721,.T.);
#6721 = EDGE_CURVE('',#6714,#6722,#6724,.T.);
#6722 = VERTEX_POINT('',#6723);
#6723 = CARTESIAN_POINT('',(-3.,2.11,0.2));
#6724 = LINE('',#6725,#6726);
#6725 = CARTESIAN_POINT('',(-3.,2.11,-1.665334536938E-16));
#6726 = VECTOR('',#6727,1.);
#6727 = DIRECTION('',(0.,0.,1.));
#6728 = ORIENTED_EDGE('',*,*,#6729,.T.);
#6729 = EDGE_CURVE('',#6722,#6730,#6732,.T.);
#6730 = VERTEX_POINT('',#6731);
#6731 = CARTESIAN_POINT('',(-2.724938966801,2.11,0.2));
#6732 = LINE('',#6733,#6734);
#6733 = CARTESIAN_POINT('',(-3.,2.11,0.2));
#6734 = VECTOR('',#6735,1.);
#6735 = DIRECTION('',(1.,-1.144237745222E-17,0.));
#6736 = ORIENTED_EDGE('',*,*,#6737,.T.);
#6737 = EDGE_CURVE('',#6730,#6738,#6740,.T.);
#6738 = VERTEX_POINT('',#6739);
#6739 = CARTESIAN_POINT('',(-2.6264581915,2.11,0.282635182233));
#6740 = CIRCLE('',#6741,0.1);
#6741 = AXIS2_PLACEMENT_3D('',#6742,#6743,#6744);
#6742 = CARTESIAN_POINT('',(-2.724938966801,2.11,0.3));
#6743 = DIRECTION('',(-1.144237745222E-17,-1.,-0.));
#6744 = DIRECTION('',(0.,0.,-1.));
#6745 = ORIENTED_EDGE('',*,*,#6746,.T.);
#6746 = EDGE_CURVE('',#6738,#6747,#6749,.T.);
#6747 = VERTEX_POINT('',#6748);
#6748 = CARTESIAN_POINT('',(-2.545442325904,2.11,0.7770944533));
#6749 = LINE('',#6750,#6751);
#6750 = CARTESIAN_POINT('',(-2.6264581915,2.11,0.282635182233));
#6751 = VECTOR('',#6752,1.);
#6752 = DIRECTION('',(0.161691392282,-1.85013394127E-18,0.986841372087)
  );
#6753 = ORIENTED_EDGE('',*,*,#6754,.T.);
#6754 = EDGE_CURVE('',#6747,#5554,#6755,.T.);
#6755 = CIRCLE('',#6756,0.3);
#6756 = AXIS2_PLACEMENT_3D('',#6757,#6758,#6759);
#6757 = CARTESIAN_POINT('',(-2.25,2.11,0.725));
#6758 = DIRECTION('',(1.144237745222E-17,1.,7.703719777549E-34));
#6759 = DIRECTION('',(-0.984807753012,1.126854202784E-17,0.173648177667)
  );
#6760 = ORIENTED_EDGE('',*,*,#5561,.T.);
#6761 = PLANE('',#6762);
#6762 = AXIS2_PLACEMENT_3D('',#6763,#6764,#6765);
#6763 = CARTESIAN_POINT('',(-2.42560961319,2.11,0.548953137803));
#6764 = DIRECTION('',(1.144237745222E-17,1.,0.));
#6765 = DIRECTION('',(0.,-0.,1.));
#6766 = ADVANCED_FACE('',(#6767),#6846,.F.);
#6767 = FACE_BOUND('',#6768,.F.);
#6768 = EDGE_LOOP('',(#6769,#6770,#6771,#6780,#6788,#6797,#6805,#6813,
    #6821,#6830,#6838,#6845));
#6769 = ORIENTED_EDGE('',*,*,#5220,.F.);
#6770 = ORIENTED_EDGE('',*,*,#5235,.T.);
#6771 = ORIENTED_EDGE('',*,*,#6772,.T.);
#6772 = EDGE_CURVE('',#5236,#6773,#6775,.T.);
#6773 = VERTEX_POINT('',#6774);
#6774 = CARTESIAN_POINT('',(2.348480775301,2.11,0.742364817767));
#6775 = CIRCLE('',#6776,0.1);
#6776 = AXIS2_PLACEMENT_3D('',#6777,#6778,#6779);
#6777 = CARTESIAN_POINT('',(2.25,2.11,0.725));
#6778 = DIRECTION('',(-1.110223024625E-16,1.,0.));
#6779 = DIRECTION('',(4.440892098501E-15,4.930380657631E-31,1.));
#6780 = ORIENTED_EDGE('',*,*,#6781,.T.);
#6781 = EDGE_CURVE('',#6773,#6782,#6784,.T.);
#6782 = VERTEX_POINT('',#6783);
#6783 = CARTESIAN_POINT('',(2.429496640897,2.11,0.2479055467));
#6784 = LINE('',#6785,#6786);
#6785 = CARTESIAN_POINT('',(2.348480775301,2.11,0.742364817767));
#6786 = VECTOR('',#6787,1.);
#6787 = DIRECTION('',(0.161691392282,1.795135065956E-17,-0.986841372087)
  );
#6788 = ORIENTED_EDGE('',*,*,#6789,.T.);
#6789 = EDGE_CURVE('',#6782,#6790,#6792,.T.);
#6790 = VERTEX_POINT('',#6791);
#6791 = CARTESIAN_POINT('',(2.724938966801,2.11,-1.665334536938E-16));
#6792 = CIRCLE('',#6793,0.3);
#6793 = AXIS2_PLACEMENT_3D('',#6794,#6795,#6796);
#6794 = CARTESIAN_POINT('',(2.724938966801,2.11,0.3));
#6795 = DIRECTION('',(1.110223024625E-16,-1.,0.));
#6796 = DIRECTION('',(-0.984807753012,-1.093356242223E-16,
    -0.173648177667));
#6797 = ORIENTED_EDGE('',*,*,#6798,.T.);
#6798 = EDGE_CURVE('',#6790,#6799,#6801,.T.);
#6799 = VERTEX_POINT('',#6800);
#6800 = CARTESIAN_POINT('',(3.,2.11,-1.665334536938E-16));
#6801 = LINE('',#6802,#6803);
#6802 = CARTESIAN_POINT('',(2.724938966801,2.11,-1.665334536938E-16));
#6803 = VECTOR('',#6804,1.);
#6804 = DIRECTION('',(1.,1.110223024625E-16,0.));
#6805 = ORIENTED_EDGE('',*,*,#6806,.T.);
#6806 = EDGE_CURVE('',#6799,#6807,#6809,.T.);
#6807 = VERTEX_POINT('',#6808);
#6808 = CARTESIAN_POINT('',(3.,2.11,0.2));
#6809 = LINE('',#6810,#6811);
#6810 = CARTESIAN_POINT('',(3.,2.11,-1.665334536938E-16));
#6811 = VECTOR('',#6812,1.);
#6812 = DIRECTION('',(0.,0.,1.));
#6813 = ORIENTED_EDGE('',*,*,#6814,.T.);
#6814 = EDGE_CURVE('',#6807,#6815,#6817,.T.);
#6815 = VERTEX_POINT('',#6816);
#6816 = CARTESIAN_POINT('',(2.724938966801,2.11,0.2));
#6817 = LINE('',#6818,#6819);
#6818 = CARTESIAN_POINT('',(3.,2.11,0.2));
#6819 = VECTOR('',#6820,1.);
#6820 = DIRECTION('',(-1.,-1.110223024625E-16,0.));
#6821 = ORIENTED_EDGE('',*,*,#6822,.T.);
#6822 = EDGE_CURVE('',#6815,#6823,#6825,.T.);
#6823 = VERTEX_POINT('',#6824);
#6824 = CARTESIAN_POINT('',(2.6264581915,2.11,0.282635182233));
#6825 = CIRCLE('',#6826,0.1);
#6826 = AXIS2_PLACEMENT_3D('',#6827,#6828,#6829);
#6827 = CARTESIAN_POINT('',(2.724938966801,2.11,0.3));
#6828 = DIRECTION('',(-1.110223024625E-16,1.,0.));
#6829 = DIRECTION('',(0.,0.,-1.));
#6830 = ORIENTED_EDGE('',*,*,#6831,.T.);
#6831 = EDGE_CURVE('',#6823,#6832,#6834,.T.);
#6832 = VERTEX_POINT('',#6833);
#6833 = CARTESIAN_POINT('',(2.545442325904,2.11,0.7770944533));
#6834 = LINE('',#6835,#6836);
#6835 = CARTESIAN_POINT('',(2.6264581915,2.11,0.282635182233));
#6836 = VECTOR('',#6837,1.);
#6837 = DIRECTION('',(-0.161691392282,-1.795135065956E-17,0.986841372087
    ));
#6838 = ORIENTED_EDGE('',*,*,#6839,.T.);
#6839 = EDGE_CURVE('',#6832,#5833,#6840,.T.);
#6840 = CIRCLE('',#6841,0.3);
#6841 = AXIS2_PLACEMENT_3D('',#6842,#6843,#6844);
#6842 = CARTESIAN_POINT('',(2.25,2.11,0.725));
#6843 = DIRECTION('',(1.110223024625E-16,-1.,0.));
#6844 = DIRECTION('',(0.984807753012,1.093356242223E-16,0.173648177667)
  );
#6845 = ORIENTED_EDGE('',*,*,#5832,.T.);
#6846 = PLANE('',#6847);
#6847 = AXIS2_PLACEMENT_3D('',#6848,#6849,#6850);
#6848 = CARTESIAN_POINT('',(2.42560961319,2.11,0.548953137803));
#6849 = DIRECTION('',(1.110223024625E-16,-1.,0.));
#6850 = DIRECTION('',(0.,0.,1.));
#6851 = ADVANCED_FACE('',(#6852),#6871,.F.);
#6852 = FACE_BOUND('',#6853,.F.);
#6853 = EDGE_LOOP('',(#6854,#6855,#6864,#6870));
#6854 = ORIENTED_EDGE('',*,*,#5252,.T.);
#6855 = ORIENTED_EDGE('',*,*,#6856,.T.);
#6856 = EDGE_CURVE('',#5245,#6857,#6859,.T.);
#6857 = VERTEX_POINT('',#6858);
#6858 = CARTESIAN_POINT('',(2.348480775301,1.7,0.742364817767));
#6859 = CIRCLE('',#6860,0.1);
#6860 = AXIS2_PLACEMENT_3D('',#6861,#6862,#6863);
#6861 = CARTESIAN_POINT('',(2.25,1.7,0.725));
#6862 = DIRECTION('',(-1.110223024625E-16,1.,0.));
#6863 = DIRECTION('',(4.440892098501E-15,4.930380657631E-31,1.));
#6864 = ORIENTED_EDGE('',*,*,#6865,.F.);
#6865 = EDGE_CURVE('',#6773,#6857,#6866,.T.);
#6866 = LINE('',#6867,#6868);
#6867 = CARTESIAN_POINT('',(2.348480775301,2.11,0.742364817767));
#6868 = VECTOR('',#6869,1.);
#6869 = DIRECTION('',(1.110223024625E-16,-1.,0.));
#6870 = ORIENTED_EDGE('',*,*,#6772,.F.);
#6871 = CYLINDRICAL_SURFACE('',#6872,0.1);
#6872 = AXIS2_PLACEMENT_3D('',#6873,#6874,#6875);
#6873 = CARTESIAN_POINT('',(2.25,2.11,0.725));
#6874 = DIRECTION('',(-1.110223024625E-16,1.,0.));
#6875 = DIRECTION('',(4.440892098501E-15,4.930380657631E-31,1.));
#6876 = ADVANCED_FACE('',(#6877),#6948,.T.);
#6877 = FACE_BOUND('',#6878,.T.);
#6878 = EDGE_LOOP('',(#6879,#6880,#6881,#6882,#6890,#6899,#6907,#6915,
    #6923,#6932,#6940,#6947));
#6879 = ORIENTED_EDGE('',*,*,#5266,.F.);
#6880 = ORIENTED_EDGE('',*,*,#5244,.T.);
#6881 = ORIENTED_EDGE('',*,*,#6856,.T.);
#6882 = ORIENTED_EDGE('',*,*,#6883,.T.);
#6883 = EDGE_CURVE('',#6857,#6884,#6886,.T.);
#6884 = VERTEX_POINT('',#6885);
#6885 = CARTESIAN_POINT('',(2.429496640897,1.7,0.2479055467));
#6886 = LINE('',#6887,#6888);
#6887 = CARTESIAN_POINT('',(2.348480775301,1.7,0.742364817767));
#6888 = VECTOR('',#6889,1.);
#6889 = DIRECTION('',(0.161691392282,1.795135065956E-17,-0.986841372087)
  );
#6890 = ORIENTED_EDGE('',*,*,#6891,.T.);
#6891 = EDGE_CURVE('',#6884,#6892,#6894,.T.);
#6892 = VERTEX_POINT('',#6893);
#6893 = CARTESIAN_POINT('',(2.724938966801,1.7,-1.665334536938E-16));
#6894 = CIRCLE('',#6895,0.3);
#6895 = AXIS2_PLACEMENT_3D('',#6896,#6897,#6898);
#6896 = CARTESIAN_POINT('',(2.724938966801,1.7,0.3));
#6897 = DIRECTION('',(1.110223024625E-16,-1.,0.));
#6898 = DIRECTION('',(-0.984807753012,-1.093356242223E-16,
    -0.173648177667));
#6899 = ORIENTED_EDGE('',*,*,#6900,.T.);
#6900 = EDGE_CURVE('',#6892,#6901,#6903,.T.);
#6901 = VERTEX_POINT('',#6902);
#6902 = CARTESIAN_POINT('',(3.,1.7,-1.665334536938E-16));
#6903 = LINE('',#6904,#6905);
#6904 = CARTESIAN_POINT('',(2.724938966801,1.7,-1.665334536938E-16));
#6905 = VECTOR('',#6906,1.);
#6906 = DIRECTION('',(1.,1.110223024625E-16,0.));
#6907 = ORIENTED_EDGE('',*,*,#6908,.T.);
#6908 = EDGE_CURVE('',#6901,#6909,#6911,.T.);
#6909 = VERTEX_POINT('',#6910);
#6910 = CARTESIAN_POINT('',(3.,1.7,0.2));
#6911 = LINE('',#6912,#6913);
#6912 = CARTESIAN_POINT('',(3.,1.7,-1.665334536938E-16));
#6913 = VECTOR('',#6914,1.);
#6914 = DIRECTION('',(0.,0.,1.));
#6915 = ORIENTED_EDGE('',*,*,#6916,.T.);
#6916 = EDGE_CURVE('',#6909,#6917,#6919,.T.);
#6917 = VERTEX_POINT('',#6918);
#6918 = CARTESIAN_POINT('',(2.724938966801,1.7,0.2));
#6919 = LINE('',#6920,#6921);
#6920 = CARTESIAN_POINT('',(3.,1.7,0.2));
#6921 = VECTOR('',#6922,1.);
#6922 = DIRECTION('',(-1.,-1.110223024625E-16,0.));
#6923 = ORIENTED_EDGE('',*,*,#6924,.T.);
#6924 = EDGE_CURVE('',#6917,#6925,#6927,.T.);
#6925 = VERTEX_POINT('',#6926);
#6926 = CARTESIAN_POINT('',(2.6264581915,1.7,0.282635182233));
#6927 = CIRCLE('',#6928,0.1);
#6928 = AXIS2_PLACEMENT_3D('',#6929,#6930,#6931);
#6929 = CARTESIAN_POINT('',(2.724938966801,1.7,0.3));
#6930 = DIRECTION('',(-1.110223024625E-16,1.,0.));
#6931 = DIRECTION('',(0.,0.,-1.));
#6932 = ORIENTED_EDGE('',*,*,#6933,.T.);
#6933 = EDGE_CURVE('',#6925,#6934,#6936,.T.);
#6934 = VERTEX_POINT('',#6935);
#6935 = CARTESIAN_POINT('',(2.545442325904,1.7,0.7770944533));
#6936 = LINE('',#6937,#6938);
#6937 = CARTESIAN_POINT('',(2.6264581915,1.7,0.282635182233));
#6938 = VECTOR('',#6939,1.);
#6939 = DIRECTION('',(-0.161691392282,-1.795135065956E-17,0.986841372087
    ));
#6940 = ORIENTED_EDGE('',*,*,#6941,.T.);
#6941 = EDGE_CURVE('',#6934,#5841,#6942,.T.);
#6942 = CIRCLE('',#6943,0.3);
#6943 = AXIS2_PLACEMENT_3D('',#6944,#6945,#6946);
#6944 = CARTESIAN_POINT('',(2.25,1.7,0.725));
#6945 = DIRECTION('',(1.110223024625E-16,-1.,0.));
#6946 = DIRECTION('',(0.984807753012,1.093356242223E-16,0.173648177667)
  );
#6947 = ORIENTED_EDGE('',*,*,#5848,.T.);
#6948 = PLANE('',#6949);
#6949 = AXIS2_PLACEMENT_3D('',#6950,#6951,#6952);
#6950 = CARTESIAN_POINT('',(2.42560961319,1.7,0.548953137803));
#6951 = DIRECTION('',(1.110223024625E-16,-1.,0.));
#6952 = DIRECTION('',(0.,0.,1.));
#6953 = ADVANCED_FACE('',(#6954),#6965,.F.);
#6954 = FACE_BOUND('',#6955,.F.);
#6955 = EDGE_LOOP('',(#6956,#6957,#6958,#6964));
#6956 = ORIENTED_EDGE('',*,*,#5854,.F.);
#6957 = ORIENTED_EDGE('',*,*,#5283,.T.);
#6958 = ORIENTED_EDGE('',*,*,#6959,.T.);
#6959 = EDGE_CURVE('',#5276,#5755,#6960,.T.);
#6960 = LINE('',#6961,#6962);
#6961 = CARTESIAN_POINT('',(2.25,0.84,1.025));
#6962 = VECTOR('',#6963,1.);
#6963 = DIRECTION('',(-1.,-1.110223024625E-16,0.));
#6964 = ORIENTED_EDGE('',*,*,#5754,.F.);
#6965 = PLANE('',#6966);
#6966 = AXIS2_PLACEMENT_3D('',#6967,#6968,#6969);
#6967 = CARTESIAN_POINT('',(-3.027078129022E-16,2.4125,1.025));
#6968 = DIRECTION('',(2.007919022429E-31,-7.713306628828E-27,-1.));
#6969 = DIRECTION('',(1.,1.112083013911E-16,2.00791902242E-31));
#6970 = ADVANCED_FACE('',(#6971),#7057,.F.);
#6971 = FACE_BOUND('',#6972,.F.);
#6972 = EDGE_LOOP('',(#6973,#6974,#6975,#6984,#6992,#7001,#7009,#7017,
    #7025,#7034,#7042,#7051));
#6973 = ORIENTED_EDGE('',*,*,#5275,.F.);
#6974 = ORIENTED_EDGE('',*,*,#5297,.T.);
#6975 = ORIENTED_EDGE('',*,*,#6976,.T.);
#6976 = EDGE_CURVE('',#5298,#6977,#6979,.T.);
#6977 = VERTEX_POINT('',#6978);
#6978 = CARTESIAN_POINT('',(2.348480775301,0.84,0.742364817767));
#6979 = CIRCLE('',#6980,0.1);
#6980 = AXIS2_PLACEMENT_3D('',#6981,#6982,#6983);
#6981 = CARTESIAN_POINT('',(2.25,0.84,0.725));
#6982 = DIRECTION('',(-1.110223024625E-16,1.,0.));
#6983 = DIRECTION('',(4.440892098501E-15,4.930380657631E-31,1.));
#6984 = ORIENTED_EDGE('',*,*,#6985,.T.);
#6985 = EDGE_CURVE('',#6977,#6986,#6988,.T.);
#6986 = VERTEX_POINT('',#6987);
#6987 = CARTESIAN_POINT('',(2.429496640897,0.84,0.2479055467));
#6988 = LINE('',#6989,#6990);
#6989 = CARTESIAN_POINT('',(2.348480775301,0.84,0.742364817767));
#6990 = VECTOR('',#6991,1.);
#6991 = DIRECTION('',(0.161691392282,1.795135065956E-17,-0.986841372087)
  );
#6992 = ORIENTED_EDGE('',*,*,#6993,.T.);
#6993 = EDGE_CURVE('',#6986,#6994,#6996,.T.);
#6994 = VERTEX_POINT('',#6995);
#6995 = CARTESIAN_POINT('',(2.724938966801,0.84,-1.665334536938E-16));
#6996 = CIRCLE('',#6997,0.3);
#6997 = AXIS2_PLACEMENT_3D('',#6998,#6999,#7000);
#6998 = CARTESIAN_POINT('',(2.724938966801,0.84,0.3));
#6999 = DIRECTION('',(1.110223024625E-16,-1.,0.));
#7000 = DIRECTION('',(-0.984807753012,-1.093356242223E-16,
    -0.173648177667));
#7001 = ORIENTED_EDGE('',*,*,#7002,.T.);
#7002 = EDGE_CURVE('',#6994,#7003,#7005,.T.);
#7003 = VERTEX_POINT('',#7004);
#7004 = CARTESIAN_POINT('',(3.,0.84,-1.665334536938E-16));
#7005 = LINE('',#7006,#7007);
#7006 = CARTESIAN_POINT('',(2.724938966801,0.84,-1.665334536938E-16));
#7007 = VECTOR('',#7008,1.);
#7008 = DIRECTION('',(1.,1.110223024625E-16,0.));
#7009 = ORIENTED_EDGE('',*,*,#7010,.T.);
#7010 = EDGE_CURVE('',#7003,#7011,#7013,.T.);
#7011 = VERTEX_POINT('',#7012);
#7012 = CARTESIAN_POINT('',(3.,0.84,0.2));
#7013 = LINE('',#7014,#7015);
#7014 = CARTESIAN_POINT('',(3.,0.84,-1.665334536938E-16));
#7015 = VECTOR('',#7016,1.);
#7016 = DIRECTION('',(0.,0.,1.));
#7017 = ORIENTED_EDGE('',*,*,#7018,.T.);
#7018 = EDGE_CURVE('',#7011,#7019,#7021,.T.);
#7019 = VERTEX_POINT('',#7020);
#7020 = CARTESIAN_POINT('',(2.724938966801,0.84,0.2));
#7021 = LINE('',#7022,#7023);
#7022 = CARTESIAN_POINT('',(3.,0.84,0.2));
#7023 = VECTOR('',#7024,1.);
#7024 = DIRECTION('',(-1.,-1.110223024625E-16,0.));
#7025 = ORIENTED_EDGE('',*,*,#7026,.T.);
#7026 = EDGE_CURVE('',#7019,#7027,#7029,.T.);
#7027 = VERTEX_POINT('',#7028);
#7028 = CARTESIAN_POINT('',(2.6264581915,0.84,0.282635182233));
#7029 = CIRCLE('',#7030,0.1);
#7030 = AXIS2_PLACEMENT_3D('',#7031,#7032,#7033);
#7031 = CARTESIAN_POINT('',(2.724938966801,0.84,0.3));
#7032 = DIRECTION('',(-1.110223024625E-16,1.,0.));
#7033 = DIRECTION('',(0.,0.,-1.));
#7034 = ORIENTED_EDGE('',*,*,#7035,.T.);
#7035 = EDGE_CURVE('',#7027,#7036,#7038,.T.);
#7036 = VERTEX_POINT('',#7037);
#7037 = CARTESIAN_POINT('',(2.545442325904,0.84,0.7770944533));
#7038 = LINE('',#7039,#7040);
#7039 = CARTESIAN_POINT('',(2.6264581915,0.84,0.282635182233));
#7040 = VECTOR('',#7041,1.);
#7041 = DIRECTION('',(-0.161691392282,-1.795135065956E-17,0.986841372087
    ));
#7042 = ORIENTED_EDGE('',*,*,#7043,.T.);
#7043 = EDGE_CURVE('',#7036,#7044,#7046,.T.);
#7044 = VERTEX_POINT('',#7045);
#7045 = CARTESIAN_POINT('',(2.25,0.84,1.025));
#7046 = CIRCLE('',#7047,0.3);
#7047 = AXIS2_PLACEMENT_3D('',#7048,#7049,#7050);
#7048 = CARTESIAN_POINT('',(2.25,0.84,0.725));
#7049 = DIRECTION('',(1.110223024625E-16,-1.,0.));
#7050 = DIRECTION('',(0.984807753012,1.093356242223E-16,0.173648177667)
  );
#7051 = ORIENTED_EDGE('',*,*,#7052,.T.);
#7052 = EDGE_CURVE('',#7044,#5276,#7053,.T.);
#7053 = LINE('',#7054,#7055);
#7054 = CARTESIAN_POINT('',(2.25,0.84,1.025));
#7055 = VECTOR('',#7056,1.);
#7056 = DIRECTION('',(-1.,-1.110223024625E-16,0.));
#7057 = PLANE('',#7058);
#7058 = AXIS2_PLACEMENT_3D('',#7059,#7060,#7061);
#7059 = CARTESIAN_POINT('',(2.42560961319,0.84,0.548953137803));
#7060 = DIRECTION('',(1.110223024625E-16,-1.,0.));
#7061 = DIRECTION('',(0.,0.,1.));
#7062 = ADVANCED_FACE('',(#7063),#7082,.F.);
#7063 = FACE_BOUND('',#7064,.F.);
#7064 = EDGE_LOOP('',(#7065,#7066,#7075,#7081));
#7065 = ORIENTED_EDGE('',*,*,#5314,.T.);
#7066 = ORIENTED_EDGE('',*,*,#7067,.T.);
#7067 = EDGE_CURVE('',#5307,#7068,#7070,.T.);
#7068 = VERTEX_POINT('',#7069);
#7069 = CARTESIAN_POINT('',(2.348480775301,0.43,0.742364817767));
#7070 = CIRCLE('',#7071,0.1);
#7071 = AXIS2_PLACEMENT_3D('',#7072,#7073,#7074);
#7072 = CARTESIAN_POINT('',(2.25,0.43,0.725));
#7073 = DIRECTION('',(-1.110223024625E-16,1.,0.));
#7074 = DIRECTION('',(4.440892098501E-15,4.930380657631E-31,1.));
#7075 = ORIENTED_EDGE('',*,*,#7076,.F.);
#7076 = EDGE_CURVE('',#6977,#7068,#7077,.T.);
#7077 = LINE('',#7078,#7079);
#7078 = CARTESIAN_POINT('',(2.348480775301,0.84,0.742364817767));
#7079 = VECTOR('',#7080,1.);
#7080 = DIRECTION('',(1.110223024625E-16,-1.,0.));
#7081 = ORIENTED_EDGE('',*,*,#6976,.F.);
#7082 = CYLINDRICAL_SURFACE('',#7083,0.1);
#7083 = AXIS2_PLACEMENT_3D('',#7084,#7085,#7086);
#7084 = CARTESIAN_POINT('',(2.25,0.84,0.725));
#7085 = DIRECTION('',(-1.110223024625E-16,1.,0.));
#7086 = DIRECTION('',(4.440892098501E-15,4.930380657631E-31,1.));
#7087 = ADVANCED_FACE('',(#7088),#7166,.T.);
#7088 = FACE_BOUND('',#7089,.T.);
#7089 = EDGE_LOOP('',(#7090,#7091,#7092,#7093,#7101,#7110,#7118,#7126,
    #7134,#7143,#7151,#7160));
#7090 = ORIENTED_EDGE('',*,*,#5328,.F.);
#7091 = ORIENTED_EDGE('',*,*,#5306,.T.);
#7092 = ORIENTED_EDGE('',*,*,#7067,.T.);
#7093 = ORIENTED_EDGE('',*,*,#7094,.T.);
#7094 = EDGE_CURVE('',#7068,#7095,#7097,.T.);
#7095 = VERTEX_POINT('',#7096);
#7096 = CARTESIAN_POINT('',(2.429496640897,0.43,0.2479055467));
#7097 = LINE('',#7098,#7099);
#7098 = CARTESIAN_POINT('',(2.348480775301,0.43,0.742364817767));
#7099 = VECTOR('',#7100,1.);
#7100 = DIRECTION('',(0.161691392282,1.795135065956E-17,-0.986841372087)
  );
#7101 = ORIENTED_EDGE('',*,*,#7102,.T.);
#7102 = EDGE_CURVE('',#7095,#7103,#7105,.T.);
#7103 = VERTEX_POINT('',#7104);
#7104 = CARTESIAN_POINT('',(2.724938966801,0.43,-1.665334536938E-16));
#7105 = CIRCLE('',#7106,0.3);
#7106 = AXIS2_PLACEMENT_3D('',#7107,#7108,#7109);
#7107 = CARTESIAN_POINT('',(2.724938966801,0.43,0.3));
#7108 = DIRECTION('',(1.110223024625E-16,-1.,0.));
#7109 = DIRECTION('',(-0.984807753012,-1.093356242223E-16,
    -0.173648177667));
#7110 = ORIENTED_EDGE('',*,*,#7111,.T.);
#7111 = EDGE_CURVE('',#7103,#7112,#7114,.T.);
#7112 = VERTEX_POINT('',#7113);
#7113 = CARTESIAN_POINT('',(3.,0.43,-1.665334536938E-16));
#7114 = LINE('',#7115,#7116);
#7115 = CARTESIAN_POINT('',(2.724938966801,0.43,-1.665334536938E-16));
#7116 = VECTOR('',#7117,1.);
#7117 = DIRECTION('',(1.,1.110223024625E-16,0.));
#7118 = ORIENTED_EDGE('',*,*,#7119,.T.);
#7119 = EDGE_CURVE('',#7112,#7120,#7122,.T.);
#7120 = VERTEX_POINT('',#7121);
#7121 = CARTESIAN_POINT('',(3.,0.43,0.2));
#7122 = LINE('',#7123,#7124);
#7123 = CARTESIAN_POINT('',(3.,0.43,-1.665334536938E-16));
#7124 = VECTOR('',#7125,1.);
#7125 = DIRECTION('',(0.,0.,1.));
#7126 = ORIENTED_EDGE('',*,*,#7127,.T.);
#7127 = EDGE_CURVE('',#7120,#7128,#7130,.T.);
#7128 = VERTEX_POINT('',#7129);
#7129 = CARTESIAN_POINT('',(2.724938966801,0.43,0.2));
#7130 = LINE('',#7131,#7132);
#7131 = CARTESIAN_POINT('',(3.,0.43,0.2));
#7132 = VECTOR('',#7133,1.);
#7133 = DIRECTION('',(-1.,-1.110223024625E-16,0.));
#7134 = ORIENTED_EDGE('',*,*,#7135,.T.);
#7135 = EDGE_CURVE('',#7128,#7136,#7138,.T.);
#7136 = VERTEX_POINT('',#7137);
#7137 = CARTESIAN_POINT('',(2.6264581915,0.43,0.282635182233));
#7138 = CIRCLE('',#7139,0.1);
#7139 = AXIS2_PLACEMENT_3D('',#7140,#7141,#7142);
#7140 = CARTESIAN_POINT('',(2.724938966801,0.43,0.3));
#7141 = DIRECTION('',(-1.110223024625E-16,1.,0.));
#7142 = DIRECTION('',(0.,0.,-1.));
#7143 = ORIENTED_EDGE('',*,*,#7144,.T.);
#7144 = EDGE_CURVE('',#7136,#7145,#7147,.T.);
#7145 = VERTEX_POINT('',#7146);
#7146 = CARTESIAN_POINT('',(2.545442325904,0.43,0.7770944533));
#7147 = LINE('',#7148,#7149);
#7148 = CARTESIAN_POINT('',(2.6264581915,0.43,0.282635182233));
#7149 = VECTOR('',#7150,1.);
#7150 = DIRECTION('',(-0.161691392282,-1.795135065956E-17,0.986841372087
    ));
#7151 = ORIENTED_EDGE('',*,*,#7152,.T.);
#7152 = EDGE_CURVE('',#7145,#7153,#7155,.T.);
#7153 = VERTEX_POINT('',#7154);
#7154 = CARTESIAN_POINT('',(2.25,0.43,1.025));
#7155 = CIRCLE('',#7156,0.3);
#7156 = AXIS2_PLACEMENT_3D('',#7157,#7158,#7159);
#7157 = CARTESIAN_POINT('',(2.25,0.43,0.725));
#7158 = DIRECTION('',(1.110223024625E-16,-1.,0.));
#7159 = DIRECTION('',(0.984807753012,1.093356242223E-16,0.173648177667)
  );
#7160 = ORIENTED_EDGE('',*,*,#7161,.T.);
#7161 = EDGE_CURVE('',#7153,#5329,#7162,.T.);
#7162 = LINE('',#7163,#7164);
#7163 = CARTESIAN_POINT('',(2.25,0.43,1.025));
#7164 = VECTOR('',#7165,1.);
#7165 = DIRECTION('',(-1.,-1.110223024625E-16,0.));
#7166 = PLANE('',#7167);
#7167 = AXIS2_PLACEMENT_3D('',#7168,#7169,#7170);
#7168 = CARTESIAN_POINT('',(2.42560961319,0.43,0.548953137803));
#7169 = DIRECTION('',(1.110223024625E-16,-1.,0.));
#7170 = DIRECTION('',(0.,0.,1.));
#7171 = ADVANCED_FACE('',(#7172),#7188,.F.);
#7172 = FACE_BOUND('',#7173,.F.);
#7173 = EDGE_LOOP('',(#7174,#7180,#7181,#7187));
#7174 = ORIENTED_EDGE('',*,*,#7175,.F.);
#7175 = EDGE_CURVE('',#5329,#5763,#7176,.T.);
#7176 = LINE('',#7177,#7178);
#7177 = CARTESIAN_POINT('',(2.25,0.43,1.025));
#7178 = VECTOR('',#7179,1.);
#7179 = DIRECTION('',(-1.,-1.110223024625E-16,0.));
#7180 = ORIENTED_EDGE('',*,*,#5345,.T.);
#7181 = ORIENTED_EDGE('',*,*,#7182,.T.);
#7182 = EDGE_CURVE('',#5338,#5771,#7183,.T.);
#7183 = LINE('',#7184,#7185);
#7184 = CARTESIAN_POINT('',(2.25,-0.43,1.025));
#7185 = VECTOR('',#7186,1.);
#7186 = DIRECTION('',(-1.,-1.110223024625E-16,0.));
#7187 = ORIENTED_EDGE('',*,*,#5770,.F.);
#7188 = PLANE('',#7189);
#7189 = AXIS2_PLACEMENT_3D('',#7190,#7191,#7192);
#7190 = CARTESIAN_POINT('',(-3.027078129022E-16,2.4125,1.025));
#7191 = DIRECTION('',(2.007919022429E-31,-7.713306628828E-27,-1.));
#7192 = DIRECTION('',(1.,1.112083013911E-16,2.00791902242E-31));
#7193 = ADVANCED_FACE('',(#7194),#7280,.F.);
#7194 = FACE_BOUND('',#7195,.F.);
#7195 = EDGE_LOOP('',(#7196,#7197,#7198,#7207,#7215,#7224,#7232,#7240,
    #7248,#7257,#7265,#7274));
#7196 = ORIENTED_EDGE('',*,*,#5337,.F.);
#7197 = ORIENTED_EDGE('',*,*,#5359,.T.);
#7198 = ORIENTED_EDGE('',*,*,#7199,.T.);
#7199 = EDGE_CURVE('',#5360,#7200,#7202,.T.);
#7200 = VERTEX_POINT('',#7201);
#7201 = CARTESIAN_POINT('',(2.348480775301,-0.43,0.742364817767));
#7202 = CIRCLE('',#7203,0.1);
#7203 = AXIS2_PLACEMENT_3D('',#7204,#7205,#7206);
#7204 = CARTESIAN_POINT('',(2.25,-0.43,0.725));
#7205 = DIRECTION('',(-1.110223024625E-16,1.,0.));
#7206 = DIRECTION('',(4.440892098501E-15,4.930380657631E-31,1.));
#7207 = ORIENTED_EDGE('',*,*,#7208,.T.);
#7208 = EDGE_CURVE('',#7200,#7209,#7211,.T.);
#7209 = VERTEX_POINT('',#7210);
#7210 = CARTESIAN_POINT('',(2.429496640897,-0.43,0.2479055467));
#7211 = LINE('',#7212,#7213);
#7212 = CARTESIAN_POINT('',(2.348480775301,-0.43,0.742364817767));
#7213 = VECTOR('',#7214,1.);
#7214 = DIRECTION('',(0.161691392282,1.795135065956E-17,-0.986841372087)
  );
#7215 = ORIENTED_EDGE('',*,*,#7216,.T.);
#7216 = EDGE_CURVE('',#7209,#7217,#7219,.T.);
#7217 = VERTEX_POINT('',#7218);
#7218 = CARTESIAN_POINT('',(2.724938966801,-0.43,-1.665334536938E-16));
#7219 = CIRCLE('',#7220,0.3);
#7220 = AXIS2_PLACEMENT_3D('',#7221,#7222,#7223);
#7221 = CARTESIAN_POINT('',(2.724938966801,-0.43,0.3));
#7222 = DIRECTION('',(1.110223024625E-16,-1.,0.));
#7223 = DIRECTION('',(-0.984807753012,-1.093356242223E-16,
    -0.173648177667));
#7224 = ORIENTED_EDGE('',*,*,#7225,.T.);
#7225 = EDGE_CURVE('',#7217,#7226,#7228,.T.);
#7226 = VERTEX_POINT('',#7227);
#7227 = CARTESIAN_POINT('',(3.,-0.43,-1.665334536938E-16));
#7228 = LINE('',#7229,#7230);
#7229 = CARTESIAN_POINT('',(2.724938966801,-0.43,-1.665334536938E-16));
#7230 = VECTOR('',#7231,1.);
#7231 = DIRECTION('',(1.,1.110223024625E-16,0.));
#7232 = ORIENTED_EDGE('',*,*,#7233,.T.);
#7233 = EDGE_CURVE('',#7226,#7234,#7236,.T.);
#7234 = VERTEX_POINT('',#7235);
#7235 = CARTESIAN_POINT('',(3.,-0.43,0.2));
#7236 = LINE('',#7237,#7238);
#7237 = CARTESIAN_POINT('',(3.,-0.43,-1.665334536938E-16));
#7238 = VECTOR('',#7239,1.);
#7239 = DIRECTION('',(0.,0.,1.));
#7240 = ORIENTED_EDGE('',*,*,#7241,.T.);
#7241 = EDGE_CURVE('',#7234,#7242,#7244,.T.);
#7242 = VERTEX_POINT('',#7243);
#7243 = CARTESIAN_POINT('',(2.724938966801,-0.43,0.2));
#7244 = LINE('',#7245,#7246);
#7245 = CARTESIAN_POINT('',(3.,-0.43,0.2));
#7246 = VECTOR('',#7247,1.);
#7247 = DIRECTION('',(-1.,-1.110223024625E-16,0.));
#7248 = ORIENTED_EDGE('',*,*,#7249,.T.);
#7249 = EDGE_CURVE('',#7242,#7250,#7252,.T.);
#7250 = VERTEX_POINT('',#7251);
#7251 = CARTESIAN_POINT('',(2.6264581915,-0.43,0.282635182233));
#7252 = CIRCLE('',#7253,0.1);
#7253 = AXIS2_PLACEMENT_3D('',#7254,#7255,#7256);
#7254 = CARTESIAN_POINT('',(2.724938966801,-0.43,0.3));
#7255 = DIRECTION('',(-1.110223024625E-16,1.,0.));
#7256 = DIRECTION('',(0.,0.,-1.));
#7257 = ORIENTED_EDGE('',*,*,#7258,.T.);
#7258 = EDGE_CURVE('',#7250,#7259,#7261,.T.);
#7259 = VERTEX_POINT('',#7260);
#7260 = CARTESIAN_POINT('',(2.545442325904,-0.43,0.7770944533));
#7261 = LINE('',#7262,#7263);
#7262 = CARTESIAN_POINT('',(2.6264581915,-0.43,0.282635182233));
#7263 = VECTOR('',#7264,1.);
#7264 = DIRECTION('',(-0.161691392282,-1.795135065956E-17,0.986841372087
    ));
#7265 = ORIENTED_EDGE('',*,*,#7266,.T.);
#7266 = EDGE_CURVE('',#7259,#7267,#7269,.T.);
#7267 = VERTEX_POINT('',#7268);
#7268 = CARTESIAN_POINT('',(2.25,-0.43,1.025));
#7269 = CIRCLE('',#7270,0.3);
#7270 = AXIS2_PLACEMENT_3D('',#7271,#7272,#7273);
#7271 = CARTESIAN_POINT('',(2.25,-0.43,0.725));
#7272 = DIRECTION('',(1.110223024625E-16,-1.,0.));
#7273 = DIRECTION('',(0.984807753012,1.093356242223E-16,0.173648177667)
  );
#7274 = ORIENTED_EDGE('',*,*,#7275,.T.);
#7275 = EDGE_CURVE('',#7267,#5338,#7276,.T.);
#7276 = LINE('',#7277,#7278);
#7277 = CARTESIAN_POINT('',(2.25,-0.43,1.025));
#7278 = VECTOR('',#7279,1.);
#7279 = DIRECTION('',(-1.,-1.110223024625E-16,0.));
#7280 = PLANE('',#7281);
#7281 = AXIS2_PLACEMENT_3D('',#7282,#7283,#7284);
#7282 = CARTESIAN_POINT('',(2.42560961319,-0.43,0.548953137803));
#7283 = DIRECTION('',(1.110223024625E-16,-1.,0.));
#7284 = DIRECTION('',(0.,0.,1.));
#7285 = ADVANCED_FACE('',(#7286),#7305,.F.);
#7286 = FACE_BOUND('',#7287,.F.);
#7287 = EDGE_LOOP('',(#7288,#7289,#7298,#7304));
#7288 = ORIENTED_EDGE('',*,*,#5376,.T.);
#7289 = ORIENTED_EDGE('',*,*,#7290,.T.);
#7290 = EDGE_CURVE('',#5369,#7291,#7293,.T.);
#7291 = VERTEX_POINT('',#7292);
#7292 = CARTESIAN_POINT('',(2.348480775301,-0.84,0.742364817767));
#7293 = CIRCLE('',#7294,0.1);
#7294 = AXIS2_PLACEMENT_3D('',#7295,#7296,#7297);
#7295 = CARTESIAN_POINT('',(2.25,-0.84,0.725));
#7296 = DIRECTION('',(-1.110223024625E-16,1.,0.));
#7297 = DIRECTION('',(4.440892098501E-15,4.930380657631E-31,1.));
#7298 = ORIENTED_EDGE('',*,*,#7299,.F.);
#7299 = EDGE_CURVE('',#7200,#7291,#7300,.T.);
#7300 = LINE('',#7301,#7302);
#7301 = CARTESIAN_POINT('',(2.348480775301,-0.43,0.742364817767));
#7302 = VECTOR('',#7303,1.);
#7303 = DIRECTION('',(1.110223024625E-16,-1.,0.));
#7304 = ORIENTED_EDGE('',*,*,#7199,.F.);
#7305 = CYLINDRICAL_SURFACE('',#7306,0.1);
#7306 = AXIS2_PLACEMENT_3D('',#7307,#7308,#7309);
#7307 = CARTESIAN_POINT('',(2.25,-0.43,0.725));
#7308 = DIRECTION('',(-1.110223024625E-16,1.,0.));
#7309 = DIRECTION('',(4.440892098501E-15,4.930380657631E-31,1.));
#7310 = ADVANCED_FACE('',(#7311),#7389,.T.);
#7311 = FACE_BOUND('',#7312,.T.);
#7312 = EDGE_LOOP('',(#7313,#7314,#7315,#7316,#7324,#7333,#7341,#7349,
    #7357,#7366,#7374,#7383));
#7313 = ORIENTED_EDGE('',*,*,#5390,.F.);
#7314 = ORIENTED_EDGE('',*,*,#5368,.T.);
#7315 = ORIENTED_EDGE('',*,*,#7290,.T.);
#7316 = ORIENTED_EDGE('',*,*,#7317,.T.);
#7317 = EDGE_CURVE('',#7291,#7318,#7320,.T.);
#7318 = VERTEX_POINT('',#7319);
#7319 = CARTESIAN_POINT('',(2.429496640897,-0.84,0.2479055467));
#7320 = LINE('',#7321,#7322);
#7321 = CARTESIAN_POINT('',(2.348480775301,-0.84,0.742364817767));
#7322 = VECTOR('',#7323,1.);
#7323 = DIRECTION('',(0.161691392282,1.795135065956E-17,-0.986841372087)
  );
#7324 = ORIENTED_EDGE('',*,*,#7325,.T.);
#7325 = EDGE_CURVE('',#7318,#7326,#7328,.T.);
#7326 = VERTEX_POINT('',#7327);
#7327 = CARTESIAN_POINT('',(2.724938966801,-0.84,-1.665334536938E-16));
#7328 = CIRCLE('',#7329,0.3);
#7329 = AXIS2_PLACEMENT_3D('',#7330,#7331,#7332);
#7330 = CARTESIAN_POINT('',(2.724938966801,-0.84,0.3));
#7331 = DIRECTION('',(1.110223024625E-16,-1.,0.));
#7332 = DIRECTION('',(-0.984807753012,-1.093356242223E-16,
    -0.173648177667));
#7333 = ORIENTED_EDGE('',*,*,#7334,.T.);
#7334 = EDGE_CURVE('',#7326,#7335,#7337,.T.);
#7335 = VERTEX_POINT('',#7336);
#7336 = CARTESIAN_POINT('',(3.,-0.84,-1.665334536938E-16));
#7337 = LINE('',#7338,#7339);
#7338 = CARTESIAN_POINT('',(2.724938966801,-0.84,-1.665334536938E-16));
#7339 = VECTOR('',#7340,1.);
#7340 = DIRECTION('',(1.,1.110223024625E-16,0.));
#7341 = ORIENTED_EDGE('',*,*,#7342,.T.);
#7342 = EDGE_CURVE('',#7335,#7343,#7345,.T.);
#7343 = VERTEX_POINT('',#7344);
#7344 = CARTESIAN_POINT('',(3.,-0.84,0.2));
#7345 = LINE('',#7346,#7347);
#7346 = CARTESIAN_POINT('',(3.,-0.84,-1.665334536938E-16));
#7347 = VECTOR('',#7348,1.);
#7348 = DIRECTION('',(0.,0.,1.));
#7349 = ORIENTED_EDGE('',*,*,#7350,.T.);
#7350 = EDGE_CURVE('',#7343,#7351,#7353,.T.);
#7351 = VERTEX_POINT('',#7352);
#7352 = CARTESIAN_POINT('',(2.724938966801,-0.84,0.2));
#7353 = LINE('',#7354,#7355);
#7354 = CARTESIAN_POINT('',(3.,-0.84,0.2));
#7355 = VECTOR('',#7356,1.);
#7356 = DIRECTION('',(-1.,-1.110223024625E-16,0.));
#7357 = ORIENTED_EDGE('',*,*,#7358,.T.);
#7358 = EDGE_CURVE('',#7351,#7359,#7361,.T.);
#7359 = VERTEX_POINT('',#7360);
#7360 = CARTESIAN_POINT('',(2.6264581915,-0.84,0.282635182233));
#7361 = CIRCLE('',#7362,0.1);
#7362 = AXIS2_PLACEMENT_3D('',#7363,#7364,#7365);
#7363 = CARTESIAN_POINT('',(2.724938966801,-0.84,0.3));
#7364 = DIRECTION('',(-1.110223024625E-16,1.,0.));
#7365 = DIRECTION('',(0.,0.,-1.));
#7366 = ORIENTED_EDGE('',*,*,#7367,.T.);
#7367 = EDGE_CURVE('',#7359,#7368,#7370,.T.);
#7368 = VERTEX_POINT('',#7369);
#7369 = CARTESIAN_POINT('',(2.545442325904,-0.84,0.7770944533));
#7370 = LINE('',#7371,#7372);
#7371 = CARTESIAN_POINT('',(2.6264581915,-0.84,0.282635182233));
#7372 = VECTOR('',#7373,1.);
#7373 = DIRECTION('',(-0.161691392282,-1.795135065956E-17,0.986841372087
    ));
#7374 = ORIENTED_EDGE('',*,*,#7375,.T.);
#7375 = EDGE_CURVE('',#7368,#7376,#7378,.T.);
#7376 = VERTEX_POINT('',#7377);
#7377 = CARTESIAN_POINT('',(2.25,-0.84,1.025));
#7378 = CIRCLE('',#7379,0.3);
#7379 = AXIS2_PLACEMENT_3D('',#7380,#7381,#7382);
#7380 = CARTESIAN_POINT('',(2.25,-0.84,0.725));
#7381 = DIRECTION('',(1.110223024625E-16,-1.,0.));
#7382 = DIRECTION('',(0.984807753012,1.093356242223E-16,0.173648177667)
  );
#7383 = ORIENTED_EDGE('',*,*,#7384,.T.);
#7384 = EDGE_CURVE('',#7376,#5391,#7385,.T.);
#7385 = LINE('',#7386,#7387);
#7386 = CARTESIAN_POINT('',(2.25,-0.84,1.025));
#7387 = VECTOR('',#7388,1.);
#7388 = DIRECTION('',(-1.,-1.110223024625E-16,0.));
#7389 = PLANE('',#7390);
#7390 = AXIS2_PLACEMENT_3D('',#7391,#7392,#7393);
#7391 = CARTESIAN_POINT('',(2.42560961319,-0.84,0.548953137803));
#7392 = DIRECTION('',(1.110223024625E-16,-1.,0.));
#7393 = DIRECTION('',(0.,0.,1.));
#7394 = ADVANCED_FACE('',(#7395),#7411,.F.);
#7395 = FACE_BOUND('',#7396,.F.);
#7396 = EDGE_LOOP('',(#7397,#7403,#7404,#7410));
#7397 = ORIENTED_EDGE('',*,*,#7398,.F.);
#7398 = EDGE_CURVE('',#5391,#5779,#7399,.T.);
#7399 = LINE('',#7400,#7401);
#7400 = CARTESIAN_POINT('',(2.25,-0.84,1.025));
#7401 = VECTOR('',#7402,1.);
#7402 = DIRECTION('',(-1.,-1.110223024625E-16,0.));
#7403 = ORIENTED_EDGE('',*,*,#5407,.T.);
#7404 = ORIENTED_EDGE('',*,*,#7405,.T.);
#7405 = EDGE_CURVE('',#5400,#5787,#7406,.T.);
#7406 = LINE('',#7407,#7408);
#7407 = CARTESIAN_POINT('',(2.25,-1.7,1.025));
#7408 = VECTOR('',#7409,1.);
#7409 = DIRECTION('',(-1.,-1.110223024625E-16,0.));
#7410 = ORIENTED_EDGE('',*,*,#5786,.F.);
#7411 = PLANE('',#7412);
#7412 = AXIS2_PLACEMENT_3D('',#7413,#7414,#7415);
#7413 = CARTESIAN_POINT('',(-3.027078129022E-16,2.4125,1.025));
#7414 = DIRECTION('',(2.007919022429E-31,-7.713306628828E-27,-1.));
#7415 = DIRECTION('',(1.,1.112083013911E-16,2.00791902242E-31));
#7416 = ADVANCED_FACE('',(#7417),#7503,.F.);
#7417 = FACE_BOUND('',#7418,.F.);
#7418 = EDGE_LOOP('',(#7419,#7420,#7421,#7430,#7438,#7447,#7455,#7463,
    #7471,#7480,#7488,#7497));
#7419 = ORIENTED_EDGE('',*,*,#5399,.F.);
#7420 = ORIENTED_EDGE('',*,*,#5421,.T.);
#7421 = ORIENTED_EDGE('',*,*,#7422,.T.);
#7422 = EDGE_CURVE('',#5422,#7423,#7425,.T.);
#7423 = VERTEX_POINT('',#7424);
#7424 = CARTESIAN_POINT('',(2.348480775301,-1.7,0.742364817767));
#7425 = CIRCLE('',#7426,0.1);
#7426 = AXIS2_PLACEMENT_3D('',#7427,#7428,#7429);
#7427 = CARTESIAN_POINT('',(2.25,-1.7,0.725));
#7428 = DIRECTION('',(-1.110223024625E-16,1.,0.));
#7429 = DIRECTION('',(4.440892098501E-15,4.930380657631E-31,1.));
#7430 = ORIENTED_EDGE('',*,*,#7431,.T.);
#7431 = EDGE_CURVE('',#7423,#7432,#7434,.T.);
#7432 = VERTEX_POINT('',#7433);
#7433 = CARTESIAN_POINT('',(2.429496640897,-1.7,0.2479055467));
#7434 = LINE('',#7435,#7436);
#7435 = CARTESIAN_POINT('',(2.348480775301,-1.7,0.742364817767));
#7436 = VECTOR('',#7437,1.);
#7437 = DIRECTION('',(0.161691392282,1.795135065956E-17,-0.986841372087)
  );
#7438 = ORIENTED_EDGE('',*,*,#7439,.T.);
#7439 = EDGE_CURVE('',#7432,#7440,#7442,.T.);
#7440 = VERTEX_POINT('',#7441);
#7441 = CARTESIAN_POINT('',(2.724938966801,-1.7,-1.665334536938E-16));
#7442 = CIRCLE('',#7443,0.3);
#7443 = AXIS2_PLACEMENT_3D('',#7444,#7445,#7446);
#7444 = CARTESIAN_POINT('',(2.724938966801,-1.7,0.3));
#7445 = DIRECTION('',(1.110223024625E-16,-1.,0.));
#7446 = DIRECTION('',(-0.984807753012,-1.093356242223E-16,
    -0.173648177667));
#7447 = ORIENTED_EDGE('',*,*,#7448,.T.);
#7448 = EDGE_CURVE('',#7440,#7449,#7451,.T.);
#7449 = VERTEX_POINT('',#7450);
#7450 = CARTESIAN_POINT('',(3.,-1.7,-1.665334536938E-16));
#7451 = LINE('',#7452,#7453);
#7452 = CARTESIAN_POINT('',(2.724938966801,-1.7,-1.665334536938E-16));
#7453 = VECTOR('',#7454,1.);
#7454 = DIRECTION('',(1.,1.110223024625E-16,0.));
#7455 = ORIENTED_EDGE('',*,*,#7456,.T.);
#7456 = EDGE_CURVE('',#7449,#7457,#7459,.T.);
#7457 = VERTEX_POINT('',#7458);
#7458 = CARTESIAN_POINT('',(3.,-1.7,0.2));
#7459 = LINE('',#7460,#7461);
#7460 = CARTESIAN_POINT('',(3.,-1.7,-1.665334536938E-16));
#7461 = VECTOR('',#7462,1.);
#7462 = DIRECTION('',(0.,0.,1.));
#7463 = ORIENTED_EDGE('',*,*,#7464,.T.);
#7464 = EDGE_CURVE('',#7457,#7465,#7467,.T.);
#7465 = VERTEX_POINT('',#7466);
#7466 = CARTESIAN_POINT('',(2.724938966801,-1.7,0.2));
#7467 = LINE('',#7468,#7469);
#7468 = CARTESIAN_POINT('',(3.,-1.7,0.2));
#7469 = VECTOR('',#7470,1.);
#7470 = DIRECTION('',(-1.,-1.110223024625E-16,0.));
#7471 = ORIENTED_EDGE('',*,*,#7472,.T.);
#7472 = EDGE_CURVE('',#7465,#7473,#7475,.T.);
#7473 = VERTEX_POINT('',#7474);
#7474 = CARTESIAN_POINT('',(2.6264581915,-1.7,0.282635182233));
#7475 = CIRCLE('',#7476,0.1);
#7476 = AXIS2_PLACEMENT_3D('',#7477,#7478,#7479);
#7477 = CARTESIAN_POINT('',(2.724938966801,-1.7,0.3));
#7478 = DIRECTION('',(-1.110223024625E-16,1.,0.));
#7479 = DIRECTION('',(0.,0.,-1.));
#7480 = ORIENTED_EDGE('',*,*,#7481,.T.);
#7481 = EDGE_CURVE('',#7473,#7482,#7484,.T.);
#7482 = VERTEX_POINT('',#7483);
#7483 = CARTESIAN_POINT('',(2.545442325904,-1.7,0.7770944533));
#7484 = LINE('',#7485,#7486);
#7485 = CARTESIAN_POINT('',(2.6264581915,-1.7,0.282635182233));
#7486 = VECTOR('',#7487,1.);
#7487 = DIRECTION('',(-0.161691392282,-1.795135065956E-17,0.986841372087
    ));
#7488 = ORIENTED_EDGE('',*,*,#7489,.T.);
#7489 = EDGE_CURVE('',#7482,#7490,#7492,.T.);
#7490 = VERTEX_POINT('',#7491);
#7491 = CARTESIAN_POINT('',(2.25,-1.7,1.025));
#7492 = CIRCLE('',#7493,0.3);
#7493 = AXIS2_PLACEMENT_3D('',#7494,#7495,#7496);
#7494 = CARTESIAN_POINT('',(2.25,-1.7,0.725));
#7495 = DIRECTION('',(1.110223024625E-16,-1.,0.));
#7496 = DIRECTION('',(0.984807753012,1.093356242223E-16,0.173648177667)
  );
#7497 = ORIENTED_EDGE('',*,*,#7498,.T.);
#7498 = EDGE_CURVE('',#7490,#5400,#7499,.T.);
#7499 = LINE('',#7500,#7501);
#7500 = CARTESIAN_POINT('',(2.25,-1.7,1.025));
#7501 = VECTOR('',#7502,1.);
#7502 = DIRECTION('',(-1.,-1.110223024625E-16,0.));
#7503 = PLANE('',#7504);
#7504 = AXIS2_PLACEMENT_3D('',#7505,#7506,#7507);
#7505 = CARTESIAN_POINT('',(2.42560961319,-1.7,0.548953137803));
#7506 = DIRECTION('',(1.110223024625E-16,-1.,0.));
#7507 = DIRECTION('',(0.,0.,1.));
#7508 = ADVANCED_FACE('',(#7509),#7528,.F.);
#7509 = FACE_BOUND('',#7510,.F.);
#7510 = EDGE_LOOP('',(#7511,#7512,#7521,#7527));
#7511 = ORIENTED_EDGE('',*,*,#5438,.T.);
#7512 = ORIENTED_EDGE('',*,*,#7513,.T.);
#7513 = EDGE_CURVE('',#5431,#7514,#7516,.T.);
#7514 = VERTEX_POINT('',#7515);
#7515 = CARTESIAN_POINT('',(2.348480775301,-2.11,0.742364817767));
#7516 = CIRCLE('',#7517,0.1);
#7517 = AXIS2_PLACEMENT_3D('',#7518,#7519,#7520);
#7518 = CARTESIAN_POINT('',(2.25,-2.11,0.725));
#7519 = DIRECTION('',(-1.110223024625E-16,1.,0.));
#7520 = DIRECTION('',(4.440892098501E-15,4.930380657631E-31,1.));
#7521 = ORIENTED_EDGE('',*,*,#7522,.F.);
#7522 = EDGE_CURVE('',#7423,#7514,#7523,.T.);
#7523 = LINE('',#7524,#7525);
#7524 = CARTESIAN_POINT('',(2.348480775301,-1.7,0.742364817767));
#7525 = VECTOR('',#7526,1.);
#7526 = DIRECTION('',(1.110223024625E-16,-1.,0.));
#7527 = ORIENTED_EDGE('',*,*,#7422,.F.);
#7528 = CYLINDRICAL_SURFACE('',#7529,0.1);
#7529 = AXIS2_PLACEMENT_3D('',#7530,#7531,#7532);
#7530 = CARTESIAN_POINT('',(2.25,-1.7,0.725));
#7531 = DIRECTION('',(-1.110223024625E-16,1.,0.));
#7532 = DIRECTION('',(4.440892098501E-15,4.930380657631E-31,1.));
#7533 = ADVANCED_FACE('',(#7534),#7612,.T.);
#7534 = FACE_BOUND('',#7535,.T.);
#7535 = EDGE_LOOP('',(#7536,#7537,#7538,#7539,#7547,#7556,#7564,#7572,
    #7580,#7589,#7597,#7606));
#7536 = ORIENTED_EDGE('',*,*,#5452,.F.);
#7537 = ORIENTED_EDGE('',*,*,#5430,.T.);
#7538 = ORIENTED_EDGE('',*,*,#7513,.T.);
#7539 = ORIENTED_EDGE('',*,*,#7540,.T.);
#7540 = EDGE_CURVE('',#7514,#7541,#7543,.T.);
#7541 = VERTEX_POINT('',#7542);
#7542 = CARTESIAN_POINT('',(2.429496640897,-2.11,0.2479055467));
#7543 = LINE('',#7544,#7545);
#7544 = CARTESIAN_POINT('',(2.348480775301,-2.11,0.742364817767));
#7545 = VECTOR('',#7546,1.);
#7546 = DIRECTION('',(0.161691392282,1.795135065956E-17,-0.986841372087)
  );
#7547 = ORIENTED_EDGE('',*,*,#7548,.T.);
#7548 = EDGE_CURVE('',#7541,#7549,#7551,.T.);
#7549 = VERTEX_POINT('',#7550);
#7550 = CARTESIAN_POINT('',(2.724938966801,-2.11,-1.665334536938E-16));
#7551 = CIRCLE('',#7552,0.3);
#7552 = AXIS2_PLACEMENT_3D('',#7553,#7554,#7555);
#7553 = CARTESIAN_POINT('',(2.724938966801,-2.11,0.3));
#7554 = DIRECTION('',(1.110223024625E-16,-1.,0.));
#7555 = DIRECTION('',(-0.984807753012,-1.093356242223E-16,
    -0.173648177667));
#7556 = ORIENTED_EDGE('',*,*,#7557,.T.);
#7557 = EDGE_CURVE('',#7549,#7558,#7560,.T.);
#7558 = VERTEX_POINT('',#7559);
#7559 = CARTESIAN_POINT('',(3.,-2.11,-1.665334536938E-16));
#7560 = LINE('',#7561,#7562);
#7561 = CARTESIAN_POINT('',(2.724938966801,-2.11,-1.665334536938E-16));
#7562 = VECTOR('',#7563,1.);
#7563 = DIRECTION('',(1.,1.110223024625E-16,0.));
#7564 = ORIENTED_EDGE('',*,*,#7565,.T.);
#7565 = EDGE_CURVE('',#7558,#7566,#7568,.T.);
#7566 = VERTEX_POINT('',#7567);
#7567 = CARTESIAN_POINT('',(3.,-2.11,0.2));
#7568 = LINE('',#7569,#7570);
#7569 = CARTESIAN_POINT('',(3.,-2.11,-1.665334536938E-16));
#7570 = VECTOR('',#7571,1.);
#7571 = DIRECTION('',(0.,0.,1.));
#7572 = ORIENTED_EDGE('',*,*,#7573,.T.);
#7573 = EDGE_CURVE('',#7566,#7574,#7576,.T.);
#7574 = VERTEX_POINT('',#7575);
#7575 = CARTESIAN_POINT('',(2.724938966801,-2.11,0.2));
#7576 = LINE('',#7577,#7578);
#7577 = CARTESIAN_POINT('',(3.,-2.11,0.2));
#7578 = VECTOR('',#7579,1.);
#7579 = DIRECTION('',(-1.,-1.110223024625E-16,0.));
#7580 = ORIENTED_EDGE('',*,*,#7581,.T.);
#7581 = EDGE_CURVE('',#7574,#7582,#7584,.T.);
#7582 = VERTEX_POINT('',#7583);
#7583 = CARTESIAN_POINT('',(2.6264581915,-2.11,0.282635182233));
#7584 = CIRCLE('',#7585,0.1);
#7585 = AXIS2_PLACEMENT_3D('',#7586,#7587,#7588);
#7586 = CARTESIAN_POINT('',(2.724938966801,-2.11,0.3));
#7587 = DIRECTION('',(-1.110223024625E-16,1.,0.));
#7588 = DIRECTION('',(0.,0.,-1.));
#7589 = ORIENTED_EDGE('',*,*,#7590,.T.);
#7590 = EDGE_CURVE('',#7582,#7591,#7593,.T.);
#7591 = VERTEX_POINT('',#7592);
#7592 = CARTESIAN_POINT('',(2.545442325904,-2.11,0.7770944533));
#7593 = LINE('',#7594,#7595);
#7594 = CARTESIAN_POINT('',(2.6264581915,-2.11,0.282635182233));
#7595 = VECTOR('',#7596,1.);
#7596 = DIRECTION('',(-0.161691392282,-1.795135065956E-17,0.986841372087
    ));
#7597 = ORIENTED_EDGE('',*,*,#7598,.T.);
#7598 = EDGE_CURVE('',#7591,#7599,#7601,.T.);
#7599 = VERTEX_POINT('',#7600);
#7600 = CARTESIAN_POINT('',(2.25,-2.11,1.025));
#7601 = CIRCLE('',#7602,0.3);
#7602 = AXIS2_PLACEMENT_3D('',#7603,#7604,#7605);
#7603 = CARTESIAN_POINT('',(2.25,-2.11,0.725));
#7604 = DIRECTION('',(1.110223024625E-16,-1.,0.));
#7605 = DIRECTION('',(0.984807753012,1.093356242223E-16,0.173648177667)
  );
#7606 = ORIENTED_EDGE('',*,*,#7607,.T.);
#7607 = EDGE_CURVE('',#7599,#5453,#7608,.T.);
#7608 = LINE('',#7609,#7610);
#7609 = CARTESIAN_POINT('',(2.25,-2.11,1.025));
#7610 = VECTOR('',#7611,1.);
#7611 = DIRECTION('',(-1.,-1.110223024625E-16,0.));
#7612 = PLANE('',#7613);
#7613 = AXIS2_PLACEMENT_3D('',#7614,#7615,#7616);
#7614 = CARTESIAN_POINT('',(2.42560961319,-2.11,0.548953137803));
#7615 = DIRECTION('',(1.110223024625E-16,-1.,0.));
#7616 = DIRECTION('',(0.,0.,1.));
#7617 = ADVANCED_FACE('',(#7618),#7629,.T.);
#7618 = FACE_BOUND('',#7619,.T.);
#7619 = EDGE_LOOP('',(#7620,#7621,#7622,#7623));
#7620 = ORIENTED_EDGE('',*,*,#6652,.T.);
#7621 = ORIENTED_EDGE('',*,*,#5553,.T.);
#7622 = ORIENTED_EDGE('',*,*,#6754,.F.);
#7623 = ORIENTED_EDGE('',*,*,#7624,.F.);
#7624 = EDGE_CURVE('',#6645,#6747,#7625,.T.);
#7625 = LINE('',#7626,#7627);
#7626 = CARTESIAN_POINT('',(-2.545442325904,1.7,0.7770944533));
#7627 = VECTOR('',#7628,1.);
#7628 = DIRECTION('',(1.144237745222E-17,1.,0.));
#7629 = CYLINDRICAL_SURFACE('',#7630,0.3);
#7630 = AXIS2_PLACEMENT_3D('',#7631,#7632,#7633);
#7631 = CARTESIAN_POINT('',(-2.25,1.7,0.725));
#7632 = DIRECTION('',(-1.144237745222E-17,-1.,0.));
#7633 = DIRECTION('',(-0.984807753012,1.126854202784E-17,0.173648177667)
  );
#7634 = ADVANCED_FACE('',(#7635),#7648,.F.);
#7635 = FACE_BOUND('',#7636,.F.);
#7636 = EDGE_LOOP('',(#7637,#7638,#7644,#7645,#7646,#7647));
#7637 = ORIENTED_EDGE('',*,*,#5997,.F.);
#7638 = ORIENTED_EDGE('',*,*,#7639,.T.);
#7639 = EDGE_CURVE('',#5989,#6098,#7640,.T.);
#7640 = LINE('',#7641,#7642);
#7641 = CARTESIAN_POINT('',(-2.25,-2.11,1.025));
#7642 = VECTOR('',#7643,1.);
#7643 = DIRECTION('',(1.144237745222E-17,1.,0.));
#7644 = ORIENTED_EDGE('',*,*,#6106,.T.);
#7645 = ORIENTED_EDGE('',*,*,#6128,.T.);
#7646 = ORIENTED_EDGE('',*,*,#5600,.F.);
#7647 = ORIENTED_EDGE('',*,*,#5871,.F.);
#7648 = PLANE('',#7649);
#7649 = AXIS2_PLACEMENT_3D('',#7650,#7651,#7652);
#7650 = CARTESIAN_POINT('',(-2.25,-2.11,1.025));
#7651 = DIRECTION('',(0.,0.,-1.));
#7652 = DIRECTION('',(1.,-1.144237745222E-17,0.));
#7653 = ADVANCED_FACE('',(#7654),#7667,.F.);
#7654 = FACE_BOUND('',#7655,.F.);
#7655 = EDGE_LOOP('',(#7656,#7657,#7663,#7664,#7665,#7666));
#7656 = ORIENTED_EDGE('',*,*,#6220,.F.);
#7657 = ORIENTED_EDGE('',*,*,#7658,.T.);
#7658 = EDGE_CURVE('',#6212,#6321,#7659,.T.);
#7659 = LINE('',#7660,#7661);
#7660 = CARTESIAN_POINT('',(-2.25,-0.84,1.025));
#7661 = VECTOR('',#7662,1.);
#7662 = DIRECTION('',(1.144237745222E-17,1.,0.));
#7663 = ORIENTED_EDGE('',*,*,#6329,.T.);
#7664 = ORIENTED_EDGE('',*,*,#6351,.T.);
#7665 = ORIENTED_EDGE('',*,*,#5616,.F.);
#7666 = ORIENTED_EDGE('',*,*,#6121,.F.);
#7667 = PLANE('',#7668);
#7668 = AXIS2_PLACEMENT_3D('',#7669,#7670,#7671);
#7669 = CARTESIAN_POINT('',(-2.25,-0.84,1.025));
#7670 = DIRECTION('',(0.,0.,-1.));
#7671 = DIRECTION('',(1.,-1.144237745222E-17,0.));
#7672 = ADVANCED_FACE('',(#7673),#7686,.F.);
#7673 = FACE_BOUND('',#7674,.F.);
#7674 = EDGE_LOOP('',(#7675,#7676,#7682,#7683,#7684,#7685));
#7675 = ORIENTED_EDGE('',*,*,#6443,.F.);
#7676 = ORIENTED_EDGE('',*,*,#7677,.T.);
#7677 = EDGE_CURVE('',#6435,#6544,#7678,.T.);
#7678 = LINE('',#7679,#7680);
#7679 = CARTESIAN_POINT('',(-2.25,0.43,1.025));
#7680 = VECTOR('',#7681,1.);
#7681 = DIRECTION('',(1.144237745222E-17,1.,0.));
#7682 = ORIENTED_EDGE('',*,*,#6552,.T.);
#7683 = ORIENTED_EDGE('',*,*,#6569,.T.);
#7684 = ORIENTED_EDGE('',*,*,#5632,.F.);
#7685 = ORIENTED_EDGE('',*,*,#6344,.F.);
#7686 = PLANE('',#7687);
#7687 = AXIS2_PLACEMENT_3D('',#7688,#7689,#7690);
#7688 = CARTESIAN_POINT('',(-2.25,0.43,1.025));
#7689 = DIRECTION('',(0.,0.,-1.));
#7690 = DIRECTION('',(1.,-1.144237745222E-17,0.));
#7691 = ADVANCED_FACE('',(#7692,#7721),#7732,.F.);
#7692 = FACE_BOUND('',#7693,.F.);
#7693 = EDGE_LOOP('',(#7694,#7695,#7696,#7697,#7705,#7713,#7719,#7720));
#7694 = ORIENTED_EDGE('',*,*,#5707,.T.);
#7695 = ORIENTED_EDGE('',*,*,#5730,.T.);
#7696 = ORIENTED_EDGE('',*,*,#5817,.T.);
#7697 = ORIENTED_EDGE('',*,*,#7698,.T.);
#7698 = EDGE_CURVE('',#5811,#7699,#7701,.T.);
#7699 = VERTEX_POINT('',#7700);
#7700 = CARTESIAN_POINT('',(1.680085640382,-2.260171280765,1.75));
#7701 = LINE('',#7702,#7703);
#7702 = CARTESIAN_POINT('',(1.760171280765,-2.180085640382,1.75));
#7703 = VECTOR('',#7704,1.);
#7704 = DIRECTION('',(-0.707106781187,-0.707106781187,0.));
#7705 = ORIENTED_EDGE('',*,*,#7706,.T.);
#7706 = EDGE_CURVE('',#7699,#7707,#7709,.T.);
#7707 = VERTEX_POINT('',#7708);
#7708 = CARTESIAN_POINT('',(-1.680085640382,-2.260171280765,1.75));
#7709 = LINE('',#7710,#7711);
#7710 = CARTESIAN_POINT('',(1.680085640382,-2.260171280765,1.75));
#7711 = VECTOR('',#7712,1.);
#7712 = DIRECTION('',(-1.,-1.110223024625E-16,0.));
#7713 = ORIENTED_EDGE('',*,*,#7714,.T.);
#7714 = EDGE_CURVE('',#7707,#5656,#7715,.T.);
#7715 = LINE('',#7716,#7717);
#7716 = CARTESIAN_POINT('',(-1.680085640382,-2.260171280765,1.75));
#7717 = VECTOR('',#7718,1.);
#7718 = DIRECTION('',(-0.707106781187,0.707106781187,0.));
#7719 = ORIENTED_EDGE('',*,*,#5655,.T.);
#7720 = ORIENTED_EDGE('',*,*,#5684,.T.);
#7721 = FACE_BOUND('',#7722,.F.);
#7722 = EDGE_LOOP('',(#7723));
#7723 = ORIENTED_EDGE('',*,*,#7724,.F.);
#7724 = EDGE_CURVE('',#7725,#7725,#7727,.T.);
#7725 = VERTEX_POINT('',#7726);
#7726 = CARTESIAN_POINT('',(-1.110171280765,1.310171280765,1.75));
#7727 = CIRCLE('',#7728,0.3);
#7728 = AXIS2_PLACEMENT_3D('',#7729,#7730,#7731);
#7729 = CARTESIAN_POINT('',(-1.110171280765,1.610171280765,1.75));
#7730 = DIRECTION('',(0.,-0.,-1.));
#7731 = DIRECTION('',(1.110223024625E-16,-1.,0.));
#7732 = PLANE('',#7733);
#7733 = AXIS2_PLACEMENT_3D('',#7734,#7735,#7736);
#7734 = CARTESIAN_POINT('',(-1.680085640382,2.260171280765,1.75));
#7735 = DIRECTION('',(0.,0.,-1.));
#7736 = DIRECTION('',(0.596575959062,-0.802556617983,0.));
#7737 = ADVANCED_FACE('',(#7738),#7748,.F.);
#7738 = FACE_BOUND('',#7739,.F.);
#7739 = EDGE_LOOP('',(#7740,#7741,#7742,#7743));
#7740 = ORIENTED_EDGE('',*,*,#5878,.T.);
#7741 = ORIENTED_EDGE('',*,*,#5663,.T.);
#7742 = ORIENTED_EDGE('',*,*,#7714,.F.);
#7743 = ORIENTED_EDGE('',*,*,#7744,.F.);
#7744 = EDGE_CURVE('',#5879,#7707,#7745,.T.);
#7745 = B_SPLINE_CURVE_WITH_KNOTS('',1,(#7746,#7747),.UNSPECIFIED.,.F.,
  .F.,(2,2),(0.,1.),.PIECEWISE_BEZIER_KNOTS.);
#7746 = CARTESIAN_POINT('',(-1.7375,-2.375,1.025));
#7747 = CARTESIAN_POINT('',(-1.680085640382,-2.260171280765,1.75));
#7748 = B_SPLINE_SURFACE_WITH_KNOTS('',1,1,(
    (#7749,#7750)
    ,(#7751,#7752
    )),.UNSPECIFIED.,.F.,.F.,.F.,(2,2),(2,2),(0.,0.194454364826),(0.,1.)
  ,.PIECEWISE_BEZIER_KNOTS.);
#7749 = CARTESIAN_POINT('',(-1.7375,-2.375,1.025));
#7750 = CARTESIAN_POINT('',(-1.680085640382,-2.260171280765,1.75));
#7751 = CARTESIAN_POINT('',(-1.875,-2.2375,1.025));
#7752 = CARTESIAN_POINT('',(-1.760171280765,-2.180085640382,1.75));
#7753 = ADVANCED_FACE('',(#7754),#7767,.F.);
#7754 = FACE_BOUND('',#7755,.F.);
#7755 = EDGE_LOOP('',(#7756,#7757,#7763,#7764,#7765,#7766));
#7756 = ORIENTED_EDGE('',*,*,#7052,.F.);
#7757 = ORIENTED_EDGE('',*,*,#7758,.T.);
#7758 = EDGE_CURVE('',#7044,#7153,#7759,.T.);
#7759 = LINE('',#7760,#7761);
#7760 = CARTESIAN_POINT('',(2.25,0.84,1.025));
#7761 = VECTOR('',#7762,1.);
#7762 = DIRECTION('',(1.110223024625E-16,-1.,0.));
#7763 = ORIENTED_EDGE('',*,*,#7161,.T.);
#7764 = ORIENTED_EDGE('',*,*,#7175,.T.);
#7765 = ORIENTED_EDGE('',*,*,#5762,.F.);
#7766 = ORIENTED_EDGE('',*,*,#6959,.F.);
#7767 = PLANE('',#7768);
#7768 = AXIS2_PLACEMENT_3D('',#7769,#7770,#7771);
#7769 = CARTESIAN_POINT('',(2.25,0.84,1.025));
#7770 = DIRECTION('',(0.,0.,-1.));
#7771 = DIRECTION('',(-1.,-1.110223024625E-16,-0.));
#7772 = ADVANCED_FACE('',(#7773),#7786,.F.);
#7773 = FACE_BOUND('',#7774,.F.);
#7774 = EDGE_LOOP('',(#7775,#7776,#7782,#7783,#7784,#7785));
#7775 = ORIENTED_EDGE('',*,*,#7275,.F.);
#7776 = ORIENTED_EDGE('',*,*,#7777,.T.);
#7777 = EDGE_CURVE('',#7267,#7376,#7778,.T.);
#7778 = LINE('',#7779,#7780);
#7779 = CARTESIAN_POINT('',(2.25,-0.43,1.025));
#7780 = VECTOR('',#7781,1.);
#7781 = DIRECTION('',(1.110223024625E-16,-1.,0.));
#7782 = ORIENTED_EDGE('',*,*,#7384,.T.);
#7783 = ORIENTED_EDGE('',*,*,#7398,.T.);
#7784 = ORIENTED_EDGE('',*,*,#5778,.F.);
#7785 = ORIENTED_EDGE('',*,*,#7182,.F.);
#7786 = PLANE('',#7787);
#7787 = AXIS2_PLACEMENT_3D('',#7788,#7789,#7790);
#7788 = CARTESIAN_POINT('',(2.25,-0.43,1.025));
#7789 = DIRECTION('',(0.,0.,-1.));
#7790 = DIRECTION('',(-1.,-1.110223024625E-16,-0.));
#7791 = ADVANCED_FACE('',(#7792),#7805,.F.);
#7792 = FACE_BOUND('',#7793,.F.);
#7793 = EDGE_LOOP('',(#7794,#7795,#7801,#7802,#7803,#7804));
#7794 = ORIENTED_EDGE('',*,*,#7498,.F.);
#7795 = ORIENTED_EDGE('',*,*,#7796,.T.);
#7796 = EDGE_CURVE('',#7490,#7599,#7797,.T.);
#7797 = LINE('',#7798,#7799);
#7798 = CARTESIAN_POINT('',(2.25,-1.7,1.025));
#7799 = VECTOR('',#7800,1.);
#7800 = DIRECTION('',(1.110223024625E-16,-1.,0.));
#7801 = ORIENTED_EDGE('',*,*,#7607,.T.);
#7802 = ORIENTED_EDGE('',*,*,#5901,.T.);
#7803 = ORIENTED_EDGE('',*,*,#5794,.F.);
#7804 = ORIENTED_EDGE('',*,*,#7405,.F.);
#7805 = PLANE('',#7806);
#7806 = AXIS2_PLACEMENT_3D('',#7807,#7808,#7809);
#7807 = CARTESIAN_POINT('',(2.25,-1.7,1.025));
#7808 = DIRECTION('',(0.,0.,-1.));
#7809 = DIRECTION('',(-1.,-1.110223024625E-16,-0.));
#7810 = ADVANCED_FACE('',(#7811),#7821,.F.);
#7811 = FACE_BOUND('',#7812,.F.);
#7812 = EDGE_LOOP('',(#7813,#7814,#7819,#7820));
#7813 = ORIENTED_EDGE('',*,*,#5894,.T.);
#7814 = ORIENTED_EDGE('',*,*,#7815,.T.);
#7815 = EDGE_CURVE('',#5887,#7699,#7816,.T.);
#7816 = B_SPLINE_CURVE_WITH_KNOTS('',1,(#7817,#7818),.UNSPECIFIED.,.F.,
  .F.,(2,2),(0.,1.),.PIECEWISE_BEZIER_KNOTS.);
#7817 = CARTESIAN_POINT('',(1.7375,-2.375,1.025));
#7818 = CARTESIAN_POINT('',(1.680085640382,-2.260171280765,1.75));
#7819 = ORIENTED_EDGE('',*,*,#7698,.F.);
#7820 = ORIENTED_EDGE('',*,*,#5810,.F.);
#7821 = B_SPLINE_SURFACE_WITH_KNOTS('',1,1,(
    (#7822,#7823)
    ,(#7824,#7825
    )),.UNSPECIFIED.,.F.,.F.,.F.,(2,2),(2,2),(0.,0.194454364826),(0.,1.)
  ,.PIECEWISE_BEZIER_KNOTS.);
#7822 = CARTESIAN_POINT('',(1.875,-2.2375,1.025));
#7823 = CARTESIAN_POINT('',(1.760171280765,-2.180085640382,1.75));
#7824 = CARTESIAN_POINT('',(1.7375,-2.375,1.025));
#7825 = CARTESIAN_POINT('',(1.680085640382,-2.260171280765,1.75));
#7826 = ADVANCED_FACE('',(#7827),#7838,.T.);
#7827 = FACE_BOUND('',#7828,.T.);
#7828 = EDGE_LOOP('',(#7829,#7830,#7831,#7832));
#7829 = ORIENTED_EDGE('',*,*,#6839,.T.);
#7830 = ORIENTED_EDGE('',*,*,#5840,.T.);
#7831 = ORIENTED_EDGE('',*,*,#6941,.F.);
#7832 = ORIENTED_EDGE('',*,*,#7833,.F.);
#7833 = EDGE_CURVE('',#6832,#6934,#7834,.T.);
#7834 = LINE('',#7835,#7836);
#7835 = CARTESIAN_POINT('',(2.545442325904,2.11,0.7770944533));
#7836 = VECTOR('',#7837,1.);
#7837 = DIRECTION('',(1.110223024625E-16,-1.,0.));
#7838 = CYLINDRICAL_SURFACE('',#7839,0.3);
#7839 = AXIS2_PLACEMENT_3D('',#7840,#7841,#7842);
#7840 = CARTESIAN_POINT('',(2.25,2.11,0.725));
#7841 = DIRECTION('',(-1.110223024625E-16,1.,0.));
#7842 = DIRECTION('',(0.984807753012,1.093356242223E-16,0.173648177667)
  );
#7843 = ADVANCED_FACE('',(#7844),#7850,.F.);
#7844 = FACE_BOUND('',#7845,.F.);
#7845 = EDGE_LOOP('',(#7846,#7847,#7848,#7849));
#7846 = ORIENTED_EDGE('',*,*,#5886,.T.);
#7847 = ORIENTED_EDGE('',*,*,#7744,.T.);
#7848 = ORIENTED_EDGE('',*,*,#7706,.F.);
#7849 = ORIENTED_EDGE('',*,*,#7815,.F.);
#7850 = B_SPLINE_SURFACE_WITH_KNOTS('',1,1,(
    (#7851,#7852)
    ,(#7853,#7854
    )),.UNSPECIFIED.,.F.,.F.,.F.,(2,2),(2,2),(0.,3.475),(0.,1.),
  .PIECEWISE_BEZIER_KNOTS.);
#7851 = CARTESIAN_POINT('',(1.7375,-2.375,1.025));
#7852 = CARTESIAN_POINT('',(1.680085640382,-2.260171280765,1.75));
#7853 = CARTESIAN_POINT('',(-1.7375,-2.375,1.025));
#7854 = CARTESIAN_POINT('',(-1.680085640382,-2.260171280765,1.75));
#7855 = ADVANCED_FACE('',(#7856),#7867,.T.);
#7856 = FACE_BOUND('',#7857,.T.);
#7857 = EDGE_LOOP('',(#7858,#7859,#7860,#7861));
#7858 = ORIENTED_EDGE('',*,*,#5988,.T.);
#7859 = ORIENTED_EDGE('',*,*,#7639,.T.);
#7860 = ORIENTED_EDGE('',*,*,#6097,.F.);
#7861 = ORIENTED_EDGE('',*,*,#7862,.F.);
#7862 = EDGE_CURVE('',#5981,#6090,#7863,.T.);
#7863 = LINE('',#7864,#7865);
#7864 = CARTESIAN_POINT('',(-2.545442325904,-2.11,0.7770944533));
#7865 = VECTOR('',#7866,1.);
#7866 = DIRECTION('',(1.144237745222E-17,1.,0.));
#7867 = CYLINDRICAL_SURFACE('',#7868,0.3);
#7868 = AXIS2_PLACEMENT_3D('',#7869,#7870,#7871);
#7869 = CARTESIAN_POINT('',(-2.25,-2.11,0.725));
#7870 = DIRECTION('',(-1.144237745222E-17,-1.,0.));
#7871 = DIRECTION('',(-0.984807753012,1.126854202784E-17,0.173648177667)
  );
#7872 = ADVANCED_FACE('',(#7873),#7884,.F.);
#7873 = FACE_BOUND('',#7874,.F.);
#7874 = EDGE_LOOP('',(#7875,#7881,#7882,#7883));
#7875 = ORIENTED_EDGE('',*,*,#7876,.T.);
#7876 = EDGE_CURVE('',#5972,#6081,#7877,.T.);
#7877 = LINE('',#7878,#7879);
#7878 = CARTESIAN_POINT('',(-2.6264581915,-2.11,0.282635182233));
#7879 = VECTOR('',#7880,1.);
#7880 = DIRECTION('',(1.144237745222E-17,1.,0.));
#7881 = ORIENTED_EDGE('',*,*,#6089,.T.);
#7882 = ORIENTED_EDGE('',*,*,#7862,.F.);
#7883 = ORIENTED_EDGE('',*,*,#5980,.F.);
#7884 = PLANE('',#7885);
#7885 = AXIS2_PLACEMENT_3D('',#7886,#7887,#7888);
#7886 = CARTESIAN_POINT('',(-2.6264581915,-2.11,0.282635182233));
#7887 = DIRECTION('',(0.986841372087,-1.129181146488E-17,-0.161691392282
    ));
#7888 = DIRECTION('',(0.161691392282,-1.85013394127E-18,0.986841372087)
  );
#7889 = ADVANCED_FACE('',(#7890),#7901,.F.);
#7890 = FACE_BOUND('',#7891,.F.);
#7891 = EDGE_LOOP('',(#7892,#7898,#7899,#7900));
#7892 = ORIENTED_EDGE('',*,*,#7893,.T.);
#7893 = EDGE_CURVE('',#5964,#6073,#7894,.T.);
#7894 = LINE('',#7895,#7896);
#7895 = CARTESIAN_POINT('',(-2.724938966801,-2.11,0.2));
#7896 = VECTOR('',#7897,1.);
#7897 = DIRECTION('',(1.144237745222E-17,1.,0.));
#7898 = ORIENTED_EDGE('',*,*,#6080,.T.);
#7899 = ORIENTED_EDGE('',*,*,#7876,.F.);
#7900 = ORIENTED_EDGE('',*,*,#5971,.F.);
#7901 = CYLINDRICAL_SURFACE('',#7902,0.1);
#7902 = AXIS2_PLACEMENT_3D('',#7903,#7904,#7905);
#7903 = CARTESIAN_POINT('',(-2.724938966801,-2.11,0.3));
#7904 = DIRECTION('',(-1.144237745222E-17,-1.,0.));
#7905 = DIRECTION('',(-0.,0.,-1.));
#7906 = ADVANCED_FACE('',(#7907),#7918,.F.);
#7907 = FACE_BOUND('',#7908,.F.);
#7908 = EDGE_LOOP('',(#7909,#7915,#7916,#7917));
#7909 = ORIENTED_EDGE('',*,*,#7910,.T.);
#7910 = EDGE_CURVE('',#5956,#6065,#7911,.T.);
#7911 = LINE('',#7912,#7913);
#7912 = CARTESIAN_POINT('',(-3.,-2.11,0.2));
#7913 = VECTOR('',#7914,1.);
#7914 = DIRECTION('',(1.144237745222E-17,1.,0.));
#7915 = ORIENTED_EDGE('',*,*,#6072,.T.);
#7916 = ORIENTED_EDGE('',*,*,#7893,.F.);
#7917 = ORIENTED_EDGE('',*,*,#5963,.F.);
#7918 = PLANE('',#7919);
#7919 = AXIS2_PLACEMENT_3D('',#7920,#7921,#7922);
#7920 = CARTESIAN_POINT('',(-3.,-2.11,0.2));
#7921 = DIRECTION('',(0.,0.,-1.));
#7922 = DIRECTION('',(1.,-1.144237745222E-17,0.));
#7923 = ADVANCED_FACE('',(#7924),#7935,.F.);
#7924 = FACE_BOUND('',#7925,.F.);
#7925 = EDGE_LOOP('',(#7926,#7932,#7933,#7934));
#7926 = ORIENTED_EDGE('',*,*,#7927,.T.);
#7927 = EDGE_CURVE('',#5948,#6057,#7928,.T.);
#7928 = LINE('',#7929,#7930);
#7929 = CARTESIAN_POINT('',(-3.,-2.11,-1.665334536938E-16));
#7930 = VECTOR('',#7931,1.);
#7931 = DIRECTION('',(1.144237745222E-17,1.,0.));
#7932 = ORIENTED_EDGE('',*,*,#6064,.T.);
#7933 = ORIENTED_EDGE('',*,*,#7910,.F.);
#7934 = ORIENTED_EDGE('',*,*,#5955,.F.);
#7935 = PLANE('',#7936);
#7936 = AXIS2_PLACEMENT_3D('',#7937,#7938,#7939);
#7937 = CARTESIAN_POINT('',(-3.,-2.11,-1.665334536938E-16));
#7938 = DIRECTION('',(1.,-1.144237745222E-17,0.));
#7939 = DIRECTION('',(0.,0.,1.));
#7940 = ADVANCED_FACE('',(#7941),#7952,.F.);
#7941 = FACE_BOUND('',#7942,.F.);
#7942 = EDGE_LOOP('',(#7943,#7949,#7950,#7951));
#7943 = ORIENTED_EDGE('',*,*,#7944,.T.);
#7944 = EDGE_CURVE('',#5939,#6048,#7945,.T.);
#7945 = LINE('',#7946,#7947);
#7946 = CARTESIAN_POINT('',(-2.724938966801,-2.11,-1.665334536938E-16));
#7947 = VECTOR('',#7948,1.);
#7948 = DIRECTION('',(1.144237745222E-17,1.,0.));
#7949 = ORIENTED_EDGE('',*,*,#6056,.T.);
#7950 = ORIENTED_EDGE('',*,*,#7927,.F.);
#7951 = ORIENTED_EDGE('',*,*,#5947,.F.);
#7952 = PLANE('',#7953);
#7953 = AXIS2_PLACEMENT_3D('',#7954,#7955,#7956);
#7954 = CARTESIAN_POINT('',(-2.724938966801,-2.11,-1.665334536938E-16));
#7955 = DIRECTION('',(0.,0.,1.));
#7956 = DIRECTION('',(-1.,1.144237745222E-17,0.));
#7957 = ADVANCED_FACE('',(#7958),#7969,.T.);
#7958 = FACE_BOUND('',#7959,.T.);
#7959 = EDGE_LOOP('',(#7960,#7961,#7962,#7963));
#7960 = ORIENTED_EDGE('',*,*,#5938,.T.);
#7961 = ORIENTED_EDGE('',*,*,#7944,.T.);
#7962 = ORIENTED_EDGE('',*,*,#6047,.F.);
#7963 = ORIENTED_EDGE('',*,*,#7964,.F.);
#7964 = EDGE_CURVE('',#5931,#6040,#7965,.T.);
#7965 = LINE('',#7966,#7967);
#7966 = CARTESIAN_POINT('',(-2.429496640897,-2.11,0.2479055467));
#7967 = VECTOR('',#7968,1.);
#7968 = DIRECTION('',(1.144237745222E-17,1.,0.));
#7969 = CYLINDRICAL_SURFACE('',#7970,0.3);
#7970 = AXIS2_PLACEMENT_3D('',#7971,#7972,#7973);
#7971 = CARTESIAN_POINT('',(-2.724938966801,-2.11,0.3));
#7972 = DIRECTION('',(-1.144237745222E-17,-1.,0.));
#7973 = DIRECTION('',(0.984807753012,-1.126854202784E-17,-0.173648177667
    ));
#7974 = ADVANCED_FACE('',(#7975),#7981,.F.);
#7975 = FACE_BOUND('',#7976,.F.);
#7976 = EDGE_LOOP('',(#7977,#7978,#7979,#7980));
#7977 = ORIENTED_EDGE('',*,*,#6021,.T.);
#7978 = ORIENTED_EDGE('',*,*,#6039,.T.);
#7979 = ORIENTED_EDGE('',*,*,#7964,.F.);
#7980 = ORIENTED_EDGE('',*,*,#5930,.F.);
#7981 = PLANE('',#7982);
#7982 = AXIS2_PLACEMENT_3D('',#7983,#7984,#7985);
#7983 = CARTESIAN_POINT('',(-2.348480775301,-2.11,0.742364817767));
#7984 = DIRECTION('',(-0.986841372087,1.129181146488E-17,0.161691392282)
  );
#7985 = DIRECTION('',(-0.161691392282,1.85013394127E-18,-0.986841372087)
  );
#7986 = ADVANCED_FACE('',(#7987),#7998,.T.);
#7987 = FACE_BOUND('',#7988,.T.);
#7988 = EDGE_LOOP('',(#7989,#7990,#7991,#7992));
#7989 = ORIENTED_EDGE('',*,*,#6211,.T.);
#7990 = ORIENTED_EDGE('',*,*,#7658,.T.);
#7991 = ORIENTED_EDGE('',*,*,#6320,.F.);
#7992 = ORIENTED_EDGE('',*,*,#7993,.F.);
#7993 = EDGE_CURVE('',#6204,#6313,#7994,.T.);
#7994 = LINE('',#7995,#7996);
#7995 = CARTESIAN_POINT('',(-2.545442325904,-0.84,0.7770944533));
#7996 = VECTOR('',#7997,1.);
#7997 = DIRECTION('',(1.144237745222E-17,1.,0.));
#7998 = CYLINDRICAL_SURFACE('',#7999,0.3);
#7999 = AXIS2_PLACEMENT_3D('',#8000,#8001,#8002);
#8000 = CARTESIAN_POINT('',(-2.25,-0.84,0.725));
#8001 = DIRECTION('',(-1.144237745222E-17,-1.,0.));
#8002 = DIRECTION('',(-0.984807753012,1.126854202784E-17,0.173648177667)
  );
#8003 = ADVANCED_FACE('',(#8004),#8015,.F.);
#8004 = FACE_BOUND('',#8005,.F.);
#8005 = EDGE_LOOP('',(#8006,#8012,#8013,#8014));
#8006 = ORIENTED_EDGE('',*,*,#8007,.T.);
#8007 = EDGE_CURVE('',#6195,#6304,#8008,.T.);
#8008 = LINE('',#8009,#8010);
#8009 = CARTESIAN_POINT('',(-2.6264581915,-0.84,0.282635182233));
#8010 = VECTOR('',#8011,1.);
#8011 = DIRECTION('',(1.144237745222E-17,1.,0.));
#8012 = ORIENTED_EDGE('',*,*,#6312,.T.);
#8013 = ORIENTED_EDGE('',*,*,#7993,.F.);
#8014 = ORIENTED_EDGE('',*,*,#6203,.F.);
#8015 = PLANE('',#8016);
#8016 = AXIS2_PLACEMENT_3D('',#8017,#8018,#8019);
#8017 = CARTESIAN_POINT('',(-2.6264581915,-0.84,0.282635182233));
#8018 = DIRECTION('',(0.986841372087,-1.129181146488E-17,-0.161691392282
    ));
#8019 = DIRECTION('',(0.161691392282,-1.85013394127E-18,0.986841372087)
  );
#8020 = ADVANCED_FACE('',(#8021),#8032,.F.);
#8021 = FACE_BOUND('',#8022,.F.);
#8022 = EDGE_LOOP('',(#8023,#8029,#8030,#8031));
#8023 = ORIENTED_EDGE('',*,*,#8024,.T.);
#8024 = EDGE_CURVE('',#6187,#6296,#8025,.T.);
#8025 = LINE('',#8026,#8027);
#8026 = CARTESIAN_POINT('',(-2.724938966801,-0.84,0.2));
#8027 = VECTOR('',#8028,1.);
#8028 = DIRECTION('',(1.144237745222E-17,1.,0.));
#8029 = ORIENTED_EDGE('',*,*,#6303,.T.);
#8030 = ORIENTED_EDGE('',*,*,#8007,.F.);
#8031 = ORIENTED_EDGE('',*,*,#6194,.F.);
#8032 = CYLINDRICAL_SURFACE('',#8033,0.1);
#8033 = AXIS2_PLACEMENT_3D('',#8034,#8035,#8036);
#8034 = CARTESIAN_POINT('',(-2.724938966801,-0.84,0.3));
#8035 = DIRECTION('',(-1.144237745222E-17,-1.,0.));
#8036 = DIRECTION('',(-0.,0.,-1.));
#8037 = ADVANCED_FACE('',(#8038),#8049,.F.);
#8038 = FACE_BOUND('',#8039,.F.);
#8039 = EDGE_LOOP('',(#8040,#8046,#8047,#8048));
#8040 = ORIENTED_EDGE('',*,*,#8041,.T.);
#8041 = EDGE_CURVE('',#6179,#6288,#8042,.T.);
#8042 = LINE('',#8043,#8044);
#8043 = CARTESIAN_POINT('',(-3.,-0.84,0.2));
#8044 = VECTOR('',#8045,1.);
#8045 = DIRECTION('',(1.144237745222E-17,1.,0.));
#8046 = ORIENTED_EDGE('',*,*,#6295,.T.);
#8047 = ORIENTED_EDGE('',*,*,#8024,.F.);
#8048 = ORIENTED_EDGE('',*,*,#6186,.F.);
#8049 = PLANE('',#8050);
#8050 = AXIS2_PLACEMENT_3D('',#8051,#8052,#8053);
#8051 = CARTESIAN_POINT('',(-3.,-0.84,0.2));
#8052 = DIRECTION('',(0.,0.,-1.));
#8053 = DIRECTION('',(1.,-1.144237745222E-17,0.));
#8054 = ADVANCED_FACE('',(#8055),#8066,.F.);
#8055 = FACE_BOUND('',#8056,.F.);
#8056 = EDGE_LOOP('',(#8057,#8063,#8064,#8065));
#8057 = ORIENTED_EDGE('',*,*,#8058,.T.);
#8058 = EDGE_CURVE('',#6171,#6280,#8059,.T.);
#8059 = LINE('',#8060,#8061);
#8060 = CARTESIAN_POINT('',(-3.,-0.84,-1.665334536938E-16));
#8061 = VECTOR('',#8062,1.);
#8062 = DIRECTION('',(1.144237745222E-17,1.,0.));
#8063 = ORIENTED_EDGE('',*,*,#6287,.T.);
#8064 = ORIENTED_EDGE('',*,*,#8041,.F.);
#8065 = ORIENTED_EDGE('',*,*,#6178,.F.);
#8066 = PLANE('',#8067);
#8067 = AXIS2_PLACEMENT_3D('',#8068,#8069,#8070);
#8068 = CARTESIAN_POINT('',(-3.,-0.84,-1.665334536938E-16));
#8069 = DIRECTION('',(1.,-1.144237745222E-17,0.));
#8070 = DIRECTION('',(0.,0.,1.));
#8071 = ADVANCED_FACE('',(#8072),#8083,.F.);
#8072 = FACE_BOUND('',#8073,.F.);
#8073 = EDGE_LOOP('',(#8074,#8080,#8081,#8082));
#8074 = ORIENTED_EDGE('',*,*,#8075,.T.);
#8075 = EDGE_CURVE('',#6162,#6271,#8076,.T.);
#8076 = LINE('',#8077,#8078);
#8077 = CARTESIAN_POINT('',(-2.724938966801,-0.84,-1.665334536938E-16));
#8078 = VECTOR('',#8079,1.);
#8079 = DIRECTION('',(1.144237745222E-17,1.,0.));
#8080 = ORIENTED_EDGE('',*,*,#6279,.T.);
#8081 = ORIENTED_EDGE('',*,*,#8058,.F.);
#8082 = ORIENTED_EDGE('',*,*,#6170,.F.);
#8083 = PLANE('',#8084);
#8084 = AXIS2_PLACEMENT_3D('',#8085,#8086,#8087);
#8085 = CARTESIAN_POINT('',(-2.724938966801,-0.84,-1.665334536938E-16));
#8086 = DIRECTION('',(0.,0.,1.));
#8087 = DIRECTION('',(-1.,1.144237745222E-17,0.));
#8088 = ADVANCED_FACE('',(#8089),#8100,.T.);
#8089 = FACE_BOUND('',#8090,.T.);
#8090 = EDGE_LOOP('',(#8091,#8092,#8093,#8094));
#8091 = ORIENTED_EDGE('',*,*,#6161,.T.);
#8092 = ORIENTED_EDGE('',*,*,#8075,.T.);
#8093 = ORIENTED_EDGE('',*,*,#6270,.F.);
#8094 = ORIENTED_EDGE('',*,*,#8095,.F.);
#8095 = EDGE_CURVE('',#6154,#6263,#8096,.T.);
#8096 = LINE('',#8097,#8098);
#8097 = CARTESIAN_POINT('',(-2.429496640897,-0.84,0.2479055467));
#8098 = VECTOR('',#8099,1.);
#8099 = DIRECTION('',(1.144237745222E-17,1.,0.));
#8100 = CYLINDRICAL_SURFACE('',#8101,0.3);
#8101 = AXIS2_PLACEMENT_3D('',#8102,#8103,#8104);
#8102 = CARTESIAN_POINT('',(-2.724938966801,-0.84,0.3));
#8103 = DIRECTION('',(-1.144237745222E-17,-1.,0.));
#8104 = DIRECTION('',(0.984807753012,-1.126854202784E-17,-0.173648177667
    ));
#8105 = ADVANCED_FACE('',(#8106),#8112,.F.);
#8106 = FACE_BOUND('',#8107,.F.);
#8107 = EDGE_LOOP('',(#8108,#8109,#8110,#8111));
#8108 = ORIENTED_EDGE('',*,*,#6244,.T.);
#8109 = ORIENTED_EDGE('',*,*,#6262,.T.);
#8110 = ORIENTED_EDGE('',*,*,#8095,.F.);
#8111 = ORIENTED_EDGE('',*,*,#6153,.F.);
#8112 = PLANE('',#8113);
#8113 = AXIS2_PLACEMENT_3D('',#8114,#8115,#8116);
#8114 = CARTESIAN_POINT('',(-2.348480775301,-0.84,0.742364817767));
#8115 = DIRECTION('',(-0.986841372087,1.129181146488E-17,0.161691392282)
  );
#8116 = DIRECTION('',(-0.161691392282,1.85013394127E-18,-0.986841372087)
  );
#8117 = ADVANCED_FACE('',(#8118),#8129,.T.);
#8118 = FACE_BOUND('',#8119,.T.);
#8119 = EDGE_LOOP('',(#8120,#8121,#8122,#8123));
#8120 = ORIENTED_EDGE('',*,*,#6434,.T.);
#8121 = ORIENTED_EDGE('',*,*,#7677,.T.);
#8122 = ORIENTED_EDGE('',*,*,#6543,.F.);
#8123 = ORIENTED_EDGE('',*,*,#8124,.F.);
#8124 = EDGE_CURVE('',#6427,#6536,#8125,.T.);
#8125 = LINE('',#8126,#8127);
#8126 = CARTESIAN_POINT('',(-2.545442325904,0.43,0.7770944533));
#8127 = VECTOR('',#8128,1.);
#8128 = DIRECTION('',(1.144237745222E-17,1.,0.));
#8129 = CYLINDRICAL_SURFACE('',#8130,0.3);
#8130 = AXIS2_PLACEMENT_3D('',#8131,#8132,#8133);
#8131 = CARTESIAN_POINT('',(-2.25,0.43,0.725));
#8132 = DIRECTION('',(-1.144237745222E-17,-1.,0.));
#8133 = DIRECTION('',(-0.984807753012,1.126854202784E-17,0.173648177667)
  );
#8134 = ADVANCED_FACE('',(#8135),#8146,.F.);
#8135 = FACE_BOUND('',#8136,.F.);
#8136 = EDGE_LOOP('',(#8137,#8143,#8144,#8145));
#8137 = ORIENTED_EDGE('',*,*,#8138,.T.);
#8138 = EDGE_CURVE('',#6418,#6527,#8139,.T.);
#8139 = LINE('',#8140,#8141);
#8140 = CARTESIAN_POINT('',(-2.6264581915,0.43,0.282635182233));
#8141 = VECTOR('',#8142,1.);
#8142 = DIRECTION('',(1.144237745222E-17,1.,0.));
#8143 = ORIENTED_EDGE('',*,*,#6535,.T.);
#8144 = ORIENTED_EDGE('',*,*,#8124,.F.);
#8145 = ORIENTED_EDGE('',*,*,#6426,.F.);
#8146 = PLANE('',#8147);
#8147 = AXIS2_PLACEMENT_3D('',#8148,#8149,#8150);
#8148 = CARTESIAN_POINT('',(-2.6264581915,0.43,0.282635182233));
#8149 = DIRECTION('',(0.986841372087,-1.129181146488E-17,-0.161691392282
    ));
#8150 = DIRECTION('',(0.161691392282,-1.85013394127E-18,0.986841372087)
  );
#8151 = ADVANCED_FACE('',(#8152),#8163,.F.);
#8152 = FACE_BOUND('',#8153,.F.);
#8153 = EDGE_LOOP('',(#8154,#8160,#8161,#8162));
#8154 = ORIENTED_EDGE('',*,*,#8155,.T.);
#8155 = EDGE_CURVE('',#6410,#6519,#8156,.T.);
#8156 = LINE('',#8157,#8158);
#8157 = CARTESIAN_POINT('',(-2.724938966801,0.43,0.2));
#8158 = VECTOR('',#8159,1.);
#8159 = DIRECTION('',(1.144237745222E-17,1.,0.));
#8160 = ORIENTED_EDGE('',*,*,#6526,.T.);
#8161 = ORIENTED_EDGE('',*,*,#8138,.F.);
#8162 = ORIENTED_EDGE('',*,*,#6417,.F.);
#8163 = CYLINDRICAL_SURFACE('',#8164,0.1);
#8164 = AXIS2_PLACEMENT_3D('',#8165,#8166,#8167);
#8165 = CARTESIAN_POINT('',(-2.724938966801,0.43,0.3));
#8166 = DIRECTION('',(-1.144237745222E-17,-1.,0.));
#8167 = DIRECTION('',(-0.,0.,-1.));
#8168 = ADVANCED_FACE('',(#8169),#8180,.F.);
#8169 = FACE_BOUND('',#8170,.F.);
#8170 = EDGE_LOOP('',(#8171,#8177,#8178,#8179));
#8171 = ORIENTED_EDGE('',*,*,#8172,.T.);
#8172 = EDGE_CURVE('',#6402,#6511,#8173,.T.);
#8173 = LINE('',#8174,#8175);
#8174 = CARTESIAN_POINT('',(-3.,0.43,0.2));
#8175 = VECTOR('',#8176,1.);
#8176 = DIRECTION('',(1.144237745222E-17,1.,0.));
#8177 = ORIENTED_EDGE('',*,*,#6518,.T.);
#8178 = ORIENTED_EDGE('',*,*,#8155,.F.);
#8179 = ORIENTED_EDGE('',*,*,#6409,.F.);
#8180 = PLANE('',#8181);
#8181 = AXIS2_PLACEMENT_3D('',#8182,#8183,#8184);
#8182 = CARTESIAN_POINT('',(-3.,0.43,0.2));
#8183 = DIRECTION('',(0.,0.,-1.));
#8184 = DIRECTION('',(1.,-1.144237745222E-17,0.));
#8185 = ADVANCED_FACE('',(#8186),#8197,.F.);
#8186 = FACE_BOUND('',#8187,.F.);
#8187 = EDGE_LOOP('',(#8188,#8194,#8195,#8196));
#8188 = ORIENTED_EDGE('',*,*,#8189,.T.);
#8189 = EDGE_CURVE('',#6394,#6503,#8190,.T.);
#8190 = LINE('',#8191,#8192);
#8191 = CARTESIAN_POINT('',(-3.,0.43,-1.665334536938E-16));
#8192 = VECTOR('',#8193,1.);
#8193 = DIRECTION('',(1.144237745222E-17,1.,0.));
#8194 = ORIENTED_EDGE('',*,*,#6510,.T.);
#8195 = ORIENTED_EDGE('',*,*,#8172,.F.);
#8196 = ORIENTED_EDGE('',*,*,#6401,.F.);
#8197 = PLANE('',#8198);
#8198 = AXIS2_PLACEMENT_3D('',#8199,#8200,#8201);
#8199 = CARTESIAN_POINT('',(-3.,0.43,-1.665334536938E-16));
#8200 = DIRECTION('',(1.,-1.144237745222E-17,0.));
#8201 = DIRECTION('',(0.,0.,1.));
#8202 = ADVANCED_FACE('',(#8203),#8214,.F.);
#8203 = FACE_BOUND('',#8204,.F.);
#8204 = EDGE_LOOP('',(#8205,#8211,#8212,#8213));
#8205 = ORIENTED_EDGE('',*,*,#8206,.T.);
#8206 = EDGE_CURVE('',#6385,#6494,#8207,.T.);
#8207 = LINE('',#8208,#8209);
#8208 = CARTESIAN_POINT('',(-2.724938966801,0.43,-1.665334536938E-16));
#8209 = VECTOR('',#8210,1.);
#8210 = DIRECTION('',(1.144237745222E-17,1.,0.));
#8211 = ORIENTED_EDGE('',*,*,#6502,.T.);
#8212 = ORIENTED_EDGE('',*,*,#8189,.F.);
#8213 = ORIENTED_EDGE('',*,*,#6393,.F.);
#8214 = PLANE('',#8215);
#8215 = AXIS2_PLACEMENT_3D('',#8216,#8217,#8218);
#8216 = CARTESIAN_POINT('',(-2.724938966801,0.43,-1.665334536938E-16));
#8217 = DIRECTION('',(0.,0.,1.));
#8218 = DIRECTION('',(-1.,1.144237745222E-17,0.));
#8219 = ADVANCED_FACE('',(#8220),#8231,.T.);
#8220 = FACE_BOUND('',#8221,.T.);
#8221 = EDGE_LOOP('',(#8222,#8223,#8224,#8225));
#8222 = ORIENTED_EDGE('',*,*,#6384,.T.);
#8223 = ORIENTED_EDGE('',*,*,#8206,.T.);
#8224 = ORIENTED_EDGE('',*,*,#6493,.F.);
#8225 = ORIENTED_EDGE('',*,*,#8226,.F.);
#8226 = EDGE_CURVE('',#6377,#6486,#8227,.T.);
#8227 = LINE('',#8228,#8229);
#8228 = CARTESIAN_POINT('',(-2.429496640897,0.43,0.2479055467));
#8229 = VECTOR('',#8230,1.);
#8230 = DIRECTION('',(1.144237745222E-17,1.,0.));
#8231 = CYLINDRICAL_SURFACE('',#8232,0.3);
#8232 = AXIS2_PLACEMENT_3D('',#8233,#8234,#8235);
#8233 = CARTESIAN_POINT('',(-2.724938966801,0.43,0.3));
#8234 = DIRECTION('',(-1.144237745222E-17,-1.,0.));
#8235 = DIRECTION('',(0.984807753012,-1.126854202784E-17,-0.173648177667
    ));
#8236 = ADVANCED_FACE('',(#8237),#8243,.F.);
#8237 = FACE_BOUND('',#8238,.F.);
#8238 = EDGE_LOOP('',(#8239,#8240,#8241,#8242));
#8239 = ORIENTED_EDGE('',*,*,#6467,.T.);
#8240 = ORIENTED_EDGE('',*,*,#6485,.T.);
#8241 = ORIENTED_EDGE('',*,*,#8226,.F.);
#8242 = ORIENTED_EDGE('',*,*,#6376,.F.);
#8243 = PLANE('',#8244);
#8244 = AXIS2_PLACEMENT_3D('',#8245,#8246,#8247);
#8245 = CARTESIAN_POINT('',(-2.348480775301,0.43,0.742364817767));
#8246 = DIRECTION('',(-0.986841372087,1.129181146488E-17,0.161691392282)
  );
#8247 = DIRECTION('',(-0.161691392282,1.85013394127E-18,-0.986841372087)
  );
#8248 = ADVANCED_FACE('',(#8249),#8260,.F.);
#8249 = FACE_BOUND('',#8250,.F.);
#8250 = EDGE_LOOP('',(#8251,#8257,#8258,#8259));
#8251 = ORIENTED_EDGE('',*,*,#8252,.T.);
#8252 = EDGE_CURVE('',#6636,#6738,#8253,.T.);
#8253 = LINE('',#8254,#8255);
#8254 = CARTESIAN_POINT('',(-2.6264581915,1.7,0.282635182233));
#8255 = VECTOR('',#8256,1.);
#8256 = DIRECTION('',(1.144237745222E-17,1.,0.));
#8257 = ORIENTED_EDGE('',*,*,#6746,.T.);
#8258 = ORIENTED_EDGE('',*,*,#7624,.F.);
#8259 = ORIENTED_EDGE('',*,*,#6644,.F.);
#8260 = PLANE('',#8261);
#8261 = AXIS2_PLACEMENT_3D('',#8262,#8263,#8264);
#8262 = CARTESIAN_POINT('',(-2.6264581915,1.7,0.282635182233));
#8263 = DIRECTION('',(0.986841372087,-1.129181146488E-17,-0.161691392282
    ));
#8264 = DIRECTION('',(0.161691392282,-1.85013394127E-18,0.986841372087)
  );
#8265 = ADVANCED_FACE('',(#8266),#8277,.F.);
#8266 = FACE_BOUND('',#8267,.F.);
#8267 = EDGE_LOOP('',(#8268,#8274,#8275,#8276));
#8268 = ORIENTED_EDGE('',*,*,#8269,.T.);
#8269 = EDGE_CURVE('',#6628,#6730,#8270,.T.);
#8270 = LINE('',#8271,#8272);
#8271 = CARTESIAN_POINT('',(-2.724938966801,1.7,0.2));
#8272 = VECTOR('',#8273,1.);
#8273 = DIRECTION('',(1.144237745222E-17,1.,0.));
#8274 = ORIENTED_EDGE('',*,*,#6737,.T.);
#8275 = ORIENTED_EDGE('',*,*,#8252,.F.);
#8276 = ORIENTED_EDGE('',*,*,#6635,.F.);
#8277 = CYLINDRICAL_SURFACE('',#8278,0.1);
#8278 = AXIS2_PLACEMENT_3D('',#8279,#8280,#8281);
#8279 = CARTESIAN_POINT('',(-2.724938966801,1.7,0.3));
#8280 = DIRECTION('',(-1.144237745222E-17,-1.,0.));
#8281 = DIRECTION('',(-0.,0.,-1.));
#8282 = ADVANCED_FACE('',(#8283),#8294,.F.);
#8283 = FACE_BOUND('',#8284,.F.);
#8284 = EDGE_LOOP('',(#8285,#8291,#8292,#8293));
#8285 = ORIENTED_EDGE('',*,*,#8286,.T.);
#8286 = EDGE_CURVE('',#6620,#6722,#8287,.T.);
#8287 = LINE('',#8288,#8289);
#8288 = CARTESIAN_POINT('',(-3.,1.7,0.2));
#8289 = VECTOR('',#8290,1.);
#8290 = DIRECTION('',(1.144237745222E-17,1.,0.));
#8291 = ORIENTED_EDGE('',*,*,#6729,.T.);
#8292 = ORIENTED_EDGE('',*,*,#8269,.F.);
#8293 = ORIENTED_EDGE('',*,*,#6627,.F.);
#8294 = PLANE('',#8295);
#8295 = AXIS2_PLACEMENT_3D('',#8296,#8297,#8298);
#8296 = CARTESIAN_POINT('',(-3.,1.7,0.2));
#8297 = DIRECTION('',(0.,0.,-1.));
#8298 = DIRECTION('',(1.,-1.144237745222E-17,0.));
#8299 = ADVANCED_FACE('',(#8300),#8311,.F.);
#8300 = FACE_BOUND('',#8301,.F.);
#8301 = EDGE_LOOP('',(#8302,#8308,#8309,#8310));
#8302 = ORIENTED_EDGE('',*,*,#8303,.T.);
#8303 = EDGE_CURVE('',#6612,#6714,#8304,.T.);
#8304 = LINE('',#8305,#8306);
#8305 = CARTESIAN_POINT('',(-3.,1.7,-1.665334536938E-16));
#8306 = VECTOR('',#8307,1.);
#8307 = DIRECTION('',(1.144237745222E-17,1.,0.));
#8308 = ORIENTED_EDGE('',*,*,#6721,.T.);
#8309 = ORIENTED_EDGE('',*,*,#8286,.F.);
#8310 = ORIENTED_EDGE('',*,*,#6619,.F.);
#8311 = PLANE('',#8312);
#8312 = AXIS2_PLACEMENT_3D('',#8313,#8314,#8315);
#8313 = CARTESIAN_POINT('',(-3.,1.7,-1.665334536938E-16));
#8314 = DIRECTION('',(1.,-1.144237745222E-17,0.));
#8315 = DIRECTION('',(0.,0.,1.));
#8316 = ADVANCED_FACE('',(#8317),#8328,.F.);
#8317 = FACE_BOUND('',#8318,.F.);
#8318 = EDGE_LOOP('',(#8319,#8325,#8326,#8327));
#8319 = ORIENTED_EDGE('',*,*,#8320,.T.);
#8320 = EDGE_CURVE('',#6603,#6705,#8321,.T.);
#8321 = LINE('',#8322,#8323);
#8322 = CARTESIAN_POINT('',(-2.724938966801,1.7,-1.665334536938E-16));
#8323 = VECTOR('',#8324,1.);
#8324 = DIRECTION('',(1.144237745222E-17,1.,0.));
#8325 = ORIENTED_EDGE('',*,*,#6713,.T.);
#8326 = ORIENTED_EDGE('',*,*,#8303,.F.);
#8327 = ORIENTED_EDGE('',*,*,#6611,.F.);
#8328 = PLANE('',#8329);
#8329 = AXIS2_PLACEMENT_3D('',#8330,#8331,#8332);
#8330 = CARTESIAN_POINT('',(-2.724938966801,1.7,-1.665334536938E-16));
#8331 = DIRECTION('',(0.,0.,1.));
#8332 = DIRECTION('',(-1.,1.144237745222E-17,0.));
#8333 = ADVANCED_FACE('',(#8334),#8345,.T.);
#8334 = FACE_BOUND('',#8335,.T.);
#8335 = EDGE_LOOP('',(#8336,#8337,#8338,#8339));
#8336 = ORIENTED_EDGE('',*,*,#6602,.T.);
#8337 = ORIENTED_EDGE('',*,*,#8320,.T.);
#8338 = ORIENTED_EDGE('',*,*,#6704,.F.);
#8339 = ORIENTED_EDGE('',*,*,#8340,.F.);
#8340 = EDGE_CURVE('',#6595,#6697,#8341,.T.);
#8341 = LINE('',#8342,#8343);
#8342 = CARTESIAN_POINT('',(-2.429496640897,1.7,0.2479055467));
#8343 = VECTOR('',#8344,1.);
#8344 = DIRECTION('',(1.144237745222E-17,1.,0.));
#8345 = CYLINDRICAL_SURFACE('',#8346,0.3);
#8346 = AXIS2_PLACEMENT_3D('',#8347,#8348,#8349);
#8347 = CARTESIAN_POINT('',(-2.724938966801,1.7,0.3));
#8348 = DIRECTION('',(-1.144237745222E-17,-1.,0.));
#8349 = DIRECTION('',(0.984807753012,-1.126854202784E-17,-0.173648177667
    ));
#8350 = ADVANCED_FACE('',(#8351),#8357,.F.);
#8351 = FACE_BOUND('',#8352,.F.);
#8352 = EDGE_LOOP('',(#8353,#8354,#8355,#8356));
#8353 = ORIENTED_EDGE('',*,*,#6678,.T.);
#8354 = ORIENTED_EDGE('',*,*,#6696,.T.);
#8355 = ORIENTED_EDGE('',*,*,#8340,.F.);
#8356 = ORIENTED_EDGE('',*,*,#6594,.F.);
#8357 = PLANE('',#8358);
#8358 = AXIS2_PLACEMENT_3D('',#8359,#8360,#8361);
#8359 = CARTESIAN_POINT('',(-2.348480775301,1.7,0.742364817767));
#8360 = DIRECTION('',(-0.986841372087,1.129181146488E-17,0.161691392282)
  );
#8361 = DIRECTION('',(-0.161691392282,1.85013394127E-18,-0.986841372087)
  );
#8362 = ADVANCED_FACE('',(#8363),#8374,.F.);
#8363 = FACE_BOUND('',#8364,.F.);
#8364 = EDGE_LOOP('',(#8365,#8371,#8372,#8373));
#8365 = ORIENTED_EDGE('',*,*,#8366,.T.);
#8366 = EDGE_CURVE('',#6823,#6925,#8367,.T.);
#8367 = LINE('',#8368,#8369);
#8368 = CARTESIAN_POINT('',(2.6264581915,2.11,0.282635182233));
#8369 = VECTOR('',#8370,1.);
#8370 = DIRECTION('',(1.110223024625E-16,-1.,0.));
#8371 = ORIENTED_EDGE('',*,*,#6933,.T.);
#8372 = ORIENTED_EDGE('',*,*,#7833,.F.);
#8373 = ORIENTED_EDGE('',*,*,#6831,.F.);
#8374 = PLANE('',#8375);
#8375 = AXIS2_PLACEMENT_3D('',#8376,#8377,#8378);
#8376 = CARTESIAN_POINT('',(2.6264581915,2.11,0.282635182233));
#8377 = DIRECTION('',(-0.986841372087,-1.095614012943E-16,
    -0.161691392282));
#8378 = DIRECTION('',(-0.161691392282,-1.795135065956E-17,0.986841372087
    ));
#8379 = ADVANCED_FACE('',(#8380),#8391,.F.);
#8380 = FACE_BOUND('',#8381,.F.);
#8381 = EDGE_LOOP('',(#8382,#8388,#8389,#8390));
#8382 = ORIENTED_EDGE('',*,*,#8383,.T.);
#8383 = EDGE_CURVE('',#6815,#6917,#8384,.T.);
#8384 = LINE('',#8385,#8386);
#8385 = CARTESIAN_POINT('',(2.724938966801,2.11,0.2));
#8386 = VECTOR('',#8387,1.);
#8387 = DIRECTION('',(1.110223024625E-16,-1.,0.));
#8388 = ORIENTED_EDGE('',*,*,#6924,.T.);
#8389 = ORIENTED_EDGE('',*,*,#8366,.F.);
#8390 = ORIENTED_EDGE('',*,*,#6822,.F.);
#8391 = CYLINDRICAL_SURFACE('',#8392,0.1);
#8392 = AXIS2_PLACEMENT_3D('',#8393,#8394,#8395);
#8393 = CARTESIAN_POINT('',(2.724938966801,2.11,0.3));
#8394 = DIRECTION('',(-1.110223024625E-16,1.,0.));
#8395 = DIRECTION('',(0.,0.,-1.));
#8396 = ADVANCED_FACE('',(#8397),#8408,.F.);
#8397 = FACE_BOUND('',#8398,.F.);
#8398 = EDGE_LOOP('',(#8399,#8405,#8406,#8407));
#8399 = ORIENTED_EDGE('',*,*,#8400,.T.);
#8400 = EDGE_CURVE('',#6807,#6909,#8401,.T.);
#8401 = LINE('',#8402,#8403);
#8402 = CARTESIAN_POINT('',(3.,2.11,0.2));
#8403 = VECTOR('',#8404,1.);
#8404 = DIRECTION('',(1.110223024625E-16,-1.,0.));
#8405 = ORIENTED_EDGE('',*,*,#6916,.T.);
#8406 = ORIENTED_EDGE('',*,*,#8383,.F.);
#8407 = ORIENTED_EDGE('',*,*,#6814,.F.);
#8408 = PLANE('',#8409);
#8409 = AXIS2_PLACEMENT_3D('',#8410,#8411,#8412);
#8410 = CARTESIAN_POINT('',(3.,2.11,0.2));
#8411 = DIRECTION('',(0.,0.,-1.));
#8412 = DIRECTION('',(-1.,-1.110223024625E-16,-0.));
#8413 = ADVANCED_FACE('',(#8414),#8425,.F.);
#8414 = FACE_BOUND('',#8415,.F.);
#8415 = EDGE_LOOP('',(#8416,#8422,#8423,#8424));
#8416 = ORIENTED_EDGE('',*,*,#8417,.T.);
#8417 = EDGE_CURVE('',#6799,#6901,#8418,.T.);
#8418 = LINE('',#8419,#8420);
#8419 = CARTESIAN_POINT('',(3.,2.11,-1.665334536938E-16));
#8420 = VECTOR('',#8421,1.);
#8421 = DIRECTION('',(1.110223024625E-16,-1.,0.));
#8422 = ORIENTED_EDGE('',*,*,#6908,.T.);
#8423 = ORIENTED_EDGE('',*,*,#8400,.F.);
#8424 = ORIENTED_EDGE('',*,*,#6806,.F.);
#8425 = PLANE('',#8426);
#8426 = AXIS2_PLACEMENT_3D('',#8427,#8428,#8429);
#8427 = CARTESIAN_POINT('',(3.,2.11,-1.665334536938E-16));
#8428 = DIRECTION('',(-1.,-1.110223024625E-16,0.));
#8429 = DIRECTION('',(0.,0.,1.));
#8430 = ADVANCED_FACE('',(#8431),#8442,.F.);
#8431 = FACE_BOUND('',#8432,.F.);
#8432 = EDGE_LOOP('',(#8433,#8439,#8440,#8441));
#8433 = ORIENTED_EDGE('',*,*,#8434,.T.);
#8434 = EDGE_CURVE('',#6790,#6892,#8435,.T.);
#8435 = LINE('',#8436,#8437);
#8436 = CARTESIAN_POINT('',(2.724938966801,2.11,-1.665334536938E-16));
#8437 = VECTOR('',#8438,1.);
#8438 = DIRECTION('',(1.110223024625E-16,-1.,0.));
#8439 = ORIENTED_EDGE('',*,*,#6900,.T.);
#8440 = ORIENTED_EDGE('',*,*,#8417,.F.);
#8441 = ORIENTED_EDGE('',*,*,#6798,.F.);
#8442 = PLANE('',#8443);
#8443 = AXIS2_PLACEMENT_3D('',#8444,#8445,#8446);
#8444 = CARTESIAN_POINT('',(2.724938966801,2.11,-1.665334536938E-16));
#8445 = DIRECTION('',(0.,0.,1.));
#8446 = DIRECTION('',(1.,1.110223024625E-16,-0.));
#8447 = ADVANCED_FACE('',(#8448),#8459,.T.);
#8448 = FACE_BOUND('',#8449,.T.);
#8449 = EDGE_LOOP('',(#8450,#8451,#8452,#8453));
#8450 = ORIENTED_EDGE('',*,*,#6789,.T.);
#8451 = ORIENTED_EDGE('',*,*,#8434,.T.);
#8452 = ORIENTED_EDGE('',*,*,#6891,.F.);
#8453 = ORIENTED_EDGE('',*,*,#8454,.F.);
#8454 = EDGE_CURVE('',#6782,#6884,#8455,.T.);
#8455 = LINE('',#8456,#8457);
#8456 = CARTESIAN_POINT('',(2.429496640897,2.11,0.2479055467));
#8457 = VECTOR('',#8458,1.);
#8458 = DIRECTION('',(1.110223024625E-16,-1.,0.));
#8459 = CYLINDRICAL_SURFACE('',#8460,0.3);
#8460 = AXIS2_PLACEMENT_3D('',#8461,#8462,#8463);
#8461 = CARTESIAN_POINT('',(2.724938966801,2.11,0.3));
#8462 = DIRECTION('',(-1.110223024625E-16,1.,0.));
#8463 = DIRECTION('',(-0.984807753012,-1.093356242223E-16,
    -0.173648177667));
#8464 = ADVANCED_FACE('',(#8465),#8471,.F.);
#8465 = FACE_BOUND('',#8466,.F.);
#8466 = EDGE_LOOP('',(#8467,#8468,#8469,#8470));
#8467 = ORIENTED_EDGE('',*,*,#6865,.T.);
#8468 = ORIENTED_EDGE('',*,*,#6883,.T.);
#8469 = ORIENTED_EDGE('',*,*,#8454,.F.);
#8470 = ORIENTED_EDGE('',*,*,#6781,.F.);
#8471 = PLANE('',#8472);
#8472 = AXIS2_PLACEMENT_3D('',#8473,#8474,#8475);
#8473 = CARTESIAN_POINT('',(2.348480775301,2.11,0.742364817767));
#8474 = DIRECTION('',(0.986841372087,1.095614012943E-16,0.161691392282)
  );
#8475 = DIRECTION('',(0.161691392282,1.795135065956E-17,-0.986841372087)
  );
#8476 = ADVANCED_FACE('',(#8477),#8488,.T.);
#8477 = FACE_BOUND('',#8478,.T.);
#8478 = EDGE_LOOP('',(#8479,#8480,#8481,#8482));
#8479 = ORIENTED_EDGE('',*,*,#7043,.T.);
#8480 = ORIENTED_EDGE('',*,*,#7758,.T.);
#8481 = ORIENTED_EDGE('',*,*,#7152,.F.);
#8482 = ORIENTED_EDGE('',*,*,#8483,.F.);
#8483 = EDGE_CURVE('',#7036,#7145,#8484,.T.);
#8484 = LINE('',#8485,#8486);
#8485 = CARTESIAN_POINT('',(2.545442325904,0.84,0.7770944533));
#8486 = VECTOR('',#8487,1.);
#8487 = DIRECTION('',(1.110223024625E-16,-1.,0.));
#8488 = CYLINDRICAL_SURFACE('',#8489,0.3);
#8489 = AXIS2_PLACEMENT_3D('',#8490,#8491,#8492);
#8490 = CARTESIAN_POINT('',(2.25,0.84,0.725));
#8491 = DIRECTION('',(-1.110223024625E-16,1.,0.));
#8492 = DIRECTION('',(0.984807753012,1.093356242223E-16,0.173648177667)
  );
#8493 = ADVANCED_FACE('',(#8494),#8505,.F.);
#8494 = FACE_BOUND('',#8495,.F.);
#8495 = EDGE_LOOP('',(#8496,#8502,#8503,#8504));
#8496 = ORIENTED_EDGE('',*,*,#8497,.T.);
#8497 = EDGE_CURVE('',#7027,#7136,#8498,.T.);
#8498 = LINE('',#8499,#8500);
#8499 = CARTESIAN_POINT('',(2.6264581915,0.84,0.282635182233));
#8500 = VECTOR('',#8501,1.);
#8501 = DIRECTION('',(1.110223024625E-16,-1.,0.));
#8502 = ORIENTED_EDGE('',*,*,#7144,.T.);
#8503 = ORIENTED_EDGE('',*,*,#8483,.F.);
#8504 = ORIENTED_EDGE('',*,*,#7035,.F.);
#8505 = PLANE('',#8506);
#8506 = AXIS2_PLACEMENT_3D('',#8507,#8508,#8509);
#8507 = CARTESIAN_POINT('',(2.6264581915,0.84,0.282635182233));
#8508 = DIRECTION('',(-0.986841372087,-1.095614012943E-16,
    -0.161691392282));
#8509 = DIRECTION('',(-0.161691392282,-1.795135065956E-17,0.986841372087
    ));
#8510 = ADVANCED_FACE('',(#8511),#8522,.F.);
#8511 = FACE_BOUND('',#8512,.F.);
#8512 = EDGE_LOOP('',(#8513,#8519,#8520,#8521));
#8513 = ORIENTED_EDGE('',*,*,#8514,.T.);
#8514 = EDGE_CURVE('',#7019,#7128,#8515,.T.);
#8515 = LINE('',#8516,#8517);
#8516 = CARTESIAN_POINT('',(2.724938966801,0.84,0.2));
#8517 = VECTOR('',#8518,1.);
#8518 = DIRECTION('',(1.110223024625E-16,-1.,0.));
#8519 = ORIENTED_EDGE('',*,*,#7135,.T.);
#8520 = ORIENTED_EDGE('',*,*,#8497,.F.);
#8521 = ORIENTED_EDGE('',*,*,#7026,.F.);
#8522 = CYLINDRICAL_SURFACE('',#8523,0.1);
#8523 = AXIS2_PLACEMENT_3D('',#8524,#8525,#8526);
#8524 = CARTESIAN_POINT('',(2.724938966801,0.84,0.3));
#8525 = DIRECTION('',(-1.110223024625E-16,1.,0.));
#8526 = DIRECTION('',(0.,0.,-1.));
#8527 = ADVANCED_FACE('',(#8528),#8539,.F.);
#8528 = FACE_BOUND('',#8529,.F.);
#8529 = EDGE_LOOP('',(#8530,#8536,#8537,#8538));
#8530 = ORIENTED_EDGE('',*,*,#8531,.T.);
#8531 = EDGE_CURVE('',#7011,#7120,#8532,.T.);
#8532 = LINE('',#8533,#8534);
#8533 = CARTESIAN_POINT('',(3.,0.84,0.2));
#8534 = VECTOR('',#8535,1.);
#8535 = DIRECTION('',(1.110223024625E-16,-1.,0.));
#8536 = ORIENTED_EDGE('',*,*,#7127,.T.);
#8537 = ORIENTED_EDGE('',*,*,#8514,.F.);
#8538 = ORIENTED_EDGE('',*,*,#7018,.F.);
#8539 = PLANE('',#8540);
#8540 = AXIS2_PLACEMENT_3D('',#8541,#8542,#8543);
#8541 = CARTESIAN_POINT('',(3.,0.84,0.2));
#8542 = DIRECTION('',(0.,0.,-1.));
#8543 = DIRECTION('',(-1.,-1.110223024625E-16,-0.));
#8544 = ADVANCED_FACE('',(#8545),#8556,.F.);
#8545 = FACE_BOUND('',#8546,.F.);
#8546 = EDGE_LOOP('',(#8547,#8553,#8554,#8555));
#8547 = ORIENTED_EDGE('',*,*,#8548,.T.);
#8548 = EDGE_CURVE('',#7003,#7112,#8549,.T.);
#8549 = LINE('',#8550,#8551);
#8550 = CARTESIAN_POINT('',(3.,0.84,-1.665334536938E-16));
#8551 = VECTOR('',#8552,1.);
#8552 = DIRECTION('',(1.110223024625E-16,-1.,0.));
#8553 = ORIENTED_EDGE('',*,*,#7119,.T.);
#8554 = ORIENTED_EDGE('',*,*,#8531,.F.);
#8555 = ORIENTED_EDGE('',*,*,#7010,.F.);
#8556 = PLANE('',#8557);
#8557 = AXIS2_PLACEMENT_3D('',#8558,#8559,#8560);
#8558 = CARTESIAN_POINT('',(3.,0.84,-1.665334536938E-16));
#8559 = DIRECTION('',(-1.,-1.110223024625E-16,0.));
#8560 = DIRECTION('',(0.,0.,1.));
#8561 = ADVANCED_FACE('',(#8562),#8573,.F.);
#8562 = FACE_BOUND('',#8563,.F.);
#8563 = EDGE_LOOP('',(#8564,#8570,#8571,#8572));
#8564 = ORIENTED_EDGE('',*,*,#8565,.T.);
#8565 = EDGE_CURVE('',#6994,#7103,#8566,.T.);
#8566 = LINE('',#8567,#8568);
#8567 = CARTESIAN_POINT('',(2.724938966801,0.84,-1.665334536938E-16));
#8568 = VECTOR('',#8569,1.);
#8569 = DIRECTION('',(1.110223024625E-16,-1.,0.));
#8570 = ORIENTED_EDGE('',*,*,#7111,.T.);
#8571 = ORIENTED_EDGE('',*,*,#8548,.F.);
#8572 = ORIENTED_EDGE('',*,*,#7002,.F.);
#8573 = PLANE('',#8574);
#8574 = AXIS2_PLACEMENT_3D('',#8575,#8576,#8577);
#8575 = CARTESIAN_POINT('',(2.724938966801,0.84,-1.665334536938E-16));
#8576 = DIRECTION('',(0.,0.,1.));
#8577 = DIRECTION('',(1.,1.110223024625E-16,-0.));
#8578 = ADVANCED_FACE('',(#8579),#8590,.T.);
#8579 = FACE_BOUND('',#8580,.T.);
#8580 = EDGE_LOOP('',(#8581,#8582,#8583,#8584));
#8581 = ORIENTED_EDGE('',*,*,#6993,.T.);
#8582 = ORIENTED_EDGE('',*,*,#8565,.T.);
#8583 = ORIENTED_EDGE('',*,*,#7102,.F.);
#8584 = ORIENTED_EDGE('',*,*,#8585,.F.);
#8585 = EDGE_CURVE('',#6986,#7095,#8586,.T.);
#8586 = LINE('',#8587,#8588);
#8587 = CARTESIAN_POINT('',(2.429496640897,0.84,0.2479055467));
#8588 = VECTOR('',#8589,1.);
#8589 = DIRECTION('',(1.110223024625E-16,-1.,0.));
#8590 = CYLINDRICAL_SURFACE('',#8591,0.3);
#8591 = AXIS2_PLACEMENT_3D('',#8592,#8593,#8594);
#8592 = CARTESIAN_POINT('',(2.724938966801,0.84,0.3));
#8593 = DIRECTION('',(-1.110223024625E-16,1.,0.));
#8594 = DIRECTION('',(-0.984807753012,-1.093356242223E-16,
    -0.173648177667));
#8595 = ADVANCED_FACE('',(#8596),#8602,.F.);
#8596 = FACE_BOUND('',#8597,.F.);
#8597 = EDGE_LOOP('',(#8598,#8599,#8600,#8601));
#8598 = ORIENTED_EDGE('',*,*,#7076,.T.);
#8599 = ORIENTED_EDGE('',*,*,#7094,.T.);
#8600 = ORIENTED_EDGE('',*,*,#8585,.F.);
#8601 = ORIENTED_EDGE('',*,*,#6985,.F.);
#8602 = PLANE('',#8603);
#8603 = AXIS2_PLACEMENT_3D('',#8604,#8605,#8606);
#8604 = CARTESIAN_POINT('',(2.348480775301,0.84,0.742364817767));
#8605 = DIRECTION('',(0.986841372087,1.095614012943E-16,0.161691392282)
  );
#8606 = DIRECTION('',(0.161691392282,1.795135065956E-17,-0.986841372087)
  );
#8607 = ADVANCED_FACE('',(#8608),#8619,.T.);
#8608 = FACE_BOUND('',#8609,.T.);
#8609 = EDGE_LOOP('',(#8610,#8611,#8612,#8613));
#8610 = ORIENTED_EDGE('',*,*,#7266,.T.);
#8611 = ORIENTED_EDGE('',*,*,#7777,.T.);
#8612 = ORIENTED_EDGE('',*,*,#7375,.F.);
#8613 = ORIENTED_EDGE('',*,*,#8614,.F.);
#8614 = EDGE_CURVE('',#7259,#7368,#8615,.T.);
#8615 = LINE('',#8616,#8617);
#8616 = CARTESIAN_POINT('',(2.545442325904,-0.43,0.7770944533));
#8617 = VECTOR('',#8618,1.);
#8618 = DIRECTION('',(1.110223024625E-16,-1.,0.));
#8619 = CYLINDRICAL_SURFACE('',#8620,0.3);
#8620 = AXIS2_PLACEMENT_3D('',#8621,#8622,#8623);
#8621 = CARTESIAN_POINT('',(2.25,-0.43,0.725));
#8622 = DIRECTION('',(-1.110223024625E-16,1.,0.));
#8623 = DIRECTION('',(0.984807753012,1.093356242223E-16,0.173648177667)
  );
#8624 = ADVANCED_FACE('',(#8625),#8636,.F.);
#8625 = FACE_BOUND('',#8626,.F.);
#8626 = EDGE_LOOP('',(#8627,#8633,#8634,#8635));
#8627 = ORIENTED_EDGE('',*,*,#8628,.T.);
#8628 = EDGE_CURVE('',#7250,#7359,#8629,.T.);
#8629 = LINE('',#8630,#8631);
#8630 = CARTESIAN_POINT('',(2.6264581915,-0.43,0.282635182233));
#8631 = VECTOR('',#8632,1.);
#8632 = DIRECTION('',(1.110223024625E-16,-1.,0.));
#8633 = ORIENTED_EDGE('',*,*,#7367,.T.);
#8634 = ORIENTED_EDGE('',*,*,#8614,.F.);
#8635 = ORIENTED_EDGE('',*,*,#7258,.F.);
#8636 = PLANE('',#8637);
#8637 = AXIS2_PLACEMENT_3D('',#8638,#8639,#8640);
#8638 = CARTESIAN_POINT('',(2.6264581915,-0.43,0.282635182233));
#8639 = DIRECTION('',(-0.986841372087,-1.095614012943E-16,
    -0.161691392282));
#8640 = DIRECTION('',(-0.161691392282,-1.795135065956E-17,0.986841372087
    ));
#8641 = ADVANCED_FACE('',(#8642),#8653,.F.);
#8642 = FACE_BOUND('',#8643,.F.);
#8643 = EDGE_LOOP('',(#8644,#8650,#8651,#8652));
#8644 = ORIENTED_EDGE('',*,*,#8645,.T.);
#8645 = EDGE_CURVE('',#7242,#7351,#8646,.T.);
#8646 = LINE('',#8647,#8648);
#8647 = CARTESIAN_POINT('',(2.724938966801,-0.43,0.2));
#8648 = VECTOR('',#8649,1.);
#8649 = DIRECTION('',(1.110223024625E-16,-1.,0.));
#8650 = ORIENTED_EDGE('',*,*,#7358,.T.);
#8651 = ORIENTED_EDGE('',*,*,#8628,.F.);
#8652 = ORIENTED_EDGE('',*,*,#7249,.F.);
#8653 = CYLINDRICAL_SURFACE('',#8654,0.1);
#8654 = AXIS2_PLACEMENT_3D('',#8655,#8656,#8657);
#8655 = CARTESIAN_POINT('',(2.724938966801,-0.43,0.3));
#8656 = DIRECTION('',(-1.110223024625E-16,1.,0.));
#8657 = DIRECTION('',(0.,0.,-1.));
#8658 = ADVANCED_FACE('',(#8659),#8670,.F.);
#8659 = FACE_BOUND('',#8660,.F.);
#8660 = EDGE_LOOP('',(#8661,#8667,#8668,#8669));
#8661 = ORIENTED_EDGE('',*,*,#8662,.T.);
#8662 = EDGE_CURVE('',#7234,#7343,#8663,.T.);
#8663 = LINE('',#8664,#8665);
#8664 = CARTESIAN_POINT('',(3.,-0.43,0.2));
#8665 = VECTOR('',#8666,1.);
#8666 = DIRECTION('',(1.110223024625E-16,-1.,0.));
#8667 = ORIENTED_EDGE('',*,*,#7350,.T.);
#8668 = ORIENTED_EDGE('',*,*,#8645,.F.);
#8669 = ORIENTED_EDGE('',*,*,#7241,.F.);
#8670 = PLANE('',#8671);
#8671 = AXIS2_PLACEMENT_3D('',#8672,#8673,#8674);
#8672 = CARTESIAN_POINT('',(3.,-0.43,0.2));
#8673 = DIRECTION('',(0.,0.,-1.));
#8674 = DIRECTION('',(-1.,-1.110223024625E-16,-0.));
#8675 = ADVANCED_FACE('',(#8676),#8687,.F.);
#8676 = FACE_BOUND('',#8677,.F.);
#8677 = EDGE_LOOP('',(#8678,#8684,#8685,#8686));
#8678 = ORIENTED_EDGE('',*,*,#8679,.T.);
#8679 = EDGE_CURVE('',#7226,#7335,#8680,.T.);
#8680 = LINE('',#8681,#8682);
#8681 = CARTESIAN_POINT('',(3.,-0.43,-1.665334536938E-16));
#8682 = VECTOR('',#8683,1.);
#8683 = DIRECTION('',(1.110223024625E-16,-1.,0.));
#8684 = ORIENTED_EDGE('',*,*,#7342,.T.);
#8685 = ORIENTED_EDGE('',*,*,#8662,.F.);
#8686 = ORIENTED_EDGE('',*,*,#7233,.F.);
#8687 = PLANE('',#8688);
#8688 = AXIS2_PLACEMENT_3D('',#8689,#8690,#8691);
#8689 = CARTESIAN_POINT('',(3.,-0.43,-1.665334536938E-16));
#8690 = DIRECTION('',(-1.,-1.110223024625E-16,0.));
#8691 = DIRECTION('',(0.,0.,1.));
#8692 = ADVANCED_FACE('',(#8693),#8704,.F.);
#8693 = FACE_BOUND('',#8694,.F.);
#8694 = EDGE_LOOP('',(#8695,#8701,#8702,#8703));
#8695 = ORIENTED_EDGE('',*,*,#8696,.T.);
#8696 = EDGE_CURVE('',#7217,#7326,#8697,.T.);
#8697 = LINE('',#8698,#8699);
#8698 = CARTESIAN_POINT('',(2.724938966801,-0.43,-1.665334536938E-16));
#8699 = VECTOR('',#8700,1.);
#8700 = DIRECTION('',(1.110223024625E-16,-1.,0.));
#8701 = ORIENTED_EDGE('',*,*,#7334,.T.);
#8702 = ORIENTED_EDGE('',*,*,#8679,.F.);
#8703 = ORIENTED_EDGE('',*,*,#7225,.F.);
#8704 = PLANE('',#8705);
#8705 = AXIS2_PLACEMENT_3D('',#8706,#8707,#8708);
#8706 = CARTESIAN_POINT('',(2.724938966801,-0.43,-1.665334536938E-16));
#8707 = DIRECTION('',(0.,0.,1.));
#8708 = DIRECTION('',(1.,1.110223024625E-16,-0.));
#8709 = ADVANCED_FACE('',(#8710),#8721,.T.);
#8710 = FACE_BOUND('',#8711,.T.);
#8711 = EDGE_LOOP('',(#8712,#8713,#8714,#8715));
#8712 = ORIENTED_EDGE('',*,*,#7216,.T.);
#8713 = ORIENTED_EDGE('',*,*,#8696,.T.);
#8714 = ORIENTED_EDGE('',*,*,#7325,.F.);
#8715 = ORIENTED_EDGE('',*,*,#8716,.F.);
#8716 = EDGE_CURVE('',#7209,#7318,#8717,.T.);
#8717 = LINE('',#8718,#8719);
#8718 = CARTESIAN_POINT('',(2.429496640897,-0.43,0.2479055467));
#8719 = VECTOR('',#8720,1.);
#8720 = DIRECTION('',(1.110223024625E-16,-1.,0.));
#8721 = CYLINDRICAL_SURFACE('',#8722,0.3);
#8722 = AXIS2_PLACEMENT_3D('',#8723,#8724,#8725);
#8723 = CARTESIAN_POINT('',(2.724938966801,-0.43,0.3));
#8724 = DIRECTION('',(-1.110223024625E-16,1.,0.));
#8725 = DIRECTION('',(-0.984807753012,-1.093356242223E-16,
    -0.173648177667));
#8726 = ADVANCED_FACE('',(#8727),#8733,.F.);
#8727 = FACE_BOUND('',#8728,.F.);
#8728 = EDGE_LOOP('',(#8729,#8730,#8731,#8732));
#8729 = ORIENTED_EDGE('',*,*,#7299,.T.);
#8730 = ORIENTED_EDGE('',*,*,#7317,.T.);
#8731 = ORIENTED_EDGE('',*,*,#8716,.F.);
#8732 = ORIENTED_EDGE('',*,*,#7208,.F.);
#8733 = PLANE('',#8734);
#8734 = AXIS2_PLACEMENT_3D('',#8735,#8736,#8737);
#8735 = CARTESIAN_POINT('',(2.348480775301,-0.43,0.742364817767));
#8736 = DIRECTION('',(0.986841372087,1.095614012943E-16,0.161691392282)
  );
#8737 = DIRECTION('',(0.161691392282,1.795135065956E-17,-0.986841372087)
  );
#8738 = ADVANCED_FACE('',(#8739),#8750,.T.);
#8739 = FACE_BOUND('',#8740,.T.);
#8740 = EDGE_LOOP('',(#8741,#8742,#8743,#8744));
#8741 = ORIENTED_EDGE('',*,*,#7489,.T.);
#8742 = ORIENTED_EDGE('',*,*,#7796,.T.);
#8743 = ORIENTED_EDGE('',*,*,#7598,.F.);
#8744 = ORIENTED_EDGE('',*,*,#8745,.F.);
#8745 = EDGE_CURVE('',#7482,#7591,#8746,.T.);
#8746 = LINE('',#8747,#8748);
#8747 = CARTESIAN_POINT('',(2.545442325904,-1.7,0.7770944533));
#8748 = VECTOR('',#8749,1.);
#8749 = DIRECTION('',(1.110223024625E-16,-1.,0.));
#8750 = CYLINDRICAL_SURFACE('',#8751,0.3);
#8751 = AXIS2_PLACEMENT_3D('',#8752,#8753,#8754);
#8752 = CARTESIAN_POINT('',(2.25,-1.7,0.725));
#8753 = DIRECTION('',(-1.110223024625E-16,1.,0.));
#8754 = DIRECTION('',(0.984807753012,1.093356242223E-16,0.173648177667)
  );
#8755 = ADVANCED_FACE('',(#8756),#8767,.F.);
#8756 = FACE_BOUND('',#8757,.F.);
#8757 = EDGE_LOOP('',(#8758,#8764,#8765,#8766));
#8758 = ORIENTED_EDGE('',*,*,#8759,.T.);
#8759 = EDGE_CURVE('',#7473,#7582,#8760,.T.);
#8760 = LINE('',#8761,#8762);
#8761 = CARTESIAN_POINT('',(2.6264581915,-1.7,0.282635182233));
#8762 = VECTOR('',#8763,1.);
#8763 = DIRECTION('',(1.110223024625E-16,-1.,0.));
#8764 = ORIENTED_EDGE('',*,*,#7590,.T.);
#8765 = ORIENTED_EDGE('',*,*,#8745,.F.);
#8766 = ORIENTED_EDGE('',*,*,#7481,.F.);
#8767 = PLANE('',#8768);
#8768 = AXIS2_PLACEMENT_3D('',#8769,#8770,#8771);
#8769 = CARTESIAN_POINT('',(2.6264581915,-1.7,0.282635182233));
#8770 = DIRECTION('',(-0.986841372087,-1.095614012943E-16,
    -0.161691392282));
#8771 = DIRECTION('',(-0.161691392282,-1.795135065956E-17,0.986841372087
    ));
#8772 = ADVANCED_FACE('',(#8773),#8784,.F.);
#8773 = FACE_BOUND('',#8774,.F.);
#8774 = EDGE_LOOP('',(#8775,#8781,#8782,#8783));
#8775 = ORIENTED_EDGE('',*,*,#8776,.T.);
#8776 = EDGE_CURVE('',#7465,#7574,#8777,.T.);
#8777 = LINE('',#8778,#8779);
#8778 = CARTESIAN_POINT('',(2.724938966801,-1.7,0.2));
#8779 = VECTOR('',#8780,1.);
#8780 = DIRECTION('',(1.110223024625E-16,-1.,0.));
#8781 = ORIENTED_EDGE('',*,*,#7581,.T.);
#8782 = ORIENTED_EDGE('',*,*,#8759,.F.);
#8783 = ORIENTED_EDGE('',*,*,#7472,.F.);
#8784 = CYLINDRICAL_SURFACE('',#8785,0.1);
#8785 = AXIS2_PLACEMENT_3D('',#8786,#8787,#8788);
#8786 = CARTESIAN_POINT('',(2.724938966801,-1.7,0.3));
#8787 = DIRECTION('',(-1.110223024625E-16,1.,0.));
#8788 = DIRECTION('',(0.,0.,-1.));
#8789 = ADVANCED_FACE('',(#8790),#8801,.F.);
#8790 = FACE_BOUND('',#8791,.F.);
#8791 = EDGE_LOOP('',(#8792,#8798,#8799,#8800));
#8792 = ORIENTED_EDGE('',*,*,#8793,.T.);
#8793 = EDGE_CURVE('',#7457,#7566,#8794,.T.);
#8794 = LINE('',#8795,#8796);
#8795 = CARTESIAN_POINT('',(3.,-1.7,0.2));
#8796 = VECTOR('',#8797,1.);
#8797 = DIRECTION('',(1.110223024625E-16,-1.,0.));
#8798 = ORIENTED_EDGE('',*,*,#7573,.T.);
#8799 = ORIENTED_EDGE('',*,*,#8776,.F.);
#8800 = ORIENTED_EDGE('',*,*,#7464,.F.);
#8801 = PLANE('',#8802);
#8802 = AXIS2_PLACEMENT_3D('',#8803,#8804,#8805);
#8803 = CARTESIAN_POINT('',(3.,-1.7,0.2));
#8804 = DIRECTION('',(0.,0.,-1.));
#8805 = DIRECTION('',(-1.,-1.110223024625E-16,-0.));
#8806 = ADVANCED_FACE('',(#8807),#8818,.F.);
#8807 = FACE_BOUND('',#8808,.F.);
#8808 = EDGE_LOOP('',(#8809,#8815,#8816,#8817));
#8809 = ORIENTED_EDGE('',*,*,#8810,.T.);
#8810 = EDGE_CURVE('',#7449,#7558,#8811,.T.);
#8811 = LINE('',#8812,#8813);
#8812 = CARTESIAN_POINT('',(3.,-1.7,-1.665334536938E-16));
#8813 = VECTOR('',#8814,1.);
#8814 = DIRECTION('',(1.110223024625E-16,-1.,0.));
#8815 = ORIENTED_EDGE('',*,*,#7565,.T.);
#8816 = ORIENTED_EDGE('',*,*,#8793,.F.);
#8817 = ORIENTED_EDGE('',*,*,#7456,.F.);
#8818 = PLANE('',#8819);
#8819 = AXIS2_PLACEMENT_3D('',#8820,#8821,#8822);
#8820 = CARTESIAN_POINT('',(3.,-1.7,-1.665334536938E-16));
#8821 = DIRECTION('',(-1.,-1.110223024625E-16,0.));
#8822 = DIRECTION('',(0.,0.,1.));
#8823 = ADVANCED_FACE('',(#8824),#8835,.F.);
#8824 = FACE_BOUND('',#8825,.F.);
#8825 = EDGE_LOOP('',(#8826,#8832,#8833,#8834));
#8826 = ORIENTED_EDGE('',*,*,#8827,.T.);
#8827 = EDGE_CURVE('',#7440,#7549,#8828,.T.);
#8828 = LINE('',#8829,#8830);
#8829 = CARTESIAN_POINT('',(2.724938966801,-1.7,-1.665334536938E-16));
#8830 = VECTOR('',#8831,1.);
#8831 = DIRECTION('',(1.110223024625E-16,-1.,0.));
#8832 = ORIENTED_EDGE('',*,*,#7557,.T.);
#8833 = ORIENTED_EDGE('',*,*,#8810,.F.);
#8834 = ORIENTED_EDGE('',*,*,#7448,.F.);
#8835 = PLANE('',#8836);
#8836 = AXIS2_PLACEMENT_3D('',#8837,#8838,#8839);
#8837 = CARTESIAN_POINT('',(2.724938966801,-1.7,-1.665334536938E-16));
#8838 = DIRECTION('',(0.,0.,1.));
#8839 = DIRECTION('',(1.,1.110223024625E-16,-0.));
#8840 = ADVANCED_FACE('',(#8841),#8852,.T.);
#8841 = FACE_BOUND('',#8842,.T.);
#8842 = EDGE_LOOP('',(#8843,#8844,#8845,#8846));
#8843 = ORIENTED_EDGE('',*,*,#7439,.T.);
#8844 = ORIENTED_EDGE('',*,*,#8827,.T.);
#8845 = ORIENTED_EDGE('',*,*,#7548,.F.);
#8846 = ORIENTED_EDGE('',*,*,#8847,.F.);
#8847 = EDGE_CURVE('',#7432,#7541,#8848,.T.);
#8848 = LINE('',#8849,#8850);
#8849 = CARTESIAN_POINT('',(2.429496640897,-1.7,0.2479055467));
#8850 = VECTOR('',#8851,1.);
#8851 = DIRECTION('',(1.110223024625E-16,-1.,0.));
#8852 = CYLINDRICAL_SURFACE('',#8853,0.3);
#8853 = AXIS2_PLACEMENT_3D('',#8854,#8855,#8856);
#8854 = CARTESIAN_POINT('',(2.724938966801,-1.7,0.3));
#8855 = DIRECTION('',(-1.110223024625E-16,1.,0.));
#8856 = DIRECTION('',(-0.984807753012,-1.093356242223E-16,
    -0.173648177667));
#8857 = ADVANCED_FACE('',(#8858),#8864,.F.);
#8858 = FACE_BOUND('',#8859,.F.);
#8859 = EDGE_LOOP('',(#8860,#8861,#8862,#8863));
#8860 = ORIENTED_EDGE('',*,*,#7522,.T.);
#8861 = ORIENTED_EDGE('',*,*,#7540,.T.);
#8862 = ORIENTED_EDGE('',*,*,#8847,.F.);
#8863 = ORIENTED_EDGE('',*,*,#7431,.F.);
#8864 = PLANE('',#8865);
#8865 = AXIS2_PLACEMENT_3D('',#8866,#8867,#8868);
#8866 = CARTESIAN_POINT('',(2.348480775301,-1.7,0.742364817767));
#8867 = DIRECTION('',(0.986841372087,1.095614012943E-16,0.161691392282)
  );
#8868 = DIRECTION('',(0.161691392282,1.795135065956E-17,-0.986841372087)
  );
#8869 = ADVANCED_FACE('',(#8870),#8871,.F.);
#8870 = FACE_BOUND('',#7722,.T.);
#8871 = PLANE('',#8872);
#8872 = AXIS2_PLACEMENT_3D('',#8873,#8874,#8875);
#8873 = CARTESIAN_POINT('',(-1.110171280765,1.610171280765,1.75));
#8874 = DIRECTION('',(0.,0.,-1.));
#8875 = DIRECTION('',(1.110223024625E-16,-1.,0.));
#8876 = ( GEOMETRIC_REPRESENTATION_CONTEXT(3) 
GLOBAL_UNCERTAINTY_ASSIGNED_CONTEXT((#8880)) 
GLOBAL_UNIT_ASSIGNED_CONTEXT((#8877,#8878,#8879)) REPRESENTATION_CONTEXT
('Context #1','3D Context with UNIT and UNCERTAINTY') );
#8877 = ( LENGTH_UNIT() NAMED_UNIT(*) SI_UNIT(.MILLI.,.METRE.) );
#8878 = ( NAMED_UNIT(*) PLANE_ANGLE_UNIT() SI_UNIT($,.RADIAN.) );
#8879 = ( NAMED_UNIT(*) SI_UNIT($,.STERADIAN.) SOLID_ANGLE_UNIT() );
#8880 = UNCERTAINTY_MEASURE_WITH_UNIT(LENGTH_MEASURE(1.E-07),#8877,
  'distance_accuracy_value','confusion accuracy');
#8881 = CONTEXT_DEPENDENT_SHAPE_REPRESENTATION(#8882,#8884);
#8882 = ( REPRESENTATION_RELATIONSHIP('','',#4407,#4384) 
REPRESENTATION_RELATIONSHIP_WITH_TRANSFORMATION(#8883) 
SHAPE_REPRESENTATION_RELATIONSHIP() );
#8883 = ITEM_DEFINED_TRANSFORMATION('','',#11,#4385);
#8884 = PRODUCT_DEFINITION_SHAPE('Placement','Placement of an item',
  #8885);
#8885 = NEXT_ASSEMBLY_USAGE_OCCURRENCE('6','=>[0:1:1:7]','',#4379,#4402,
  $);
#8886 = PRODUCT_RELATED_PRODUCT_CATEGORY('part',$,(#4404));
#8887 = CONTEXT_DEPENDENT_SHAPE_REPRESENTATION(#8888,#8890);
#8888 = ( REPRESENTATION_RELATIONSHIP('','',#3483,#10) 
REPRESENTATION_RELATIONSHIP_WITH_TRANSFORMATION(#8889) 
SHAPE_REPRESENTATION_RELATIONSHIP() );
#8889 = ITEM_DEFINED_TRANSFORMATION('','',#11,#31);
#8890 = PRODUCT_DEFINITION_SHAPE('Placement','Placement of an item',
  #8891);
#8891 = NEXT_ASSEMBLY_USAGE_OCCURRENCE('8','C1','',#5,#3478,$);
#8892 = SHAPE_DEFINITION_REPRESENTATION(#8893,#8899);
#8893 = PRODUCT_DEFINITION_SHAPE('','',#8894);
#8894 = PRODUCT_DEFINITION('design','',#8895,#8898);
#8895 = PRODUCT_DEFINITION_FORMATION('','',#8896);
#8896 = PRODUCT('PinHeader_1x02_P2.54mm_Vertical_SMD_Pin1Left',
  'PinHeader_1x02_P2.54mm_Vertical_SMD_Pin1Left','',(#8897));
#8897 = PRODUCT_CONTEXT('',#2,'mechanical');
#8898 = PRODUCT_DEFINITION_CONTEXT('part definition',#2,'design');
#8899 = SHAPE_REPRESENTATION('',(#11,#8900),#8904);
#8900 = AXIS2_PLACEMENT_3D('',#8901,#8902,#8903);
#8901 = CARTESIAN_POINT('',(0.,0.,0.));
#8902 = DIRECTION('',(0.,0.,1.));
#8903 = DIRECTION('',(1.,0.,-0.));
#8904 = ( GEOMETRIC_REPRESENTATION_CONTEXT(3) 
GLOBAL_UNCERTAINTY_ASSIGNED_CONTEXT((#8908)) 
GLOBAL_UNIT_ASSIGNED_CONTEXT((#8905,#8906,#8907)) REPRESENTATION_CONTEXT
('Context #1','3D Context with UNIT and UNCERTAINTY') );
#8905 = ( LENGTH_UNIT() NAMED_UNIT(*) SI_UNIT(.MILLI.,.METRE.) );
#8906 = ( NAMED_UNIT(*) PLANE_ANGLE_UNIT() SI_UNIT($,.RADIAN.) );
#8907 = ( NAMED_UNIT(*) SI_UNIT($,.STERADIAN.) SOLID_ANGLE_UNIT() );
#8908 = UNCERTAINTY_MEASURE_WITH_UNIT(LENGTH_MEASURE(1.E-07),#8905,
  'distance_accuracy_value','confusion accuracy');
#8909 = CONTEXT_DEPENDENT_SHAPE_REPRESENTATION(#8910,#8912);
#8910 = ( REPRESENTATION_RELATIONSHIP('','',#8899,#10) 
REPRESENTATION_RELATIONSHIP_WITH_TRANSFORMATION(#8911) 
SHAPE_REPRESENTATION_RELATIONSHIP() );
#8911 = ITEM_DEFINED_TRANSFORMATION('','',#11,#35);
#8912 = PRODUCT_DEFINITION_SHAPE('Placement','Placement of an item',
  #8913);
#8913 = NEXT_ASSEMBLY_USAGE_OCCURRENCE('10','J3','',#5,#8894,$);
#8914 = PRODUCT_RELATED_PRODUCT_CATEGORY('part',$,(#8896));
#8915 = SHAPE_DEFINITION_REPRESENTATION(#8916,#8922);
#8916 = PRODUCT_DEFINITION_SHAPE('','',#8917);
#8917 = PRODUCT_DEFINITION('design','',#8918,#8921);
#8918 = PRODUCT_DEFINITION_FORMATION('','',#8919);
#8919 = PRODUCT('PinHeader_1x02_P254mm_Vertical_SMD_Pin1Left',
  'PinHeader_1x02_P254mm_Vertical_SMD_Pin1Left','',(#8920));
#8920 = PRODUCT_CONTEXT('',#2,'mechanical');
#8921 = PRODUCT_DEFINITION_CONTEXT('part definition',#2,'design');
#8922 = ADVANCED_BREP_SHAPE_REPRESENTATION('',(#11,#8923),#10557);
#8923 = MANIFOLD_SOLID_BREP('',#8924);
#8924 = CLOSED_SHELL('',(#8925,#8965,#8996,#9027,#9192,#9357,#9374,#9391
    ,#9408,#9425,#9442,#9459,#9476,#9493,#9510,#9527,#9539,#9570,#9619,
    #9643,#9685,#9741,#9765,#9814,#9831,#9862,#9886,#9910,#9927,#9958,
    #9982,#10006,#10023,#10040,#10071,#10088,#10105,#10136,#10167,#10184
    ,#10201,#10218,#10249,#10280,#10304,#10328,#10345,#10376,#10400,
    #10424,#10441,#10458,#10475,#10487,#10504,#10521,#10533,#10545));
#8925 = ADVANCED_FACE('',(#8926),#8960,.F.);
#8926 = FACE_BOUND('',#8927,.F.);
#8927 = EDGE_LOOP('',(#8928,#8938,#8946,#8954));
#8928 = ORIENTED_EDGE('',*,*,#8929,.T.);
#8929 = EDGE_CURVE('',#8930,#8932,#8934,.T.);
#8930 = VERTEX_POINT('',#8931);
#8931 = CARTESIAN_POINT('',(-1.016,2.54,0.76));
#8932 = VERTEX_POINT('',#8933);
#8933 = CARTESIAN_POINT('',(-1.016,2.54,3.3));
#8934 = LINE('',#8935,#8936);
#8935 = CARTESIAN_POINT('',(-1.016,2.54,0.76));
#8936 = VECTOR('',#8937,1.);
#8937 = DIRECTION('',(0.,0.,1.));
#8938 = ORIENTED_EDGE('',*,*,#8939,.T.);
#8939 = EDGE_CURVE('',#8932,#8940,#8942,.T.);
#8940 = VERTEX_POINT('',#8941);
#8941 = CARTESIAN_POINT('',(-1.27,2.286,3.3));
#8942 = LINE('',#8943,#8944);
#8943 = CARTESIAN_POINT('',(-1.016,2.54,3.3));
#8944 = VECTOR('',#8945,1.);
#8945 = DIRECTION('',(-0.707106781187,-0.707106781187,0.));
#8946 = ORIENTED_EDGE('',*,*,#8947,.F.);
#8947 = EDGE_CURVE('',#8948,#8940,#8950,.T.);
#8948 = VERTEX_POINT('',#8949);
#8949 = CARTESIAN_POINT('',(-1.27,2.286,0.76));
#8950 = LINE('',#8951,#8952);
#8951 = CARTESIAN_POINT('',(-1.27,2.286,0.76));
#8952 = VECTOR('',#8953,1.);
#8953 = DIRECTION('',(0.,0.,1.));
#8954 = ORIENTED_EDGE('',*,*,#8955,.F.);
#8955 = EDGE_CURVE('',#8930,#8948,#8956,.T.);
#8956 = LINE('',#8957,#8958);
#8957 = CARTESIAN_POINT('',(-1.016,2.54,0.76));
#8958 = VECTOR('',#8959,1.);
#8959 = DIRECTION('',(-0.707106781187,-0.707106781187,0.));
#8960 = PLANE('',#8961);
#8961 = AXIS2_PLACEMENT_3D('',#8962,#8963,#8964);
#8962 = CARTESIAN_POINT('',(-1.016,2.54,0.76));
#8963 = DIRECTION('',(0.707106781187,-0.707106781187,0.));
#8964 = DIRECTION('',(-0.707106781187,-0.707106781187,0.));
#8965 = ADVANCED_FACE('',(#8966),#8991,.F.);
#8966 = FACE_BOUND('',#8967,.F.);
#8967 = EDGE_LOOP('',(#8968,#8978,#8984,#8985));
#8968 = ORIENTED_EDGE('',*,*,#8969,.T.);
#8969 = EDGE_CURVE('',#8970,#8972,#8974,.T.);
#8970 = VERTEX_POINT('',#8971);
#8971 = CARTESIAN_POINT('',(1.016,2.54,0.76));
#8972 = VERTEX_POINT('',#8973);
#8973 = CARTESIAN_POINT('',(1.016,2.54,3.3));
#8974 = LINE('',#8975,#8976);
#8975 = CARTESIAN_POINT('',(1.016,2.54,0.76));
#8976 = VECTOR('',#8977,1.);
#8977 = DIRECTION('',(0.,0.,1.));
#8978 = ORIENTED_EDGE('',*,*,#8979,.T.);
#8979 = EDGE_CURVE('',#8972,#8932,#8980,.T.);
#8980 = LINE('',#8981,#8982);
#8981 = CARTESIAN_POINT('',(1.016,2.54,3.3));
#8982 = VECTOR('',#8983,1.);
#8983 = DIRECTION('',(-1.,0.,0.));
#8984 = ORIENTED_EDGE('',*,*,#8929,.F.);
#8985 = ORIENTED_EDGE('',*,*,#8986,.F.);
#8986 = EDGE_CURVE('',#8970,#8930,#8987,.T.);
#8987 = LINE('',#8988,#8989);
#8988 = CARTESIAN_POINT('',(1.016,2.54,0.76));
#8989 = VECTOR('',#8990,1.);
#8990 = DIRECTION('',(-1.,0.,0.));
#8991 = PLANE('',#8992);
#8992 = AXIS2_PLACEMENT_3D('',#8993,#8994,#8995);
#8993 = CARTESIAN_POINT('',(1.016,2.54,0.76));
#8994 = DIRECTION('',(0.,-1.,0.));
#8995 = DIRECTION('',(-1.,0.,0.));
#8996 = ADVANCED_FACE('',(#8997),#9022,.F.);
#8997 = FACE_BOUND('',#8998,.F.);
#8998 = EDGE_LOOP('',(#8999,#9000,#9008,#9016));
#8999 = ORIENTED_EDGE('',*,*,#8947,.T.);
#9000 = ORIENTED_EDGE('',*,*,#9001,.T.);
#9001 = EDGE_CURVE('',#8940,#9002,#9004,.T.);
#9002 = VERTEX_POINT('',#9003);
#9003 = CARTESIAN_POINT('',(-1.27,0.254,3.3));
#9004 = LINE('',#9005,#9006);
#9005 = CARTESIAN_POINT('',(-1.27,2.286,3.3));
#9006 = VECTOR('',#9007,1.);
#9007 = DIRECTION('',(0.,-1.,0.));
#9008 = ORIENTED_EDGE('',*,*,#9009,.F.);
#9009 = EDGE_CURVE('',#9010,#9002,#9012,.T.);
#9010 = VERTEX_POINT('',#9011);
#9011 = CARTESIAN_POINT('',(-1.27,0.254,0.76));
#9012 = LINE('',#9013,#9014);
#9013 = CARTESIAN_POINT('',(-1.27,0.254,0.76));
#9014 = VECTOR('',#9015,1.);
#9015 = DIRECTION('',(0.,0.,1.));
#9016 = ORIENTED_EDGE('',*,*,#9017,.F.);
#9017 = EDGE_CURVE('',#8948,#9010,#9018,.T.);
#9018 = LINE('',#9019,#9020);
#9019 = CARTESIAN_POINT('',(-1.27,2.286,0.76));
#9020 = VECTOR('',#9021,1.);
#9021 = DIRECTION('',(0.,-1.,0.));
#9022 = PLANE('',#9023);
#9023 = AXIS2_PLACEMENT_3D('',#9024,#9025,#9026);
#9024 = CARTESIAN_POINT('',(-1.27,2.286,0.76));
#9025 = DIRECTION('',(1.,0.,0.));
#9026 = DIRECTION('',(0.,-1.,0.));
#9027 = ADVANCED_FACE('',(#9028,#9119,#9153),#9187,.F.);
#9028 = FACE_BOUND('',#9029,.F.);
#9029 = EDGE_LOOP('',(#9030,#9031,#9032,#9040,#9048,#9056,#9064,#9072,
    #9080,#9088,#9096,#9104,#9112,#9118));
#9030 = ORIENTED_EDGE('',*,*,#8955,.T.);
#9031 = ORIENTED_EDGE('',*,*,#9017,.T.);
#9032 = ORIENTED_EDGE('',*,*,#9033,.T.);
#9033 = EDGE_CURVE('',#9010,#9034,#9036,.T.);
#9034 = VERTEX_POINT('',#9035);
#9035 = CARTESIAN_POINT('',(-1.016,0.,0.76));
#9036 = LINE('',#9037,#9038);
#9037 = CARTESIAN_POINT('',(-1.27,0.254,0.76));
#9038 = VECTOR('',#9039,1.);
#9039 = DIRECTION('',(0.707106781187,-0.707106781187,0.));
#9040 = ORIENTED_EDGE('',*,*,#9041,.T.);
#9041 = EDGE_CURVE('',#9034,#9042,#9044,.T.);
#9042 = VERTEX_POINT('',#9043);
#9043 = CARTESIAN_POINT('',(-1.27,-0.254,0.76));
#9044 = LINE('',#9045,#9046);
#9045 = CARTESIAN_POINT('',(-1.016,0.,0.76));
#9046 = VECTOR('',#9047,1.);
#9047 = DIRECTION('',(-0.707106781187,-0.707106781187,0.));
#9048 = ORIENTED_EDGE('',*,*,#9049,.T.);
#9049 = EDGE_CURVE('',#9042,#9050,#9052,.T.);
#9050 = VERTEX_POINT('',#9051);
#9051 = CARTESIAN_POINT('',(-1.27,-2.286,0.76));
#9052 = LINE('',#9053,#9054);
#9053 = CARTESIAN_POINT('',(-1.27,-0.254,0.76));
#9054 = VECTOR('',#9055,1.);
#9055 = DIRECTION('',(0.,-1.,0.));
#9056 = ORIENTED_EDGE('',*,*,#9057,.T.);
#9057 = EDGE_CURVE('',#9050,#9058,#9060,.T.);
#9058 = VERTEX_POINT('',#9059);
#9059 = CARTESIAN_POINT('',(-1.016,-2.54,0.76));
#9060 = LINE('',#9061,#9062);
#9061 = CARTESIAN_POINT('',(-1.27,-2.286,0.76));
#9062 = VECTOR('',#9063,1.);
#9063 = DIRECTION('',(0.707106781187,-0.707106781187,0.));
#9064 = ORIENTED_EDGE('',*,*,#9065,.T.);
#9065 = EDGE_CURVE('',#9058,#9066,#9068,.T.);
#9066 = VERTEX_POINT('',#9067);
#9067 = CARTESIAN_POINT('',(1.016,-2.54,0.76));
#9068 = LINE('',#9069,#9070);
#9069 = CARTESIAN_POINT('',(-1.016,-2.54,0.76));
#9070 = VECTOR('',#9071,1.);
#9071 = DIRECTION('',(1.,0.,0.));
#9072 = ORIENTED_EDGE('',*,*,#9073,.T.);
#9073 = EDGE_CURVE('',#9066,#9074,#9076,.T.);
#9074 = VERTEX_POINT('',#9075);
#9075 = CARTESIAN_POINT('',(1.27,-2.286,0.76));
#9076 = LINE('',#9077,#9078);
#9077 = CARTESIAN_POINT('',(1.016,-2.54,0.76));
#9078 = VECTOR('',#9079,1.);
#9079 = DIRECTION('',(0.707106781187,0.707106781187,0.));
#9080 = ORIENTED_EDGE('',*,*,#9081,.T.);
#9081 = EDGE_CURVE('',#9074,#9082,#9084,.T.);
#9082 = VERTEX_POINT('',#9083);
#9083 = CARTESIAN_POINT('',(1.27,-0.254,0.76));
#9084 = LINE('',#9085,#9086);
#9085 = CARTESIAN_POINT('',(1.27,-2.286,0.76));
#9086 = VECTOR('',#9087,1.);
#9087 = DIRECTION('',(0.,1.,0.));
#9088 = ORIENTED_EDGE('',*,*,#9089,.T.);
#9089 = EDGE_CURVE('',#9082,#9090,#9092,.T.);
#9090 = VERTEX_POINT('',#9091);
#9091 = CARTESIAN_POINT('',(1.016,0.,0.76));
#9092 = LINE('',#9093,#9094);
#9093 = CARTESIAN_POINT('',(1.27,-0.254,0.76));
#9094 = VECTOR('',#9095,1.);
#9095 = DIRECTION('',(-0.707106781187,0.707106781187,0.));
#9096 = ORIENTED_EDGE('',*,*,#9097,.T.);
#9097 = EDGE_CURVE('',#9090,#9098,#9100,.T.);
#9098 = VERTEX_POINT('',#9099);
#9099 = CARTESIAN_POINT('',(1.27,0.254,0.76));
#9100 = LINE('',#9101,#9102);
#9101 = CARTESIAN_POINT('',(1.016,0.,0.76));
#9102 = VECTOR('',#9103,1.);
#9103 = DIRECTION('',(0.707106781187,0.707106781187,0.));
#9104 = ORIENTED_EDGE('',*,*,#9105,.T.);
#9105 = EDGE_CURVE('',#9098,#9106,#9108,.T.);
#9106 = VERTEX_POINT('',#9107);
#9107 = CARTESIAN_POINT('',(1.27,2.286,0.76));
#9108 = LINE('',#9109,#9110);
#9109 = CARTESIAN_POINT('',(1.27,0.254,0.76));
#9110 = VECTOR('',#9111,1.);
#9111 = DIRECTION('',(0.,1.,0.));
#9112 = ORIENTED_EDGE('',*,*,#9113,.T.);
#9113 = EDGE_CURVE('',#9106,#8970,#9114,.T.);
#9114 = LINE('',#9115,#9116);
#9115 = CARTESIAN_POINT('',(1.27,2.286,0.76));
#9116 = VECTOR('',#9117,1.);
#9117 = DIRECTION('',(-0.707106781187,0.707106781187,0.));
#9118 = ORIENTED_EDGE('',*,*,#8986,.T.);
#9119 = FACE_BOUND('',#9120,.F.);
#9120 = EDGE_LOOP('',(#9121,#9131,#9139,#9147));
#9121 = ORIENTED_EDGE('',*,*,#9122,.F.);
#9122 = EDGE_CURVE('',#9123,#9125,#9127,.T.);
#9123 = VERTEX_POINT('',#9124);
#9124 = CARTESIAN_POINT('',(0.32,-1.59,0.76));
#9125 = VERTEX_POINT('',#9126);
#9126 = CARTESIAN_POINT('',(0.32,-0.95,0.76));
#9127 = LINE('',#9128,#9129);
#9128 = CARTESIAN_POINT('',(0.32,-0.475,0.76));
#9129 = VECTOR('',#9130,1.);
#9130 = DIRECTION('',(0.,1.,-3.568186704216E-33));
#9131 = ORIENTED_EDGE('',*,*,#9132,.T.);
#9132 = EDGE_CURVE('',#9123,#9133,#9135,.T.);
#9133 = VERTEX_POINT('',#9134);
#9134 = CARTESIAN_POINT('',(-0.32,-1.59,0.76));
#9135 = LINE('',#9136,#9137);
#9136 = CARTESIAN_POINT('',(0.155585808581,-1.59,0.76));
#9137 = VECTOR('',#9138,1.);
#9138 = DIRECTION('',(-1.,4.943294611068E-32,4.74690346596E-33));
#9139 = ORIENTED_EDGE('',*,*,#9140,.F.);
#9140 = EDGE_CURVE('',#9141,#9133,#9143,.T.);
#9141 = VERTEX_POINT('',#9142);
#9142 = CARTESIAN_POINT('',(-0.32,-0.95,0.76));
#9143 = LINE('',#9144,#9145);
#9144 = CARTESIAN_POINT('',(-0.32,-0.475,0.76));
#9145 = VECTOR('',#9146,1.);
#9146 = DIRECTION('',(1.064914794404E-49,-1.,3.568186704216E-33));
#9147 = ORIENTED_EDGE('',*,*,#9148,.F.);
#9148 = EDGE_CURVE('',#9125,#9141,#9149,.T.);
#9149 = LINE('',#9150,#9151);
#9150 = CARTESIAN_POINT('',(0.155585808581,-0.95,0.76));
#9151 = VECTOR('',#9152,1.);
#9152 = DIRECTION('',(-1.,4.943294611068E-32,4.74690346596E-33));
#9153 = FACE_BOUND('',#9154,.F.);
#9154 = EDGE_LOOP('',(#9155,#9165,#9173,#9181));
#9155 = ORIENTED_EDGE('',*,*,#9156,.F.);
#9156 = EDGE_CURVE('',#9157,#9159,#9161,.T.);
#9157 = VERTEX_POINT('',#9158);
#9158 = CARTESIAN_POINT('',(-0.32,0.95,0.76));
#9159 = VERTEX_POINT('',#9160);
#9160 = CARTESIAN_POINT('',(0.32,0.95,0.76));
#9161 = LINE('',#9162,#9163);
#9162 = CARTESIAN_POINT('',(-0.155585808581,0.95,0.76));
#9163 = VECTOR('',#9164,1.);
#9164 = DIRECTION('',(1.,4.943294611068E-32,-4.74690346596E-33));
#9165 = ORIENTED_EDGE('',*,*,#9166,.T.);
#9166 = EDGE_CURVE('',#9157,#9167,#9169,.T.);
#9167 = VERTEX_POINT('',#9168);
#9168 = CARTESIAN_POINT('',(-0.32,1.59,0.76));
#9169 = LINE('',#9170,#9171);
#9170 = CARTESIAN_POINT('',(-0.32,0.795,0.76));
#9171 = VECTOR('',#9172,1.);
#9172 = DIRECTION('',(0.,1.,-3.568186704216E-33));
#9173 = ORIENTED_EDGE('',*,*,#9174,.T.);
#9174 = EDGE_CURVE('',#9167,#9175,#9177,.T.);
#9175 = VERTEX_POINT('',#9176);
#9176 = CARTESIAN_POINT('',(0.32,1.59,0.76));
#9177 = LINE('',#9178,#9179);
#9178 = CARTESIAN_POINT('',(-0.155585808581,1.59,0.76));
#9179 = VECTOR('',#9180,1.);
#9180 = DIRECTION('',(1.,4.943294611068E-32,-4.74690346596E-33));
#9181 = ORIENTED_EDGE('',*,*,#9182,.T.);
#9182 = EDGE_CURVE('',#9175,#9159,#9183,.T.);
#9183 = LINE('',#9184,#9185);
#9184 = CARTESIAN_POINT('',(0.32,0.795,0.76));
#9185 = VECTOR('',#9186,1.);
#9186 = DIRECTION('',(-1.064914794404E-49,-1.,3.568186704216E-33));
#9187 = PLANE('',#9188);
#9188 = AXIS2_PLACEMENT_3D('',#9189,#9190,#9191);
#9189 = CARTESIAN_POINT('',(1.473843703412E-17,-5.895374813649E-17,0.76)
  );
#9190 = DIRECTION('',(4.74690346596E-33,3.568186704216E-33,1.));
#9191 = DIRECTION('',(1.,0.,-4.74690346596E-33));
#9192 = ADVANCED_FACE('',(#9193,#9284,#9318),#9352,.T.);
#9193 = FACE_BOUND('',#9194,.T.);
#9194 = EDGE_LOOP('',(#9195,#9196,#9197,#9205,#9213,#9221,#9229,#9237,
    #9245,#9253,#9261,#9269,#9277,#9283));
#9195 = ORIENTED_EDGE('',*,*,#8939,.T.);
#9196 = ORIENTED_EDGE('',*,*,#9001,.T.);
#9197 = ORIENTED_EDGE('',*,*,#9198,.T.);
#9198 = EDGE_CURVE('',#9002,#9199,#9201,.T.);
#9199 = VERTEX_POINT('',#9200);
#9200 = CARTESIAN_POINT('',(-1.016,0.,3.3));
#9201 = LINE('',#9202,#9203);
#9202 = CARTESIAN_POINT('',(-1.27,0.254,3.3));
#9203 = VECTOR('',#9204,1.);
#9204 = DIRECTION('',(0.707106781187,-0.707106781187,0.));
#9205 = ORIENTED_EDGE('',*,*,#9206,.T.);
#9206 = EDGE_CURVE('',#9199,#9207,#9209,.T.);
#9207 = VERTEX_POINT('',#9208);
#9208 = CARTESIAN_POINT('',(-1.27,-0.254,3.3));
#9209 = LINE('',#9210,#9211);
#9210 = CARTESIAN_POINT('',(-1.016,0.,3.3));
#9211 = VECTOR('',#9212,1.);
#9212 = DIRECTION('',(-0.707106781187,-0.707106781187,0.));
#9213 = ORIENTED_EDGE('',*,*,#9214,.T.);
#9214 = EDGE_CURVE('',#9207,#9215,#9217,.T.);
#9215 = VERTEX_POINT('',#9216);
#9216 = CARTESIAN_POINT('',(-1.27,-2.286,3.3));
#9217 = LINE('',#9218,#9219);
#9218 = CARTESIAN_POINT('',(-1.27,-0.254,3.3));
#9219 = VECTOR('',#9220,1.);
#9220 = DIRECTION('',(0.,-1.,0.));
#9221 = ORIENTED_EDGE('',*,*,#9222,.T.);
#9222 = EDGE_CURVE('',#9215,#9223,#9225,.T.);
#9223 = VERTEX_POINT('',#9224);
#9224 = CARTESIAN_POINT('',(-1.016,-2.54,3.3));
#9225 = LINE('',#9226,#9227);
#9226 = CARTESIAN_POINT('',(-1.27,-2.286,3.3));
#9227 = VECTOR('',#9228,1.);
#9228 = DIRECTION('',(0.707106781187,-0.707106781187,0.));
#9229 = ORIENTED_EDGE('',*,*,#9230,.T.);
#9230 = EDGE_CURVE('',#9223,#9231,#9233,.T.);
#9231 = VERTEX_POINT('',#9232);
#9232 = CARTESIAN_POINT('',(1.016,-2.54,3.3));
#9233 = LINE('',#9234,#9235);
#9234 = CARTESIAN_POINT('',(-1.016,-2.54,3.3));
#9235 = VECTOR('',#9236,1.);
#9236 = DIRECTION('',(1.,0.,0.));
#9237 = ORIENTED_EDGE('',*,*,#9238,.T.);
#9238 = EDGE_CURVE('',#9231,#9239,#9241,.T.);
#9239 = VERTEX_POINT('',#9240);
#9240 = CARTESIAN_POINT('',(1.27,-2.286,3.3));
#9241 = LINE('',#9242,#9243);
#9242 = CARTESIAN_POINT('',(1.016,-2.54,3.3));
#9243 = VECTOR('',#9244,1.);
#9244 = DIRECTION('',(0.707106781187,0.707106781187,0.));
#9245 = ORIENTED_EDGE('',*,*,#9246,.T.);
#9246 = EDGE_CURVE('',#9239,#9247,#9249,.T.);
#9247 = VERTEX_POINT('',#9248);
#9248 = CARTESIAN_POINT('',(1.27,-0.254,3.3));
#9249 = LINE('',#9250,#9251);
#9250 = CARTESIAN_POINT('',(1.27,-2.286,3.3));
#9251 = VECTOR('',#9252,1.);
#9252 = DIRECTION('',(0.,1.,0.));
#9253 = ORIENTED_EDGE('',*,*,#9254,.T.);
#9254 = EDGE_CURVE('',#9247,#9255,#9257,.T.);
#9255 = VERTEX_POINT('',#9256);
#9256 = CARTESIAN_POINT('',(1.016,0.,3.3));
#9257 = LINE('',#9258,#9259);
#9258 = CARTESIAN_POINT('',(1.27,-0.254,3.3));
#9259 = VECTOR('',#9260,1.);
#9260 = DIRECTION('',(-0.707106781187,0.707106781187,0.));
#9261 = ORIENTED_EDGE('',*,*,#9262,.T.);
#9262 = EDGE_CURVE('',#9255,#9263,#9265,.T.);
#9263 = VERTEX_POINT('',#9264);
#9264 = CARTESIAN_POINT('',(1.27,0.254,3.3));
#9265 = LINE('',#9266,#9267);
#9266 = CARTESIAN_POINT('',(1.016,0.,3.3));
#9267 = VECTOR('',#9268,1.);
#9268 = DIRECTION('',(0.707106781187,0.707106781187,0.));
#9269 = ORIENTED_EDGE('',*,*,#9270,.T.);
#9270 = EDGE_CURVE('',#9263,#9271,#9273,.T.);
#9271 = VERTEX_POINT('',#9272);
#9272 = CARTESIAN_POINT('',(1.27,2.286,3.3));
#9273 = LINE('',#9274,#9275);
#9274 = CARTESIAN_POINT('',(1.27,0.254,3.3));
#9275 = VECTOR('',#9276,1.);
#9276 = DIRECTION('',(0.,1.,0.));
#9277 = ORIENTED_EDGE('',*,*,#9278,.T.);
#9278 = EDGE_CURVE('',#9271,#8972,#9279,.T.);
#9279 = LINE('',#9280,#9281);
#9280 = CARTESIAN_POINT('',(1.27,2.286,3.3));
#9281 = VECTOR('',#9282,1.);
#9282 = DIRECTION('',(-0.707106781187,0.707106781187,0.));
#9283 = ORIENTED_EDGE('',*,*,#8979,.T.);
#9284 = FACE_BOUND('',#9285,.T.);
#9285 = EDGE_LOOP('',(#9286,#9296,#9304,#9312));
#9286 = ORIENTED_EDGE('',*,*,#9287,.F.);
#9287 = EDGE_CURVE('',#9288,#9290,#9292,.T.);
#9288 = VERTEX_POINT('',#9289);
#9289 = CARTESIAN_POINT('',(0.32,-1.59,3.3));
#9290 = VERTEX_POINT('',#9291);
#9291 = CARTESIAN_POINT('',(0.32,-0.95,3.3));
#9292 = LINE('',#9293,#9294);
#9293 = CARTESIAN_POINT('',(0.32,-0.475,3.3));
#9294 = VECTOR('',#9295,1.);
#9295 = DIRECTION('',(0.,1.,-3.568186704216E-33));
#9296 = ORIENTED_EDGE('',*,*,#9297,.T.);
#9297 = EDGE_CURVE('',#9288,#9298,#9300,.T.);
#9298 = VERTEX_POINT('',#9299);
#9299 = CARTESIAN_POINT('',(-0.32,-1.59,3.3));
#9300 = LINE('',#9301,#9302);
#9301 = CARTESIAN_POINT('',(0.155585808581,-1.59,3.3));
#9302 = VECTOR('',#9303,1.);
#9303 = DIRECTION('',(-1.,4.943294611068E-32,4.74690346596E-33));
#9304 = ORIENTED_EDGE('',*,*,#9305,.F.);
#9305 = EDGE_CURVE('',#9306,#9298,#9308,.T.);
#9306 = VERTEX_POINT('',#9307);
#9307 = CARTESIAN_POINT('',(-0.32,-0.95,3.3));
#9308 = LINE('',#9309,#9310);
#9309 = CARTESIAN_POINT('',(-0.32,-0.475,3.3));
#9310 = VECTOR('',#9311,1.);
#9311 = DIRECTION('',(1.064914794404E-49,-1.,3.568186704216E-33));
#9312 = ORIENTED_EDGE('',*,*,#9313,.F.);
#9313 = EDGE_CURVE('',#9290,#9306,#9314,.T.);
#9314 = LINE('',#9315,#9316);
#9315 = CARTESIAN_POINT('',(0.155585808581,-0.95,3.3));
#9316 = VECTOR('',#9317,1.);
#9317 = DIRECTION('',(-1.,4.943294611068E-32,4.74690346596E-33));
#9318 = FACE_BOUND('',#9319,.T.);
#9319 = EDGE_LOOP('',(#9320,#9330,#9338,#9346));
#9320 = ORIENTED_EDGE('',*,*,#9321,.F.);
#9321 = EDGE_CURVE('',#9322,#9324,#9326,.T.);
#9322 = VERTEX_POINT('',#9323);
#9323 = CARTESIAN_POINT('',(-0.32,0.95,3.3));
#9324 = VERTEX_POINT('',#9325);
#9325 = CARTESIAN_POINT('',(0.32,0.95,3.3));
#9326 = LINE('',#9327,#9328);
#9327 = CARTESIAN_POINT('',(-0.155585808581,0.95,3.3));
#9328 = VECTOR('',#9329,1.);
#9329 = DIRECTION('',(1.,4.943294611068E-32,-4.74690346596E-33));
#9330 = ORIENTED_EDGE('',*,*,#9331,.T.);
#9331 = EDGE_CURVE('',#9322,#9332,#9334,.T.);
#9332 = VERTEX_POINT('',#9333);
#9333 = CARTESIAN_POINT('',(-0.32,1.59,3.3));
#9334 = LINE('',#9335,#9336);
#9335 = CARTESIAN_POINT('',(-0.32,0.795,3.3));
#9336 = VECTOR('',#9337,1.);
#9337 = DIRECTION('',(0.,1.,-3.568186704216E-33));
#9338 = ORIENTED_EDGE('',*,*,#9339,.T.);
#9339 = EDGE_CURVE('',#9332,#9340,#9342,.T.);
#9340 = VERTEX_POINT('',#9341);
#9341 = CARTESIAN_POINT('',(0.32,1.59,3.3));
#9342 = LINE('',#9343,#9344);
#9343 = CARTESIAN_POINT('',(-0.155585808581,1.59,3.3));
#9344 = VECTOR('',#9345,1.);
#9345 = DIRECTION('',(1.,4.943294611068E-32,-4.74690346596E-33));
#9346 = ORIENTED_EDGE('',*,*,#9347,.T.);
#9347 = EDGE_CURVE('',#9340,#9324,#9348,.T.);
#9348 = LINE('',#9349,#9350);
#9349 = CARTESIAN_POINT('',(0.32,0.795,3.3));
#9350 = VECTOR('',#9351,1.);
#9351 = DIRECTION('',(-1.064914794404E-49,-1.,3.568186704216E-33));
#9352 = PLANE('',#9353);
#9353 = AXIS2_PLACEMENT_3D('',#9354,#9355,#9356);
#9354 = CARTESIAN_POINT('',(1.473843703412E-17,-5.895374813649E-17,3.3)
  );
#9355 = DIRECTION('',(4.74690346596E-33,3.568186704216E-33,1.));
#9356 = DIRECTION('',(1.,0.,-4.74690346596E-33));
#9357 = ADVANCED_FACE('',(#9358),#9369,.F.);
#9358 = FACE_BOUND('',#9359,.F.);
#9359 = EDGE_LOOP('',(#9360,#9366,#9367,#9368));
#9360 = ORIENTED_EDGE('',*,*,#9361,.T.);
#9361 = EDGE_CURVE('',#9106,#9271,#9362,.T.);
#9362 = LINE('',#9363,#9364);
#9363 = CARTESIAN_POINT('',(1.27,2.286,0.76));
#9364 = VECTOR('',#9365,1.);
#9365 = DIRECTION('',(0.,0.,1.));
#9366 = ORIENTED_EDGE('',*,*,#9278,.T.);
#9367 = ORIENTED_EDGE('',*,*,#8969,.F.);
#9368 = ORIENTED_EDGE('',*,*,#9113,.F.);
#9369 = PLANE('',#9370);
#9370 = AXIS2_PLACEMENT_3D('',#9371,#9372,#9373);
#9371 = CARTESIAN_POINT('',(1.27,2.286,0.76));
#9372 = DIRECTION('',(-0.707106781187,-0.707106781187,0.));
#9373 = DIRECTION('',(-0.707106781187,0.707106781187,0.));
#9374 = ADVANCED_FACE('',(#9375),#9386,.F.);
#9375 = FACE_BOUND('',#9376,.F.);
#9376 = EDGE_LOOP('',(#9377,#9378,#9379,#9385));
#9377 = ORIENTED_EDGE('',*,*,#9009,.T.);
#9378 = ORIENTED_EDGE('',*,*,#9198,.T.);
#9379 = ORIENTED_EDGE('',*,*,#9380,.F.);
#9380 = EDGE_CURVE('',#9034,#9199,#9381,.T.);
#9381 = LINE('',#9382,#9383);
#9382 = CARTESIAN_POINT('',(-1.016,0.,0.76));
#9383 = VECTOR('',#9384,1.);
#9384 = DIRECTION('',(0.,0.,1.));
#9385 = ORIENTED_EDGE('',*,*,#9033,.F.);
#9386 = PLANE('',#9387);
#9387 = AXIS2_PLACEMENT_3D('',#9388,#9389,#9390);
#9388 = CARTESIAN_POINT('',(-1.27,0.254,0.76));
#9389 = DIRECTION('',(0.707106781187,0.707106781187,0.));
#9390 = DIRECTION('',(0.707106781187,-0.707106781187,0.));
#9391 = ADVANCED_FACE('',(#9392),#9403,.F.);
#9392 = FACE_BOUND('',#9393,.F.);
#9393 = EDGE_LOOP('',(#9394,#9400,#9401,#9402));
#9394 = ORIENTED_EDGE('',*,*,#9395,.T.);
#9395 = EDGE_CURVE('',#9098,#9263,#9396,.T.);
#9396 = LINE('',#9397,#9398);
#9397 = CARTESIAN_POINT('',(1.27,0.254,0.76));
#9398 = VECTOR('',#9399,1.);
#9399 = DIRECTION('',(0.,0.,1.));
#9400 = ORIENTED_EDGE('',*,*,#9270,.T.);
#9401 = ORIENTED_EDGE('',*,*,#9361,.F.);
#9402 = ORIENTED_EDGE('',*,*,#9105,.F.);
#9403 = PLANE('',#9404);
#9404 = AXIS2_PLACEMENT_3D('',#9405,#9406,#9407);
#9405 = CARTESIAN_POINT('',(1.27,0.254,0.76));
#9406 = DIRECTION('',(-1.,0.,0.));
#9407 = DIRECTION('',(0.,1.,0.));
#9408 = ADVANCED_FACE('',(#9409),#9420,.F.);
#9409 = FACE_BOUND('',#9410,.F.);
#9410 = EDGE_LOOP('',(#9411,#9412,#9413,#9419));
#9411 = ORIENTED_EDGE('',*,*,#9380,.T.);
#9412 = ORIENTED_EDGE('',*,*,#9206,.T.);
#9413 = ORIENTED_EDGE('',*,*,#9414,.F.);
#9414 = EDGE_CURVE('',#9042,#9207,#9415,.T.);
#9415 = LINE('',#9416,#9417);
#9416 = CARTESIAN_POINT('',(-1.27,-0.254,0.76));
#9417 = VECTOR('',#9418,1.);
#9418 = DIRECTION('',(0.,0.,1.));
#9419 = ORIENTED_EDGE('',*,*,#9041,.F.);
#9420 = PLANE('',#9421);
#9421 = AXIS2_PLACEMENT_3D('',#9422,#9423,#9424);
#9422 = CARTESIAN_POINT('',(-1.016,0.,0.76));
#9423 = DIRECTION('',(0.707106781187,-0.707106781187,0.));
#9424 = DIRECTION('',(-0.707106781187,-0.707106781187,0.));
#9425 = ADVANCED_FACE('',(#9426),#9437,.F.);
#9426 = FACE_BOUND('',#9427,.F.);
#9427 = EDGE_LOOP('',(#9428,#9434,#9435,#9436));
#9428 = ORIENTED_EDGE('',*,*,#9429,.T.);
#9429 = EDGE_CURVE('',#9090,#9255,#9430,.T.);
#9430 = LINE('',#9431,#9432);
#9431 = CARTESIAN_POINT('',(1.016,0.,0.76));
#9432 = VECTOR('',#9433,1.);
#9433 = DIRECTION('',(0.,0.,1.));
#9434 = ORIENTED_EDGE('',*,*,#9262,.T.);
#9435 = ORIENTED_EDGE('',*,*,#9395,.F.);
#9436 = ORIENTED_EDGE('',*,*,#9097,.F.);
#9437 = PLANE('',#9438);
#9438 = AXIS2_PLACEMENT_3D('',#9439,#9440,#9441);
#9439 = CARTESIAN_POINT('',(1.016,0.,0.76));
#9440 = DIRECTION('',(-0.707106781187,0.707106781187,0.));
#9441 = DIRECTION('',(0.707106781187,0.707106781187,0.));
#9442 = ADVANCED_FACE('',(#9443),#9454,.F.);
#9443 = FACE_BOUND('',#9444,.F.);
#9444 = EDGE_LOOP('',(#9445,#9446,#9447,#9453));
#9445 = ORIENTED_EDGE('',*,*,#9414,.T.);
#9446 = ORIENTED_EDGE('',*,*,#9214,.T.);
#9447 = ORIENTED_EDGE('',*,*,#9448,.F.);
#9448 = EDGE_CURVE('',#9050,#9215,#9449,.T.);
#9449 = LINE('',#9450,#9451);
#9450 = CARTESIAN_POINT('',(-1.27,-2.286,0.76));
#9451 = VECTOR('',#9452,1.);
#9452 = DIRECTION('',(0.,0.,1.));
#9453 = ORIENTED_EDGE('',*,*,#9049,.F.);
#9454 = PLANE('',#9455);
#9455 = AXIS2_PLACEMENT_3D('',#9456,#9457,#9458);
#9456 = CARTESIAN_POINT('',(-1.27,-0.254,0.76));
#9457 = DIRECTION('',(1.,0.,0.));
#9458 = DIRECTION('',(0.,-1.,0.));
#9459 = ADVANCED_FACE('',(#9460),#9471,.F.);
#9460 = FACE_BOUND('',#9461,.F.);
#9461 = EDGE_LOOP('',(#9462,#9468,#9469,#9470));
#9462 = ORIENTED_EDGE('',*,*,#9463,.T.);
#9463 = EDGE_CURVE('',#9082,#9247,#9464,.T.);
#9464 = LINE('',#9465,#9466);
#9465 = CARTESIAN_POINT('',(1.27,-0.254,0.76));
#9466 = VECTOR('',#9467,1.);
#9467 = DIRECTION('',(0.,0.,1.));
#9468 = ORIENTED_EDGE('',*,*,#9254,.T.);
#9469 = ORIENTED_EDGE('',*,*,#9429,.F.);
#9470 = ORIENTED_EDGE('',*,*,#9089,.F.);
#9471 = PLANE('',#9472);
#9472 = AXIS2_PLACEMENT_3D('',#9473,#9474,#9475);
#9473 = CARTESIAN_POINT('',(1.27,-0.254,0.76));
#9474 = DIRECTION('',(-0.707106781187,-0.707106781187,0.));
#9475 = DIRECTION('',(-0.707106781187,0.707106781187,0.));
#9476 = ADVANCED_FACE('',(#9477),#9488,.F.);
#9477 = FACE_BOUND('',#9478,.F.);
#9478 = EDGE_LOOP('',(#9479,#9480,#9481,#9487));
#9479 = ORIENTED_EDGE('',*,*,#9448,.T.);
#9480 = ORIENTED_EDGE('',*,*,#9222,.T.);
#9481 = ORIENTED_EDGE('',*,*,#9482,.F.);
#9482 = EDGE_CURVE('',#9058,#9223,#9483,.T.);
#9483 = LINE('',#9484,#9485);
#9484 = CARTESIAN_POINT('',(-1.016,-2.54,0.76));
#9485 = VECTOR('',#9486,1.);
#9486 = DIRECTION('',(0.,0.,1.));
#9487 = ORIENTED_EDGE('',*,*,#9057,.F.);
#9488 = PLANE('',#9489);
#9489 = AXIS2_PLACEMENT_3D('',#9490,#9491,#9492);
#9490 = CARTESIAN_POINT('',(-1.27,-2.286,0.76));
#9491 = DIRECTION('',(0.707106781187,0.707106781187,0.));
#9492 = DIRECTION('',(0.707106781187,-0.707106781187,0.));
#9493 = ADVANCED_FACE('',(#9494),#9505,.F.);
#9494 = FACE_BOUND('',#9495,.F.);
#9495 = EDGE_LOOP('',(#9496,#9502,#9503,#9504));
#9496 = ORIENTED_EDGE('',*,*,#9497,.T.);
#9497 = EDGE_CURVE('',#9074,#9239,#9498,.T.);
#9498 = LINE('',#9499,#9500);
#9499 = CARTESIAN_POINT('',(1.27,-2.286,0.76));
#9500 = VECTOR('',#9501,1.);
#9501 = DIRECTION('',(0.,0.,1.));
#9502 = ORIENTED_EDGE('',*,*,#9246,.T.);
#9503 = ORIENTED_EDGE('',*,*,#9463,.F.);
#9504 = ORIENTED_EDGE('',*,*,#9081,.F.);
#9505 = PLANE('',#9506);
#9506 = AXIS2_PLACEMENT_3D('',#9507,#9508,#9509);
#9507 = CARTESIAN_POINT('',(1.27,-2.286,0.76));
#9508 = DIRECTION('',(-1.,0.,0.));
#9509 = DIRECTION('',(0.,1.,0.));
#9510 = ADVANCED_FACE('',(#9511),#9522,.F.);
#9511 = FACE_BOUND('',#9512,.F.);
#9512 = EDGE_LOOP('',(#9513,#9514,#9515,#9521));
#9513 = ORIENTED_EDGE('',*,*,#9482,.T.);
#9514 = ORIENTED_EDGE('',*,*,#9230,.T.);
#9515 = ORIENTED_EDGE('',*,*,#9516,.F.);
#9516 = EDGE_CURVE('',#9066,#9231,#9517,.T.);
#9517 = LINE('',#9518,#9519);
#9518 = CARTESIAN_POINT('',(1.016,-2.54,0.76));
#9519 = VECTOR('',#9520,1.);
#9520 = DIRECTION('',(0.,0.,1.));
#9521 = ORIENTED_EDGE('',*,*,#9065,.F.);
#9522 = PLANE('',#9523);
#9523 = AXIS2_PLACEMENT_3D('',#9524,#9525,#9526);
#9524 = CARTESIAN_POINT('',(-1.016,-2.54,0.76));
#9525 = DIRECTION('',(0.,1.,0.));
#9526 = DIRECTION('',(1.,0.,0.));
#9527 = ADVANCED_FACE('',(#9528),#9534,.F.);
#9528 = FACE_BOUND('',#9529,.F.);
#9529 = EDGE_LOOP('',(#9530,#9531,#9532,#9533));
#9530 = ORIENTED_EDGE('',*,*,#9516,.T.);
#9531 = ORIENTED_EDGE('',*,*,#9238,.T.);
#9532 = ORIENTED_EDGE('',*,*,#9497,.F.);
#9533 = ORIENTED_EDGE('',*,*,#9073,.F.);
#9534 = PLANE('',#9535);
#9535 = AXIS2_PLACEMENT_3D('',#9536,#9537,#9538);
#9536 = CARTESIAN_POINT('',(1.016,-2.54,0.76));
#9537 = DIRECTION('',(-0.707106781187,0.707106781187,0.));
#9538 = DIRECTION('',(0.707106781187,0.707106781187,0.));
#9539 = ADVANCED_FACE('',(#9540),#9565,.T.);
#9540 = FACE_BOUND('',#9541,.T.);
#9541 = EDGE_LOOP('',(#9542,#9550,#9551,#9559));
#9542 = ORIENTED_EDGE('',*,*,#9543,.F.);
#9543 = EDGE_CURVE('',#9125,#9544,#9546,.T.);
#9544 = VERTEX_POINT('',#9545);
#9545 = CARTESIAN_POINT('',(0.32,-0.95,0.64));
#9546 = LINE('',#9547,#9548);
#9547 = CARTESIAN_POINT('',(0.32,-0.95,9.3));
#9548 = VECTOR('',#9549,1.);
#9549 = DIRECTION('',(0.,0.,-1.));
#9550 = ORIENTED_EDGE('',*,*,#9122,.F.);
#9551 = ORIENTED_EDGE('',*,*,#9552,.T.);
#9552 = EDGE_CURVE('',#9123,#9553,#9555,.T.);
#9553 = VERTEX_POINT('',#9554);
#9554 = CARTESIAN_POINT('',(0.32,-1.59,0.64));
#9555 = LINE('',#9556,#9557);
#9556 = CARTESIAN_POINT('',(0.32,-1.59,9.3));
#9557 = VECTOR('',#9558,1.);
#9558 = DIRECTION('',(0.,0.,-1.));
#9559 = ORIENTED_EDGE('',*,*,#9560,.F.);
#9560 = EDGE_CURVE('',#9544,#9553,#9561,.T.);
#9561 = LINE('',#9562,#9563);
#9562 = CARTESIAN_POINT('',(0.32,-0.95,0.64));
#9563 = VECTOR('',#9564,1.);
#9564 = DIRECTION('',(0.,-1.,0.));
#9565 = PLANE('',#9566);
#9566 = AXIS2_PLACEMENT_3D('',#9567,#9568,#9569);
#9567 = CARTESIAN_POINT('',(0.32,-0.95,9.3));
#9568 = DIRECTION('',(1.,0.,0.));
#9569 = DIRECTION('',(0.,0.,-1.));
#9570 = ADVANCED_FACE('',(#9571),#9614,.T.);
#9571 = FACE_BOUND('',#9572,.T.);
#9572 = EDGE_LOOP('',(#9573,#9583,#9591,#9600,#9606,#9607,#9608));
#9573 = ORIENTED_EDGE('',*,*,#9574,.T.);
#9574 = EDGE_CURVE('',#9575,#9577,#9579,.T.);
#9575 = VERTEX_POINT('',#9576);
#9576 = CARTESIAN_POINT('',(2.34,-0.95,0.64));
#9577 = VERTEX_POINT('',#9578);
#9578 = CARTESIAN_POINT('',(2.34,-0.95,4.440892098501E-16));
#9579 = LINE('',#9580,#9581);
#9580 = CARTESIAN_POINT('',(2.34,-0.95,0.64));
#9581 = VECTOR('',#9582,1.);
#9582 = DIRECTION('',(0.,0.,-1.));
#9583 = ORIENTED_EDGE('',*,*,#9584,.T.);
#9584 = EDGE_CURVE('',#9577,#9585,#9587,.T.);
#9585 = VERTEX_POINT('',#9586);
#9586 = CARTESIAN_POINT('',(0.32,-0.95,4.440892098501E-16));
#9587 = LINE('',#9588,#9589);
#9588 = CARTESIAN_POINT('',(2.5,-0.95,5.551115123126E-16));
#9589 = VECTOR('',#9590,1.);
#9590 = DIRECTION('',(-1.,0.,0.));
#9591 = ORIENTED_EDGE('',*,*,#9592,.T.);
#9592 = EDGE_CURVE('',#9585,#9593,#9595,.T.);
#9593 = VERTEX_POINT('',#9594);
#9594 = CARTESIAN_POINT('',(-0.32,-0.95,0.64));
#9595 = CIRCLE('',#9596,0.64);
#9596 = AXIS2_PLACEMENT_3D('',#9597,#9598,#9599);
#9597 = CARTESIAN_POINT('',(0.32,-0.95,0.64));
#9598 = DIRECTION('',(0.,1.,0.));
#9599 = DIRECTION('',(0.,0.,-1.));
#9600 = ORIENTED_EDGE('',*,*,#9601,.T.);
#9601 = EDGE_CURVE('',#9593,#9141,#9602,.T.);
#9602 = LINE('',#9603,#9604);
#9603 = CARTESIAN_POINT('',(-0.32,-0.95,5.551115123126E-16));
#9604 = VECTOR('',#9605,1.);
#9605 = DIRECTION('',(2.984470496304E-17,0.,1.));
#9606 = ORIENTED_EDGE('',*,*,#9148,.F.);
#9607 = ORIENTED_EDGE('',*,*,#9543,.T.);
#9608 = ORIENTED_EDGE('',*,*,#9609,.T.);
#9609 = EDGE_CURVE('',#9544,#9575,#9610,.T.);
#9610 = LINE('',#9611,#9612);
#9611 = CARTESIAN_POINT('',(0.32,-0.95,0.64));
#9612 = VECTOR('',#9613,1.);
#9613 = DIRECTION('',(1.,0.,0.));
#9614 = PLANE('',#9615);
#9615 = AXIS2_PLACEMENT_3D('',#9616,#9617,#9618);
#9616 = CARTESIAN_POINT('',(0.311171617162,-0.95,3.871171617162));
#9617 = DIRECTION('',(4.943294611068E-32,1.,1.447586471618E-32));
#9618 = DIRECTION('',(1.,-4.943294611068E-32,0.));
#9619 = ADVANCED_FACE('',(#9620),#9638,.T.);
#9620 = FACE_BOUND('',#9621,.T.);
#9621 = EDGE_LOOP('',(#9622,#9623,#9631,#9637));
#9622 = ORIENTED_EDGE('',*,*,#9601,.F.);
#9623 = ORIENTED_EDGE('',*,*,#9624,.T.);
#9624 = EDGE_CURVE('',#9593,#9625,#9627,.T.);
#9625 = VERTEX_POINT('',#9626);
#9626 = CARTESIAN_POINT('',(-0.32,-1.59,0.64));
#9627 = LINE('',#9628,#9629);
#9628 = CARTESIAN_POINT('',(-0.32,-0.95,0.64));
#9629 = VECTOR('',#9630,1.);
#9630 = DIRECTION('',(0.,-1.,0.));
#9631 = ORIENTED_EDGE('',*,*,#9632,.T.);
#9632 = EDGE_CURVE('',#9625,#9133,#9633,.T.);
#9633 = LINE('',#9634,#9635);
#9634 = CARTESIAN_POINT('',(-0.32,-1.59,5.551115123126E-16));
#9635 = VECTOR('',#9636,1.);
#9636 = DIRECTION('',(2.984470496304E-17,0.,1.));
#9637 = ORIENTED_EDGE('',*,*,#9140,.F.);
#9638 = PLANE('',#9639);
#9639 = AXIS2_PLACEMENT_3D('',#9640,#9641,#9642);
#9640 = CARTESIAN_POINT('',(-0.32,-0.95,5.551115123126E-16));
#9641 = DIRECTION('',(-1.,0.,2.984470496304E-17));
#9642 = DIRECTION('',(2.984470496304E-17,0.,1.));
#9643 = ADVANCED_FACE('',(#9644),#9680,.F.);
#9644 = FACE_BOUND('',#9645,.F.);
#9645 = EDGE_LOOP('',(#9646,#9656,#9664,#9671,#9672,#9673,#9674));
#9646 = ORIENTED_EDGE('',*,*,#9647,.T.);
#9647 = EDGE_CURVE('',#9648,#9650,#9652,.T.);
#9648 = VERTEX_POINT('',#9649);
#9649 = CARTESIAN_POINT('',(2.34,-1.59,0.64));
#9650 = VERTEX_POINT('',#9651);
#9651 = CARTESIAN_POINT('',(2.34,-1.59,4.440892098501E-16));
#9652 = LINE('',#9653,#9654);
#9653 = CARTESIAN_POINT('',(2.34,-1.59,0.64));
#9654 = VECTOR('',#9655,1.);
#9655 = DIRECTION('',(0.,0.,-1.));
#9656 = ORIENTED_EDGE('',*,*,#9657,.T.);
#9657 = EDGE_CURVE('',#9650,#9658,#9660,.T.);
#9658 = VERTEX_POINT('',#9659);
#9659 = CARTESIAN_POINT('',(0.32,-1.59,4.440892098501E-16));
#9660 = LINE('',#9661,#9662);
#9661 = CARTESIAN_POINT('',(2.5,-1.59,5.551115123126E-16));
#9662 = VECTOR('',#9663,1.);
#9663 = DIRECTION('',(-1.,0.,0.));
#9664 = ORIENTED_EDGE('',*,*,#9665,.T.);
#9665 = EDGE_CURVE('',#9658,#9625,#9666,.T.);
#9666 = CIRCLE('',#9667,0.64);
#9667 = AXIS2_PLACEMENT_3D('',#9668,#9669,#9670);
#9668 = CARTESIAN_POINT('',(0.32,-1.59,0.64));
#9669 = DIRECTION('',(0.,1.,0.));
#9670 = DIRECTION('',(0.,0.,-1.));
#9671 = ORIENTED_EDGE('',*,*,#9632,.T.);
#9672 = ORIENTED_EDGE('',*,*,#9132,.F.);
#9673 = ORIENTED_EDGE('',*,*,#9552,.T.);
#9674 = ORIENTED_EDGE('',*,*,#9675,.T.);
#9675 = EDGE_CURVE('',#9553,#9648,#9676,.T.);
#9676 = LINE('',#9677,#9678);
#9677 = CARTESIAN_POINT('',(0.32,-1.59,0.64));
#9678 = VECTOR('',#9679,1.);
#9679 = DIRECTION('',(1.,0.,0.));
#9680 = PLANE('',#9681);
#9681 = AXIS2_PLACEMENT_3D('',#9682,#9683,#9684);
#9682 = CARTESIAN_POINT('',(0.311171617162,-1.59,3.871171617162));
#9683 = DIRECTION('',(4.943294611068E-32,1.,1.447586471618E-32));
#9684 = DIRECTION('',(1.,-4.943294611068E-32,0.));
#9685 = ADVANCED_FACE('',(#9686),#9736,.T.);
#9686 = FACE_BOUND('',#9687,.T.);
#9687 = EDGE_LOOP('',(#9688,#9698,#9706,#9715,#9721,#9722,#9730));
#9688 = ORIENTED_EDGE('',*,*,#9689,.T.);
#9689 = EDGE_CURVE('',#9690,#9692,#9694,.T.);
#9690 = VERTEX_POINT('',#9691);
#9691 = CARTESIAN_POINT('',(-2.34,0.95,0.64));
#9692 = VERTEX_POINT('',#9693);
#9693 = CARTESIAN_POINT('',(-2.34,0.95,4.440892098501E-16));
#9694 = LINE('',#9695,#9696);
#9695 = CARTESIAN_POINT('',(-2.34,0.95,0.64));
#9696 = VECTOR('',#9697,1.);
#9697 = DIRECTION('',(0.,0.,-1.));
#9698 = ORIENTED_EDGE('',*,*,#9699,.T.);
#9699 = EDGE_CURVE('',#9692,#9700,#9702,.T.);
#9700 = VERTEX_POINT('',#9701);
#9701 = CARTESIAN_POINT('',(-0.32,0.95,4.440892098501E-16));
#9702 = LINE('',#9703,#9704);
#9703 = CARTESIAN_POINT('',(-2.5,0.95,5.551115123126E-16));
#9704 = VECTOR('',#9705,1.);
#9705 = DIRECTION('',(1.,0.,0.));
#9706 = ORIENTED_EDGE('',*,*,#9707,.T.);
#9707 = EDGE_CURVE('',#9700,#9708,#9710,.T.);
#9708 = VERTEX_POINT('',#9709);
#9709 = CARTESIAN_POINT('',(0.32,0.95,0.64));
#9710 = CIRCLE('',#9711,0.64);
#9711 = AXIS2_PLACEMENT_3D('',#9712,#9713,#9714);
#9712 = CARTESIAN_POINT('',(-0.32,0.95,0.64));
#9713 = DIRECTION('',(0.,-1.,0.));
#9714 = DIRECTION('',(0.,0.,-1.));
#9715 = ORIENTED_EDGE('',*,*,#9716,.T.);
#9716 = EDGE_CURVE('',#9708,#9159,#9717,.T.);
#9717 = LINE('',#9718,#9719);
#9718 = CARTESIAN_POINT('',(0.32,0.95,5.551115123126E-16));
#9719 = VECTOR('',#9720,1.);
#9720 = DIRECTION('',(-2.984470496304E-17,0.,1.));
#9721 = ORIENTED_EDGE('',*,*,#9156,.F.);
#9722 = ORIENTED_EDGE('',*,*,#9723,.T.);
#9723 = EDGE_CURVE('',#9157,#9724,#9726,.T.);
#9724 = VERTEX_POINT('',#9725);
#9725 = CARTESIAN_POINT('',(-0.32,0.95,0.64));
#9726 = LINE('',#9727,#9728);
#9727 = CARTESIAN_POINT('',(-0.32,0.95,9.3));
#9728 = VECTOR('',#9729,1.);
#9729 = DIRECTION('',(0.,0.,-1.));
#9730 = ORIENTED_EDGE('',*,*,#9731,.T.);
#9731 = EDGE_CURVE('',#9724,#9690,#9732,.T.);
#9732 = LINE('',#9733,#9734);
#9733 = CARTESIAN_POINT('',(-0.32,0.95,0.64));
#9734 = VECTOR('',#9735,1.);
#9735 = DIRECTION('',(-1.,0.,0.));
#9736 = PLANE('',#9737);
#9737 = AXIS2_PLACEMENT_3D('',#9738,#9739,#9740);
#9738 = CARTESIAN_POINT('',(-0.311171617162,0.95,3.871171617162));
#9739 = DIRECTION('',(4.943294611068E-32,-1.,-1.447586471618E-32));
#9740 = DIRECTION('',(-1.,-4.943294611068E-32,0.));
#9741 = ADVANCED_FACE('',(#9742),#9760,.F.);
#9742 = FACE_BOUND('',#9743,.F.);
#9743 = EDGE_LOOP('',(#9744,#9752,#9758,#9759));
#9744 = ORIENTED_EDGE('',*,*,#9745,.F.);
#9745 = EDGE_CURVE('',#9746,#9175,#9748,.T.);
#9746 = VERTEX_POINT('',#9747);
#9747 = CARTESIAN_POINT('',(0.32,1.59,0.64));
#9748 = LINE('',#9749,#9750);
#9749 = CARTESIAN_POINT('',(0.32,1.59,5.551115123126E-16));
#9750 = VECTOR('',#9751,1.);
#9751 = DIRECTION('',(-2.984470496304E-17,0.,1.));
#9752 = ORIENTED_EDGE('',*,*,#9753,.T.);
#9753 = EDGE_CURVE('',#9746,#9708,#9754,.T.);
#9754 = LINE('',#9755,#9756);
#9755 = CARTESIAN_POINT('',(0.32,1.59,0.64));
#9756 = VECTOR('',#9757,1.);
#9757 = DIRECTION('',(0.,-1.,0.));
#9758 = ORIENTED_EDGE('',*,*,#9716,.T.);
#9759 = ORIENTED_EDGE('',*,*,#9182,.F.);
#9760 = PLANE('',#9761);
#9761 = AXIS2_PLACEMENT_3D('',#9762,#9763,#9764);
#9762 = CARTESIAN_POINT('',(0.32,1.59,5.551115123126E-16));
#9763 = DIRECTION('',(-1.,-0.,-2.984470496304E-17));
#9764 = DIRECTION('',(-2.984470496304E-17,0.,1.));
#9765 = ADVANCED_FACE('',(#9766),#9809,.F.);
#9766 = FACE_BOUND('',#9767,.F.);
#9767 = EDGE_LOOP('',(#9768,#9778,#9786,#9793,#9794,#9795,#9803));
#9768 = ORIENTED_EDGE('',*,*,#9769,.T.);
#9769 = EDGE_CURVE('',#9770,#9772,#9774,.T.);
#9770 = VERTEX_POINT('',#9771);
#9771 = CARTESIAN_POINT('',(-2.34,1.59,0.64));
#9772 = VERTEX_POINT('',#9773);
#9773 = CARTESIAN_POINT('',(-2.34,1.59,4.440892098501E-16));
#9774 = LINE('',#9775,#9776);
#9775 = CARTESIAN_POINT('',(-2.34,1.59,0.64));
#9776 = VECTOR('',#9777,1.);
#9777 = DIRECTION('',(0.,0.,-1.));
#9778 = ORIENTED_EDGE('',*,*,#9779,.T.);
#9779 = EDGE_CURVE('',#9772,#9780,#9782,.T.);
#9780 = VERTEX_POINT('',#9781);
#9781 = CARTESIAN_POINT('',(-0.32,1.59,4.440892098501E-16));
#9782 = LINE('',#9783,#9784);
#9783 = CARTESIAN_POINT('',(-2.5,1.59,5.551115123126E-16));
#9784 = VECTOR('',#9785,1.);
#9785 = DIRECTION('',(1.,0.,0.));
#9786 = ORIENTED_EDGE('',*,*,#9787,.T.);
#9787 = EDGE_CURVE('',#9780,#9746,#9788,.T.);
#9788 = CIRCLE('',#9789,0.64);
#9789 = AXIS2_PLACEMENT_3D('',#9790,#9791,#9792);
#9790 = CARTESIAN_POINT('',(-0.32,1.59,0.64));
#9791 = DIRECTION('',(0.,-1.,0.));
#9792 = DIRECTION('',(0.,0.,-1.));
#9793 = ORIENTED_EDGE('',*,*,#9745,.T.);
#9794 = ORIENTED_EDGE('',*,*,#9174,.F.);
#9795 = ORIENTED_EDGE('',*,*,#9796,.T.);
#9796 = EDGE_CURVE('',#9167,#9797,#9799,.T.);
#9797 = VERTEX_POINT('',#9798);
#9798 = CARTESIAN_POINT('',(-0.32,1.59,0.64));
#9799 = LINE('',#9800,#9801);
#9800 = CARTESIAN_POINT('',(-0.32,1.59,9.3));
#9801 = VECTOR('',#9802,1.);
#9802 = DIRECTION('',(0.,0.,-1.));
#9803 = ORIENTED_EDGE('',*,*,#9804,.T.);
#9804 = EDGE_CURVE('',#9797,#9770,#9805,.T.);
#9805 = LINE('',#9806,#9807);
#9806 = CARTESIAN_POINT('',(-0.32,1.59,0.64));
#9807 = VECTOR('',#9808,1.);
#9808 = DIRECTION('',(-1.,0.,0.));
#9809 = PLANE('',#9810);
#9810 = AXIS2_PLACEMENT_3D('',#9811,#9812,#9813);
#9811 = CARTESIAN_POINT('',(-0.311171617162,1.59,3.871171617162));
#9812 = DIRECTION('',(4.943294611068E-32,-1.,-1.447586471618E-32));
#9813 = DIRECTION('',(-1.,-4.943294611068E-32,0.));
#9814 = ADVANCED_FACE('',(#9815),#9826,.F.);
#9815 = FACE_BOUND('',#9816,.F.);
#9816 = EDGE_LOOP('',(#9817,#9818,#9819,#9820));
#9817 = ORIENTED_EDGE('',*,*,#9796,.F.);
#9818 = ORIENTED_EDGE('',*,*,#9166,.F.);
#9819 = ORIENTED_EDGE('',*,*,#9723,.T.);
#9820 = ORIENTED_EDGE('',*,*,#9821,.F.);
#9821 = EDGE_CURVE('',#9797,#9724,#9822,.T.);
#9822 = LINE('',#9823,#9824);
#9823 = CARTESIAN_POINT('',(-0.32,1.59,0.64));
#9824 = VECTOR('',#9825,1.);
#9825 = DIRECTION('',(0.,-1.,0.));
#9826 = PLANE('',#9827);
#9827 = AXIS2_PLACEMENT_3D('',#9828,#9829,#9830);
#9828 = CARTESIAN_POINT('',(-0.32,1.59,9.3));
#9829 = DIRECTION('',(1.,0.,0.));
#9830 = DIRECTION('',(0.,0.,-1.));
#9831 = ADVANCED_FACE('',(#9832),#9857,.T.);
#9832 = FACE_BOUND('',#9833,.T.);
#9833 = EDGE_LOOP('',(#9834,#9842,#9850,#9856));
#9834 = ORIENTED_EDGE('',*,*,#9835,.F.);
#9835 = EDGE_CURVE('',#9836,#9290,#9838,.T.);
#9836 = VERTEX_POINT('',#9837);
#9837 = CARTESIAN_POINT('',(0.32,-0.95,9.14));
#9838 = LINE('',#9839,#9840);
#9839 = CARTESIAN_POINT('',(0.32,-0.95,9.3));
#9840 = VECTOR('',#9841,1.);
#9841 = DIRECTION('',(0.,0.,-1.));
#9842 = ORIENTED_EDGE('',*,*,#9843,.T.);
#9843 = EDGE_CURVE('',#9836,#9844,#9846,.T.);
#9844 = VERTEX_POINT('',#9845);
#9845 = CARTESIAN_POINT('',(0.32,-1.59,9.14));
#9846 = LINE('',#9847,#9848);
#9847 = CARTESIAN_POINT('',(0.32,-0.95,9.14));
#9848 = VECTOR('',#9849,1.);
#9849 = DIRECTION('',(0.,-1.,0.));
#9850 = ORIENTED_EDGE('',*,*,#9851,.T.);
#9851 = EDGE_CURVE('',#9844,#9288,#9852,.T.);
#9852 = LINE('',#9853,#9854);
#9853 = CARTESIAN_POINT('',(0.32,-1.59,9.3));
#9854 = VECTOR('',#9855,1.);
#9855 = DIRECTION('',(0.,0.,-1.));
#9856 = ORIENTED_EDGE('',*,*,#9287,.T.);
#9857 = PLANE('',#9858);
#9858 = AXIS2_PLACEMENT_3D('',#9859,#9860,#9861);
#9859 = CARTESIAN_POINT('',(0.32,-0.95,9.3));
#9860 = DIRECTION('',(1.,0.,0.));
#9861 = DIRECTION('',(0.,0.,-1.));
#9862 = ADVANCED_FACE('',(#9863),#9881,.T.);
#9863 = FACE_BOUND('',#9864,.T.);
#9864 = EDGE_LOOP('',(#9865,#9866,#9874,#9880));
#9865 = ORIENTED_EDGE('',*,*,#9313,.T.);
#9866 = ORIENTED_EDGE('',*,*,#9867,.T.);
#9867 = EDGE_CURVE('',#9306,#9868,#9870,.T.);
#9868 = VERTEX_POINT('',#9869);
#9869 = CARTESIAN_POINT('',(-0.32,-0.95,9.14));
#9870 = LINE('',#9871,#9872);
#9871 = CARTESIAN_POINT('',(-0.32,-0.95,5.551115123126E-16));
#9872 = VECTOR('',#9873,1.);
#9873 = DIRECTION('',(2.984470496304E-17,0.,1.));
#9874 = ORIENTED_EDGE('',*,*,#9875,.T.);
#9875 = EDGE_CURVE('',#9868,#9836,#9876,.T.);
#9876 = LINE('',#9877,#9878);
#9877 = CARTESIAN_POINT('',(-0.32,-0.95,9.14));
#9878 = VECTOR('',#9879,1.);
#9879 = DIRECTION('',(1.,0.,0.));
#9880 = ORIENTED_EDGE('',*,*,#9835,.T.);
#9881 = PLANE('',#9882);
#9882 = AXIS2_PLACEMENT_3D('',#9883,#9884,#9885);
#9883 = CARTESIAN_POINT('',(0.311171617162,-0.95,3.871171617162));
#9884 = DIRECTION('',(4.943294611068E-32,1.,1.447586471618E-32));
#9885 = DIRECTION('',(1.,-4.943294611068E-32,0.));
#9886 = ADVANCED_FACE('',(#9887),#9905,.T.);
#9887 = FACE_BOUND('',#9888,.T.);
#9888 = EDGE_LOOP('',(#9889,#9890,#9891,#9899));
#9889 = ORIENTED_EDGE('',*,*,#9867,.F.);
#9890 = ORIENTED_EDGE('',*,*,#9305,.T.);
#9891 = ORIENTED_EDGE('',*,*,#9892,.T.);
#9892 = EDGE_CURVE('',#9298,#9893,#9895,.T.);
#9893 = VERTEX_POINT('',#9894);
#9894 = CARTESIAN_POINT('',(-0.32,-1.59,9.14));
#9895 = LINE('',#9896,#9897);
#9896 = CARTESIAN_POINT('',(-0.32,-1.59,5.551115123126E-16));
#9897 = VECTOR('',#9898,1.);
#9898 = DIRECTION('',(2.984470496304E-17,0.,1.));
#9899 = ORIENTED_EDGE('',*,*,#9900,.F.);
#9900 = EDGE_CURVE('',#9868,#9893,#9901,.T.);
#9901 = LINE('',#9902,#9903);
#9902 = CARTESIAN_POINT('',(-0.32,-0.95,9.14));
#9903 = VECTOR('',#9904,1.);
#9904 = DIRECTION('',(0.,-1.,0.));
#9905 = PLANE('',#9906);
#9906 = AXIS2_PLACEMENT_3D('',#9907,#9908,#9909);
#9907 = CARTESIAN_POINT('',(-0.32,-0.95,5.551115123126E-16));
#9908 = DIRECTION('',(-1.,0.,2.984470496304E-17));
#9909 = DIRECTION('',(2.984470496304E-17,0.,1.));
#9910 = ADVANCED_FACE('',(#9911),#9922,.F.);
#9911 = FACE_BOUND('',#9912,.F.);
#9912 = EDGE_LOOP('',(#9913,#9914,#9915,#9921));
#9913 = ORIENTED_EDGE('',*,*,#9297,.T.);
#9914 = ORIENTED_EDGE('',*,*,#9892,.T.);
#9915 = ORIENTED_EDGE('',*,*,#9916,.T.);
#9916 = EDGE_CURVE('',#9893,#9844,#9917,.T.);
#9917 = LINE('',#9918,#9919);
#9918 = CARTESIAN_POINT('',(-0.32,-1.59,9.14));
#9919 = VECTOR('',#9920,1.);
#9920 = DIRECTION('',(1.,0.,0.));
#9921 = ORIENTED_EDGE('',*,*,#9851,.T.);
#9922 = PLANE('',#9923);
#9923 = AXIS2_PLACEMENT_3D('',#9924,#9925,#9926);
#9924 = CARTESIAN_POINT('',(0.311171617162,-1.59,3.871171617162));
#9925 = DIRECTION('',(4.943294611068E-32,1.,1.447586471618E-32));
#9926 = DIRECTION('',(1.,-4.943294611068E-32,0.));
#9927 = ADVANCED_FACE('',(#9928),#9953,.T.);
#9928 = FACE_BOUND('',#9929,.T.);
#9929 = EDGE_LOOP('',(#9930,#9931,#9939,#9947));
#9930 = ORIENTED_EDGE('',*,*,#9321,.T.);
#9931 = ORIENTED_EDGE('',*,*,#9932,.T.);
#9932 = EDGE_CURVE('',#9324,#9933,#9935,.T.);
#9933 = VERTEX_POINT('',#9934);
#9934 = CARTESIAN_POINT('',(0.32,0.95,9.14));
#9935 = LINE('',#9936,#9937);
#9936 = CARTESIAN_POINT('',(0.32,0.95,5.551115123126E-16));
#9937 = VECTOR('',#9938,1.);
#9938 = DIRECTION('',(-2.984470496304E-17,0.,1.));
#9939 = ORIENTED_EDGE('',*,*,#9940,.T.);
#9940 = EDGE_CURVE('',#9933,#9941,#9943,.T.);
#9941 = VERTEX_POINT('',#9942);
#9942 = CARTESIAN_POINT('',(-0.32,0.95,9.14));
#9943 = LINE('',#9944,#9945);
#9944 = CARTESIAN_POINT('',(0.32,0.95,9.14));
#9945 = VECTOR('',#9946,1.);
#9946 = DIRECTION('',(-1.,0.,0.));
#9947 = ORIENTED_EDGE('',*,*,#9948,.T.);
#9948 = EDGE_CURVE('',#9941,#9322,#9949,.T.);
#9949 = LINE('',#9950,#9951);
#9950 = CARTESIAN_POINT('',(-0.32,0.95,9.3));
#9951 = VECTOR('',#9952,1.);
#9952 = DIRECTION('',(0.,0.,-1.));
#9953 = PLANE('',#9954);
#9954 = AXIS2_PLACEMENT_3D('',#9955,#9956,#9957);
#9955 = CARTESIAN_POINT('',(-0.311171617162,0.95,3.871171617162));
#9956 = DIRECTION('',(4.943294611068E-32,-1.,-1.447586471618E-32));
#9957 = DIRECTION('',(-1.,-4.943294611068E-32,0.));
#9958 = ADVANCED_FACE('',(#9959),#9977,.F.);
#9959 = FACE_BOUND('',#9960,.F.);
#9960 = EDGE_LOOP('',(#9961,#9969,#9970,#9971));
#9961 = ORIENTED_EDGE('',*,*,#9962,.F.);
#9962 = EDGE_CURVE('',#9340,#9963,#9965,.T.);
#9963 = VERTEX_POINT('',#9964);
#9964 = CARTESIAN_POINT('',(0.32,1.59,9.14));
#9965 = LINE('',#9966,#9967);
#9966 = CARTESIAN_POINT('',(0.32,1.59,5.551115123126E-16));
#9967 = VECTOR('',#9968,1.);
#9968 = DIRECTION('',(-2.984470496304E-17,0.,1.));
#9969 = ORIENTED_EDGE('',*,*,#9347,.T.);
#9970 = ORIENTED_EDGE('',*,*,#9932,.T.);
#9971 = ORIENTED_EDGE('',*,*,#9972,.F.);
#9972 = EDGE_CURVE('',#9963,#9933,#9973,.T.);
#9973 = LINE('',#9974,#9975);
#9974 = CARTESIAN_POINT('',(0.32,1.59,9.14));
#9975 = VECTOR('',#9976,1.);
#9976 = DIRECTION('',(0.,-1.,0.));
#9977 = PLANE('',#9978);
#9978 = AXIS2_PLACEMENT_3D('',#9979,#9980,#9981);
#9979 = CARTESIAN_POINT('',(0.32,1.59,5.551115123126E-16));
#9980 = DIRECTION('',(-1.,-0.,-2.984470496304E-17));
#9981 = DIRECTION('',(-2.984470496304E-17,0.,1.));
#9982 = ADVANCED_FACE('',(#9983),#10001,.F.);
#9983 = FACE_BOUND('',#9984,.F.);
#9984 = EDGE_LOOP('',(#9985,#9986,#9987,#9995));
#9985 = ORIENTED_EDGE('',*,*,#9339,.T.);
#9986 = ORIENTED_EDGE('',*,*,#9962,.T.);
#9987 = ORIENTED_EDGE('',*,*,#9988,.T.);
#9988 = EDGE_CURVE('',#9963,#9989,#9991,.T.);
#9989 = VERTEX_POINT('',#9990);
#9990 = CARTESIAN_POINT('',(-0.32,1.59,9.14));
#9991 = LINE('',#9992,#9993);
#9992 = CARTESIAN_POINT('',(0.32,1.59,9.14));
#9993 = VECTOR('',#9994,1.);
#9994 = DIRECTION('',(-1.,0.,0.));
#9995 = ORIENTED_EDGE('',*,*,#9996,.T.);
#9996 = EDGE_CURVE('',#9989,#9332,#9997,.T.);
#9997 = LINE('',#9998,#9999);
#9998 = CARTESIAN_POINT('',(-0.32,1.59,9.3));
#9999 = VECTOR('',#10000,1.);
#10000 = DIRECTION('',(0.,0.,-1.));
#10001 = PLANE('',#10002);
#10002 = AXIS2_PLACEMENT_3D('',#10003,#10004,#10005);
#10003 = CARTESIAN_POINT('',(-0.311171617162,1.59,3.871171617162));
#10004 = DIRECTION('',(4.943294611068E-32,-1.,-1.447586471618E-32));
#10005 = DIRECTION('',(-1.,-4.943294611068E-32,0.));
#10006 = ADVANCED_FACE('',(#10007),#10018,.F.);
#10007 = FACE_BOUND('',#10008,.F.);
#10008 = EDGE_LOOP('',(#10009,#10010,#10016,#10017));
#10009 = ORIENTED_EDGE('',*,*,#9996,.F.);
#10010 = ORIENTED_EDGE('',*,*,#10011,.T.);
#10011 = EDGE_CURVE('',#9989,#9941,#10012,.T.);
#10012 = LINE('',#10013,#10014);
#10013 = CARTESIAN_POINT('',(-0.32,1.59,9.14));
#10014 = VECTOR('',#10015,1.);
#10015 = DIRECTION('',(0.,-1.,0.));
#10016 = ORIENTED_EDGE('',*,*,#9948,.T.);
#10017 = ORIENTED_EDGE('',*,*,#9331,.T.);
#10018 = PLANE('',#10019);
#10019 = AXIS2_PLACEMENT_3D('',#10020,#10021,#10022);
#10020 = CARTESIAN_POINT('',(-0.32,1.59,9.3));
#10021 = DIRECTION('',(1.,0.,0.));
#10022 = DIRECTION('',(0.,0.,-1.));
#10023 = ADVANCED_FACE('',(#10024),#10035,.T.);
#10024 = FACE_BOUND('',#10025,.T.);
#10025 = EDGE_LOOP('',(#10026,#10027,#10028,#10029));
#10026 = ORIENTED_EDGE('',*,*,#9609,.F.);
#10027 = ORIENTED_EDGE('',*,*,#9560,.T.);
#10028 = ORIENTED_EDGE('',*,*,#9675,.T.);
#10029 = ORIENTED_EDGE('',*,*,#10030,.F.);
#10030 = EDGE_CURVE('',#9575,#9648,#10031,.T.);
#10031 = LINE('',#10032,#10033);
#10032 = CARTESIAN_POINT('',(2.34,-0.95,0.64));
#10033 = VECTOR('',#10034,1.);
#10034 = DIRECTION('',(0.,-1.,0.));
#10035 = PLANE('',#10036);
#10036 = AXIS2_PLACEMENT_3D('',#10037,#10038,#10039);
#10037 = CARTESIAN_POINT('',(0.32,-0.95,0.64));
#10038 = DIRECTION('',(0.,0.,1.));
#10039 = DIRECTION('',(1.,0.,-0.));
#10040 = ADVANCED_FACE('',(#10041),#10066,.T.);
#10041 = FACE_BOUND('',#10042,.F.);
#10042 = EDGE_LOOP('',(#10043,#10051,#10052,#10060));
#10043 = ORIENTED_EDGE('',*,*,#10044,.F.);
#10044 = EDGE_CURVE('',#9575,#10045,#10047,.T.);
#10045 = VERTEX_POINT('',#10046);
#10046 = CARTESIAN_POINT('',(2.5,-1.11,0.48));
#10047 = LINE('',#10048,#10049);
#10048 = CARTESIAN_POINT('',(2.393333333333,-1.003333333333,
    0.586666666667));
#10049 = VECTOR('',#10050,1.);
#10050 = DIRECTION('',(0.57735026919,-0.57735026919,-0.57735026919));
#10051 = ORIENTED_EDGE('',*,*,#9574,.T.);
#10052 = ORIENTED_EDGE('',*,*,#10053,.T.);
#10053 = EDGE_CURVE('',#9577,#10054,#10056,.T.);
#10054 = VERTEX_POINT('',#10055);
#10055 = CARTESIAN_POINT('',(2.5,-1.11,0.16));
#10056 = LINE('',#10057,#10058);
#10057 = CARTESIAN_POINT('',(2.5,-1.11,0.16));
#10058 = VECTOR('',#10059,1.);
#10059 = DIRECTION('',(0.57735026919,-0.57735026919,0.57735026919));
#10060 = ORIENTED_EDGE('',*,*,#10061,.F.);
#10061 = EDGE_CURVE('',#10045,#10054,#10062,.T.);
#10062 = LINE('',#10063,#10064);
#10063 = CARTESIAN_POINT('',(2.5,-1.11,0.64));
#10064 = VECTOR('',#10065,1.);
#10065 = DIRECTION('',(0.,0.,-1.));
#10066 = PLANE('',#10067);
#10067 = AXIS2_PLACEMENT_3D('',#10068,#10069,#10070);
#10068 = CARTESIAN_POINT('',(2.42,-1.03,0.64));
#10069 = DIRECTION('',(0.707106781187,0.707106781187,1.735167508357E-18)
  );
#10070 = DIRECTION('',(-1.226948711654E-18,-1.226948711654E-18,1.));
#10071 = ADVANCED_FACE('',(#10072),#10083,.T.);
#10072 = FACE_BOUND('',#10073,.T.);
#10073 = EDGE_LOOP('',(#10074,#10080,#10081,#10082));
#10074 = ORIENTED_EDGE('',*,*,#10075,.T.);
#10075 = EDGE_CURVE('',#9585,#9658,#10076,.T.);
#10076 = LINE('',#10077,#10078);
#10077 = CARTESIAN_POINT('',(0.32,-0.95,4.440892098501E-16));
#10078 = VECTOR('',#10079,1.);
#10079 = DIRECTION('',(0.,-1.,0.));
#10080 = ORIENTED_EDGE('',*,*,#9665,.T.);
#10081 = ORIENTED_EDGE('',*,*,#9624,.F.);
#10082 = ORIENTED_EDGE('',*,*,#9592,.F.);
#10083 = CYLINDRICAL_SURFACE('',#10084,0.64);
#10084 = AXIS2_PLACEMENT_3D('',#10085,#10086,#10087);
#10085 = CARTESIAN_POINT('',(0.32,-0.95,0.64));
#10086 = DIRECTION('',(0.,-1.,0.));
#10087 = DIRECTION('',(-0.,-0.,-1.));
#10088 = ADVANCED_FACE('',(#10089),#10100,.T.);
#10089 = FACE_BOUND('',#10090,.T.);
#10090 = EDGE_LOOP('',(#10091,#10092,#10098,#10099));
#10091 = ORIENTED_EDGE('',*,*,#9584,.F.);
#10092 = ORIENTED_EDGE('',*,*,#10093,.T.);
#10093 = EDGE_CURVE('',#9577,#9650,#10094,.T.);
#10094 = LINE('',#10095,#10096);
#10095 = CARTESIAN_POINT('',(2.34,-0.95,5.551115123126E-16));
#10096 = VECTOR('',#10097,1.);
#10097 = DIRECTION('',(0.,-1.,0.));
#10098 = ORIENTED_EDGE('',*,*,#9657,.T.);
#10099 = ORIENTED_EDGE('',*,*,#10075,.F.);
#10100 = PLANE('',#10101);
#10101 = AXIS2_PLACEMENT_3D('',#10102,#10103,#10104);
#10102 = CARTESIAN_POINT('',(2.5,-0.95,5.551115123126E-16));
#10103 = DIRECTION('',(-0.,-0.,-1.));
#10104 = DIRECTION('',(-1.,0.,0.));
#10105 = ADVANCED_FACE('',(#10106),#10131,.F.);
#10106 = FACE_BOUND('',#10107,.F.);
#10107 = EDGE_LOOP('',(#10108,#10116,#10124,#10130));
#10108 = ORIENTED_EDGE('',*,*,#10109,.T.);
#10109 = EDGE_CURVE('',#9648,#10110,#10112,.T.);
#10110 = VERTEX_POINT('',#10111);
#10111 = CARTESIAN_POINT('',(2.5,-1.43,0.48));
#10112 = LINE('',#10113,#10114);
#10113 = CARTESIAN_POINT('',(2.5,-1.43,0.48));
#10114 = VECTOR('',#10115,1.);
#10115 = DIRECTION('',(0.57735026919,0.57735026919,-0.57735026919));
#10116 = ORIENTED_EDGE('',*,*,#10117,.T.);
#10117 = EDGE_CURVE('',#10110,#10118,#10120,.T.);
#10118 = VERTEX_POINT('',#10119);
#10119 = CARTESIAN_POINT('',(2.5,-1.43,0.16));
#10120 = LINE('',#10121,#10122);
#10121 = CARTESIAN_POINT('',(2.5,-1.43,0.64));
#10122 = VECTOR('',#10123,1.);
#10123 = DIRECTION('',(0.,0.,-1.));
#10124 = ORIENTED_EDGE('',*,*,#10125,.T.);
#10125 = EDGE_CURVE('',#10118,#9650,#10126,.T.);
#10126 = LINE('',#10127,#10128);
#10127 = CARTESIAN_POINT('',(2.606666666667,-1.323333333333,
    0.266666666667));
#10128 = VECTOR('',#10129,1.);
#10129 = DIRECTION('',(-0.57735026919,-0.57735026919,-0.57735026919));
#10130 = ORIENTED_EDGE('',*,*,#9647,.F.);
#10131 = PLANE('',#10132);
#10132 = AXIS2_PLACEMENT_3D('',#10133,#10134,#10135);
#10133 = CARTESIAN_POINT('',(2.42,-1.51,0.64));
#10134 = DIRECTION('',(-0.707106781187,0.707106781187,0.));
#10135 = DIRECTION('',(0.,0.,-1.));
#10136 = ADVANCED_FACE('',(#10137),#10162,.F.);
#10137 = FACE_BOUND('',#10138,.T.);
#10138 = EDGE_LOOP('',(#10139,#10147,#10155,#10161));
#10139 = ORIENTED_EDGE('',*,*,#10140,.T.);
#10140 = EDGE_CURVE('',#9690,#10141,#10143,.T.);
#10141 = VERTEX_POINT('',#10142);
#10142 = CARTESIAN_POINT('',(-2.5,1.11,0.48));
#10143 = LINE('',#10144,#10145);
#10144 = CARTESIAN_POINT('',(-2.5,1.11,0.48));
#10145 = VECTOR('',#10146,1.);
#10146 = DIRECTION('',(-0.57735026919,0.57735026919,-0.57735026919));
#10147 = ORIENTED_EDGE('',*,*,#10148,.T.);
#10148 = EDGE_CURVE('',#10141,#10149,#10151,.T.);
#10149 = VERTEX_POINT('',#10150);
#10150 = CARTESIAN_POINT('',(-2.5,1.11,0.16));
#10151 = LINE('',#10152,#10153);
#10152 = CARTESIAN_POINT('',(-2.5,1.11,0.64));
#10153 = VECTOR('',#10154,1.);
#10154 = DIRECTION('',(0.,0.,-1.));
#10155 = ORIENTED_EDGE('',*,*,#10156,.T.);
#10156 = EDGE_CURVE('',#10149,#9692,#10157,.T.);
#10157 = LINE('',#10158,#10159);
#10158 = CARTESIAN_POINT('',(-2.606666666667,1.216666666667,
    0.266666666667));
#10159 = VECTOR('',#10160,1.);
#10160 = DIRECTION('',(0.57735026919,-0.57735026919,-0.57735026919));
#10161 = ORIENTED_EDGE('',*,*,#9689,.F.);
#10162 = PLANE('',#10163);
#10163 = AXIS2_PLACEMENT_3D('',#10164,#10165,#10166);
#10164 = CARTESIAN_POINT('',(-2.42,1.03,0.64));
#10165 = DIRECTION('',(0.707106781187,0.707106781187,0.));
#10166 = DIRECTION('',(0.,-0.,1.));
#10167 = ADVANCED_FACE('',(#10168),#10179,.F.);
#10168 = FACE_BOUND('',#10169,.F.);
#10169 = EDGE_LOOP('',(#10170,#10171,#10172,#10173));
#10170 = ORIENTED_EDGE('',*,*,#9804,.F.);
#10171 = ORIENTED_EDGE('',*,*,#9821,.T.);
#10172 = ORIENTED_EDGE('',*,*,#9731,.T.);
#10173 = ORIENTED_EDGE('',*,*,#10174,.F.);
#10174 = EDGE_CURVE('',#9770,#9690,#10175,.T.);
#10175 = LINE('',#10176,#10177);
#10176 = CARTESIAN_POINT('',(-2.34,1.59,0.64));
#10177 = VECTOR('',#10178,1.);
#10178 = DIRECTION('',(0.,-1.,0.));
#10179 = PLANE('',#10180);
#10180 = AXIS2_PLACEMENT_3D('',#10181,#10182,#10183);
#10181 = CARTESIAN_POINT('',(-0.32,1.59,0.64));
#10182 = DIRECTION('',(-0.,-0.,-1.));
#10183 = DIRECTION('',(-1.,0.,0.));
#10184 = ADVANCED_FACE('',(#10185),#10196,.T.);
#10185 = FACE_BOUND('',#10186,.T.);
#10186 = EDGE_LOOP('',(#10187,#10188,#10189,#10190));
#10187 = ORIENTED_EDGE('',*,*,#9787,.T.);
#10188 = ORIENTED_EDGE('',*,*,#9753,.T.);
#10189 = ORIENTED_EDGE('',*,*,#9707,.F.);
#10190 = ORIENTED_EDGE('',*,*,#10191,.F.);
#10191 = EDGE_CURVE('',#9780,#9700,#10192,.T.);
#10192 = LINE('',#10193,#10194);
#10193 = CARTESIAN_POINT('',(-0.32,1.59,4.440892098501E-16));
#10194 = VECTOR('',#10195,1.);
#10195 = DIRECTION('',(0.,-1.,0.));
#10196 = CYLINDRICAL_SURFACE('',#10197,0.64);
#10197 = AXIS2_PLACEMENT_3D('',#10198,#10199,#10200);
#10198 = CARTESIAN_POINT('',(-0.32,1.59,0.64));
#10199 = DIRECTION('',(0.,-1.,0.));
#10200 = DIRECTION('',(0.,0.,-1.));
#10201 = ADVANCED_FACE('',(#10202),#10213,.F.);
#10202 = FACE_BOUND('',#10203,.F.);
#10203 = EDGE_LOOP('',(#10204,#10205,#10211,#10212));
#10204 = ORIENTED_EDGE('',*,*,#9779,.F.);
#10205 = ORIENTED_EDGE('',*,*,#10206,.T.);
#10206 = EDGE_CURVE('',#9772,#9692,#10207,.T.);
#10207 = LINE('',#10208,#10209);
#10208 = CARTESIAN_POINT('',(-2.34,1.59,5.551115123126E-16));
#10209 = VECTOR('',#10210,1.);
#10210 = DIRECTION('',(0.,-1.,0.));
#10211 = ORIENTED_EDGE('',*,*,#9699,.T.);
#10212 = ORIENTED_EDGE('',*,*,#10191,.F.);
#10213 = PLANE('',#10214);
#10214 = AXIS2_PLACEMENT_3D('',#10215,#10216,#10217);
#10215 = CARTESIAN_POINT('',(-2.5,1.59,5.551115123126E-16));
#10216 = DIRECTION('',(0.,0.,1.));
#10217 = DIRECTION('',(1.,0.,-0.));
#10218 = ADVANCED_FACE('',(#10219),#10244,.T.);
#10219 = FACE_BOUND('',#10220,.T.);
#10220 = EDGE_LOOP('',(#10221,#10229,#10230,#10238));
#10221 = ORIENTED_EDGE('',*,*,#10222,.F.);
#10222 = EDGE_CURVE('',#9770,#10223,#10225,.T.);
#10223 = VERTEX_POINT('',#10224);
#10224 = CARTESIAN_POINT('',(-2.5,1.43,0.48));
#10225 = LINE('',#10226,#10227);
#10226 = CARTESIAN_POINT('',(-2.393333333333,1.536666666667,
    0.586666666667));
#10227 = VECTOR('',#10228,1.);
#10228 = DIRECTION('',(-0.57735026919,-0.57735026919,-0.57735026919));
#10229 = ORIENTED_EDGE('',*,*,#9769,.T.);
#10230 = ORIENTED_EDGE('',*,*,#10231,.T.);
#10231 = EDGE_CURVE('',#9772,#10232,#10234,.T.);
#10232 = VERTEX_POINT('',#10233);
#10233 = CARTESIAN_POINT('',(-2.5,1.43,0.16));
#10234 = LINE('',#10235,#10236);
#10235 = CARTESIAN_POINT('',(-2.5,1.43,0.16));
#10236 = VECTOR('',#10237,1.);
#10237 = DIRECTION('',(-0.57735026919,-0.57735026919,0.57735026919));
#10238 = ORIENTED_EDGE('',*,*,#10239,.F.);
#10239 = EDGE_CURVE('',#10223,#10232,#10240,.T.);
#10240 = LINE('',#10241,#10242);
#10241 = CARTESIAN_POINT('',(-2.5,1.43,0.64));
#10242 = VECTOR('',#10243,1.);
#10243 = DIRECTION('',(0.,0.,-1.));
#10244 = PLANE('',#10245);
#10245 = AXIS2_PLACEMENT_3D('',#10246,#10247,#10248);
#10246 = CARTESIAN_POINT('',(-2.42,1.51,0.64));
#10247 = DIRECTION('',(-0.707106781187,0.707106781187,
    -1.735167508357E-18));
#10248 = DIRECTION('',(1.226948711654E-18,-1.226948711654E-18,-1.));
#10249 = ADVANCED_FACE('',(#10250),#10275,.T.);
#10250 = FACE_BOUND('',#10251,.T.);
#10251 = EDGE_LOOP('',(#10252,#10260,#10268,#10274));
#10252 = ORIENTED_EDGE('',*,*,#10253,.T.);
#10253 = EDGE_CURVE('',#9836,#10254,#10256,.T.);
#10254 = VERTEX_POINT('',#10255);
#10255 = CARTESIAN_POINT('',(0.16,-1.11,9.3));
#10256 = LINE('',#10257,#10258);
#10257 = CARTESIAN_POINT('',(0.16,-1.11,9.3));
#10258 = VECTOR('',#10259,1.);
#10259 = DIRECTION('',(-0.57735026919,-0.57735026919,0.57735026919));
#10260 = ORIENTED_EDGE('',*,*,#10261,.T.);
#10261 = EDGE_CURVE('',#10254,#10262,#10264,.T.);
#10262 = VERTEX_POINT('',#10263);
#10263 = CARTESIAN_POINT('',(0.16,-1.43,9.3));
#10264 = LINE('',#10265,#10266);
#10265 = CARTESIAN_POINT('',(0.16,-0.95,9.3));
#10266 = VECTOR('',#10267,1.);
#10267 = DIRECTION('',(0.,-1.,0.));
#10268 = ORIENTED_EDGE('',*,*,#10269,.F.);
#10269 = EDGE_CURVE('',#9844,#10262,#10270,.T.);
#10270 = LINE('',#10271,#10272);
#10271 = CARTESIAN_POINT('',(5.333333333333E-02,-1.323333333333,
    9.406666666667));
#10272 = VECTOR('',#10273,1.);
#10273 = DIRECTION('',(-0.57735026919,0.57735026919,0.57735026919));
#10274 = ORIENTED_EDGE('',*,*,#9843,.F.);
#10275 = PLANE('',#10276);
#10276 = AXIS2_PLACEMENT_3D('',#10277,#10278,#10279);
#10277 = CARTESIAN_POINT('',(0.24,-0.95,9.22));
#10278 = DIRECTION('',(0.707106781187,-1.735167508357E-18,0.707106781187
    ));
#10279 = DIRECTION('',(-1.226948711654E-18,-1.,-1.226948711654E-18));
#10280 = ADVANCED_FACE('',(#10281),#10299,.T.);
#10281 = FACE_BOUND('',#10282,.F.);
#10282 = EDGE_LOOP('',(#10283,#10291,#10292,#10293));
#10283 = ORIENTED_EDGE('',*,*,#10284,.F.);
#10284 = EDGE_CURVE('',#9868,#10285,#10287,.T.);
#10285 = VERTEX_POINT('',#10286);
#10286 = CARTESIAN_POINT('',(-0.16,-1.11,9.3));
#10287 = LINE('',#10288,#10289);
#10288 = CARTESIAN_POINT('',(-0.266666666667,-1.003333333333,
    9.193333333333));
#10289 = VECTOR('',#10290,1.);
#10290 = DIRECTION('',(0.57735026919,-0.57735026919,0.57735026919));
#10291 = ORIENTED_EDGE('',*,*,#9875,.T.);
#10292 = ORIENTED_EDGE('',*,*,#10253,.T.);
#10293 = ORIENTED_EDGE('',*,*,#10294,.F.);
#10294 = EDGE_CURVE('',#10285,#10254,#10295,.T.);
#10295 = LINE('',#10296,#10297);
#10296 = CARTESIAN_POINT('',(-0.32,-1.11,9.3));
#10297 = VECTOR('',#10298,1.);
#10298 = DIRECTION('',(1.,0.,0.));
#10299 = PLANE('',#10300);
#10300 = AXIS2_PLACEMENT_3D('',#10301,#10302,#10303);
#10301 = CARTESIAN_POINT('',(-0.32,-1.03,9.22));
#10302 = DIRECTION('',(-1.735167508357E-18,0.707106781187,0.707106781187
    ));
#10303 = DIRECTION('',(-1.,-1.226948711654E-18,-1.226948711654E-18));
#10304 = ADVANCED_FACE('',(#10305),#10323,.T.);
#10305 = FACE_BOUND('',#10306,.T.);
#10306 = EDGE_LOOP('',(#10307,#10308,#10309,#10317));
#10307 = ORIENTED_EDGE('',*,*,#10284,.F.);
#10308 = ORIENTED_EDGE('',*,*,#9900,.T.);
#10309 = ORIENTED_EDGE('',*,*,#10310,.T.);
#10310 = EDGE_CURVE('',#9893,#10311,#10313,.T.);
#10311 = VERTEX_POINT('',#10312);
#10312 = CARTESIAN_POINT('',(-0.16,-1.43,9.3));
#10313 = LINE('',#10314,#10315);
#10314 = CARTESIAN_POINT('',(-0.16,-1.43,9.3));
#10315 = VECTOR('',#10316,1.);
#10316 = DIRECTION('',(0.57735026919,0.57735026919,0.57735026919));
#10317 = ORIENTED_EDGE('',*,*,#10318,.F.);
#10318 = EDGE_CURVE('',#10285,#10311,#10319,.T.);
#10319 = LINE('',#10320,#10321);
#10320 = CARTESIAN_POINT('',(-0.16,-0.95,9.3));
#10321 = VECTOR('',#10322,1.);
#10322 = DIRECTION('',(0.,-1.,0.));
#10323 = PLANE('',#10324);
#10324 = AXIS2_PLACEMENT_3D('',#10325,#10326,#10327);
#10325 = CARTESIAN_POINT('',(-0.24,-0.95,9.22));
#10326 = DIRECTION('',(-0.707106781187,1.735167508357E-18,0.707106781187
    ));
#10327 = DIRECTION('',(-1.226948711654E-18,-1.,1.226948711654E-18));
#10328 = ADVANCED_FACE('',(#10329),#10340,.F.);
#10329 = FACE_BOUND('',#10330,.T.);
#10330 = EDGE_LOOP('',(#10331,#10332,#10333,#10334));
#10331 = ORIENTED_EDGE('',*,*,#10310,.F.);
#10332 = ORIENTED_EDGE('',*,*,#9916,.T.);
#10333 = ORIENTED_EDGE('',*,*,#10269,.T.);
#10334 = ORIENTED_EDGE('',*,*,#10335,.F.);
#10335 = EDGE_CURVE('',#10311,#10262,#10336,.T.);
#10336 = LINE('',#10337,#10338);
#10337 = CARTESIAN_POINT('',(-0.32,-1.43,9.3));
#10338 = VECTOR('',#10339,1.);
#10339 = DIRECTION('',(1.,0.,0.));
#10340 = PLANE('',#10341);
#10341 = AXIS2_PLACEMENT_3D('',#10342,#10343,#10344);
#10342 = CARTESIAN_POINT('',(-0.32,-1.51,9.22));
#10343 = DIRECTION('',(0.,0.707106781187,-0.707106781187));
#10344 = DIRECTION('',(-1.,0.,-0.));
#10345 = ADVANCED_FACE('',(#10346),#10371,.F.);
#10346 = FACE_BOUND('',#10347,.F.);
#10347 = EDGE_LOOP('',(#10348,#10356,#10357,#10365));
#10348 = ORIENTED_EDGE('',*,*,#10349,.F.);
#10349 = EDGE_CURVE('',#9933,#10350,#10352,.T.);
#10350 = VERTEX_POINT('',#10351);
#10351 = CARTESIAN_POINT('',(0.16,1.11,9.3));
#10352 = LINE('',#10353,#10354);
#10353 = CARTESIAN_POINT('',(0.16,1.11,9.3));
#10354 = VECTOR('',#10355,1.);
#10355 = DIRECTION('',(-0.57735026919,0.57735026919,0.57735026919));
#10356 = ORIENTED_EDGE('',*,*,#9940,.T.);
#10357 = ORIENTED_EDGE('',*,*,#10358,.T.);
#10358 = EDGE_CURVE('',#9941,#10359,#10361,.T.);
#10359 = VERTEX_POINT('',#10360);
#10360 = CARTESIAN_POINT('',(-0.16,1.11,9.3));
#10361 = LINE('',#10362,#10363);
#10362 = CARTESIAN_POINT('',(-5.333333333333E-02,1.216666666667,
    9.406666666667));
#10363 = VECTOR('',#10364,1.);
#10364 = DIRECTION('',(0.57735026919,0.57735026919,0.57735026919));
#10365 = ORIENTED_EDGE('',*,*,#10366,.F.);
#10366 = EDGE_CURVE('',#10350,#10359,#10367,.T.);
#10367 = LINE('',#10368,#10369);
#10368 = CARTESIAN_POINT('',(0.32,1.11,9.3));
#10369 = VECTOR('',#10370,1.);
#10370 = DIRECTION('',(-1.,0.,0.));
#10371 = PLANE('',#10372);
#10372 = AXIS2_PLACEMENT_3D('',#10373,#10374,#10375);
#10373 = CARTESIAN_POINT('',(0.32,1.03,9.22));
#10374 = DIRECTION('',(0.,0.707106781187,-0.707106781187));
#10375 = DIRECTION('',(-1.,0.,0.));
#10376 = ADVANCED_FACE('',(#10377),#10395,.T.);
#10377 = FACE_BOUND('',#10378,.F.);
#10378 = EDGE_LOOP('',(#10379,#10387,#10388,#10389));
#10379 = ORIENTED_EDGE('',*,*,#10380,.F.);
#10380 = EDGE_CURVE('',#9963,#10381,#10383,.T.);
#10381 = VERTEX_POINT('',#10382);
#10382 = CARTESIAN_POINT('',(0.16,1.43,9.3));
#10383 = LINE('',#10384,#10385);
#10384 = CARTESIAN_POINT('',(0.266666666667,1.536666666667,
    9.193333333333));
#10385 = VECTOR('',#10386,1.);
#10386 = DIRECTION('',(-0.57735026919,-0.57735026919,0.57735026919));
#10387 = ORIENTED_EDGE('',*,*,#9972,.T.);
#10388 = ORIENTED_EDGE('',*,*,#10349,.T.);
#10389 = ORIENTED_EDGE('',*,*,#10390,.F.);
#10390 = EDGE_CURVE('',#10381,#10350,#10391,.T.);
#10391 = LINE('',#10392,#10393);
#10392 = CARTESIAN_POINT('',(0.16,1.59,9.3));
#10393 = VECTOR('',#10394,1.);
#10394 = DIRECTION('',(0.,-1.,0.));
#10395 = PLANE('',#10396);
#10396 = AXIS2_PLACEMENT_3D('',#10397,#10398,#10399);
#10397 = CARTESIAN_POINT('',(0.24,1.59,9.22));
#10398 = DIRECTION('',(0.707106781187,-1.735167508357E-18,0.707106781187
    ));
#10399 = DIRECTION('',(1.226948711654E-18,1.,1.226948711654E-18));
#10400 = ADVANCED_FACE('',(#10401),#10419,.T.);
#10401 = FACE_BOUND('',#10402,.T.);
#10402 = EDGE_LOOP('',(#10403,#10404,#10405,#10413));
#10403 = ORIENTED_EDGE('',*,*,#10380,.F.);
#10404 = ORIENTED_EDGE('',*,*,#9988,.T.);
#10405 = ORIENTED_EDGE('',*,*,#10406,.T.);
#10406 = EDGE_CURVE('',#9989,#10407,#10409,.T.);
#10407 = VERTEX_POINT('',#10408);
#10408 = CARTESIAN_POINT('',(-0.16,1.43,9.3));
#10409 = LINE('',#10410,#10411);
#10410 = CARTESIAN_POINT('',(-0.16,1.43,9.3));
#10411 = VECTOR('',#10412,1.);
#10412 = DIRECTION('',(0.57735026919,-0.57735026919,0.57735026919));
#10413 = ORIENTED_EDGE('',*,*,#10414,.F.);
#10414 = EDGE_CURVE('',#10381,#10407,#10415,.T.);
#10415 = LINE('',#10416,#10417);
#10416 = CARTESIAN_POINT('',(0.32,1.43,9.3));
#10417 = VECTOR('',#10418,1.);
#10418 = DIRECTION('',(-1.,0.,0.));
#10419 = PLANE('',#10420);
#10420 = AXIS2_PLACEMENT_3D('',#10421,#10422,#10423);
#10421 = CARTESIAN_POINT('',(0.32,1.51,9.22));
#10422 = DIRECTION('',(-1.735167508357E-18,0.707106781187,0.707106781187
    ));
#10423 = DIRECTION('',(-1.,-1.226948711654E-18,-1.226948711654E-18));
#10424 = ADVANCED_FACE('',(#10425),#10436,.T.);
#10425 = FACE_BOUND('',#10426,.F.);
#10426 = EDGE_LOOP('',(#10427,#10428,#10434,#10435));
#10427 = ORIENTED_EDGE('',*,*,#10406,.T.);
#10428 = ORIENTED_EDGE('',*,*,#10429,.T.);
#10429 = EDGE_CURVE('',#10407,#10359,#10430,.T.);
#10430 = LINE('',#10431,#10432);
#10431 = CARTESIAN_POINT('',(-0.16,1.59,9.3));
#10432 = VECTOR('',#10433,1.);
#10433 = DIRECTION('',(0.,-1.,0.));
#10434 = ORIENTED_EDGE('',*,*,#10358,.F.);
#10435 = ORIENTED_EDGE('',*,*,#10011,.F.);
#10436 = PLANE('',#10437);
#10437 = AXIS2_PLACEMENT_3D('',#10438,#10439,#10440);
#10438 = CARTESIAN_POINT('',(-0.24,1.59,9.22));
#10439 = DIRECTION('',(-0.707106781187,1.735167508357E-18,0.707106781187
    ));
#10440 = DIRECTION('',(1.226948711654E-18,1.,-1.226948711654E-18));
#10441 = ADVANCED_FACE('',(#10442),#10453,.T.);
#10442 = FACE_BOUND('',#10443,.T.);
#10443 = EDGE_LOOP('',(#10444,#10445,#10446,#10447));
#10444 = ORIENTED_EDGE('',*,*,#10044,.F.);
#10445 = ORIENTED_EDGE('',*,*,#10030,.T.);
#10446 = ORIENTED_EDGE('',*,*,#10109,.T.);
#10447 = ORIENTED_EDGE('',*,*,#10448,.F.);
#10448 = EDGE_CURVE('',#10045,#10110,#10449,.T.);
#10449 = LINE('',#10450,#10451);
#10450 = CARTESIAN_POINT('',(2.5,-0.95,0.48));
#10451 = VECTOR('',#10452,1.);
#10452 = DIRECTION('',(0.,-1.,0.));
#10453 = PLANE('',#10454);
#10454 = AXIS2_PLACEMENT_3D('',#10455,#10456,#10457);
#10455 = CARTESIAN_POINT('',(2.42,-0.95,0.56));
#10456 = DIRECTION('',(0.707106781187,0.,0.707106781187));
#10457 = DIRECTION('',(0.,-1.,0.));
#10458 = ADVANCED_FACE('',(#10459),#10470,.T.);
#10459 = FACE_BOUND('',#10460,.T.);
#10460 = EDGE_LOOP('',(#10461,#10462,#10463,#10469));
#10461 = ORIENTED_EDGE('',*,*,#10448,.T.);
#10462 = ORIENTED_EDGE('',*,*,#10117,.T.);
#10463 = ORIENTED_EDGE('',*,*,#10464,.F.);
#10464 = EDGE_CURVE('',#10054,#10118,#10465,.T.);
#10465 = LINE('',#10466,#10467);
#10466 = CARTESIAN_POINT('',(2.5,-0.95,0.16));
#10467 = VECTOR('',#10468,1.);
#10468 = DIRECTION('',(0.,-1.,0.));
#10469 = ORIENTED_EDGE('',*,*,#10061,.F.);
#10470 = PLANE('',#10471);
#10471 = AXIS2_PLACEMENT_3D('',#10472,#10473,#10474);
#10472 = CARTESIAN_POINT('',(2.5,-0.95,0.64));
#10473 = DIRECTION('',(1.,0.,0.));
#10474 = DIRECTION('',(0.,0.,-1.));
#10475 = ADVANCED_FACE('',(#10476),#10482,.T.);
#10476 = FACE_BOUND('',#10477,.F.);
#10477 = EDGE_LOOP('',(#10478,#10479,#10480,#10481));
#10478 = ORIENTED_EDGE('',*,*,#10053,.F.);
#10479 = ORIENTED_EDGE('',*,*,#10093,.T.);
#10480 = ORIENTED_EDGE('',*,*,#10125,.F.);
#10481 = ORIENTED_EDGE('',*,*,#10464,.F.);
#10482 = PLANE('',#10483);
#10483 = AXIS2_PLACEMENT_3D('',#10484,#10485,#10486);
#10484 = CARTESIAN_POINT('',(2.42,-0.95,8.E-02));
#10485 = DIRECTION('',(0.707106781187,-1.735167508357E-18,
    -0.707106781187));
#10486 = DIRECTION('',(1.226948711654E-18,1.,-1.226948711654E-18));
#10487 = ADVANCED_FACE('',(#10488),#10499,.T.);
#10488 = FACE_BOUND('',#10489,.F.);
#10489 = EDGE_LOOP('',(#10490,#10491,#10492,#10493));
#10490 = ORIENTED_EDGE('',*,*,#10222,.F.);
#10491 = ORIENTED_EDGE('',*,*,#10174,.T.);
#10492 = ORIENTED_EDGE('',*,*,#10140,.T.);
#10493 = ORIENTED_EDGE('',*,*,#10494,.F.);
#10494 = EDGE_CURVE('',#10223,#10141,#10495,.T.);
#10495 = LINE('',#10496,#10497);
#10496 = CARTESIAN_POINT('',(-2.5,1.59,0.48));
#10497 = VECTOR('',#10498,1.);
#10498 = DIRECTION('',(0.,-1.,0.));
#10499 = PLANE('',#10500);
#10500 = AXIS2_PLACEMENT_3D('',#10501,#10502,#10503);
#10501 = CARTESIAN_POINT('',(-2.42,1.59,0.56));
#10502 = DIRECTION('',(-0.707106781187,0.,0.707106781187));
#10503 = DIRECTION('',(0.,1.,0.));
#10504 = ADVANCED_FACE('',(#10505),#10516,.F.);
#10505 = FACE_BOUND('',#10506,.F.);
#10506 = EDGE_LOOP('',(#10507,#10508,#10509,#10515));
#10507 = ORIENTED_EDGE('',*,*,#10494,.T.);
#10508 = ORIENTED_EDGE('',*,*,#10148,.T.);
#10509 = ORIENTED_EDGE('',*,*,#10510,.F.);
#10510 = EDGE_CURVE('',#10232,#10149,#10511,.T.);
#10511 = LINE('',#10512,#10513);
#10512 = CARTESIAN_POINT('',(-2.5,1.59,0.16));
#10513 = VECTOR('',#10514,1.);
#10514 = DIRECTION('',(0.,-1.,0.));
#10515 = ORIENTED_EDGE('',*,*,#10239,.F.);
#10516 = PLANE('',#10517);
#10517 = AXIS2_PLACEMENT_3D('',#10518,#10519,#10520);
#10518 = CARTESIAN_POINT('',(-2.5,1.59,0.64));
#10519 = DIRECTION('',(1.,0.,0.));
#10520 = DIRECTION('',(0.,0.,-1.));
#10521 = ADVANCED_FACE('',(#10522),#10528,.T.);
#10522 = FACE_BOUND('',#10523,.T.);
#10523 = EDGE_LOOP('',(#10524,#10525,#10526,#10527));
#10524 = ORIENTED_EDGE('',*,*,#10231,.F.);
#10525 = ORIENTED_EDGE('',*,*,#10206,.T.);
#10526 = ORIENTED_EDGE('',*,*,#10156,.F.);
#10527 = ORIENTED_EDGE('',*,*,#10510,.F.);
#10528 = PLANE('',#10529);
#10529 = AXIS2_PLACEMENT_3D('',#10530,#10531,#10532);
#10530 = CARTESIAN_POINT('',(-2.42,1.59,8.E-02));
#10531 = DIRECTION('',(-0.707106781187,1.735167508357E-18,
    -0.707106781187));
#10532 = DIRECTION('',(-1.226948711654E-18,-1.,-1.226948711654E-18));
#10533 = ADVANCED_FACE('',(#10534),#10540,.T.);
#10534 = FACE_BOUND('',#10535,.T.);
#10535 = EDGE_LOOP('',(#10536,#10537,#10538,#10539));
#10536 = ORIENTED_EDGE('',*,*,#10318,.T.);
#10537 = ORIENTED_EDGE('',*,*,#10335,.T.);
#10538 = ORIENTED_EDGE('',*,*,#10261,.F.);
#10539 = ORIENTED_EDGE('',*,*,#10294,.F.);
#10540 = PLANE('',#10541);
#10541 = AXIS2_PLACEMENT_3D('',#10542,#10543,#10544);
#10542 = CARTESIAN_POINT('',(-0.32,-0.95,9.3));
#10543 = DIRECTION('',(0.,0.,1.));
#10544 = DIRECTION('',(1.,0.,-0.));
#10545 = ADVANCED_FACE('',(#10546),#10552,.F.);
#10546 = FACE_BOUND('',#10547,.F.);
#10547 = EDGE_LOOP('',(#10548,#10549,#10550,#10551));
#10548 = ORIENTED_EDGE('',*,*,#10390,.T.);
#10549 = ORIENTED_EDGE('',*,*,#10366,.T.);
#10550 = ORIENTED_EDGE('',*,*,#10429,.F.);
#10551 = ORIENTED_EDGE('',*,*,#10414,.F.);
#10552 = PLANE('',#10553);
#10553 = AXIS2_PLACEMENT_3D('',#10554,#10555,#10556);
#10554 = CARTESIAN_POINT('',(0.32,1.59,9.3));
#10555 = DIRECTION('',(-0.,-0.,-1.));
#10556 = DIRECTION('',(-1.,0.,0.));
#10557 = ( GEOMETRIC_REPRESENTATION_CONTEXT(3) 
GLOBAL_UNCERTAINTY_ASSIGNED_CONTEXT((#10561)) 
GLOBAL_UNIT_ASSIGNED_CONTEXT((#10558,#10559,#10560)) 
REPRESENTATION_CONTEXT('Context #1',
  '3D Context with UNIT and UNCERTAINTY') );
#10558 = ( LENGTH_UNIT() NAMED_UNIT(*) SI_UNIT(.MILLI.,.METRE.) );
#10559 = ( NAMED_UNIT(*) PLANE_ANGLE_UNIT() SI_UNIT($,.RADIAN.) );
#10560 = ( NAMED_UNIT(*) SI_UNIT($,.STERADIAN.) SOLID_ANGLE_UNIT() );
#10561 = UNCERTAINTY_MEASURE_WITH_UNIT(LENGTH_MEASURE(1.E-07),#10558,
  'distance_accuracy_value','confusion accuracy');
#10562 = CONTEXT_DEPENDENT_SHAPE_REPRESENTATION(#10563,#10565);
#10563 = ( REPRESENTATION_RELATIONSHIP('','',#8922,#8899) 
REPRESENTATION_RELATIONSHIP_WITH_TRANSFORMATION(#10564) 
SHAPE_REPRESENTATION_RELATIONSHIP() );
#10564 = ITEM_DEFINED_TRANSFORMATION('','',#11,#8900);
#10565 = PRODUCT_DEFINITION_SHAPE('Placement','Placement of an item',
  #10566);
#10566 = NEXT_ASSEMBLY_USAGE_OCCURRENCE('9','=>[0:1:1:9]','',#8894,#8917
  ,$);
#10567 = PRODUCT_RELATED_PRODUCT_CATEGORY('part',$,(#8919));
#10568 = CONTEXT_DEPENDENT_SHAPE_REPRESENTATION(#10569,#10571);
#10569 = ( REPRESENTATION_RELATIONSHIP('','',#72,#10) 
REPRESENTATION_RELATIONSHIP_WITH_TRANSFORMATION(#10570) 
SHAPE_REPRESENTATION_RELATIONSHIP() );
#10570 = ITEM_DEFINED_TRANSFORMATION('','',#11,#39);
#10571 = PRODUCT_DEFINITION_SHAPE('Placement','Placement of an item',
  #10572);
#10572 = NEXT_ASSEMBLY_USAGE_OCCURRENCE('11','J2','',#5,#67,$);
#10573 = CONTEXT_DEPENDENT_SHAPE_REPRESENTATION(#10574,#10576);
#10574 = ( REPRESENTATION_RELATIONSHIP('','',#4384,#10) 
REPRESENTATION_RELATIONSHIP_WITH_TRANSFORMATION(#10575) 
SHAPE_REPRESENTATION_RELATIONSHIP() );
#10575 = ITEM_DEFINED_TRANSFORMATION('','',#11,#43);
#10576 = PRODUCT_DEFINITION_SHAPE('Placement','Placement of an item',
  #10577);
#10577 = NEXT_ASSEMBLY_USAGE_OCCURRENCE('12','U2','',#5,#4379,$);
#10578 = CONTEXT_DEPENDENT_SHAPE_REPRESENTATION(#10579,#10581);
#10579 = ( REPRESENTATION_RELATIONSHIP('','',#3483,#10) 
REPRESENTATION_RELATIONSHIP_WITH_TRANSFORMATION(#10580) 
SHAPE_REPRESENTATION_RELATIONSHIP() );
#10580 = ITEM_DEFINED_TRANSFORMATION('','',#11,#47);
#10581 = PRODUCT_DEFINITION_SHAPE('Placement','Placement of an item',
  #10582);
#10582 = NEXT_ASSEMBLY_USAGE_OCCURRENCE('13','C3','',#5,#3478,$);
#10583 = CONTEXT_DEPENDENT_SHAPE_REPRESENTATION(#10584,#10586);
#10584 = ( REPRESENTATION_RELATIONSHIP('','',#3483,#10) 
REPRESENTATION_RELATIONSHIP_WITH_TRANSFORMATION(#10585) 
SHAPE_REPRESENTATION_RELATIONSHIP() );
#10585 = ITEM_DEFINED_TRANSFORMATION('','',#11,#51);
#10586 = PRODUCT_DEFINITION_SHAPE('Placement','Placement of an item',
  #10587);
#10587 = NEXT_ASSEMBLY_USAGE_OCCURRENCE('14','C2','',#5,#3478,$);
#10588 = SHAPE_DEFINITION_REPRESENTATION(#10589,#10595);
#10589 = PRODUCT_DEFINITION_SHAPE('','',#10590);
#10590 = PRODUCT_DEFINITION('design','',#10591,#10594);
#10591 = PRODUCT_DEFINITION_FORMATION('','',#10592);
#10592 = PRODUCT('LVDS_PCB','LVDS_PCB','',(#10593));
#10593 = PRODUCT_CONTEXT('',#2,'mechanical');
#10594 = PRODUCT_DEFINITION_CONTEXT('part definition',#2,'design');
#10595 = ADVANCED_BREP_SHAPE_REPRESENTATION('',(#11,#10596),#10746);
#10596 = MANIFOLD_SOLID_BREP('',#10597);
#10597 = CLOSED_SHELL('',(#10598,#10638,#10669,#10700,#10722,#10734));
#10598 = ADVANCED_FACE('',(#10599),#10633,.T.);
#10599 = FACE_BOUND('',#10600,.T.);
#10600 = EDGE_LOOP('',(#10601,#10611,#10619,#10627));
#10601 = ORIENTED_EDGE('',*,*,#10602,.T.);
#10602 = EDGE_CURVE('',#10603,#10605,#10607,.T.);
#10603 = VERTEX_POINT('',#10604);
#10604 = CARTESIAN_POINT('',(170.,-150.,0.));
#10605 = VERTEX_POINT('',#10606);
#10606 = CARTESIAN_POINT('',(170.,-150.,1.51));
#10607 = LINE('',#10608,#10609);
#10608 = CARTESIAN_POINT('',(170.,-150.,0.));
#10609 = VECTOR('',#10610,1.);
#10610 = DIRECTION('',(0.,0.,1.));
#10611 = ORIENTED_EDGE('',*,*,#10612,.T.);
#10612 = EDGE_CURVE('',#10605,#10613,#10615,.T.);
#10613 = VERTEX_POINT('',#10614);
#10614 = CARTESIAN_POINT('',(100.,-150.,1.51));
#10615 = LINE('',#10616,#10617);
#10616 = CARTESIAN_POINT('',(170.,-150.,1.51));
#10617 = VECTOR('',#10618,1.);
#10618 = DIRECTION('',(-1.,0.,0.));
#10619 = ORIENTED_EDGE('',*,*,#10620,.F.);
#10620 = EDGE_CURVE('',#10621,#10613,#10623,.T.);
#10621 = VERTEX_POINT('',#10622);
#10622 = CARTESIAN_POINT('',(100.,-150.,0.));
#10623 = LINE('',#10624,#10625);
#10624 = CARTESIAN_POINT('',(100.,-150.,0.));
#10625 = VECTOR('',#10626,1.);
#10626 = DIRECTION('',(0.,0.,1.));
#10627 = ORIENTED_EDGE('',*,*,#10628,.F.);
#10628 = EDGE_CURVE('',#10603,#10621,#10629,.T.);
#10629 = LINE('',#10630,#10631);
#10630 = CARTESIAN_POINT('',(170.,-150.,0.));
#10631 = VECTOR('',#10632,1.);
#10632 = DIRECTION('',(-1.,0.,0.));
#10633 = PLANE('',#10634);
#10634 = AXIS2_PLACEMENT_3D('',#10635,#10636,#10637);
#10635 = CARTESIAN_POINT('',(170.,-150.,0.));
#10636 = DIRECTION('',(0.,-1.,0.));
#10637 = DIRECTION('',(-1.,0.,0.));
#10638 = ADVANCED_FACE('',(#10639),#10664,.T.);
#10639 = FACE_BOUND('',#10640,.T.);
#10640 = EDGE_LOOP('',(#10641,#10642,#10650,#10658));
#10641 = ORIENTED_EDGE('',*,*,#10620,.T.);
#10642 = ORIENTED_EDGE('',*,*,#10643,.T.);
#10643 = EDGE_CURVE('',#10613,#10644,#10646,.T.);
#10644 = VERTEX_POINT('',#10645);
#10645 = CARTESIAN_POINT('',(100.,-100.,1.51));
#10646 = LINE('',#10647,#10648);
#10647 = CARTESIAN_POINT('',(100.,-150.,1.51));
#10648 = VECTOR('',#10649,1.);
#10649 = DIRECTION('',(0.,1.,0.));
#10650 = ORIENTED_EDGE('',*,*,#10651,.F.);
#10651 = EDGE_CURVE('',#10652,#10644,#10654,.T.);
#10652 = VERTEX_POINT('',#10653);
#10653 = CARTESIAN_POINT('',(100.,-100.,0.));
#10654 = LINE('',#10655,#10656);
#10655 = CARTESIAN_POINT('',(100.,-100.,0.));
#10656 = VECTOR('',#10657,1.);
#10657 = DIRECTION('',(0.,0.,1.));
#10658 = ORIENTED_EDGE('',*,*,#10659,.F.);
#10659 = EDGE_CURVE('',#10621,#10652,#10660,.T.);
#10660 = LINE('',#10661,#10662);
#10661 = CARTESIAN_POINT('',(100.,-150.,0.));
#10662 = VECTOR('',#10663,1.);
#10663 = DIRECTION('',(0.,1.,0.));
#10664 = PLANE('',#10665);
#10665 = AXIS2_PLACEMENT_3D('',#10666,#10667,#10668);
#10666 = CARTESIAN_POINT('',(100.,-150.,0.));
#10667 = DIRECTION('',(-1.,0.,0.));
#10668 = DIRECTION('',(0.,1.,0.));
#10669 = ADVANCED_FACE('',(#10670),#10695,.T.);
#10670 = FACE_BOUND('',#10671,.T.);
#10671 = EDGE_LOOP('',(#10672,#10673,#10681,#10689));
#10672 = ORIENTED_EDGE('',*,*,#10651,.T.);
#10673 = ORIENTED_EDGE('',*,*,#10674,.T.);
#10674 = EDGE_CURVE('',#10644,#10675,#10677,.T.);
#10675 = VERTEX_POINT('',#10676);
#10676 = CARTESIAN_POINT('',(170.,-100.,1.51));
#10677 = LINE('',#10678,#10679);
#10678 = CARTESIAN_POINT('',(100.,-100.,1.51));
#10679 = VECTOR('',#10680,1.);
#10680 = DIRECTION('',(1.,0.,0.));
#10681 = ORIENTED_EDGE('',*,*,#10682,.F.);
#10682 = EDGE_CURVE('',#10683,#10675,#10685,.T.);
#10683 = VERTEX_POINT('',#10684);
#10684 = CARTESIAN_POINT('',(170.,-100.,0.));
#10685 = LINE('',#10686,#10687);
#10686 = CARTESIAN_POINT('',(170.,-100.,0.));
#10687 = VECTOR('',#10688,1.);
#10688 = DIRECTION('',(0.,0.,1.));
#10689 = ORIENTED_EDGE('',*,*,#10690,.F.);
#10690 = EDGE_CURVE('',#10652,#10683,#10691,.T.);
#10691 = LINE('',#10692,#10693);
#10692 = CARTESIAN_POINT('',(100.,-100.,0.));
#10693 = VECTOR('',#10694,1.);
#10694 = DIRECTION('',(1.,0.,0.));
#10695 = PLANE('',#10696);
#10696 = AXIS2_PLACEMENT_3D('',#10697,#10698,#10699);
#10697 = CARTESIAN_POINT('',(100.,-100.,0.));
#10698 = DIRECTION('',(0.,1.,0.));
#10699 = DIRECTION('',(1.,0.,0.));
#10700 = ADVANCED_FACE('',(#10701),#10717,.T.);
#10701 = FACE_BOUND('',#10702,.T.);
#10702 = EDGE_LOOP('',(#10703,#10704,#10710,#10711));
#10703 = ORIENTED_EDGE('',*,*,#10682,.T.);
#10704 = ORIENTED_EDGE('',*,*,#10705,.T.);
#10705 = EDGE_CURVE('',#10675,#10605,#10706,.T.);
#10706 = LINE('',#10707,#10708);
#10707 = CARTESIAN_POINT('',(170.,-100.,1.51));
#10708 = VECTOR('',#10709,1.);
#10709 = DIRECTION('',(0.,-1.,0.));
#10710 = ORIENTED_EDGE('',*,*,#10602,.F.);
#10711 = ORIENTED_EDGE('',*,*,#10712,.F.);
#10712 = EDGE_CURVE('',#10683,#10603,#10713,.T.);
#10713 = LINE('',#10714,#10715);
#10714 = CARTESIAN_POINT('',(170.,-100.,0.));
#10715 = VECTOR('',#10716,1.);
#10716 = DIRECTION('',(0.,-1.,0.));
#10717 = PLANE('',#10718);
#10718 = AXIS2_PLACEMENT_3D('',#10719,#10720,#10721);
#10719 = CARTESIAN_POINT('',(170.,-100.,0.));
#10720 = DIRECTION('',(1.,0.,-0.));
#10721 = DIRECTION('',(0.,-1.,0.));
#10722 = ADVANCED_FACE('',(#10723),#10729,.F.);
#10723 = FACE_BOUND('',#10724,.T.);
#10724 = EDGE_LOOP('',(#10725,#10726,#10727,#10728));
#10725 = ORIENTED_EDGE('',*,*,#10628,.T.);
#10726 = ORIENTED_EDGE('',*,*,#10659,.T.);
#10727 = ORIENTED_EDGE('',*,*,#10690,.T.);
#10728 = ORIENTED_EDGE('',*,*,#10712,.T.);
#10729 = PLANE('',#10730);
#10730 = AXIS2_PLACEMENT_3D('',#10731,#10732,#10733);
#10731 = CARTESIAN_POINT('',(0.,0.,0.));
#10732 = DIRECTION('',(0.,0.,1.));
#10733 = DIRECTION('',(1.,0.,-0.));
#10734 = ADVANCED_FACE('',(#10735),#10741,.T.);
#10735 = FACE_BOUND('',#10736,.F.);
#10736 = EDGE_LOOP('',(#10737,#10738,#10739,#10740));
#10737 = ORIENTED_EDGE('',*,*,#10612,.T.);
#10738 = ORIENTED_EDGE('',*,*,#10643,.T.);
#10739 = ORIENTED_EDGE('',*,*,#10674,.T.);
#10740 = ORIENTED_EDGE('',*,*,#10705,.T.);
#10741 = PLANE('',#10742);
#10742 = AXIS2_PLACEMENT_3D('',#10743,#10744,#10745);
#10743 = CARTESIAN_POINT('',(0.,0.,1.51));
#10744 = DIRECTION('',(0.,0.,1.));
#10745 = DIRECTION('',(1.,0.,-0.));
#10746 = ( GEOMETRIC_REPRESENTATION_CONTEXT(3) 
GLOBAL_UNCERTAINTY_ASSIGNED_CONTEXT((#10750)) 
GLOBAL_UNIT_ASSIGNED_CONTEXT((#10747,#10748,#10749)) 
REPRESENTATION_CONTEXT('Context #1',
  '3D Context with UNIT and UNCERTAINTY') );
#10747 = ( LENGTH_UNIT() NAMED_UNIT(*) SI_UNIT(.MILLI.,.METRE.) );
#10748 = ( NAMED_UNIT(*) PLANE_ANGLE_UNIT() SI_UNIT($,.RADIAN.) );
#10749 = ( NAMED_UNIT(*) SI_UNIT($,.STERADIAN.) SOLID_ANGLE_UNIT() );
#10750 = UNCERTAINTY_MEASURE_WITH_UNIT(LENGTH_MEASURE(1.E-07),#10747,
  'distance_accuracy_value','confusion accuracy');
#10751 = CONTEXT_DEPENDENT_SHAPE_REPRESENTATION(#10752,#10754);
#10752 = ( REPRESENTATION_RELATIONSHIP('','',#10595,#10) 
REPRESENTATION_RELATIONSHIP_WITH_TRANSFORMATION(#10753) 
SHAPE_REPRESENTATION_RELATIONSHIP() );
#10753 = ITEM_DEFINED_TRANSFORMATION('','',#11,#55);
#10754 = PRODUCT_DEFINITION_SHAPE('Placement','Placement of an item',
  #10755);
#10755 = NEXT_ASSEMBLY_USAGE_OCCURRENCE('15','=>[0:1:1:10]','',#5,#10590
  ,$);
#10756 = PRODUCT_RELATED_PRODUCT_CATEGORY('part',$,(#10592));
#10757 = MECHANICAL_DESIGN_GEOMETRIC_PRESENTATION_REPRESENTATION('',(
    #10758,#10769,#10777,#10784,#10791,#10798),#3465);
#10758 = STYLED_ITEM('color',(#10759),#96);
#10759 = PRESENTATION_STYLE_ASSIGNMENT((#10760,#10766));
#10760 = SURFACE_STYLE_USAGE(.BOTH.,#10761);
#10761 = SURFACE_SIDE_STYLE('',(#10762));
#10762 = SURFACE_STYLE_FILL_AREA(#10763);
#10763 = FILL_AREA_STYLE('',(#10764));
#10764 = FILL_AREA_STYLE_COLOUR('',#10765);
#10765 = COLOUR_RGB('',0.859000020776,0.737999965183,0.495999988746);
#10766 = CURVE_STYLE('',#10767,POSITIVE_LENGTH_MEASURE(0.1),#10768);
#10767 = DRAUGHTING_PRE_DEFINED_CURVE_FONT('continuous');
#10768 = COLOUR_RGB('',9.803921802644E-02,9.803921802644E-02,
  9.803921802644E-02);
#10769 = OVER_RIDING_STYLED_ITEM('overriding color',(#10770),#854,#10758
  );
#10770 = PRESENTATION_STYLE_ASSIGNMENT((#10771));
#10771 = SURFACE_STYLE_USAGE(.BOTH.,#10772);
#10772 = SURFACE_SIDE_STYLE('',(#10773));
#10773 = SURFACE_STYLE_FILL_AREA(#10774);
#10774 = FILL_AREA_STYLE('',(#10775));
#10775 = FILL_AREA_STYLE_COLOUR('',#10776);
#10776 = COLOUR_RGB('',0.894999966383,0.890999961016,0.813000030345);
#10777 = OVER_RIDING_STYLED_ITEM('overriding color',(#10778),#3058,
  #10758);
#10778 = PRESENTATION_STYLE_ASSIGNMENT((#10779));
#10779 = SURFACE_STYLE_USAGE(.BOTH.,#10780);
#10780 = SURFACE_SIDE_STYLE('',(#10781));
#10781 = SURFACE_STYLE_FILL_AREA(#10782);
#10782 = FILL_AREA_STYLE('',(#10783));
#10783 = FILL_AREA_STYLE_COLOUR('',#10776);
#10784 = OVER_RIDING_STYLED_ITEM('overriding color',(#10785),#3114,
  #10758);
#10785 = PRESENTATION_STYLE_ASSIGNMENT((#10786));
#10786 = SURFACE_STYLE_USAGE(.BOTH.,#10787);
#10787 = SURFACE_SIDE_STYLE('',(#10788));
#10788 = SURFACE_STYLE_FILL_AREA(#10789);
#10789 = FILL_AREA_STYLE('',(#10790));
#10790 = FILL_AREA_STYLE_COLOUR('',#10776);
#10791 = OVER_RIDING_STYLED_ITEM('overriding color',(#10792),#3146,
  #10758);
#10792 = PRESENTATION_STYLE_ASSIGNMENT((#10793));
#10793 = SURFACE_STYLE_USAGE(.BOTH.,#10794);
#10794 = SURFACE_SIDE_STYLE('',(#10795));
#10795 = SURFACE_STYLE_FILL_AREA(#10796);
#10796 = FILL_AREA_STYLE('',(#10797));
#10797 = FILL_AREA_STYLE_COLOUR('',#10776);
#10798 = OVER_RIDING_STYLED_ITEM('overriding color',(#10799),#3239,
  #10758);
#10799 = PRESENTATION_STYLE_ASSIGNMENT((#10800));
#10800 = SURFACE_STYLE_USAGE(.BOTH.,#10801);
#10801 = SURFACE_SIDE_STYLE('',(#10802));
#10802 = SURFACE_STYLE_FILL_AREA(#10803);
#10803 = FILL_AREA_STYLE('',(#10804));
#10804 = FILL_AREA_STYLE_COLOUR('',#10776);
#10805 = MECHANICAL_DESIGN_GEOMETRIC_PRESENTATION_REPRESENTATION('',(
    #10806,#10814,#10821,#10828,#10835,#10842,#10849,#10856,#10863,
    #10870,#10877,#10884,#10891,#10898,#10905,#10912,#10919,#10926,
    #10933,#10940,#10947,#10954,#10961,#10968,#10975,#10982,#10989,
    #10996,#11003,#11010,#11017,#11024,#11031,#11038,#11045,#11052,
    #11059,#11066,#11073,#11080,#11087,#11094,#11101,#11108,#11115,
    #11122,#11129,#11136,#11143,#11150,#11157,#11164,#11171,#11178,
    #11185,#11192,#11199,#11206),#10557);
#10806 = STYLED_ITEM('color',(#10807),#8925);
#10807 = PRESENTATION_STYLE_ASSIGNMENT((#10808));
#10808 = SURFACE_STYLE_USAGE(.BOTH.,#10809);
#10809 = SURFACE_SIDE_STYLE('',(#10810));
#10810 = SURFACE_STYLE_FILL_AREA(#10811);
#10811 = FILL_AREA_STYLE('',(#10812));
#10812 = FILL_AREA_STYLE_COLOUR('',#10813);
#10813 = COLOUR_RGB('',0.147999998088,0.145000001626,0.145000001626);
#10814 = STYLED_ITEM('color',(#10815),#8965);
#10815 = PRESENTATION_STYLE_ASSIGNMENT((#10816));
#10816 = SURFACE_STYLE_USAGE(.BOTH.,#10817);
#10817 = SURFACE_SIDE_STYLE('',(#10818));
#10818 = SURFACE_STYLE_FILL_AREA(#10819);
#10819 = FILL_AREA_STYLE('',(#10820));
#10820 = FILL_AREA_STYLE_COLOUR('',#10813);
#10821 = STYLED_ITEM('color',(#10822),#8996);
#10822 = PRESENTATION_STYLE_ASSIGNMENT((#10823));
#10823 = SURFACE_STYLE_USAGE(.BOTH.,#10824);
#10824 = SURFACE_SIDE_STYLE('',(#10825));
#10825 = SURFACE_STYLE_FILL_AREA(#10826);
#10826 = FILL_AREA_STYLE('',(#10827));
#10827 = FILL_AREA_STYLE_COLOUR('',#10813);
#10828 = STYLED_ITEM('color',(#10829),#9027);
#10829 = PRESENTATION_STYLE_ASSIGNMENT((#10830));
#10830 = SURFACE_STYLE_USAGE(.BOTH.,#10831);
#10831 = SURFACE_SIDE_STYLE('',(#10832));
#10832 = SURFACE_STYLE_FILL_AREA(#10833);
#10833 = FILL_AREA_STYLE('',(#10834));
#10834 = FILL_AREA_STYLE_COLOUR('',#10813);
#10835 = STYLED_ITEM('color',(#10836),#9192);
#10836 = PRESENTATION_STYLE_ASSIGNMENT((#10837));
#10837 = SURFACE_STYLE_USAGE(.BOTH.,#10838);
#10838 = SURFACE_SIDE_STYLE('',(#10839));
#10839 = SURFACE_STYLE_FILL_AREA(#10840);
#10840 = FILL_AREA_STYLE('',(#10841));
#10841 = FILL_AREA_STYLE_COLOUR('',#10813);
#10842 = STYLED_ITEM('color',(#10843),#9357);
#10843 = PRESENTATION_STYLE_ASSIGNMENT((#10844));
#10844 = SURFACE_STYLE_USAGE(.BOTH.,#10845);
#10845 = SURFACE_SIDE_STYLE('',(#10846));
#10846 = SURFACE_STYLE_FILL_AREA(#10847);
#10847 = FILL_AREA_STYLE('',(#10848));
#10848 = FILL_AREA_STYLE_COLOUR('',#10813);
#10849 = STYLED_ITEM('color',(#10850),#9374);
#10850 = PRESENTATION_STYLE_ASSIGNMENT((#10851));
#10851 = SURFACE_STYLE_USAGE(.BOTH.,#10852);
#10852 = SURFACE_SIDE_STYLE('',(#10853));
#10853 = SURFACE_STYLE_FILL_AREA(#10854);
#10854 = FILL_AREA_STYLE('',(#10855));
#10855 = FILL_AREA_STYLE_COLOUR('',#10813);
#10856 = STYLED_ITEM('color',(#10857),#9391);
#10857 = PRESENTATION_STYLE_ASSIGNMENT((#10858));
#10858 = SURFACE_STYLE_USAGE(.BOTH.,#10859);
#10859 = SURFACE_SIDE_STYLE('',(#10860));
#10860 = SURFACE_STYLE_FILL_AREA(#10861);
#10861 = FILL_AREA_STYLE('',(#10862));
#10862 = FILL_AREA_STYLE_COLOUR('',#10813);
#10863 = STYLED_ITEM('color',(#10864),#9408);
#10864 = PRESENTATION_STYLE_ASSIGNMENT((#10865));
#10865 = SURFACE_STYLE_USAGE(.BOTH.,#10866);
#10866 = SURFACE_SIDE_STYLE('',(#10867));
#10867 = SURFACE_STYLE_FILL_AREA(#10868);
#10868 = FILL_AREA_STYLE('',(#10869));
#10869 = FILL_AREA_STYLE_COLOUR('',#10813);
#10870 = STYLED_ITEM('color',(#10871),#9425);
#10871 = PRESENTATION_STYLE_ASSIGNMENT((#10872));
#10872 = SURFACE_STYLE_USAGE(.BOTH.,#10873);
#10873 = SURFACE_SIDE_STYLE('',(#10874));
#10874 = SURFACE_STYLE_FILL_AREA(#10875);
#10875 = FILL_AREA_STYLE('',(#10876));
#10876 = FILL_AREA_STYLE_COLOUR('',#10813);
#10877 = STYLED_ITEM('color',(#10878),#9442);
#10878 = PRESENTATION_STYLE_ASSIGNMENT((#10879));
#10879 = SURFACE_STYLE_USAGE(.BOTH.,#10880);
#10880 = SURFACE_SIDE_STYLE('',(#10881));
#10881 = SURFACE_STYLE_FILL_AREA(#10882);
#10882 = FILL_AREA_STYLE('',(#10883));
#10883 = FILL_AREA_STYLE_COLOUR('',#10813);
#10884 = STYLED_ITEM('color',(#10885),#9459);
#10885 = PRESENTATION_STYLE_ASSIGNMENT((#10886));
#10886 = SURFACE_STYLE_USAGE(.BOTH.,#10887);
#10887 = SURFACE_SIDE_STYLE('',(#10888));
#10888 = SURFACE_STYLE_FILL_AREA(#10889);
#10889 = FILL_AREA_STYLE('',(#10890));
#10890 = FILL_AREA_STYLE_COLOUR('',#10813);
#10891 = STYLED_ITEM('color',(#10892),#9476);
#10892 = PRESENTATION_STYLE_ASSIGNMENT((#10893));
#10893 = SURFACE_STYLE_USAGE(.BOTH.,#10894);
#10894 = SURFACE_SIDE_STYLE('',(#10895));
#10895 = SURFACE_STYLE_FILL_AREA(#10896);
#10896 = FILL_AREA_STYLE('',(#10897));
#10897 = FILL_AREA_STYLE_COLOUR('',#10813);
#10898 = STYLED_ITEM('color',(#10899),#9493);
#10899 = PRESENTATION_STYLE_ASSIGNMENT((#10900));
#10900 = SURFACE_STYLE_USAGE(.BOTH.,#10901);
#10901 = SURFACE_SIDE_STYLE('',(#10902));
#10902 = SURFACE_STYLE_FILL_AREA(#10903);
#10903 = FILL_AREA_STYLE('',(#10904));
#10904 = FILL_AREA_STYLE_COLOUR('',#10813);
#10905 = STYLED_ITEM('color',(#10906),#9510);
#10906 = PRESENTATION_STYLE_ASSIGNMENT((#10907));
#10907 = SURFACE_STYLE_USAGE(.BOTH.,#10908);
#10908 = SURFACE_SIDE_STYLE('',(#10909));
#10909 = SURFACE_STYLE_FILL_AREA(#10910);
#10910 = FILL_AREA_STYLE('',(#10911));
#10911 = FILL_AREA_STYLE_COLOUR('',#10813);
#10912 = STYLED_ITEM('color',(#10913),#9527);
#10913 = PRESENTATION_STYLE_ASSIGNMENT((#10914));
#10914 = SURFACE_STYLE_USAGE(.BOTH.,#10915);
#10915 = SURFACE_SIDE_STYLE('',(#10916));
#10916 = SURFACE_STYLE_FILL_AREA(#10917);
#10917 = FILL_AREA_STYLE('',(#10918));
#10918 = FILL_AREA_STYLE_COLOUR('',#10813);
#10919 = STYLED_ITEM('color',(#10920),#9539);
#10920 = PRESENTATION_STYLE_ASSIGNMENT((#10921));
#10921 = SURFACE_STYLE_USAGE(.BOTH.,#10922);
#10922 = SURFACE_SIDE_STYLE('',(#10923));
#10923 = SURFACE_STYLE_FILL_AREA(#10924);
#10924 = FILL_AREA_STYLE('',(#10925));
#10925 = FILL_AREA_STYLE_COLOUR('',#10765);
#10926 = STYLED_ITEM('color',(#10927),#9570);
#10927 = PRESENTATION_STYLE_ASSIGNMENT((#10928));
#10928 = SURFACE_STYLE_USAGE(.BOTH.,#10929);
#10929 = SURFACE_SIDE_STYLE('',(#10930));
#10930 = SURFACE_STYLE_FILL_AREA(#10931);
#10931 = FILL_AREA_STYLE('',(#10932));
#10932 = FILL_AREA_STYLE_COLOUR('',#10765);
#10933 = STYLED_ITEM('color',(#10934),#9619);
#10934 = PRESENTATION_STYLE_ASSIGNMENT((#10935));
#10935 = SURFACE_STYLE_USAGE(.BOTH.,#10936);
#10936 = SURFACE_SIDE_STYLE('',(#10937));
#10937 = SURFACE_STYLE_FILL_AREA(#10938);
#10938 = FILL_AREA_STYLE('',(#10939));
#10939 = FILL_AREA_STYLE_COLOUR('',#10765);
#10940 = STYLED_ITEM('color',(#10941),#9643);
#10941 = PRESENTATION_STYLE_ASSIGNMENT((#10942));
#10942 = SURFACE_STYLE_USAGE(.BOTH.,#10943);
#10943 = SURFACE_SIDE_STYLE('',(#10944));
#10944 = SURFACE_STYLE_FILL_AREA(#10945);
#10945 = FILL_AREA_STYLE('',(#10946));
#10946 = FILL_AREA_STYLE_COLOUR('',#10765);
#10947 = STYLED_ITEM('color',(#10948),#9685);
#10948 = PRESENTATION_STYLE_ASSIGNMENT((#10949));
#10949 = SURFACE_STYLE_USAGE(.BOTH.,#10950);
#10950 = SURFACE_SIDE_STYLE('',(#10951));
#10951 = SURFACE_STYLE_FILL_AREA(#10952);
#10952 = FILL_AREA_STYLE('',(#10953));
#10953 = FILL_AREA_STYLE_COLOUR('',#10765);
#10954 = STYLED_ITEM('color',(#10955),#9741);
#10955 = PRESENTATION_STYLE_ASSIGNMENT((#10956));
#10956 = SURFACE_STYLE_USAGE(.BOTH.,#10957);
#10957 = SURFACE_SIDE_STYLE('',(#10958));
#10958 = SURFACE_STYLE_FILL_AREA(#10959);
#10959 = FILL_AREA_STYLE('',(#10960));
#10960 = FILL_AREA_STYLE_COLOUR('',#10765);
#10961 = STYLED_ITEM('color',(#10962),#9765);
#10962 = PRESENTATION_STYLE_ASSIGNMENT((#10963));
#10963 = SURFACE_STYLE_USAGE(.BOTH.,#10964);
#10964 = SURFACE_SIDE_STYLE('',(#10965));
#10965 = SURFACE_STYLE_FILL_AREA(#10966);
#10966 = FILL_AREA_STYLE('',(#10967));
#10967 = FILL_AREA_STYLE_COLOUR('',#10765);
#10968 = STYLED_ITEM('color',(#10969),#9814);
#10969 = PRESENTATION_STYLE_ASSIGNMENT((#10970));
#10970 = SURFACE_STYLE_USAGE(.BOTH.,#10971);
#10971 = SURFACE_SIDE_STYLE('',(#10972));
#10972 = SURFACE_STYLE_FILL_AREA(#10973);
#10973 = FILL_AREA_STYLE('',(#10974));
#10974 = FILL_AREA_STYLE_COLOUR('',#10765);
#10975 = STYLED_ITEM('color',(#10976),#9831);
#10976 = PRESENTATION_STYLE_ASSIGNMENT((#10977));
#10977 = SURFACE_STYLE_USAGE(.BOTH.,#10978);
#10978 = SURFACE_SIDE_STYLE('',(#10979));
#10979 = SURFACE_STYLE_FILL_AREA(#10980);
#10980 = FILL_AREA_STYLE('',(#10981));
#10981 = FILL_AREA_STYLE_COLOUR('',#10765);
#10982 = STYLED_ITEM('color',(#10983),#9862);
#10983 = PRESENTATION_STYLE_ASSIGNMENT((#10984));
#10984 = SURFACE_STYLE_USAGE(.BOTH.,#10985);
#10985 = SURFACE_SIDE_STYLE('',(#10986));
#10986 = SURFACE_STYLE_FILL_AREA(#10987);
#10987 = FILL_AREA_STYLE('',(#10988));
#10988 = FILL_AREA_STYLE_COLOUR('',#10765);
#10989 = STYLED_ITEM('color',(#10990),#9886);
#10990 = PRESENTATION_STYLE_ASSIGNMENT((#10991));
#10991 = SURFACE_STYLE_USAGE(.BOTH.,#10992);
#10992 = SURFACE_SIDE_STYLE('',(#10993));
#10993 = SURFACE_STYLE_FILL_AREA(#10994);
#10994 = FILL_AREA_STYLE('',(#10995));
#10995 = FILL_AREA_STYLE_COLOUR('',#10765);
#10996 = STYLED_ITEM('color',(#10997),#9910);
#10997 = PRESENTATION_STYLE_ASSIGNMENT((#10998));
#10998 = SURFACE_STYLE_USAGE(.BOTH.,#10999);
#10999 = SURFACE_SIDE_STYLE('',(#11000));
#11000 = SURFACE_STYLE_FILL_AREA(#11001);
#11001 = FILL_AREA_STYLE('',(#11002));
#11002 = FILL_AREA_STYLE_COLOUR('',#10765);
#11003 = STYLED_ITEM('color',(#11004),#9927);
#11004 = PRESENTATION_STYLE_ASSIGNMENT((#11005));
#11005 = SURFACE_STYLE_USAGE(.BOTH.,#11006);
#11006 = SURFACE_SIDE_STYLE('',(#11007));
#11007 = SURFACE_STYLE_FILL_AREA(#11008);
#11008 = FILL_AREA_STYLE('',(#11009));
#11009 = FILL_AREA_STYLE_COLOUR('',#10765);
#11010 = STYLED_ITEM('color',(#11011),#9958);
#11011 = PRESENTATION_STYLE_ASSIGNMENT((#11012));
#11012 = SURFACE_STYLE_USAGE(.BOTH.,#11013);
#11013 = SURFACE_SIDE_STYLE('',(#11014));
#11014 = SURFACE_STYLE_FILL_AREA(#11015);
#11015 = FILL_AREA_STYLE('',(#11016));
#11016 = FILL_AREA_STYLE_COLOUR('',#10765);
#11017 = STYLED_ITEM('color',(#11018),#9982);
#11018 = PRESENTATION_STYLE_ASSIGNMENT((#11019));
#11019 = SURFACE_STYLE_USAGE(.BOTH.,#11020);
#11020 = SURFACE_SIDE_STYLE('',(#11021));
#11021 = SURFACE_STYLE_FILL_AREA(#11022);
#11022 = FILL_AREA_STYLE('',(#11023));
#11023 = FILL_AREA_STYLE_COLOUR('',#10765);
#11024 = STYLED_ITEM('color',(#11025),#10006);
#11025 = PRESENTATION_STYLE_ASSIGNMENT((#11026));
#11026 = SURFACE_STYLE_USAGE(.BOTH.,#11027);
#11027 = SURFACE_SIDE_STYLE('',(#11028));
#11028 = SURFACE_STYLE_FILL_AREA(#11029);
#11029 = FILL_AREA_STYLE('',(#11030));
#11030 = FILL_AREA_STYLE_COLOUR('',#10765);
#11031 = STYLED_ITEM('color',(#11032),#10023);
#11032 = PRESENTATION_STYLE_ASSIGNMENT((#11033));
#11033 = SURFACE_STYLE_USAGE(.BOTH.,#11034);
#11034 = SURFACE_SIDE_STYLE('',(#11035));
#11035 = SURFACE_STYLE_FILL_AREA(#11036);
#11036 = FILL_AREA_STYLE('',(#11037));
#11037 = FILL_AREA_STYLE_COLOUR('',#10765);
#11038 = STYLED_ITEM('color',(#11039),#10040);
#11039 = PRESENTATION_STYLE_ASSIGNMENT((#11040));
#11040 = SURFACE_STYLE_USAGE(.BOTH.,#11041);
#11041 = SURFACE_SIDE_STYLE('',(#11042));
#11042 = SURFACE_STYLE_FILL_AREA(#11043);
#11043 = FILL_AREA_STYLE('',(#11044));
#11044 = FILL_AREA_STYLE_COLOUR('',#10765);
#11045 = STYLED_ITEM('color',(#11046),#10071);
#11046 = PRESENTATION_STYLE_ASSIGNMENT((#11047));
#11047 = SURFACE_STYLE_USAGE(.BOTH.,#11048);
#11048 = SURFACE_SIDE_STYLE('',(#11049));
#11049 = SURFACE_STYLE_FILL_AREA(#11050);
#11050 = FILL_AREA_STYLE('',(#11051));
#11051 = FILL_AREA_STYLE_COLOUR('',#10765);
#11052 = STYLED_ITEM('color',(#11053),#10088);
#11053 = PRESENTATION_STYLE_ASSIGNMENT((#11054));
#11054 = SURFACE_STYLE_USAGE(.BOTH.,#11055);
#11055 = SURFACE_SIDE_STYLE('',(#11056));
#11056 = SURFACE_STYLE_FILL_AREA(#11057);
#11057 = FILL_AREA_STYLE('',(#11058));
#11058 = FILL_AREA_STYLE_COLOUR('',#10765);
#11059 = STYLED_ITEM('color',(#11060),#10105);
#11060 = PRESENTATION_STYLE_ASSIGNMENT((#11061));
#11061 = SURFACE_STYLE_USAGE(.BOTH.,#11062);
#11062 = SURFACE_SIDE_STYLE('',(#11063));
#11063 = SURFACE_STYLE_FILL_AREA(#11064);
#11064 = FILL_AREA_STYLE('',(#11065));
#11065 = FILL_AREA_STYLE_COLOUR('',#10765);
#11066 = STYLED_ITEM('color',(#11067),#10136);
#11067 = PRESENTATION_STYLE_ASSIGNMENT((#11068));
#11068 = SURFACE_STYLE_USAGE(.BOTH.,#11069);
#11069 = SURFACE_SIDE_STYLE('',(#11070));
#11070 = SURFACE_STYLE_FILL_AREA(#11071);
#11071 = FILL_AREA_STYLE('',(#11072));
#11072 = FILL_AREA_STYLE_COLOUR('',#10765);
#11073 = STYLED_ITEM('color',(#11074),#10167);
#11074 = PRESENTATION_STYLE_ASSIGNMENT((#11075));
#11075 = SURFACE_STYLE_USAGE(.BOTH.,#11076);
#11076 = SURFACE_SIDE_STYLE('',(#11077));
#11077 = SURFACE_STYLE_FILL_AREA(#11078);
#11078 = FILL_AREA_STYLE('',(#11079));
#11079 = FILL_AREA_STYLE_COLOUR('',#10765);
#11080 = STYLED_ITEM('color',(#11081),#10184);
#11081 = PRESENTATION_STYLE_ASSIGNMENT((#11082));
#11082 = SURFACE_STYLE_USAGE(.BOTH.,#11083);
#11083 = SURFACE_SIDE_STYLE('',(#11084));
#11084 = SURFACE_STYLE_FILL_AREA(#11085);
#11085 = FILL_AREA_STYLE('',(#11086));
#11086 = FILL_AREA_STYLE_COLOUR('',#10765);
#11087 = STYLED_ITEM('color',(#11088),#10201);
#11088 = PRESENTATION_STYLE_ASSIGNMENT((#11089));
#11089 = SURFACE_STYLE_USAGE(.BOTH.,#11090);
#11090 = SURFACE_SIDE_STYLE('',(#11091));
#11091 = SURFACE_STYLE_FILL_AREA(#11092);
#11092 = FILL_AREA_STYLE('',(#11093));
#11093 = FILL_AREA_STYLE_COLOUR('',#10765);
#11094 = STYLED_ITEM('color',(#11095),#10218);
#11095 = PRESENTATION_STYLE_ASSIGNMENT((#11096));
#11096 = SURFACE_STYLE_USAGE(.BOTH.,#11097);
#11097 = SURFACE_SIDE_STYLE('',(#11098));
#11098 = SURFACE_STYLE_FILL_AREA(#11099);
#11099 = FILL_AREA_STYLE('',(#11100));
#11100 = FILL_AREA_STYLE_COLOUR('',#10765);
#11101 = STYLED_ITEM('color',(#11102),#10249);
#11102 = PRESENTATION_STYLE_ASSIGNMENT((#11103));
#11103 = SURFACE_STYLE_USAGE(.BOTH.,#11104);
#11104 = SURFACE_SIDE_STYLE('',(#11105));
#11105 = SURFACE_STYLE_FILL_AREA(#11106);
#11106 = FILL_AREA_STYLE('',(#11107));
#11107 = FILL_AREA_STYLE_COLOUR('',#10765);
#11108 = STYLED_ITEM('color',(#11109),#10280);
#11109 = PRESENTATION_STYLE_ASSIGNMENT((#11110));
#11110 = SURFACE_STYLE_USAGE(.BOTH.,#11111);
#11111 = SURFACE_SIDE_STYLE('',(#11112));
#11112 = SURFACE_STYLE_FILL_AREA(#11113);
#11113 = FILL_AREA_STYLE('',(#11114));
#11114 = FILL_AREA_STYLE_COLOUR('',#10765);
#11115 = STYLED_ITEM('color',(#11116),#10304);
#11116 = PRESENTATION_STYLE_ASSIGNMENT((#11117));
#11117 = SURFACE_STYLE_USAGE(.BOTH.,#11118);
#11118 = SURFACE_SIDE_STYLE('',(#11119));
#11119 = SURFACE_STYLE_FILL_AREA(#11120);
#11120 = FILL_AREA_STYLE('',(#11121));
#11121 = FILL_AREA_STYLE_COLOUR('',#10765);
#11122 = STYLED_ITEM('color',(#11123),#10328);
#11123 = PRESENTATION_STYLE_ASSIGNMENT((#11124));
#11124 = SURFACE_STYLE_USAGE(.BOTH.,#11125);
#11125 = SURFACE_SIDE_STYLE('',(#11126));
#11126 = SURFACE_STYLE_FILL_AREA(#11127);
#11127 = FILL_AREA_STYLE('',(#11128));
#11128 = FILL_AREA_STYLE_COLOUR('',#10765);
#11129 = STYLED_ITEM('color',(#11130),#10345);
#11130 = PRESENTATION_STYLE_ASSIGNMENT((#11131));
#11131 = SURFACE_STYLE_USAGE(.BOTH.,#11132);
#11132 = SURFACE_SIDE_STYLE('',(#11133));
#11133 = SURFACE_STYLE_FILL_AREA(#11134);
#11134 = FILL_AREA_STYLE('',(#11135));
#11135 = FILL_AREA_STYLE_COLOUR('',#10765);
#11136 = STYLED_ITEM('color',(#11137),#10376);
#11137 = PRESENTATION_STYLE_ASSIGNMENT((#11138));
#11138 = SURFACE_STYLE_USAGE(.BOTH.,#11139);
#11139 = SURFACE_SIDE_STYLE('',(#11140));
#11140 = SURFACE_STYLE_FILL_AREA(#11141);
#11141 = FILL_AREA_STYLE('',(#11142));
#11142 = FILL_AREA_STYLE_COLOUR('',#10765);
#11143 = STYLED_ITEM('color',(#11144),#10400);
#11144 = PRESENTATION_STYLE_ASSIGNMENT((#11145));
#11145 = SURFACE_STYLE_USAGE(.BOTH.,#11146);
#11146 = SURFACE_SIDE_STYLE('',(#11147));
#11147 = SURFACE_STYLE_FILL_AREA(#11148);
#11148 = FILL_AREA_STYLE('',(#11149));
#11149 = FILL_AREA_STYLE_COLOUR('',#10765);
#11150 = STYLED_ITEM('color',(#11151),#10424);
#11151 = PRESENTATION_STYLE_ASSIGNMENT((#11152));
#11152 = SURFACE_STYLE_USAGE(.BOTH.,#11153);
#11153 = SURFACE_SIDE_STYLE('',(#11154));
#11154 = SURFACE_STYLE_FILL_AREA(#11155);
#11155 = FILL_AREA_STYLE('',(#11156));
#11156 = FILL_AREA_STYLE_COLOUR('',#10765);
#11157 = STYLED_ITEM('color',(#11158),#10441);
#11158 = PRESENTATION_STYLE_ASSIGNMENT((#11159));
#11159 = SURFACE_STYLE_USAGE(.BOTH.,#11160);
#11160 = SURFACE_SIDE_STYLE('',(#11161));
#11161 = SURFACE_STYLE_FILL_AREA(#11162);
#11162 = FILL_AREA_STYLE('',(#11163));
#11163 = FILL_AREA_STYLE_COLOUR('',#10765);
#11164 = STYLED_ITEM('color',(#11165),#10458);
#11165 = PRESENTATION_STYLE_ASSIGNMENT((#11166));
#11166 = SURFACE_STYLE_USAGE(.BOTH.,#11167);
#11167 = SURFACE_SIDE_STYLE('',(#11168));
#11168 = SURFACE_STYLE_FILL_AREA(#11169);
#11169 = FILL_AREA_STYLE('',(#11170));
#11170 = FILL_AREA_STYLE_COLOUR('',#10765);
#11171 = STYLED_ITEM('color',(#11172),#10475);
#11172 = PRESENTATION_STYLE_ASSIGNMENT((#11173));
#11173 = SURFACE_STYLE_USAGE(.BOTH.,#11174);
#11174 = SURFACE_SIDE_STYLE('',(#11175));
#11175 = SURFACE_STYLE_FILL_AREA(#11176);
#11176 = FILL_AREA_STYLE('',(#11177));
#11177 = FILL_AREA_STYLE_COLOUR('',#10765);
#11178 = STYLED_ITEM('color',(#11179),#10487);
#11179 = PRESENTATION_STYLE_ASSIGNMENT((#11180));
#11180 = SURFACE_STYLE_USAGE(.BOTH.,#11181);
#11181 = SURFACE_SIDE_STYLE('',(#11182));
#11182 = SURFACE_STYLE_FILL_AREA(#11183);
#11183 = FILL_AREA_STYLE('',(#11184));
#11184 = FILL_AREA_STYLE_COLOUR('',#10765);
#11185 = STYLED_ITEM('color',(#11186),#10504);
#11186 = PRESENTATION_STYLE_ASSIGNMENT((#11187));
#11187 = SURFACE_STYLE_USAGE(.BOTH.,#11188);
#11188 = SURFACE_SIDE_STYLE('',(#11189));
#11189 = SURFACE_STYLE_FILL_AREA(#11190);
#11190 = FILL_AREA_STYLE('',(#11191));
#11191 = FILL_AREA_STYLE_COLOUR('',#10765);
#11192 = STYLED_ITEM('color',(#11193),#10521);
#11193 = PRESENTATION_STYLE_ASSIGNMENT((#11194));
#11194 = SURFACE_STYLE_USAGE(.BOTH.,#11195);
#11195 = SURFACE_SIDE_STYLE('',(#11196));
#11196 = SURFACE_STYLE_FILL_AREA(#11197);
#11197 = FILL_AREA_STYLE('',(#11198));
#11198 = FILL_AREA_STYLE_COLOUR('',#10765);
#11199 = STYLED_ITEM('color',(#11200),#10533);
#11200 = PRESENTATION_STYLE_ASSIGNMENT((#11201));
#11201 = SURFACE_STYLE_USAGE(.BOTH.,#11202);
#11202 = SURFACE_SIDE_STYLE('',(#11203));
#11203 = SURFACE_STYLE_FILL_AREA(#11204);
#11204 = FILL_AREA_STYLE('',(#11205));
#11205 = FILL_AREA_STYLE_COLOUR('',#10765);
#11206 = STYLED_ITEM('color',(#11207),#10545);
#11207 = PRESENTATION_STYLE_ASSIGNMENT((#11208));
#11208 = SURFACE_STYLE_USAGE(.BOTH.,#11209);
#11209 = SURFACE_SIDE_STYLE('',(#11210));
#11210 = SURFACE_STYLE_FILL_AREA(#11211);
#11211 = FILL_AREA_STYLE('',(#11212));
#11212 = FILL_AREA_STYLE_COLOUR('',#10765);
#11213 = MECHANICAL_DESIGN_GEOMETRIC_PRESENTATION_REPRESENTATION('',(
    #11214,#11222,#11229,#11236,#11243,#11250,#11257,#11264,#11271,
    #11278,#11285,#11293,#11300,#11307,#11314,#11321,#11328,#11335,
    #11342,#11349,#11356,#11363,#11370,#11377,#11384,#11391,#11398,
    #11405),#4361);
#11214 = STYLED_ITEM('color',(#11215),#3509);
#11215 = PRESENTATION_STYLE_ASSIGNMENT((#11216));
#11216 = SURFACE_STYLE_USAGE(.BOTH.,#11217);
#11217 = SURFACE_SIDE_STYLE('',(#11218));
#11218 = SURFACE_STYLE_FILL_AREA(#11219);
#11219 = FILL_AREA_STYLE('',(#11220));
#11220 = FILL_AREA_STYLE_COLOUR('',#11221);
#11221 = COLOUR_RGB('',0.823999987314,0.819999987296,0.781000009244);
#11222 = STYLED_ITEM('color',(#11223),#3585);
#11223 = PRESENTATION_STYLE_ASSIGNMENT((#11224));
#11224 = SURFACE_STYLE_USAGE(.BOTH.,#11225);
#11225 = SURFACE_SIDE_STYLE('',(#11226));
#11226 = SURFACE_STYLE_FILL_AREA(#11227);
#11227 = FILL_AREA_STYLE('',(#11228));
#11228 = FILL_AREA_STYLE_COLOUR('',#11221);
#11229 = STYLED_ITEM('color',(#11230),#3616);
#11230 = PRESENTATION_STYLE_ASSIGNMENT((#11231));
#11231 = SURFACE_STYLE_USAGE(.BOTH.,#11232);
#11232 = SURFACE_SIDE_STYLE('',(#11233));
#11233 = SURFACE_STYLE_FILL_AREA(#11234);
#11234 = FILL_AREA_STYLE('',(#11235));
#11235 = FILL_AREA_STYLE_COLOUR('',#11221);
#11236 = STYLED_ITEM('color',(#11237),#3641);
#11237 = PRESENTATION_STYLE_ASSIGNMENT((#11238));
#11238 = SURFACE_STYLE_USAGE(.BOTH.,#11239);
#11239 = SURFACE_SIDE_STYLE('',(#11240));
#11240 = SURFACE_STYLE_FILL_AREA(#11241);
#11241 = FILL_AREA_STYLE('',(#11242));
#11242 = FILL_AREA_STYLE_COLOUR('',#11221);
#11243 = STYLED_ITEM('color',(#11244),#3666);
#11244 = PRESENTATION_STYLE_ASSIGNMENT((#11245));
#11245 = SURFACE_STYLE_USAGE(.BOTH.,#11246);
#11246 = SURFACE_SIDE_STYLE('',(#11247));
#11247 = SURFACE_STYLE_FILL_AREA(#11248);
#11248 = FILL_AREA_STYLE('',(#11249));
#11249 = FILL_AREA_STYLE_COLOUR('',#11221);
#11250 = STYLED_ITEM('color',(#11251),#3690);
#11251 = PRESENTATION_STYLE_ASSIGNMENT((#11252));
#11252 = SURFACE_STYLE_USAGE(.BOTH.,#11253);
#11253 = SURFACE_SIDE_STYLE('',(#11254));
#11254 = SURFACE_STYLE_FILL_AREA(#11255);
#11255 = FILL_AREA_STYLE('',(#11256));
#11256 = FILL_AREA_STYLE_COLOUR('',#11221);
#11257 = STYLED_ITEM('color',(#11258),#3714);
#11258 = PRESENTATION_STYLE_ASSIGNMENT((#11259));
#11259 = SURFACE_STYLE_USAGE(.BOTH.,#11260);
#11260 = SURFACE_SIDE_STYLE('',(#11261));
#11261 = SURFACE_STYLE_FILL_AREA(#11262);
#11262 = FILL_AREA_STYLE('',(#11263));
#11263 = FILL_AREA_STYLE_COLOUR('',#11221);
#11264 = STYLED_ITEM('color',(#11265),#3739);
#11265 = PRESENTATION_STYLE_ASSIGNMENT((#11266));
#11266 = SURFACE_STYLE_USAGE(.BOTH.,#11267);
#11267 = SURFACE_SIDE_STYLE('',(#11268));
#11268 = SURFACE_STYLE_FILL_AREA(#11269);
#11269 = FILL_AREA_STYLE('',(#11270));
#11270 = FILL_AREA_STYLE_COLOUR('',#11221);
#11271 = STYLED_ITEM('color',(#11272),#3764);
#11272 = PRESENTATION_STYLE_ASSIGNMENT((#11273));
#11273 = SURFACE_STYLE_USAGE(.BOTH.,#11274);
#11274 = SURFACE_SIDE_STYLE('',(#11275));
#11275 = SURFACE_STYLE_FILL_AREA(#11276);
#11276 = FILL_AREA_STYLE('',(#11277));
#11277 = FILL_AREA_STYLE_COLOUR('',#11221);
#11278 = STYLED_ITEM('color',(#11279),#3781);
#11279 = PRESENTATION_STYLE_ASSIGNMENT((#11280));
#11280 = SURFACE_STYLE_USAGE(.BOTH.,#11281);
#11281 = SURFACE_SIDE_STYLE('',(#11282));
#11282 = SURFACE_STYLE_FILL_AREA(#11283);
#11283 = FILL_AREA_STYLE('',(#11284));
#11284 = FILL_AREA_STYLE_COLOUR('',#11221);
#11285 = STYLED_ITEM('color',(#11286),#3867);
#11286 = PRESENTATION_STYLE_ASSIGNMENT((#11287));
#11287 = SURFACE_STYLE_USAGE(.BOTH.,#11288);
#11288 = SURFACE_SIDE_STYLE('',(#11289));
#11289 = SURFACE_STYLE_FILL_AREA(#11290);
#11290 = FILL_AREA_STYLE('',(#11291));
#11291 = FILL_AREA_STYLE_COLOUR('',#11292);
#11292 = COLOUR_RGB('',0.379000005575,0.270000008848,0.214999999939);
#11293 = STYLED_ITEM('color',(#11294),#3899);
#11294 = PRESENTATION_STYLE_ASSIGNMENT((#11295));
#11295 = SURFACE_STYLE_USAGE(.BOTH.,#11296);
#11296 = SURFACE_SIDE_STYLE('',(#11297));
#11297 = SURFACE_STYLE_FILL_AREA(#11298);
#11298 = FILL_AREA_STYLE('',(#11299));
#11299 = FILL_AREA_STYLE_COLOUR('',#11292);
#11300 = STYLED_ITEM('color',(#11301),#3923);
#11301 = PRESENTATION_STYLE_ASSIGNMENT((#11302));
#11302 = SURFACE_STYLE_USAGE(.BOTH.,#11303);
#11303 = SURFACE_SIDE_STYLE('',(#11304));
#11304 = SURFACE_STYLE_FILL_AREA(#11305);
#11305 = FILL_AREA_STYLE('',(#11306));
#11306 = FILL_AREA_STYLE_COLOUR('',#11292);
#11307 = STYLED_ITEM('color',(#11308),#3948);
#11308 = PRESENTATION_STYLE_ASSIGNMENT((#11309));
#11309 = SURFACE_STYLE_USAGE(.BOTH.,#11310);
#11310 = SURFACE_SIDE_STYLE('',(#11311));
#11311 = SURFACE_STYLE_FILL_AREA(#11312);
#11312 = FILL_AREA_STYLE('',(#11313));
#11313 = FILL_AREA_STYLE_COLOUR('',#11292);
#11314 = STYLED_ITEM('color',(#11315),#3972);
#11315 = PRESENTATION_STYLE_ASSIGNMENT((#11316));
#11316 = SURFACE_STYLE_USAGE(.BOTH.,#11317);
#11317 = SURFACE_SIDE_STYLE('',(#11318));
#11318 = SURFACE_STYLE_FILL_AREA(#11319);
#11319 = FILL_AREA_STYLE('',(#11320));
#11320 = FILL_AREA_STYLE_COLOUR('',#11292);
#11321 = STYLED_ITEM('color',(#11322),#3997);
#11322 = PRESENTATION_STYLE_ASSIGNMENT((#11323));
#11323 = SURFACE_STYLE_USAGE(.BOTH.,#11324);
#11324 = SURFACE_SIDE_STYLE('',(#11325));
#11325 = SURFACE_STYLE_FILL_AREA(#11326);
#11326 = FILL_AREA_STYLE('',(#11327));
#11327 = FILL_AREA_STYLE_COLOUR('',#11292);
#11328 = STYLED_ITEM('color',(#11329),#4021);
#11329 = PRESENTATION_STYLE_ASSIGNMENT((#11330));
#11330 = SURFACE_STYLE_USAGE(.BOTH.,#11331);
#11331 = SURFACE_SIDE_STYLE('',(#11332));
#11332 = SURFACE_STYLE_FILL_AREA(#11333);
#11333 = FILL_AREA_STYLE('',(#11334));
#11334 = FILL_AREA_STYLE_COLOUR('',#11292);
#11335 = STYLED_ITEM('color',(#11336),#4046);
#11336 = PRESENTATION_STYLE_ASSIGNMENT((#11337));
#11337 = SURFACE_STYLE_USAGE(.BOTH.,#11338);
#11338 = SURFACE_SIDE_STYLE('',(#11339));
#11339 = SURFACE_STYLE_FILL_AREA(#11340);
#11340 = FILL_AREA_STYLE('',(#11341));
#11341 = FILL_AREA_STYLE_COLOUR('',#11292);
#11342 = STYLED_ITEM('color',(#11343),#4063);
#11343 = PRESENTATION_STYLE_ASSIGNMENT((#11344));
#11344 = SURFACE_STYLE_USAGE(.BOTH.,#11345);
#11345 = SURFACE_SIDE_STYLE('',(#11346));
#11346 = SURFACE_STYLE_FILL_AREA(#11347);
#11347 = FILL_AREA_STYLE('',(#11348));
#11348 = FILL_AREA_STYLE_COLOUR('',#11221);
#11349 = STYLED_ITEM('color',(#11350),#4149);
#11350 = PRESENTATION_STYLE_ASSIGNMENT((#11351));
#11351 = SURFACE_STYLE_USAGE(.BOTH.,#11352);
#11352 = SURFACE_SIDE_STYLE('',(#11353));
#11353 = SURFACE_STYLE_FILL_AREA(#11354);
#11354 = FILL_AREA_STYLE('',(#11355));
#11355 = FILL_AREA_STYLE_COLOUR('',#11221);
#11356 = STYLED_ITEM('color',(#11357),#4180);
#11357 = PRESENTATION_STYLE_ASSIGNMENT((#11358));
#11358 = SURFACE_STYLE_USAGE(.BOTH.,#11359);
#11359 = SURFACE_SIDE_STYLE('',(#11360));
#11360 = SURFACE_STYLE_FILL_AREA(#11361);
#11361 = FILL_AREA_STYLE('',(#11362));
#11362 = FILL_AREA_STYLE_COLOUR('',#11221);
#11363 = STYLED_ITEM('color',(#11364),#4205);
#11364 = PRESENTATION_STYLE_ASSIGNMENT((#11365));
#11365 = SURFACE_STYLE_USAGE(.BOTH.,#11366);
#11366 = SURFACE_SIDE_STYLE('',(#11367));
#11367 = SURFACE_STYLE_FILL_AREA(#11368);
#11368 = FILL_AREA_STYLE('',(#11369));
#11369 = FILL_AREA_STYLE_COLOUR('',#11221);
#11370 = STYLED_ITEM('color',(#11371),#4230);
#11371 = PRESENTATION_STYLE_ASSIGNMENT((#11372));
#11372 = SURFACE_STYLE_USAGE(.BOTH.,#11373);
#11373 = SURFACE_SIDE_STYLE('',(#11374));
#11374 = SURFACE_STYLE_FILL_AREA(#11375);
#11375 = FILL_AREA_STYLE('',(#11376));
#11376 = FILL_AREA_STYLE_COLOUR('',#11221);
#11377 = STYLED_ITEM('color',(#11378),#4254);
#11378 = PRESENTATION_STYLE_ASSIGNMENT((#11379));
#11379 = SURFACE_STYLE_USAGE(.BOTH.,#11380);
#11380 = SURFACE_SIDE_STYLE('',(#11381));
#11381 = SURFACE_STYLE_FILL_AREA(#11382);
#11382 = FILL_AREA_STYLE('',(#11383));
#11383 = FILL_AREA_STYLE_COLOUR('',#11221);
#11384 = STYLED_ITEM('color',(#11385),#4278);
#11385 = PRESENTATION_STYLE_ASSIGNMENT((#11386));
#11386 = SURFACE_STYLE_USAGE(.BOTH.,#11387);
#11387 = SURFACE_SIDE_STYLE('',(#11388));
#11388 = SURFACE_STYLE_FILL_AREA(#11389);
#11389 = FILL_AREA_STYLE('',(#11390));
#11390 = FILL_AREA_STYLE_COLOUR('',#11221);
#11391 = STYLED_ITEM('color',(#11392),#4303);
#11392 = PRESENTATION_STYLE_ASSIGNMENT((#11393));
#11393 = SURFACE_STYLE_USAGE(.BOTH.,#11394);
#11394 = SURFACE_SIDE_STYLE('',(#11395));
#11395 = SURFACE_STYLE_FILL_AREA(#11396);
#11396 = FILL_AREA_STYLE('',(#11397));
#11397 = FILL_AREA_STYLE_COLOUR('',#11221);
#11398 = STYLED_ITEM('color',(#11399),#4328);
#11399 = PRESENTATION_STYLE_ASSIGNMENT((#11400));
#11400 = SURFACE_STYLE_USAGE(.BOTH.,#11401);
#11401 = SURFACE_SIDE_STYLE('',(#11402));
#11402 = SURFACE_STYLE_FILL_AREA(#11403);
#11403 = FILL_AREA_STYLE('',(#11404));
#11404 = FILL_AREA_STYLE_COLOUR('',#11221);
#11405 = STYLED_ITEM('color',(#11406),#4345);
#11406 = PRESENTATION_STYLE_ASSIGNMENT((#11407));
#11407 = SURFACE_STYLE_USAGE(.BOTH.,#11408);
#11408 = SURFACE_SIDE_STYLE('',(#11409));
#11409 = SURFACE_STYLE_FILL_AREA(#11410);
#11410 = FILL_AREA_STYLE('',(#11411));
#11411 = FILL_AREA_STYLE_COLOUR('',#11221);
#11412 = MECHANICAL_DESIGN_GEOMETRIC_PRESENTATION_REPRESENTATION('',(
    #11413,#11422,#11431,#11440,#11449,#11458,#11467,#11476,#11485,
    #11494,#11503,#11512,#11521,#11530,#11539,#11548,#11557,#11566,
    #11575,#11584,#11593,#11602,#11611,#11620,#11629,#11638,#11647,
    #11656,#11665,#11674,#11683,#11692,#11701,#11710,#11719,#11728,
    #11737,#11746,#11755,#11764,#11773,#11782,#11791,#11800,#11809,
    #11818,#11827,#11836,#11845,#11854,#11863,#11872,#11881,#11890,
    #11899,#11908,#11917,#11926,#11935,#11944,#11953,#11962,#11971,
    #11980,#11989,#11998,#12007,#12016,#12025,#12034,#12043,#12052,
    #12061,#12070,#12079,#12088,#12097,#12106,#12115,#12124,#12133,
    #12142,#12151,#12160,#12169,#12178,#12187,#12196,#12205,#12214,
    #12223,#12232,#12241,#12250,#12259,#12268,#12277,#12286,#12295,
    #12304,#12313,#12322,#12331,#12340,#12349,#12358,#12367,#12376,
    #12385,#12394,#12403,#12412,#12421,#12430,#12439,#12448,#12457,
    #12466,#12475,#12484,#12493,#12502,#12511,#12520,#12529,#12538,
    #12547,#12556,#12565,#12574,#12583,#12592,#12601,#12610,#12619,
    #12628,#12637,#12646,#12655,#12664,#12673,#12682,#12691,#12700,
    #12709,#12718,#12727),#8876);
#11413 = STYLED_ITEM('color',(#11414),#4410);
#11414 = PRESENTATION_STYLE_ASSIGNMENT((#11415,#11420));
#11415 = SURFACE_STYLE_USAGE(.BOTH.,#11416);
#11416 = SURFACE_SIDE_STYLE('',(#11417));
#11417 = SURFACE_STYLE_FILL_AREA(#11418);
#11418 = FILL_AREA_STYLE('',(#11419));
#11419 = FILL_AREA_STYLE_COLOUR('',#10813);
#11420 = CURVE_STYLE('',#11421,POSITIVE_LENGTH_MEASURE(0.1),#10813);
#11421 = DRAUGHTING_PRE_DEFINED_CURVE_FONT('continuous');
#11422 = STYLED_ITEM('color',(#11423),#4448);
#11423 = PRESENTATION_STYLE_ASSIGNMENT((#11424,#11429));
#11424 = SURFACE_STYLE_USAGE(.BOTH.,#11425);
#11425 = SURFACE_SIDE_STYLE('',(#11426));
#11426 = SURFACE_STYLE_FILL_AREA(#11427);
#11427 = FILL_AREA_STYLE('',(#11428));
#11428 = FILL_AREA_STYLE_COLOUR('',#10813);
#11429 = CURVE_STYLE('',#11430,POSITIVE_LENGTH_MEASURE(0.1),#10813);
#11430 = DRAUGHTING_PRE_DEFINED_CURVE_FONT('continuous');
#11431 = STYLED_ITEM('color',(#11432),#4511);
#11432 = PRESENTATION_STYLE_ASSIGNMENT((#11433,#11438));
#11433 = SURFACE_STYLE_USAGE(.BOTH.,#11434);
#11434 = SURFACE_SIDE_STYLE('',(#11435));
#11435 = SURFACE_STYLE_FILL_AREA(#11436);
#11436 = FILL_AREA_STYLE('',(#11437));
#11437 = FILL_AREA_STYLE_COLOUR('',#10813);
#11438 = CURVE_STYLE('',#11439,POSITIVE_LENGTH_MEASURE(0.1),#10813);
#11439 = DRAUGHTING_PRE_DEFINED_CURVE_FONT('continuous');
#11440 = STYLED_ITEM('color',(#11441),#4534);
#11441 = PRESENTATION_STYLE_ASSIGNMENT((#11442,#11447));
#11442 = SURFACE_STYLE_USAGE(.BOTH.,#11443);
#11443 = SURFACE_SIDE_STYLE('',(#11444));
#11444 = SURFACE_STYLE_FILL_AREA(#11445);
#11445 = FILL_AREA_STYLE('',(#11446));
#11446 = FILL_AREA_STYLE_COLOUR('',#10813);
#11447 = CURVE_STYLE('',#11448,POSITIVE_LENGTH_MEASURE(0.1),#10813);
#11448 = DRAUGHTING_PRE_DEFINED_CURVE_FONT('continuous');
#11449 = STYLED_ITEM('color',(#11450),#4563);
#11450 = PRESENTATION_STYLE_ASSIGNMENT((#11451,#11456));
#11451 = SURFACE_STYLE_USAGE(.BOTH.,#11452);
#11452 = SURFACE_SIDE_STYLE('',(#11453));
#11453 = SURFACE_STYLE_FILL_AREA(#11454);
#11454 = FILL_AREA_STYLE('',(#11455));
#11455 = FILL_AREA_STYLE_COLOUR('',#10813);
#11456 = CURVE_STYLE('',#11457,POSITIVE_LENGTH_MEASURE(0.1),#10813);
#11457 = DRAUGHTING_PRE_DEFINED_CURVE_FONT('continuous');
#11458 = STYLED_ITEM('color',(#11459),#4586);
#11459 = PRESENTATION_STYLE_ASSIGNMENT((#11460,#11465));
#11460 = SURFACE_STYLE_USAGE(.BOTH.,#11461);
#11461 = SURFACE_SIDE_STYLE('',(#11462));
#11462 = SURFACE_STYLE_FILL_AREA(#11463);
#11463 = FILL_AREA_STYLE('',(#11464));
#11464 = FILL_AREA_STYLE_COLOUR('',#10813);
#11465 = CURVE_STYLE('',#11466,POSITIVE_LENGTH_MEASURE(0.1),#10813);
#11466 = DRAUGHTING_PRE_DEFINED_CURVE_FONT('continuous');
#11467 = STYLED_ITEM('color',(#11468),#4673);
#11468 = PRESENTATION_STYLE_ASSIGNMENT((#11469,#11474));
#11469 = SURFACE_STYLE_USAGE(.BOTH.,#11470);
#11470 = SURFACE_SIDE_STYLE('',(#11471));
#11471 = SURFACE_STYLE_FILL_AREA(#11472);
#11472 = FILL_AREA_STYLE('',(#11473));
#11473 = FILL_AREA_STYLE_COLOUR('',#10813);
#11474 = CURVE_STYLE('',#11475,POSITIVE_LENGTH_MEASURE(0.1),#10813);
#11475 = DRAUGHTING_PRE_DEFINED_CURVE_FONT('continuous');
#11476 = STYLED_ITEM('color',(#11477),#4760);
#11477 = PRESENTATION_STYLE_ASSIGNMENT((#11478,#11483));
#11478 = SURFACE_STYLE_USAGE(.BOTH.,#11479);
#11479 = SURFACE_SIDE_STYLE('',(#11480));
#11480 = SURFACE_STYLE_FILL_AREA(#11481);
#11481 = FILL_AREA_STYLE('',(#11482));
#11482 = FILL_AREA_STYLE_COLOUR('',#10813);
#11483 = CURVE_STYLE('',#11484,POSITIVE_LENGTH_MEASURE(0.1),#10813);
#11484 = DRAUGHTING_PRE_DEFINED_CURVE_FONT('continuous');
#11485 = STYLED_ITEM('color',(#11486),#4783);
#11486 = PRESENTATION_STYLE_ASSIGNMENT((#11487,#11492));
#11487 = SURFACE_STYLE_USAGE(.BOTH.,#11488);
#11488 = SURFACE_SIDE_STYLE('',(#11489));
#11489 = SURFACE_STYLE_FILL_AREA(#11490);
#11490 = FILL_AREA_STYLE('',(#11491));
#11491 = FILL_AREA_STYLE_COLOUR('',#10813);
#11492 = CURVE_STYLE('',#11493,POSITIVE_LENGTH_MEASURE(0.1),#10813);
#11493 = DRAUGHTING_PRE_DEFINED_CURVE_FONT('continuous');
#11494 = STYLED_ITEM('color',(#11495),#4806);
#11495 = PRESENTATION_STYLE_ASSIGNMENT((#11496,#11501));
#11496 = SURFACE_STYLE_USAGE(.BOTH.,#11497);
#11497 = SURFACE_SIDE_STYLE('',(#11498));
#11498 = SURFACE_STYLE_FILL_AREA(#11499);
#11499 = FILL_AREA_STYLE('',(#11500));
#11500 = FILL_AREA_STYLE_COLOUR('',#10813);
#11501 = CURVE_STYLE('',#11502,POSITIVE_LENGTH_MEASURE(0.1),#10813);
#11502 = DRAUGHTING_PRE_DEFINED_CURVE_FONT('continuous');
#11503 = STYLED_ITEM('color',(#11504),#4823);
#11504 = PRESENTATION_STYLE_ASSIGNMENT((#11505,#11510));
#11505 = SURFACE_STYLE_USAGE(.BOTH.,#11506);
#11506 = SURFACE_SIDE_STYLE('',(#11507));
#11507 = SURFACE_STYLE_FILL_AREA(#11508);
#11508 = FILL_AREA_STYLE('',(#11509));
#11509 = FILL_AREA_STYLE_COLOUR('',#10813);
#11510 = CURVE_STYLE('',#11511,POSITIVE_LENGTH_MEASURE(0.1),#10813);
#11511 = DRAUGHTING_PRE_DEFINED_CURVE_FONT('continuous');
#11512 = STYLED_ITEM('color',(#11513),#4846);
#11513 = PRESENTATION_STYLE_ASSIGNMENT((#11514,#11519));
#11514 = SURFACE_STYLE_USAGE(.BOTH.,#11515);
#11515 = SURFACE_SIDE_STYLE('',(#11516));
#11516 = SURFACE_STYLE_FILL_AREA(#11517);
#11517 = FILL_AREA_STYLE('',(#11518));
#11518 = FILL_AREA_STYLE_COLOUR('',#10813);
#11519 = CURVE_STYLE('',#11520,POSITIVE_LENGTH_MEASURE(0.1),#10813);
#11520 = DRAUGHTING_PRE_DEFINED_CURVE_FONT('continuous');
#11521 = STYLED_ITEM('color',(#11522),#4934);
#11522 = PRESENTATION_STYLE_ASSIGNMENT((#11523,#11528));
#11523 = SURFACE_STYLE_USAGE(.BOTH.,#11524);
#11524 = SURFACE_SIDE_STYLE('',(#11525));
#11525 = SURFACE_STYLE_FILL_AREA(#11526);
#11526 = FILL_AREA_STYLE('',(#11527));
#11527 = FILL_AREA_STYLE_COLOUR('',#10813);
#11528 = CURVE_STYLE('',#11529,POSITIVE_LENGTH_MEASURE(0.1),#10813);
#11529 = DRAUGHTING_PRE_DEFINED_CURVE_FONT('continuous');
#11530 = STYLED_ITEM('color',(#11531),#4950);
#11531 = PRESENTATION_STYLE_ASSIGNMENT((#11532,#11537));
#11532 = SURFACE_STYLE_USAGE(.BOTH.,#11533);
#11533 = SURFACE_SIDE_STYLE('',(#11534));
#11534 = SURFACE_STYLE_FILL_AREA(#11535);
#11535 = FILL_AREA_STYLE('',(#11536));
#11536 = FILL_AREA_STYLE_COLOUR('',#10813);
#11537 = CURVE_STYLE('',#11538,POSITIVE_LENGTH_MEASURE(0.1),#10813);
#11538 = DRAUGHTING_PRE_DEFINED_CURVE_FONT('continuous');
#11539 = STYLED_ITEM('color',(#11540),#4980);
#11540 = PRESENTATION_STYLE_ASSIGNMENT((#11541,#11546));
#11541 = SURFACE_STYLE_USAGE(.BOTH.,#11542);
#11542 = SURFACE_SIDE_STYLE('',(#11543));
#11543 = SURFACE_STYLE_FILL_AREA(#11544);
#11544 = FILL_AREA_STYLE('',(#11545));
#11545 = FILL_AREA_STYLE_COLOUR('',#11221);
#11546 = CURVE_STYLE('',#11547,POSITIVE_LENGTH_MEASURE(0.1),#11221);
#11547 = DRAUGHTING_PRE_DEFINED_CURVE_FONT('continuous');
#11548 = STYLED_ITEM('color',(#11549),#5011);
#11549 = PRESENTATION_STYLE_ASSIGNMENT((#11550,#11555));
#11550 = SURFACE_STYLE_USAGE(.BOTH.,#11551);
#11551 = SURFACE_SIDE_STYLE('',(#11552));
#11552 = SURFACE_STYLE_FILL_AREA(#11553);
#11553 = FILL_AREA_STYLE('',(#11554));
#11554 = FILL_AREA_STYLE_COLOUR('',#10813);
#11555 = CURVE_STYLE('',#11556,POSITIVE_LENGTH_MEASURE(0.1),#10813);
#11556 = DRAUGHTING_PRE_DEFINED_CURVE_FONT('continuous');
#11557 = STYLED_ITEM('color',(#11558),#5042);
#11558 = PRESENTATION_STYLE_ASSIGNMENT((#11559,#11564));
#11559 = SURFACE_STYLE_USAGE(.BOTH.,#11560);
#11560 = SURFACE_SIDE_STYLE('',(#11561));
#11561 = SURFACE_STYLE_FILL_AREA(#11562);
#11562 = FILL_AREA_STYLE('',(#11563));
#11563 = FILL_AREA_STYLE_COLOUR('',#11221);
#11564 = CURVE_STYLE('',#11565,POSITIVE_LENGTH_MEASURE(0.1),#11221);
#11565 = DRAUGHTING_PRE_DEFINED_CURVE_FONT('continuous');
#11566 = STYLED_ITEM('color',(#11567),#5073);
#11567 = PRESENTATION_STYLE_ASSIGNMENT((#11568,#11573));
#11568 = SURFACE_STYLE_USAGE(.BOTH.,#11569);
#11569 = SURFACE_SIDE_STYLE('',(#11570));
#11570 = SURFACE_STYLE_FILL_AREA(#11571);
#11571 = FILL_AREA_STYLE('',(#11572));
#11572 = FILL_AREA_STYLE_COLOUR('',#10813);
#11573 = CURVE_STYLE('',#11574,POSITIVE_LENGTH_MEASURE(0.1),#10813);
#11574 = DRAUGHTING_PRE_DEFINED_CURVE_FONT('continuous');
#11575 = STYLED_ITEM('color',(#11576),#5104);
#11576 = PRESENTATION_STYLE_ASSIGNMENT((#11577,#11582));
#11577 = SURFACE_STYLE_USAGE(.BOTH.,#11578);
#11578 = SURFACE_SIDE_STYLE('',(#11579));
#11579 = SURFACE_STYLE_FILL_AREA(#11580);
#11580 = FILL_AREA_STYLE('',(#11581));
#11581 = FILL_AREA_STYLE_COLOUR('',#11221);
#11582 = CURVE_STYLE('',#11583,POSITIVE_LENGTH_MEASURE(0.1),#11221);
#11583 = DRAUGHTING_PRE_DEFINED_CURVE_FONT('continuous');
#11584 = STYLED_ITEM('color',(#11585),#5135);
#11585 = PRESENTATION_STYLE_ASSIGNMENT((#11586,#11591));
#11586 = SURFACE_STYLE_USAGE(.BOTH.,#11587);
#11587 = SURFACE_SIDE_STYLE('',(#11588));
#11588 = SURFACE_STYLE_FILL_AREA(#11589);
#11589 = FILL_AREA_STYLE('',(#11590));
#11590 = FILL_AREA_STYLE_COLOUR('',#10813);
#11591 = CURVE_STYLE('',#11592,POSITIVE_LENGTH_MEASURE(0.1),#10813);
#11592 = DRAUGHTING_PRE_DEFINED_CURVE_FONT('continuous');
#11593 = STYLED_ITEM('color',(#11594),#5166);
#11594 = PRESENTATION_STYLE_ASSIGNMENT((#11595,#11600));
#11595 = SURFACE_STYLE_USAGE(.BOTH.,#11596);
#11596 = SURFACE_SIDE_STYLE('',(#11597));
#11597 = SURFACE_STYLE_FILL_AREA(#11598);
#11598 = FILL_AREA_STYLE('',(#11599));
#11599 = FILL_AREA_STYLE_COLOUR('',#11221);
#11600 = CURVE_STYLE('',#11601,POSITIVE_LENGTH_MEASURE(0.1),#11221);
#11601 = DRAUGHTING_PRE_DEFINED_CURVE_FONT('continuous');
#11602 = STYLED_ITEM('color',(#11603),#5197);
#11603 = PRESENTATION_STYLE_ASSIGNMENT((#11604,#11609));
#11604 = SURFACE_STYLE_USAGE(.BOTH.,#11605);
#11605 = SURFACE_SIDE_STYLE('',(#11606));
#11606 = SURFACE_STYLE_FILL_AREA(#11607);
#11607 = FILL_AREA_STYLE('',(#11608));
#11608 = FILL_AREA_STYLE_COLOUR('',#10813);
#11609 = CURVE_STYLE('',#11610,POSITIVE_LENGTH_MEASURE(0.1),#10813);
#11610 = DRAUGHTING_PRE_DEFINED_CURVE_FONT('continuous');
#11611 = STYLED_ITEM('color',(#11612),#5214);
#11612 = PRESENTATION_STYLE_ASSIGNMENT((#11613,#11618));
#11613 = SURFACE_STYLE_USAGE(.BOTH.,#11614);
#11614 = SURFACE_SIDE_STYLE('',(#11615));
#11615 = SURFACE_STYLE_FILL_AREA(#11616);
#11616 = FILL_AREA_STYLE('',(#11617));
#11617 = FILL_AREA_STYLE_COLOUR('',#10813);
#11618 = CURVE_STYLE('',#11619,POSITIVE_LENGTH_MEASURE(0.1),#10813);
#11619 = DRAUGHTING_PRE_DEFINED_CURVE_FONT('continuous');
#11620 = STYLED_ITEM('color',(#11621),#5231);
#11621 = PRESENTATION_STYLE_ASSIGNMENT((#11622,#11627));
#11622 = SURFACE_STYLE_USAGE(.BOTH.,#11623);
#11623 = SURFACE_SIDE_STYLE('',(#11624));
#11624 = SURFACE_STYLE_FILL_AREA(#11625);
#11625 = FILL_AREA_STYLE('',(#11626));
#11626 = FILL_AREA_STYLE_COLOUR('',#11221);
#11627 = CURVE_STYLE('',#11628,POSITIVE_LENGTH_MEASURE(0.1),#11221);
#11628 = DRAUGHTING_PRE_DEFINED_CURVE_FONT('continuous');
#11629 = STYLED_ITEM('color',(#11630),#5262);
#11630 = PRESENTATION_STYLE_ASSIGNMENT((#11631,#11636));
#11631 = SURFACE_STYLE_USAGE(.BOTH.,#11632);
#11632 = SURFACE_SIDE_STYLE('',(#11633));
#11633 = SURFACE_STYLE_FILL_AREA(#11634);
#11634 = FILL_AREA_STYLE('',(#11635));
#11635 = FILL_AREA_STYLE_COLOUR('',#10813);
#11636 = CURVE_STYLE('',#11637,POSITIVE_LENGTH_MEASURE(0.1),#10813);
#11637 = DRAUGHTING_PRE_DEFINED_CURVE_FONT('continuous');
#11638 = STYLED_ITEM('color',(#11639),#5293);
#11639 = PRESENTATION_STYLE_ASSIGNMENT((#11640,#11645));
#11640 = SURFACE_STYLE_USAGE(.BOTH.,#11641);
#11641 = SURFACE_SIDE_STYLE('',(#11642));
#11642 = SURFACE_STYLE_FILL_AREA(#11643);
#11643 = FILL_AREA_STYLE('',(#11644));
#11644 = FILL_AREA_STYLE_COLOUR('',#11221);
#11645 = CURVE_STYLE('',#11646,POSITIVE_LENGTH_MEASURE(0.1),#11221);
#11646 = DRAUGHTING_PRE_DEFINED_CURVE_FONT('continuous');
#11647 = STYLED_ITEM('color',(#11648),#5324);
#11648 = PRESENTATION_STYLE_ASSIGNMENT((#11649,#11654));
#11649 = SURFACE_STYLE_USAGE(.BOTH.,#11650);
#11650 = SURFACE_SIDE_STYLE('',(#11651));
#11651 = SURFACE_STYLE_FILL_AREA(#11652);
#11652 = FILL_AREA_STYLE('',(#11653));
#11653 = FILL_AREA_STYLE_COLOUR('',#10813);
#11654 = CURVE_STYLE('',#11655,POSITIVE_LENGTH_MEASURE(0.1),#10813);
#11655 = DRAUGHTING_PRE_DEFINED_CURVE_FONT('continuous');
#11656 = STYLED_ITEM('color',(#11657),#5355);
#11657 = PRESENTATION_STYLE_ASSIGNMENT((#11658,#11663));
#11658 = SURFACE_STYLE_USAGE(.BOTH.,#11659);
#11659 = SURFACE_SIDE_STYLE('',(#11660));
#11660 = SURFACE_STYLE_FILL_AREA(#11661);
#11661 = FILL_AREA_STYLE('',(#11662));
#11662 = FILL_AREA_STYLE_COLOUR('',#11221);
#11663 = CURVE_STYLE('',#11664,POSITIVE_LENGTH_MEASURE(0.1),#11221);
#11664 = DRAUGHTING_PRE_DEFINED_CURVE_FONT('continuous');
#11665 = STYLED_ITEM('color',(#11666),#5386);
#11666 = PRESENTATION_STYLE_ASSIGNMENT((#11667,#11672));
#11667 = SURFACE_STYLE_USAGE(.BOTH.,#11668);
#11668 = SURFACE_SIDE_STYLE('',(#11669));
#11669 = SURFACE_STYLE_FILL_AREA(#11670);
#11670 = FILL_AREA_STYLE('',(#11671));
#11671 = FILL_AREA_STYLE_COLOUR('',#10813);
#11672 = CURVE_STYLE('',#11673,POSITIVE_LENGTH_MEASURE(0.1),#10813);
#11673 = DRAUGHTING_PRE_DEFINED_CURVE_FONT('continuous');
#11674 = STYLED_ITEM('color',(#11675),#5417);
#11675 = PRESENTATION_STYLE_ASSIGNMENT((#11676,#11681));
#11676 = SURFACE_STYLE_USAGE(.BOTH.,#11677);
#11677 = SURFACE_SIDE_STYLE('',(#11678));
#11678 = SURFACE_STYLE_FILL_AREA(#11679);
#11679 = FILL_AREA_STYLE('',(#11680));
#11680 = FILL_AREA_STYLE_COLOUR('',#11221);
#11681 = CURVE_STYLE('',#11682,POSITIVE_LENGTH_MEASURE(0.1),#11221);
#11682 = DRAUGHTING_PRE_DEFINED_CURVE_FONT('continuous');
#11683 = STYLED_ITEM('color',(#11684),#5448);
#11684 = PRESENTATION_STYLE_ASSIGNMENT((#11685,#11690));
#11685 = SURFACE_STYLE_USAGE(.BOTH.,#11686);
#11686 = SURFACE_SIDE_STYLE('',(#11687));
#11687 = SURFACE_STYLE_FILL_AREA(#11688);
#11688 = FILL_AREA_STYLE('',(#11689));
#11689 = FILL_AREA_STYLE_COLOUR('',#10813);
#11690 = CURVE_STYLE('',#11691,POSITIVE_LENGTH_MEASURE(0.1),#10813);
#11691 = DRAUGHTING_PRE_DEFINED_CURVE_FONT('continuous');
#11692 = STYLED_ITEM('color',(#11693),#5478);
#11693 = PRESENTATION_STYLE_ASSIGNMENT((#11694,#11699));
#11694 = SURFACE_STYLE_USAGE(.BOTH.,#11695);
#11695 = SURFACE_SIDE_STYLE('',(#11696));
#11696 = SURFACE_STYLE_FILL_AREA(#11697);
#11697 = FILL_AREA_STYLE('',(#11698));
#11698 = FILL_AREA_STYLE_COLOUR('',#10813);
#11699 = CURVE_STYLE('',#11700,POSITIVE_LENGTH_MEASURE(0.1),#10813);
#11700 = DRAUGHTING_PRE_DEFINED_CURVE_FONT('continuous');
#11701 = STYLED_ITEM('color',(#11702),#5501);
#11702 = PRESENTATION_STYLE_ASSIGNMENT((#11703,#11708));
#11703 = SURFACE_STYLE_USAGE(.BOTH.,#11704);
#11704 = SURFACE_SIDE_STYLE('',(#11705));
#11705 = SURFACE_STYLE_FILL_AREA(#11706);
#11706 = FILL_AREA_STYLE('',(#11707));
#11707 = FILL_AREA_STYLE_COLOUR('',#10813);
#11708 = CURVE_STYLE('',#11709,POSITIVE_LENGTH_MEASURE(0.1),#10813);
#11709 = DRAUGHTING_PRE_DEFINED_CURVE_FONT('continuous');
#11710 = STYLED_ITEM('color',(#11711),#5524);
#11711 = PRESENTATION_STYLE_ASSIGNMENT((#11712,#11717));
#11712 = SURFACE_STYLE_USAGE(.BOTH.,#11713);
#11713 = SURFACE_SIDE_STYLE('',(#11714));
#11714 = SURFACE_STYLE_FILL_AREA(#11715);
#11715 = FILL_AREA_STYLE('',(#11716));
#11716 = FILL_AREA_STYLE_COLOUR('',#10813);
#11717 = CURVE_STYLE('',#11718,POSITIVE_LENGTH_MEASURE(0.1),#10813);
#11718 = DRAUGHTING_PRE_DEFINED_CURVE_FONT('continuous');
#11719 = STYLED_ITEM('color',(#11720),#5541);
#11720 = PRESENTATION_STYLE_ASSIGNMENT((#11721,#11726));
#11721 = SURFACE_STYLE_USAGE(.BOTH.,#11722);
#11722 = SURFACE_SIDE_STYLE('',(#11723));
#11723 = SURFACE_STYLE_FILL_AREA(#11724);
#11724 = FILL_AREA_STYLE('',(#11725));
#11725 = FILL_AREA_STYLE_COLOUR('',#11221);
#11726 = CURVE_STYLE('',#11727,POSITIVE_LENGTH_MEASURE(0.1),#11221);
#11727 = DRAUGHTING_PRE_DEFINED_CURVE_FONT('continuous');
#11728 = STYLED_ITEM('color',(#11729),#5586);
#11729 = PRESENTATION_STYLE_ASSIGNMENT((#11730,#11735));
#11730 = SURFACE_STYLE_USAGE(.BOTH.,#11731);
#11731 = SURFACE_SIDE_STYLE('',(#11732));
#11732 = SURFACE_STYLE_FILL_AREA(#11733);
#11733 = FILL_AREA_STYLE('',(#11734));
#11734 = FILL_AREA_STYLE_COLOUR('',#10813);
#11735 = CURVE_STYLE('',#11736,POSITIVE_LENGTH_MEASURE(0.1),#10813);
#11736 = DRAUGHTING_PRE_DEFINED_CURVE_FONT('continuous');
#11737 = STYLED_ITEM('color',(#11738),#5672);
#11738 = PRESENTATION_STYLE_ASSIGNMENT((#11739,#11744));
#11739 = SURFACE_STYLE_USAGE(.BOTH.,#11740);
#11740 = SURFACE_SIDE_STYLE('',(#11741));
#11741 = SURFACE_STYLE_FILL_AREA(#11742);
#11742 = FILL_AREA_STYLE('',(#11743));
#11743 = FILL_AREA_STYLE_COLOUR('',#10813);
#11744 = CURVE_STYLE('',#11745,POSITIVE_LENGTH_MEASURE(0.1),#10813);
#11745 = DRAUGHTING_PRE_DEFINED_CURVE_FONT('continuous');
#11746 = STYLED_ITEM('color',(#11747),#5695);
#11747 = PRESENTATION_STYLE_ASSIGNMENT((#11748,#11753));
#11748 = SURFACE_STYLE_USAGE(.BOTH.,#11749);
#11749 = SURFACE_SIDE_STYLE('',(#11750));
#11750 = SURFACE_STYLE_FILL_AREA(#11751);
#11751 = FILL_AREA_STYLE('',(#11752));
#11752 = FILL_AREA_STYLE_COLOUR('',#10813);
#11753 = CURVE_STYLE('',#11754,POSITIVE_LENGTH_MEASURE(0.1),#10813);
#11754 = DRAUGHTING_PRE_DEFINED_CURVE_FONT('continuous');
#11755 = STYLED_ITEM('color',(#11756),#5718);
#11756 = PRESENTATION_STYLE_ASSIGNMENT((#11757,#11762));
#11757 = SURFACE_STYLE_USAGE(.BOTH.,#11758);
#11758 = SURFACE_SIDE_STYLE('',(#11759));
#11759 = SURFACE_STYLE_FILL_AREA(#11760);
#11760 = FILL_AREA_STYLE('',(#11761));
#11761 = FILL_AREA_STYLE_COLOUR('',#10813);
#11762 = CURVE_STYLE('',#11763,POSITIVE_LENGTH_MEASURE(0.1),#10813);
#11763 = DRAUGHTING_PRE_DEFINED_CURVE_FONT('continuous');
#11764 = STYLED_ITEM('color',(#11765),#5741);
#11765 = PRESENTATION_STYLE_ASSIGNMENT((#11766,#11771));
#11766 = SURFACE_STYLE_USAGE(.BOTH.,#11767);
#11767 = SURFACE_SIDE_STYLE('',(#11768));
#11768 = SURFACE_STYLE_FILL_AREA(#11769);
#11769 = FILL_AREA_STYLE('',(#11770));
#11770 = FILL_AREA_STYLE_COLOUR('',#10813);
#11771 = CURVE_STYLE('',#11772,POSITIVE_LENGTH_MEASURE(0.1),#10813);
#11772 = DRAUGHTING_PRE_DEFINED_CURVE_FONT('continuous');
#11773 = STYLED_ITEM('color',(#11774),#5828);
#11774 = PRESENTATION_STYLE_ASSIGNMENT((#11775,#11780));
#11775 = SURFACE_STYLE_USAGE(.BOTH.,#11776);
#11776 = SURFACE_SIDE_STYLE('',(#11777));
#11777 = SURFACE_STYLE_FILL_AREA(#11778);
#11778 = FILL_AREA_STYLE('',(#11779));
#11779 = FILL_AREA_STYLE_COLOUR('',#11221);
#11780 = CURVE_STYLE('',#11781,POSITIVE_LENGTH_MEASURE(0.1),#11221);
#11781 = DRAUGHTING_PRE_DEFINED_CURVE_FONT('continuous');
#11782 = STYLED_ITEM('color',(#11783),#5866);
#11783 = PRESENTATION_STYLE_ASSIGNMENT((#11784,#11789));
#11784 = SURFACE_STYLE_USAGE(.BOTH.,#11785);
#11785 = SURFACE_SIDE_STYLE('',(#11786));
#11786 = SURFACE_STYLE_FILL_AREA(#11787);
#11787 = FILL_AREA_STYLE('',(#11788));
#11788 = FILL_AREA_STYLE_COLOUR('',#10813);
#11789 = CURVE_STYLE('',#11790,POSITIVE_LENGTH_MEASURE(0.1),#10813);
#11790 = DRAUGHTING_PRE_DEFINED_CURVE_FONT('continuous');
#11791 = STYLED_ITEM('color',(#11792),#5915);
#11792 = PRESENTATION_STYLE_ASSIGNMENT((#11793,#11798));
#11793 = SURFACE_STYLE_USAGE(.BOTH.,#11794);
#11794 = SURFACE_SIDE_STYLE('',(#11795));
#11795 = SURFACE_STYLE_FILL_AREA(#11796);
#11796 = FILL_AREA_STYLE('',(#11797));
#11797 = FILL_AREA_STYLE_COLOUR('',#11221);
#11798 = CURVE_STYLE('',#11799,POSITIVE_LENGTH_MEASURE(0.1),#11221);
#11799 = DRAUGHTING_PRE_DEFINED_CURVE_FONT('continuous');
#11800 = STYLED_ITEM('color',(#11801),#6007);
#11801 = PRESENTATION_STYLE_ASSIGNMENT((#11802,#11807));
#11802 = SURFACE_STYLE_USAGE(.BOTH.,#11803);
#11803 = SURFACE_SIDE_STYLE('',(#11804));
#11804 = SURFACE_STYLE_FILL_AREA(#11805);
#11805 = FILL_AREA_STYLE('',(#11806));
#11806 = FILL_AREA_STYLE_COLOUR('',#11221);
#11807 = CURVE_STYLE('',#11808,POSITIVE_LENGTH_MEASURE(0.1),#11221);
#11808 = DRAUGHTING_PRE_DEFINED_CURVE_FONT('continuous');
#11809 = STYLED_ITEM('color',(#11810),#6032);
#11810 = PRESENTATION_STYLE_ASSIGNMENT((#11811,#11816));
#11811 = SURFACE_STYLE_USAGE(.BOTH.,#11812);
#11812 = SURFACE_SIDE_STYLE('',(#11813));
#11813 = SURFACE_STYLE_FILL_AREA(#11814);
#11814 = FILL_AREA_STYLE('',(#11815));
#11815 = FILL_AREA_STYLE_COLOUR('',#11221);
#11816 = CURVE_STYLE('',#11817,POSITIVE_LENGTH_MEASURE(0.1),#11221);
#11817 = DRAUGHTING_PRE_DEFINED_CURVE_FONT('continuous');
#11818 = STYLED_ITEM('color',(#11819),#6116);
#11819 = PRESENTATION_STYLE_ASSIGNMENT((#11820,#11825));
#11820 = SURFACE_STYLE_USAGE(.BOTH.,#11821);
#11821 = SURFACE_SIDE_STYLE('',(#11822));
#11822 = SURFACE_STYLE_FILL_AREA(#11823);
#11823 = FILL_AREA_STYLE('',(#11824));
#11824 = FILL_AREA_STYLE_COLOUR('',#10813);
#11825 = CURVE_STYLE('',#11826,POSITIVE_LENGTH_MEASURE(0.1),#10813);
#11826 = DRAUGHTING_PRE_DEFINED_CURVE_FONT('continuous');
#11827 = STYLED_ITEM('color',(#11828),#6138);
#11828 = PRESENTATION_STYLE_ASSIGNMENT((#11829,#11834));
#11829 = SURFACE_STYLE_USAGE(.BOTH.,#11830);
#11830 = SURFACE_SIDE_STYLE('',(#11831));
#11831 = SURFACE_STYLE_FILL_AREA(#11832);
#11832 = FILL_AREA_STYLE('',(#11833));
#11833 = FILL_AREA_STYLE_COLOUR('',#11221);
#11834 = CURVE_STYLE('',#11835,POSITIVE_LENGTH_MEASURE(0.1),#11221);
#11835 = DRAUGHTING_PRE_DEFINED_CURVE_FONT('continuous');
#11836 = STYLED_ITEM('color',(#11837),#6230);
#11837 = PRESENTATION_STYLE_ASSIGNMENT((#11838,#11843));
#11838 = SURFACE_STYLE_USAGE(.BOTH.,#11839);
#11839 = SURFACE_SIDE_STYLE('',(#11840));
#11840 = SURFACE_STYLE_FILL_AREA(#11841);
#11841 = FILL_AREA_STYLE('',(#11842));
#11842 = FILL_AREA_STYLE_COLOUR('',#11221);
#11843 = CURVE_STYLE('',#11844,POSITIVE_LENGTH_MEASURE(0.1),#11221);
#11844 = DRAUGHTING_PRE_DEFINED_CURVE_FONT('continuous');
#11845 = STYLED_ITEM('color',(#11846),#6255);
#11846 = PRESENTATION_STYLE_ASSIGNMENT((#11847,#11852));
#11847 = SURFACE_STYLE_USAGE(.BOTH.,#11848);
#11848 = SURFACE_SIDE_STYLE('',(#11849));
#11849 = SURFACE_STYLE_FILL_AREA(#11850);
#11850 = FILL_AREA_STYLE('',(#11851));
#11851 = FILL_AREA_STYLE_COLOUR('',#11221);
#11852 = CURVE_STYLE('',#11853,POSITIVE_LENGTH_MEASURE(0.1),#11221);
#11853 = DRAUGHTING_PRE_DEFINED_CURVE_FONT('continuous');
#11854 = STYLED_ITEM('color',(#11855),#6339);
#11855 = PRESENTATION_STYLE_ASSIGNMENT((#11856,#11861));
#11856 = SURFACE_STYLE_USAGE(.BOTH.,#11857);
#11857 = SURFACE_SIDE_STYLE('',(#11858));
#11858 = SURFACE_STYLE_FILL_AREA(#11859);
#11859 = FILL_AREA_STYLE('',(#11860));
#11860 = FILL_AREA_STYLE_COLOUR('',#10813);
#11861 = CURVE_STYLE('',#11862,POSITIVE_LENGTH_MEASURE(0.1),#10813);
#11862 = DRAUGHTING_PRE_DEFINED_CURVE_FONT('continuous');
#11863 = STYLED_ITEM('color',(#11864),#6361);
#11864 = PRESENTATION_STYLE_ASSIGNMENT((#11865,#11870));
#11865 = SURFACE_STYLE_USAGE(.BOTH.,#11866);
#11866 = SURFACE_SIDE_STYLE('',(#11867));
#11867 = SURFACE_STYLE_FILL_AREA(#11868);
#11868 = FILL_AREA_STYLE('',(#11869));
#11869 = FILL_AREA_STYLE_COLOUR('',#11221);
#11870 = CURVE_STYLE('',#11871,POSITIVE_LENGTH_MEASURE(0.1),#11221);
#11871 = DRAUGHTING_PRE_DEFINED_CURVE_FONT('continuous');
#11872 = STYLED_ITEM('color',(#11873),#6453);
#11873 = PRESENTATION_STYLE_ASSIGNMENT((#11874,#11879));
#11874 = SURFACE_STYLE_USAGE(.BOTH.,#11875);
#11875 = SURFACE_SIDE_STYLE('',(#11876));
#11876 = SURFACE_STYLE_FILL_AREA(#11877);
#11877 = FILL_AREA_STYLE('',(#11878));
#11878 = FILL_AREA_STYLE_COLOUR('',#11221);
#11879 = CURVE_STYLE('',#11880,POSITIVE_LENGTH_MEASURE(0.1),#11221);
#11880 = DRAUGHTING_PRE_DEFINED_CURVE_FONT('continuous');
#11881 = STYLED_ITEM('color',(#11882),#6478);
#11882 = PRESENTATION_STYLE_ASSIGNMENT((#11883,#11888));
#11883 = SURFACE_STYLE_USAGE(.BOTH.,#11884);
#11884 = SURFACE_SIDE_STYLE('',(#11885));
#11885 = SURFACE_STYLE_FILL_AREA(#11886);
#11886 = FILL_AREA_STYLE('',(#11887));
#11887 = FILL_AREA_STYLE_COLOUR('',#11221);
#11888 = CURVE_STYLE('',#11889,POSITIVE_LENGTH_MEASURE(0.1),#11221);
#11889 = DRAUGHTING_PRE_DEFINED_CURVE_FONT('continuous');
#11890 = STYLED_ITEM('color',(#11891),#6562);
#11891 = PRESENTATION_STYLE_ASSIGNMENT((#11892,#11897));
#11892 = SURFACE_STYLE_USAGE(.BOTH.,#11893);
#11893 = SURFACE_SIDE_STYLE('',(#11894));
#11894 = SURFACE_STYLE_FILL_AREA(#11895);
#11895 = FILL_AREA_STYLE('',(#11896));
#11896 = FILL_AREA_STYLE_COLOUR('',#10813);
#11897 = CURVE_STYLE('',#11898,POSITIVE_LENGTH_MEASURE(0.1),#10813);
#11898 = DRAUGHTING_PRE_DEFINED_CURVE_FONT('continuous');
#11899 = STYLED_ITEM('color',(#11900),#6579);
#11900 = PRESENTATION_STYLE_ASSIGNMENT((#11901,#11906));
#11901 = SURFACE_STYLE_USAGE(.BOTH.,#11902);
#11902 = SURFACE_SIDE_STYLE('',(#11903));
#11903 = SURFACE_STYLE_FILL_AREA(#11904);
#11904 = FILL_AREA_STYLE('',(#11905));
#11905 = FILL_AREA_STYLE_COLOUR('',#11221);
#11906 = CURVE_STYLE('',#11907,POSITIVE_LENGTH_MEASURE(0.1),#11221);
#11907 = DRAUGHTING_PRE_DEFINED_CURVE_FONT('continuous');
#11908 = STYLED_ITEM('color',(#11909),#6664);
#11909 = PRESENTATION_STYLE_ASSIGNMENT((#11910,#11915));
#11910 = SURFACE_STYLE_USAGE(.BOTH.,#11911);
#11911 = SURFACE_SIDE_STYLE('',(#11912));
#11912 = SURFACE_STYLE_FILL_AREA(#11913);
#11913 = FILL_AREA_STYLE('',(#11914));
#11914 = FILL_AREA_STYLE_COLOUR('',#11221);
#11915 = CURVE_STYLE('',#11916,POSITIVE_LENGTH_MEASURE(0.1),#11221);
#11916 = DRAUGHTING_PRE_DEFINED_CURVE_FONT('continuous');
#11917 = STYLED_ITEM('color',(#11918),#6689);
#11918 = PRESENTATION_STYLE_ASSIGNMENT((#11919,#11924));
#11919 = SURFACE_STYLE_USAGE(.BOTH.,#11920);
#11920 = SURFACE_SIDE_STYLE('',(#11921));
#11921 = SURFACE_STYLE_FILL_AREA(#11922);
#11922 = FILL_AREA_STYLE('',(#11923));
#11923 = FILL_AREA_STYLE_COLOUR('',#11221);
#11924 = CURVE_STYLE('',#11925,POSITIVE_LENGTH_MEASURE(0.1),#11221);
#11925 = DRAUGHTING_PRE_DEFINED_CURVE_FONT('continuous');
#11926 = STYLED_ITEM('color',(#11927),#6766);
#11927 = PRESENTATION_STYLE_ASSIGNMENT((#11928,#11933));
#11928 = SURFACE_STYLE_USAGE(.BOTH.,#11929);
#11929 = SURFACE_SIDE_STYLE('',(#11930));
#11930 = SURFACE_STYLE_FILL_AREA(#11931);
#11931 = FILL_AREA_STYLE('',(#11932));
#11932 = FILL_AREA_STYLE_COLOUR('',#11221);
#11933 = CURVE_STYLE('',#11934,POSITIVE_LENGTH_MEASURE(0.1),#11221);
#11934 = DRAUGHTING_PRE_DEFINED_CURVE_FONT('continuous');
#11935 = STYLED_ITEM('color',(#11936),#6851);
#11936 = PRESENTATION_STYLE_ASSIGNMENT((#11937,#11942));
#11937 = SURFACE_STYLE_USAGE(.BOTH.,#11938);
#11938 = SURFACE_SIDE_STYLE('',(#11939));
#11939 = SURFACE_STYLE_FILL_AREA(#11940);
#11940 = FILL_AREA_STYLE('',(#11941));
#11941 = FILL_AREA_STYLE_COLOUR('',#11221);
#11942 = CURVE_STYLE('',#11943,POSITIVE_LENGTH_MEASURE(0.1),#11221);
#11943 = DRAUGHTING_PRE_DEFINED_CURVE_FONT('continuous');
#11944 = STYLED_ITEM('color',(#11945),#6876);
#11945 = PRESENTATION_STYLE_ASSIGNMENT((#11946,#11951));
#11946 = SURFACE_STYLE_USAGE(.BOTH.,#11947);
#11947 = SURFACE_SIDE_STYLE('',(#11948));
#11948 = SURFACE_STYLE_FILL_AREA(#11949);
#11949 = FILL_AREA_STYLE('',(#11950));
#11950 = FILL_AREA_STYLE_COLOUR('',#11221);
#11951 = CURVE_STYLE('',#11952,POSITIVE_LENGTH_MEASURE(0.1),#11221);
#11952 = DRAUGHTING_PRE_DEFINED_CURVE_FONT('continuous');
#11953 = STYLED_ITEM('color',(#11954),#6953);
#11954 = PRESENTATION_STYLE_ASSIGNMENT((#11955,#11960));
#11955 = SURFACE_STYLE_USAGE(.BOTH.,#11956);
#11956 = SURFACE_SIDE_STYLE('',(#11957));
#11957 = SURFACE_STYLE_FILL_AREA(#11958);
#11958 = FILL_AREA_STYLE('',(#11959));
#11959 = FILL_AREA_STYLE_COLOUR('',#10813);
#11960 = CURVE_STYLE('',#11961,POSITIVE_LENGTH_MEASURE(0.1),#10813);
#11961 = DRAUGHTING_PRE_DEFINED_CURVE_FONT('continuous');
#11962 = STYLED_ITEM('color',(#11963),#6970);
#11963 = PRESENTATION_STYLE_ASSIGNMENT((#11964,#11969));
#11964 = SURFACE_STYLE_USAGE(.BOTH.,#11965);
#11965 = SURFACE_SIDE_STYLE('',(#11966));
#11966 = SURFACE_STYLE_FILL_AREA(#11967);
#11967 = FILL_AREA_STYLE('',(#11968));
#11968 = FILL_AREA_STYLE_COLOUR('',#11221);
#11969 = CURVE_STYLE('',#11970,POSITIVE_LENGTH_MEASURE(0.1),#11221);
#11970 = DRAUGHTING_PRE_DEFINED_CURVE_FONT('continuous');
#11971 = STYLED_ITEM('color',(#11972),#7062);
#11972 = PRESENTATION_STYLE_ASSIGNMENT((#11973,#11978));
#11973 = SURFACE_STYLE_USAGE(.BOTH.,#11974);
#11974 = SURFACE_SIDE_STYLE('',(#11975));
#11975 = SURFACE_STYLE_FILL_AREA(#11976);
#11976 = FILL_AREA_STYLE('',(#11977));
#11977 = FILL_AREA_STYLE_COLOUR('',#11221);
#11978 = CURVE_STYLE('',#11979,POSITIVE_LENGTH_MEASURE(0.1),#11221);
#11979 = DRAUGHTING_PRE_DEFINED_CURVE_FONT('continuous');
#11980 = STYLED_ITEM('color',(#11981),#7087);
#11981 = PRESENTATION_STYLE_ASSIGNMENT((#11982,#11987));
#11982 = SURFACE_STYLE_USAGE(.BOTH.,#11983);
#11983 = SURFACE_SIDE_STYLE('',(#11984));
#11984 = SURFACE_STYLE_FILL_AREA(#11985);
#11985 = FILL_AREA_STYLE('',(#11986));
#11986 = FILL_AREA_STYLE_COLOUR('',#11221);
#11987 = CURVE_STYLE('',#11988,POSITIVE_LENGTH_MEASURE(0.1),#11221);
#11988 = DRAUGHTING_PRE_DEFINED_CURVE_FONT('continuous');
#11989 = STYLED_ITEM('color',(#11990),#7171);
#11990 = PRESENTATION_STYLE_ASSIGNMENT((#11991,#11996));
#11991 = SURFACE_STYLE_USAGE(.BOTH.,#11992);
#11992 = SURFACE_SIDE_STYLE('',(#11993));
#11993 = SURFACE_STYLE_FILL_AREA(#11994);
#11994 = FILL_AREA_STYLE('',(#11995));
#11995 = FILL_AREA_STYLE_COLOUR('',#10813);
#11996 = CURVE_STYLE('',#11997,POSITIVE_LENGTH_MEASURE(0.1),#10813);
#11997 = DRAUGHTING_PRE_DEFINED_CURVE_FONT('continuous');
#11998 = STYLED_ITEM('color',(#11999),#7193);
#11999 = PRESENTATION_STYLE_ASSIGNMENT((#12000,#12005));
#12000 = SURFACE_STYLE_USAGE(.BOTH.,#12001);
#12001 = SURFACE_SIDE_STYLE('',(#12002));
#12002 = SURFACE_STYLE_FILL_AREA(#12003);
#12003 = FILL_AREA_STYLE('',(#12004));
#12004 = FILL_AREA_STYLE_COLOUR('',#11221);
#12005 = CURVE_STYLE('',#12006,POSITIVE_LENGTH_MEASURE(0.1),#11221);
#12006 = DRAUGHTING_PRE_DEFINED_CURVE_FONT('continuous');
#12007 = STYLED_ITEM('color',(#12008),#7285);
#12008 = PRESENTATION_STYLE_ASSIGNMENT((#12009,#12014));
#12009 = SURFACE_STYLE_USAGE(.BOTH.,#12010);
#12010 = SURFACE_SIDE_STYLE('',(#12011));
#12011 = SURFACE_STYLE_FILL_AREA(#12012);
#12012 = FILL_AREA_STYLE('',(#12013));
#12013 = FILL_AREA_STYLE_COLOUR('',#11221);
#12014 = CURVE_STYLE('',#12015,POSITIVE_LENGTH_MEASURE(0.1),#11221);
#12015 = DRAUGHTING_PRE_DEFINED_CURVE_FONT('continuous');
#12016 = STYLED_ITEM('color',(#12017),#7310);
#12017 = PRESENTATION_STYLE_ASSIGNMENT((#12018,#12023));
#12018 = SURFACE_STYLE_USAGE(.BOTH.,#12019);
#12019 = SURFACE_SIDE_STYLE('',(#12020));
#12020 = SURFACE_STYLE_FILL_AREA(#12021);
#12021 = FILL_AREA_STYLE('',(#12022));
#12022 = FILL_AREA_STYLE_COLOUR('',#11221);
#12023 = CURVE_STYLE('',#12024,POSITIVE_LENGTH_MEASURE(0.1),#11221);
#12024 = DRAUGHTING_PRE_DEFINED_CURVE_FONT('continuous');
#12025 = STYLED_ITEM('color',(#12026),#7394);
#12026 = PRESENTATION_STYLE_ASSIGNMENT((#12027,#12032));
#12027 = SURFACE_STYLE_USAGE(.BOTH.,#12028);
#12028 = SURFACE_SIDE_STYLE('',(#12029));
#12029 = SURFACE_STYLE_FILL_AREA(#12030);
#12030 = FILL_AREA_STYLE('',(#12031));
#12031 = FILL_AREA_STYLE_COLOUR('',#10813);
#12032 = CURVE_STYLE('',#12033,POSITIVE_LENGTH_MEASURE(0.1),#10813);
#12033 = DRAUGHTING_PRE_DEFINED_CURVE_FONT('continuous');
#12034 = STYLED_ITEM('color',(#12035),#7416);
#12035 = PRESENTATION_STYLE_ASSIGNMENT((#12036,#12041));
#12036 = SURFACE_STYLE_USAGE(.BOTH.,#12037);
#12037 = SURFACE_SIDE_STYLE('',(#12038));
#12038 = SURFACE_STYLE_FILL_AREA(#12039);
#12039 = FILL_AREA_STYLE('',(#12040));
#12040 = FILL_AREA_STYLE_COLOUR('',#11221);
#12041 = CURVE_STYLE('',#12042,POSITIVE_LENGTH_MEASURE(0.1),#11221);
#12042 = DRAUGHTING_PRE_DEFINED_CURVE_FONT('continuous');
#12043 = STYLED_ITEM('color',(#12044),#7508);
#12044 = PRESENTATION_STYLE_ASSIGNMENT((#12045,#12050));
#12045 = SURFACE_STYLE_USAGE(.BOTH.,#12046);
#12046 = SURFACE_SIDE_STYLE('',(#12047));
#12047 = SURFACE_STYLE_FILL_AREA(#12048);
#12048 = FILL_AREA_STYLE('',(#12049));
#12049 = FILL_AREA_STYLE_COLOUR('',#11221);
#12050 = CURVE_STYLE('',#12051,POSITIVE_LENGTH_MEASURE(0.1),#11221);
#12051 = DRAUGHTING_PRE_DEFINED_CURVE_FONT('continuous');
#12052 = STYLED_ITEM('color',(#12053),#7533);
#12053 = PRESENTATION_STYLE_ASSIGNMENT((#12054,#12059));
#12054 = SURFACE_STYLE_USAGE(.BOTH.,#12055);
#12055 = SURFACE_SIDE_STYLE('',(#12056));
#12056 = SURFACE_STYLE_FILL_AREA(#12057);
#12057 = FILL_AREA_STYLE('',(#12058));
#12058 = FILL_AREA_STYLE_COLOUR('',#11221);
#12059 = CURVE_STYLE('',#12060,POSITIVE_LENGTH_MEASURE(0.1),#11221);
#12060 = DRAUGHTING_PRE_DEFINED_CURVE_FONT('continuous');
#12061 = STYLED_ITEM('color',(#12062),#7617);
#12062 = PRESENTATION_STYLE_ASSIGNMENT((#12063,#12068));
#12063 = SURFACE_STYLE_USAGE(.BOTH.,#12064);
#12064 = SURFACE_SIDE_STYLE('',(#12065));
#12065 = SURFACE_STYLE_FILL_AREA(#12066);
#12066 = FILL_AREA_STYLE('',(#12067));
#12067 = FILL_AREA_STYLE_COLOUR('',#11221);
#12068 = CURVE_STYLE('',#12069,POSITIVE_LENGTH_MEASURE(0.1),#11221);
#12069 = DRAUGHTING_PRE_DEFINED_CURVE_FONT('continuous');
#12070 = STYLED_ITEM('color',(#12071),#7634);
#12071 = PRESENTATION_STYLE_ASSIGNMENT((#12072,#12077));
#12072 = SURFACE_STYLE_USAGE(.BOTH.,#12073);
#12073 = SURFACE_SIDE_STYLE('',(#12074));
#12074 = SURFACE_STYLE_FILL_AREA(#12075);
#12075 = FILL_AREA_STYLE('',(#12076));
#12076 = FILL_AREA_STYLE_COLOUR('',#11221);
#12077 = CURVE_STYLE('',#12078,POSITIVE_LENGTH_MEASURE(0.1),#11221);
#12078 = DRAUGHTING_PRE_DEFINED_CURVE_FONT('continuous');
#12079 = STYLED_ITEM('color',(#12080),#7653);
#12080 = PRESENTATION_STYLE_ASSIGNMENT((#12081,#12086));
#12081 = SURFACE_STYLE_USAGE(.BOTH.,#12082);
#12082 = SURFACE_SIDE_STYLE('',(#12083));
#12083 = SURFACE_STYLE_FILL_AREA(#12084);
#12084 = FILL_AREA_STYLE('',(#12085));
#12085 = FILL_AREA_STYLE_COLOUR('',#11221);
#12086 = CURVE_STYLE('',#12087,POSITIVE_LENGTH_MEASURE(0.1),#11221);
#12087 = DRAUGHTING_PRE_DEFINED_CURVE_FONT('continuous');
#12088 = STYLED_ITEM('color',(#12089),#7672);
#12089 = PRESENTATION_STYLE_ASSIGNMENT((#12090,#12095));
#12090 = SURFACE_STYLE_USAGE(.BOTH.,#12091);
#12091 = SURFACE_SIDE_STYLE('',(#12092));
#12092 = SURFACE_STYLE_FILL_AREA(#12093);
#12093 = FILL_AREA_STYLE('',(#12094));
#12094 = FILL_AREA_STYLE_COLOUR('',#11221);
#12095 = CURVE_STYLE('',#12096,POSITIVE_LENGTH_MEASURE(0.1),#11221);
#12096 = DRAUGHTING_PRE_DEFINED_CURVE_FONT('continuous');
#12097 = STYLED_ITEM('color',(#12098),#7691);
#12098 = PRESENTATION_STYLE_ASSIGNMENT((#12099,#12104));
#12099 = SURFACE_STYLE_USAGE(.BOTH.,#12100);
#12100 = SURFACE_SIDE_STYLE('',(#12101));
#12101 = SURFACE_STYLE_FILL_AREA(#12102);
#12102 = FILL_AREA_STYLE('',(#12103));
#12103 = FILL_AREA_STYLE_COLOUR('',#10813);
#12104 = CURVE_STYLE('',#12105,POSITIVE_LENGTH_MEASURE(0.1),#10813);
#12105 = DRAUGHTING_PRE_DEFINED_CURVE_FONT('continuous');
#12106 = STYLED_ITEM('color',(#12107),#7737);
#12107 = PRESENTATION_STYLE_ASSIGNMENT((#12108,#12113));
#12108 = SURFACE_STYLE_USAGE(.BOTH.,#12109);
#12109 = SURFACE_SIDE_STYLE('',(#12110));
#12110 = SURFACE_STYLE_FILL_AREA(#12111);
#12111 = FILL_AREA_STYLE('',(#12112));
#12112 = FILL_AREA_STYLE_COLOUR('',#10813);
#12113 = CURVE_STYLE('',#12114,POSITIVE_LENGTH_MEASURE(0.1),#10813);
#12114 = DRAUGHTING_PRE_DEFINED_CURVE_FONT('continuous');
#12115 = STYLED_ITEM('color',(#12116),#7753);
#12116 = PRESENTATION_STYLE_ASSIGNMENT((#12117,#12122));
#12117 = SURFACE_STYLE_USAGE(.BOTH.,#12118);
#12118 = SURFACE_SIDE_STYLE('',(#12119));
#12119 = SURFACE_STYLE_FILL_AREA(#12120);
#12120 = FILL_AREA_STYLE('',(#12121));
#12121 = FILL_AREA_STYLE_COLOUR('',#11221);
#12122 = CURVE_STYLE('',#12123,POSITIVE_LENGTH_MEASURE(0.1),#11221);
#12123 = DRAUGHTING_PRE_DEFINED_CURVE_FONT('continuous');
#12124 = STYLED_ITEM('color',(#12125),#7772);
#12125 = PRESENTATION_STYLE_ASSIGNMENT((#12126,#12131));
#12126 = SURFACE_STYLE_USAGE(.BOTH.,#12127);
#12127 = SURFACE_SIDE_STYLE('',(#12128));
#12128 = SURFACE_STYLE_FILL_AREA(#12129);
#12129 = FILL_AREA_STYLE('',(#12130));
#12130 = FILL_AREA_STYLE_COLOUR('',#11221);
#12131 = CURVE_STYLE('',#12132,POSITIVE_LENGTH_MEASURE(0.1),#11221);
#12132 = DRAUGHTING_PRE_DEFINED_CURVE_FONT('continuous');
#12133 = STYLED_ITEM('color',(#12134),#7791);
#12134 = PRESENTATION_STYLE_ASSIGNMENT((#12135,#12140));
#12135 = SURFACE_STYLE_USAGE(.BOTH.,#12136);
#12136 = SURFACE_SIDE_STYLE('',(#12137));
#12137 = SURFACE_STYLE_FILL_AREA(#12138);
#12138 = FILL_AREA_STYLE('',(#12139));
#12139 = FILL_AREA_STYLE_COLOUR('',#11221);
#12140 = CURVE_STYLE('',#12141,POSITIVE_LENGTH_MEASURE(0.1),#11221);
#12141 = DRAUGHTING_PRE_DEFINED_CURVE_FONT('continuous');
#12142 = STYLED_ITEM('color',(#12143),#7810);
#12143 = PRESENTATION_STYLE_ASSIGNMENT((#12144,#12149));
#12144 = SURFACE_STYLE_USAGE(.BOTH.,#12145);
#12145 = SURFACE_SIDE_STYLE('',(#12146));
#12146 = SURFACE_STYLE_FILL_AREA(#12147);
#12147 = FILL_AREA_STYLE('',(#12148));
#12148 = FILL_AREA_STYLE_COLOUR('',#10813);
#12149 = CURVE_STYLE('',#12150,POSITIVE_LENGTH_MEASURE(0.1),#10813);
#12150 = DRAUGHTING_PRE_DEFINED_CURVE_FONT('continuous');
#12151 = STYLED_ITEM('color',(#12152),#7826);
#12152 = PRESENTATION_STYLE_ASSIGNMENT((#12153,#12158));
#12153 = SURFACE_STYLE_USAGE(.BOTH.,#12154);
#12154 = SURFACE_SIDE_STYLE('',(#12155));
#12155 = SURFACE_STYLE_FILL_AREA(#12156);
#12156 = FILL_AREA_STYLE('',(#12157));
#12157 = FILL_AREA_STYLE_COLOUR('',#11221);
#12158 = CURVE_STYLE('',#12159,POSITIVE_LENGTH_MEASURE(0.1),#11221);
#12159 = DRAUGHTING_PRE_DEFINED_CURVE_FONT('continuous');
#12160 = STYLED_ITEM('color',(#12161),#7843);
#12161 = PRESENTATION_STYLE_ASSIGNMENT((#12162,#12167));
#12162 = SURFACE_STYLE_USAGE(.BOTH.,#12163);
#12163 = SURFACE_SIDE_STYLE('',(#12164));
#12164 = SURFACE_STYLE_FILL_AREA(#12165);
#12165 = FILL_AREA_STYLE('',(#12166));
#12166 = FILL_AREA_STYLE_COLOUR('',#10813);
#12167 = CURVE_STYLE('',#12168,POSITIVE_LENGTH_MEASURE(0.1),#10813);
#12168 = DRAUGHTING_PRE_DEFINED_CURVE_FONT('continuous');
#12169 = STYLED_ITEM('color',(#12170),#7855);
#12170 = PRESENTATION_STYLE_ASSIGNMENT((#12171,#12176));
#12171 = SURFACE_STYLE_USAGE(.BOTH.,#12172);
#12172 = SURFACE_SIDE_STYLE('',(#12173));
#12173 = SURFACE_STYLE_FILL_AREA(#12174);
#12174 = FILL_AREA_STYLE('',(#12175));
#12175 = FILL_AREA_STYLE_COLOUR('',#11221);
#12176 = CURVE_STYLE('',#12177,POSITIVE_LENGTH_MEASURE(0.1),#11221);
#12177 = DRAUGHTING_PRE_DEFINED_CURVE_FONT('continuous');
#12178 = STYLED_ITEM('color',(#12179),#7872);
#12179 = PRESENTATION_STYLE_ASSIGNMENT((#12180,#12185));
#12180 = SURFACE_STYLE_USAGE(.BOTH.,#12181);
#12181 = SURFACE_SIDE_STYLE('',(#12182));
#12182 = SURFACE_STYLE_FILL_AREA(#12183);
#12183 = FILL_AREA_STYLE('',(#12184));
#12184 = FILL_AREA_STYLE_COLOUR('',#11221);
#12185 = CURVE_STYLE('',#12186,POSITIVE_LENGTH_MEASURE(0.1),#11221);
#12186 = DRAUGHTING_PRE_DEFINED_CURVE_FONT('continuous');
#12187 = STYLED_ITEM('color',(#12188),#7889);
#12188 = PRESENTATION_STYLE_ASSIGNMENT((#12189,#12194));
#12189 = SURFACE_STYLE_USAGE(.BOTH.,#12190);
#12190 = SURFACE_SIDE_STYLE('',(#12191));
#12191 = SURFACE_STYLE_FILL_AREA(#12192);
#12192 = FILL_AREA_STYLE('',(#12193));
#12193 = FILL_AREA_STYLE_COLOUR('',#11221);
#12194 = CURVE_STYLE('',#12195,POSITIVE_LENGTH_MEASURE(0.1),#11221);
#12195 = DRAUGHTING_PRE_DEFINED_CURVE_FONT('continuous');
#12196 = STYLED_ITEM('color',(#12197),#7906);
#12197 = PRESENTATION_STYLE_ASSIGNMENT((#12198,#12203));
#12198 = SURFACE_STYLE_USAGE(.BOTH.,#12199);
#12199 = SURFACE_SIDE_STYLE('',(#12200));
#12200 = SURFACE_STYLE_FILL_AREA(#12201);
#12201 = FILL_AREA_STYLE('',(#12202));
#12202 = FILL_AREA_STYLE_COLOUR('',#11221);
#12203 = CURVE_STYLE('',#12204,POSITIVE_LENGTH_MEASURE(0.1),#11221);
#12204 = DRAUGHTING_PRE_DEFINED_CURVE_FONT('continuous');
#12205 = STYLED_ITEM('color',(#12206),#7923);
#12206 = PRESENTATION_STYLE_ASSIGNMENT((#12207,#12212));
#12207 = SURFACE_STYLE_USAGE(.BOTH.,#12208);
#12208 = SURFACE_SIDE_STYLE('',(#12209));
#12209 = SURFACE_STYLE_FILL_AREA(#12210);
#12210 = FILL_AREA_STYLE('',(#12211));
#12211 = FILL_AREA_STYLE_COLOUR('',#11221);
#12212 = CURVE_STYLE('',#12213,POSITIVE_LENGTH_MEASURE(0.1),#11221);
#12213 = DRAUGHTING_PRE_DEFINED_CURVE_FONT('continuous');
#12214 = STYLED_ITEM('color',(#12215),#7940);
#12215 = PRESENTATION_STYLE_ASSIGNMENT((#12216,#12221));
#12216 = SURFACE_STYLE_USAGE(.BOTH.,#12217);
#12217 = SURFACE_SIDE_STYLE('',(#12218));
#12218 = SURFACE_STYLE_FILL_AREA(#12219);
#12219 = FILL_AREA_STYLE('',(#12220));
#12220 = FILL_AREA_STYLE_COLOUR('',#11221);
#12221 = CURVE_STYLE('',#12222,POSITIVE_LENGTH_MEASURE(0.1),#11221);
#12222 = DRAUGHTING_PRE_DEFINED_CURVE_FONT('continuous');
#12223 = STYLED_ITEM('color',(#12224),#7957);
#12224 = PRESENTATION_STYLE_ASSIGNMENT((#12225,#12230));
#12225 = SURFACE_STYLE_USAGE(.BOTH.,#12226);
#12226 = SURFACE_SIDE_STYLE('',(#12227));
#12227 = SURFACE_STYLE_FILL_AREA(#12228);
#12228 = FILL_AREA_STYLE('',(#12229));
#12229 = FILL_AREA_STYLE_COLOUR('',#11221);
#12230 = CURVE_STYLE('',#12231,POSITIVE_LENGTH_MEASURE(0.1),#11221);
#12231 = DRAUGHTING_PRE_DEFINED_CURVE_FONT('continuous');
#12232 = STYLED_ITEM('color',(#12233),#7974);
#12233 = PRESENTATION_STYLE_ASSIGNMENT((#12234,#12239));
#12234 = SURFACE_STYLE_USAGE(.BOTH.,#12235);
#12235 = SURFACE_SIDE_STYLE('',(#12236));
#12236 = SURFACE_STYLE_FILL_AREA(#12237);
#12237 = FILL_AREA_STYLE('',(#12238));
#12238 = FILL_AREA_STYLE_COLOUR('',#11221);
#12239 = CURVE_STYLE('',#12240,POSITIVE_LENGTH_MEASURE(0.1),#11221);
#12240 = DRAUGHTING_PRE_DEFINED_CURVE_FONT('continuous');
#12241 = STYLED_ITEM('color',(#12242),#7986);
#12242 = PRESENTATION_STYLE_ASSIGNMENT((#12243,#12248));
#12243 = SURFACE_STYLE_USAGE(.BOTH.,#12244);
#12244 = SURFACE_SIDE_STYLE('',(#12245));
#12245 = SURFACE_STYLE_FILL_AREA(#12246);
#12246 = FILL_AREA_STYLE('',(#12247));
#12247 = FILL_AREA_STYLE_COLOUR('',#11221);
#12248 = CURVE_STYLE('',#12249,POSITIVE_LENGTH_MEASURE(0.1),#11221);
#12249 = DRAUGHTING_PRE_DEFINED_CURVE_FONT('continuous');
#12250 = STYLED_ITEM('color',(#12251),#8003);
#12251 = PRESENTATION_STYLE_ASSIGNMENT((#12252,#12257));
#12252 = SURFACE_STYLE_USAGE(.BOTH.,#12253);
#12253 = SURFACE_SIDE_STYLE('',(#12254));
#12254 = SURFACE_STYLE_FILL_AREA(#12255);
#12255 = FILL_AREA_STYLE('',(#12256));
#12256 = FILL_AREA_STYLE_COLOUR('',#11221);
#12257 = CURVE_STYLE('',#12258,POSITIVE_LENGTH_MEASURE(0.1),#11221);
#12258 = DRAUGHTING_PRE_DEFINED_CURVE_FONT('continuous');
#12259 = STYLED_ITEM('color',(#12260),#8020);
#12260 = PRESENTATION_STYLE_ASSIGNMENT((#12261,#12266));
#12261 = SURFACE_STYLE_USAGE(.BOTH.,#12262);
#12262 = SURFACE_SIDE_STYLE('',(#12263));
#12263 = SURFACE_STYLE_FILL_AREA(#12264);
#12264 = FILL_AREA_STYLE('',(#12265));
#12265 = FILL_AREA_STYLE_COLOUR('',#11221);
#12266 = CURVE_STYLE('',#12267,POSITIVE_LENGTH_MEASURE(0.1),#11221);
#12267 = DRAUGHTING_PRE_DEFINED_CURVE_FONT('continuous');
#12268 = STYLED_ITEM('color',(#12269),#8037);
#12269 = PRESENTATION_STYLE_ASSIGNMENT((#12270,#12275));
#12270 = SURFACE_STYLE_USAGE(.BOTH.,#12271);
#12271 = SURFACE_SIDE_STYLE('',(#12272));
#12272 = SURFACE_STYLE_FILL_AREA(#12273);
#12273 = FILL_AREA_STYLE('',(#12274));
#12274 = FILL_AREA_STYLE_COLOUR('',#11221);
#12275 = CURVE_STYLE('',#12276,POSITIVE_LENGTH_MEASURE(0.1),#11221);
#12276 = DRAUGHTING_PRE_DEFINED_CURVE_FONT('continuous');
#12277 = STYLED_ITEM('color',(#12278),#8054);
#12278 = PRESENTATION_STYLE_ASSIGNMENT((#12279,#12284));
#12279 = SURFACE_STYLE_USAGE(.BOTH.,#12280);
#12280 = SURFACE_SIDE_STYLE('',(#12281));
#12281 = SURFACE_STYLE_FILL_AREA(#12282);
#12282 = FILL_AREA_STYLE('',(#12283));
#12283 = FILL_AREA_STYLE_COLOUR('',#11221);
#12284 = CURVE_STYLE('',#12285,POSITIVE_LENGTH_MEASURE(0.1),#11221);
#12285 = DRAUGHTING_PRE_DEFINED_CURVE_FONT('continuous');
#12286 = STYLED_ITEM('color',(#12287),#8071);
#12287 = PRESENTATION_STYLE_ASSIGNMENT((#12288,#12293));
#12288 = SURFACE_STYLE_USAGE(.BOTH.,#12289);
#12289 = SURFACE_SIDE_STYLE('',(#12290));
#12290 = SURFACE_STYLE_FILL_AREA(#12291);
#12291 = FILL_AREA_STYLE('',(#12292));
#12292 = FILL_AREA_STYLE_COLOUR('',#11221);
#12293 = CURVE_STYLE('',#12294,POSITIVE_LENGTH_MEASURE(0.1),#11221);
#12294 = DRAUGHTING_PRE_DEFINED_CURVE_FONT('continuous');
#12295 = STYLED_ITEM('color',(#12296),#8088);
#12296 = PRESENTATION_STYLE_ASSIGNMENT((#12297,#12302));
#12297 = SURFACE_STYLE_USAGE(.BOTH.,#12298);
#12298 = SURFACE_SIDE_STYLE('',(#12299));
#12299 = SURFACE_STYLE_FILL_AREA(#12300);
#12300 = FILL_AREA_STYLE('',(#12301));
#12301 = FILL_AREA_STYLE_COLOUR('',#11221);
#12302 = CURVE_STYLE('',#12303,POSITIVE_LENGTH_MEASURE(0.1),#11221);
#12303 = DRAUGHTING_PRE_DEFINED_CURVE_FONT('continuous');
#12304 = STYLED_ITEM('color',(#12305),#8105);
#12305 = PRESENTATION_STYLE_ASSIGNMENT((#12306,#12311));
#12306 = SURFACE_STYLE_USAGE(.BOTH.,#12307);
#12307 = SURFACE_SIDE_STYLE('',(#12308));
#12308 = SURFACE_STYLE_FILL_AREA(#12309);
#12309 = FILL_AREA_STYLE('',(#12310));
#12310 = FILL_AREA_STYLE_COLOUR('',#11221);
#12311 = CURVE_STYLE('',#12312,POSITIVE_LENGTH_MEASURE(0.1),#11221);
#12312 = DRAUGHTING_PRE_DEFINED_CURVE_FONT('continuous');
#12313 = STYLED_ITEM('color',(#12314),#8117);
#12314 = PRESENTATION_STYLE_ASSIGNMENT((#12315,#12320));
#12315 = SURFACE_STYLE_USAGE(.BOTH.,#12316);
#12316 = SURFACE_SIDE_STYLE('',(#12317));
#12317 = SURFACE_STYLE_FILL_AREA(#12318);
#12318 = FILL_AREA_STYLE('',(#12319));
#12319 = FILL_AREA_STYLE_COLOUR('',#11221);
#12320 = CURVE_STYLE('',#12321,POSITIVE_LENGTH_MEASURE(0.1),#11221);
#12321 = DRAUGHTING_PRE_DEFINED_CURVE_FONT('continuous');
#12322 = STYLED_ITEM('color',(#12323),#8134);
#12323 = PRESENTATION_STYLE_ASSIGNMENT((#12324,#12329));
#12324 = SURFACE_STYLE_USAGE(.BOTH.,#12325);
#12325 = SURFACE_SIDE_STYLE('',(#12326));
#12326 = SURFACE_STYLE_FILL_AREA(#12327);
#12327 = FILL_AREA_STYLE('',(#12328));
#12328 = FILL_AREA_STYLE_COLOUR('',#11221);
#12329 = CURVE_STYLE('',#12330,POSITIVE_LENGTH_MEASURE(0.1),#11221);
#12330 = DRAUGHTING_PRE_DEFINED_CURVE_FONT('continuous');
#12331 = STYLED_ITEM('color',(#12332),#8151);
#12332 = PRESENTATION_STYLE_ASSIGNMENT((#12333,#12338));
#12333 = SURFACE_STYLE_USAGE(.BOTH.,#12334);
#12334 = SURFACE_SIDE_STYLE('',(#12335));
#12335 = SURFACE_STYLE_FILL_AREA(#12336);
#12336 = FILL_AREA_STYLE('',(#12337));
#12337 = FILL_AREA_STYLE_COLOUR('',#11221);
#12338 = CURVE_STYLE('',#12339,POSITIVE_LENGTH_MEASURE(0.1),#11221);
#12339 = DRAUGHTING_PRE_DEFINED_CURVE_FONT('continuous');
#12340 = STYLED_ITEM('color',(#12341),#8168);
#12341 = PRESENTATION_STYLE_ASSIGNMENT((#12342,#12347));
#12342 = SURFACE_STYLE_USAGE(.BOTH.,#12343);
#12343 = SURFACE_SIDE_STYLE('',(#12344));
#12344 = SURFACE_STYLE_FILL_AREA(#12345);
#12345 = FILL_AREA_STYLE('',(#12346));
#12346 = FILL_AREA_STYLE_COLOUR('',#11221);
#12347 = CURVE_STYLE('',#12348,POSITIVE_LENGTH_MEASURE(0.1),#11221);
#12348 = DRAUGHTING_PRE_DEFINED_CURVE_FONT('continuous');
#12349 = STYLED_ITEM('color',(#12350),#8185);
#12350 = PRESENTATION_STYLE_ASSIGNMENT((#12351,#12356));
#12351 = SURFACE_STYLE_USAGE(.BOTH.,#12352);
#12352 = SURFACE_SIDE_STYLE('',(#12353));
#12353 = SURFACE_STYLE_FILL_AREA(#12354);
#12354 = FILL_AREA_STYLE('',(#12355));
#12355 = FILL_AREA_STYLE_COLOUR('',#11221);
#12356 = CURVE_STYLE('',#12357,POSITIVE_LENGTH_MEASURE(0.1),#11221);
#12357 = DRAUGHTING_PRE_DEFINED_CURVE_FONT('continuous');
#12358 = STYLED_ITEM('color',(#12359),#8202);
#12359 = PRESENTATION_STYLE_ASSIGNMENT((#12360,#12365));
#12360 = SURFACE_STYLE_USAGE(.BOTH.,#12361);
#12361 = SURFACE_SIDE_STYLE('',(#12362));
#12362 = SURFACE_STYLE_FILL_AREA(#12363);
#12363 = FILL_AREA_STYLE('',(#12364));
#12364 = FILL_AREA_STYLE_COLOUR('',#11221);
#12365 = CURVE_STYLE('',#12366,POSITIVE_LENGTH_MEASURE(0.1),#11221);
#12366 = DRAUGHTING_PRE_DEFINED_CURVE_FONT('continuous');
#12367 = STYLED_ITEM('color',(#12368),#8219);
#12368 = PRESENTATION_STYLE_ASSIGNMENT((#12369,#12374));
#12369 = SURFACE_STYLE_USAGE(.BOTH.,#12370);
#12370 = SURFACE_SIDE_STYLE('',(#12371));
#12371 = SURFACE_STYLE_FILL_AREA(#12372);
#12372 = FILL_AREA_STYLE('',(#12373));
#12373 = FILL_AREA_STYLE_COLOUR('',#11221);
#12374 = CURVE_STYLE('',#12375,POSITIVE_LENGTH_MEASURE(0.1),#11221);
#12375 = DRAUGHTING_PRE_DEFINED_CURVE_FONT('continuous');
#12376 = STYLED_ITEM('color',(#12377),#8236);
#12377 = PRESENTATION_STYLE_ASSIGNMENT((#12378,#12383));
#12378 = SURFACE_STYLE_USAGE(.BOTH.,#12379);
#12379 = SURFACE_SIDE_STYLE('',(#12380));
#12380 = SURFACE_STYLE_FILL_AREA(#12381);
#12381 = FILL_AREA_STYLE('',(#12382));
#12382 = FILL_AREA_STYLE_COLOUR('',#11221);
#12383 = CURVE_STYLE('',#12384,POSITIVE_LENGTH_MEASURE(0.1),#11221);
#12384 = DRAUGHTING_PRE_DEFINED_CURVE_FONT('continuous');
#12385 = STYLED_ITEM('color',(#12386),#8248);
#12386 = PRESENTATION_STYLE_ASSIGNMENT((#12387,#12392));
#12387 = SURFACE_STYLE_USAGE(.BOTH.,#12388);
#12388 = SURFACE_SIDE_STYLE('',(#12389));
#12389 = SURFACE_STYLE_FILL_AREA(#12390);
#12390 = FILL_AREA_STYLE('',(#12391));
#12391 = FILL_AREA_STYLE_COLOUR('',#11221);
#12392 = CURVE_STYLE('',#12393,POSITIVE_LENGTH_MEASURE(0.1),#11221);
#12393 = DRAUGHTING_PRE_DEFINED_CURVE_FONT('continuous');
#12394 = STYLED_ITEM('color',(#12395),#8265);
#12395 = PRESENTATION_STYLE_ASSIGNMENT((#12396,#12401));
#12396 = SURFACE_STYLE_USAGE(.BOTH.,#12397);
#12397 = SURFACE_SIDE_STYLE('',(#12398));
#12398 = SURFACE_STYLE_FILL_AREA(#12399);
#12399 = FILL_AREA_STYLE('',(#12400));
#12400 = FILL_AREA_STYLE_COLOUR('',#11221);
#12401 = CURVE_STYLE('',#12402,POSITIVE_LENGTH_MEASURE(0.1),#11221);
#12402 = DRAUGHTING_PRE_DEFINED_CURVE_FONT('continuous');
#12403 = STYLED_ITEM('color',(#12404),#8282);
#12404 = PRESENTATION_STYLE_ASSIGNMENT((#12405,#12410));
#12405 = SURFACE_STYLE_USAGE(.BOTH.,#12406);
#12406 = SURFACE_SIDE_STYLE('',(#12407));
#12407 = SURFACE_STYLE_FILL_AREA(#12408);
#12408 = FILL_AREA_STYLE('',(#12409));
#12409 = FILL_AREA_STYLE_COLOUR('',#11221);
#12410 = CURVE_STYLE('',#12411,POSITIVE_LENGTH_MEASURE(0.1),#11221);
#12411 = DRAUGHTING_PRE_DEFINED_CURVE_FONT('continuous');
#12412 = STYLED_ITEM('color',(#12413),#8299);
#12413 = PRESENTATION_STYLE_ASSIGNMENT((#12414,#12419));
#12414 = SURFACE_STYLE_USAGE(.BOTH.,#12415);
#12415 = SURFACE_SIDE_STYLE('',(#12416));
#12416 = SURFACE_STYLE_FILL_AREA(#12417);
#12417 = FILL_AREA_STYLE('',(#12418));
#12418 = FILL_AREA_STYLE_COLOUR('',#11221);
#12419 = CURVE_STYLE('',#12420,POSITIVE_LENGTH_MEASURE(0.1),#11221);
#12420 = DRAUGHTING_PRE_DEFINED_CURVE_FONT('continuous');
#12421 = STYLED_ITEM('color',(#12422),#8316);
#12422 = PRESENTATION_STYLE_ASSIGNMENT((#12423,#12428));
#12423 = SURFACE_STYLE_USAGE(.BOTH.,#12424);
#12424 = SURFACE_SIDE_STYLE('',(#12425));
#12425 = SURFACE_STYLE_FILL_AREA(#12426);
#12426 = FILL_AREA_STYLE('',(#12427));
#12427 = FILL_AREA_STYLE_COLOUR('',#11221);
#12428 = CURVE_STYLE('',#12429,POSITIVE_LENGTH_MEASURE(0.1),#11221);
#12429 = DRAUGHTING_PRE_DEFINED_CURVE_FONT('continuous');
#12430 = STYLED_ITEM('color',(#12431),#8333);
#12431 = PRESENTATION_STYLE_ASSIGNMENT((#12432,#12437));
#12432 = SURFACE_STYLE_USAGE(.BOTH.,#12433);
#12433 = SURFACE_SIDE_STYLE('',(#12434));
#12434 = SURFACE_STYLE_FILL_AREA(#12435);
#12435 = FILL_AREA_STYLE('',(#12436));
#12436 = FILL_AREA_STYLE_COLOUR('',#11221);
#12437 = CURVE_STYLE('',#12438,POSITIVE_LENGTH_MEASURE(0.1),#11221);
#12438 = DRAUGHTING_PRE_DEFINED_CURVE_FONT('continuous');
#12439 = STYLED_ITEM('color',(#12440),#8350);
#12440 = PRESENTATION_STYLE_ASSIGNMENT((#12441,#12446));
#12441 = SURFACE_STYLE_USAGE(.BOTH.,#12442);
#12442 = SURFACE_SIDE_STYLE('',(#12443));
#12443 = SURFACE_STYLE_FILL_AREA(#12444);
#12444 = FILL_AREA_STYLE('',(#12445));
#12445 = FILL_AREA_STYLE_COLOUR('',#11221);
#12446 = CURVE_STYLE('',#12447,POSITIVE_LENGTH_MEASURE(0.1),#11221);
#12447 = DRAUGHTING_PRE_DEFINED_CURVE_FONT('continuous');
#12448 = STYLED_ITEM('color',(#12449),#8362);
#12449 = PRESENTATION_STYLE_ASSIGNMENT((#12450,#12455));
#12450 = SURFACE_STYLE_USAGE(.BOTH.,#12451);
#12451 = SURFACE_SIDE_STYLE('',(#12452));
#12452 = SURFACE_STYLE_FILL_AREA(#12453);
#12453 = FILL_AREA_STYLE('',(#12454));
#12454 = FILL_AREA_STYLE_COLOUR('',#11221);
#12455 = CURVE_STYLE('',#12456,POSITIVE_LENGTH_MEASURE(0.1),#11221);
#12456 = DRAUGHTING_PRE_DEFINED_CURVE_FONT('continuous');
#12457 = STYLED_ITEM('color',(#12458),#8379);
#12458 = PRESENTATION_STYLE_ASSIGNMENT((#12459,#12464));
#12459 = SURFACE_STYLE_USAGE(.BOTH.,#12460);
#12460 = SURFACE_SIDE_STYLE('',(#12461));
#12461 = SURFACE_STYLE_FILL_AREA(#12462);
#12462 = FILL_AREA_STYLE('',(#12463));
#12463 = FILL_AREA_STYLE_COLOUR('',#11221);
#12464 = CURVE_STYLE('',#12465,POSITIVE_LENGTH_MEASURE(0.1),#11221);
#12465 = DRAUGHTING_PRE_DEFINED_CURVE_FONT('continuous');
#12466 = STYLED_ITEM('color',(#12467),#8396);
#12467 = PRESENTATION_STYLE_ASSIGNMENT((#12468,#12473));
#12468 = SURFACE_STYLE_USAGE(.BOTH.,#12469);
#12469 = SURFACE_SIDE_STYLE('',(#12470));
#12470 = SURFACE_STYLE_FILL_AREA(#12471);
#12471 = FILL_AREA_STYLE('',(#12472));
#12472 = FILL_AREA_STYLE_COLOUR('',#11221);
#12473 = CURVE_STYLE('',#12474,POSITIVE_LENGTH_MEASURE(0.1),#11221);
#12474 = DRAUGHTING_PRE_DEFINED_CURVE_FONT('continuous');
#12475 = STYLED_ITEM('color',(#12476),#8413);
#12476 = PRESENTATION_STYLE_ASSIGNMENT((#12477,#12482));
#12477 = SURFACE_STYLE_USAGE(.BOTH.,#12478);
#12478 = SURFACE_SIDE_STYLE('',(#12479));
#12479 = SURFACE_STYLE_FILL_AREA(#12480);
#12480 = FILL_AREA_STYLE('',(#12481));
#12481 = FILL_AREA_STYLE_COLOUR('',#11221);
#12482 = CURVE_STYLE('',#12483,POSITIVE_LENGTH_MEASURE(0.1),#11221);
#12483 = DRAUGHTING_PRE_DEFINED_CURVE_FONT('continuous');
#12484 = STYLED_ITEM('color',(#12485),#8430);
#12485 = PRESENTATION_STYLE_ASSIGNMENT((#12486,#12491));
#12486 = SURFACE_STYLE_USAGE(.BOTH.,#12487);
#12487 = SURFACE_SIDE_STYLE('',(#12488));
#12488 = SURFACE_STYLE_FILL_AREA(#12489);
#12489 = FILL_AREA_STYLE('',(#12490));
#12490 = FILL_AREA_STYLE_COLOUR('',#11221);
#12491 = CURVE_STYLE('',#12492,POSITIVE_LENGTH_MEASURE(0.1),#11221);
#12492 = DRAUGHTING_PRE_DEFINED_CURVE_FONT('continuous');
#12493 = STYLED_ITEM('color',(#12494),#8447);
#12494 = PRESENTATION_STYLE_ASSIGNMENT((#12495,#12500));
#12495 = SURFACE_STYLE_USAGE(.BOTH.,#12496);
#12496 = SURFACE_SIDE_STYLE('',(#12497));
#12497 = SURFACE_STYLE_FILL_AREA(#12498);
#12498 = FILL_AREA_STYLE('',(#12499));
#12499 = FILL_AREA_STYLE_COLOUR('',#11221);
#12500 = CURVE_STYLE('',#12501,POSITIVE_LENGTH_MEASURE(0.1),#11221);
#12501 = DRAUGHTING_PRE_DEFINED_CURVE_FONT('continuous');
#12502 = STYLED_ITEM('color',(#12503),#8464);
#12503 = PRESENTATION_STYLE_ASSIGNMENT((#12504,#12509));
#12504 = SURFACE_STYLE_USAGE(.BOTH.,#12505);
#12505 = SURFACE_SIDE_STYLE('',(#12506));
#12506 = SURFACE_STYLE_FILL_AREA(#12507);
#12507 = FILL_AREA_STYLE('',(#12508));
#12508 = FILL_AREA_STYLE_COLOUR('',#11221);
#12509 = CURVE_STYLE('',#12510,POSITIVE_LENGTH_MEASURE(0.1),#11221);
#12510 = DRAUGHTING_PRE_DEFINED_CURVE_FONT('continuous');
#12511 = STYLED_ITEM('color',(#12512),#8476);
#12512 = PRESENTATION_STYLE_ASSIGNMENT((#12513,#12518));
#12513 = SURFACE_STYLE_USAGE(.BOTH.,#12514);
#12514 = SURFACE_SIDE_STYLE('',(#12515));
#12515 = SURFACE_STYLE_FILL_AREA(#12516);
#12516 = FILL_AREA_STYLE('',(#12517));
#12517 = FILL_AREA_STYLE_COLOUR('',#11221);
#12518 = CURVE_STYLE('',#12519,POSITIVE_LENGTH_MEASURE(0.1),#11221);
#12519 = DRAUGHTING_PRE_DEFINED_CURVE_FONT('continuous');
#12520 = STYLED_ITEM('color',(#12521),#8493);
#12521 = PRESENTATION_STYLE_ASSIGNMENT((#12522,#12527));
#12522 = SURFACE_STYLE_USAGE(.BOTH.,#12523);
#12523 = SURFACE_SIDE_STYLE('',(#12524));
#12524 = SURFACE_STYLE_FILL_AREA(#12525);
#12525 = FILL_AREA_STYLE('',(#12526));
#12526 = FILL_AREA_STYLE_COLOUR('',#11221);
#12527 = CURVE_STYLE('',#12528,POSITIVE_LENGTH_MEASURE(0.1),#11221);
#12528 = DRAUGHTING_PRE_DEFINED_CURVE_FONT('continuous');
#12529 = STYLED_ITEM('color',(#12530),#8510);
#12530 = PRESENTATION_STYLE_ASSIGNMENT((#12531,#12536));
#12531 = SURFACE_STYLE_USAGE(.BOTH.,#12532);
#12532 = SURFACE_SIDE_STYLE('',(#12533));
#12533 = SURFACE_STYLE_FILL_AREA(#12534);
#12534 = FILL_AREA_STYLE('',(#12535));
#12535 = FILL_AREA_STYLE_COLOUR('',#11221);
#12536 = CURVE_STYLE('',#12537,POSITIVE_LENGTH_MEASURE(0.1),#11221);
#12537 = DRAUGHTING_PRE_DEFINED_CURVE_FONT('continuous');
#12538 = STYLED_ITEM('color',(#12539),#8527);
#12539 = PRESENTATION_STYLE_ASSIGNMENT((#12540,#12545));
#12540 = SURFACE_STYLE_USAGE(.BOTH.,#12541);
#12541 = SURFACE_SIDE_STYLE('',(#12542));
#12542 = SURFACE_STYLE_FILL_AREA(#12543);
#12543 = FILL_AREA_STYLE('',(#12544));
#12544 = FILL_AREA_STYLE_COLOUR('',#11221);
#12545 = CURVE_STYLE('',#12546,POSITIVE_LENGTH_MEASURE(0.1),#11221);
#12546 = DRAUGHTING_PRE_DEFINED_CURVE_FONT('continuous');
#12547 = STYLED_ITEM('color',(#12548),#8544);
#12548 = PRESENTATION_STYLE_ASSIGNMENT((#12549,#12554));
#12549 = SURFACE_STYLE_USAGE(.BOTH.,#12550);
#12550 = SURFACE_SIDE_STYLE('',(#12551));
#12551 = SURFACE_STYLE_FILL_AREA(#12552);
#12552 = FILL_AREA_STYLE('',(#12553));
#12553 = FILL_AREA_STYLE_COLOUR('',#11221);
#12554 = CURVE_STYLE('',#12555,POSITIVE_LENGTH_MEASURE(0.1),#11221);
#12555 = DRAUGHTING_PRE_DEFINED_CURVE_FONT('continuous');
#12556 = STYLED_ITEM('color',(#12557),#8561);
#12557 = PRESENTATION_STYLE_ASSIGNMENT((#12558,#12563));
#12558 = SURFACE_STYLE_USAGE(.BOTH.,#12559);
#12559 = SURFACE_SIDE_STYLE('',(#12560));
#12560 = SURFACE_STYLE_FILL_AREA(#12561);
#12561 = FILL_AREA_STYLE('',(#12562));
#12562 = FILL_AREA_STYLE_COLOUR('',#11221);
#12563 = CURVE_STYLE('',#12564,POSITIVE_LENGTH_MEASURE(0.1),#11221);
#12564 = DRAUGHTING_PRE_DEFINED_CURVE_FONT('continuous');
#12565 = STYLED_ITEM('color',(#12566),#8578);
#12566 = PRESENTATION_STYLE_ASSIGNMENT((#12567,#12572));
#12567 = SURFACE_STYLE_USAGE(.BOTH.,#12568);
#12568 = SURFACE_SIDE_STYLE('',(#12569));
#12569 = SURFACE_STYLE_FILL_AREA(#12570);
#12570 = FILL_AREA_STYLE('',(#12571));
#12571 = FILL_AREA_STYLE_COLOUR('',#11221);
#12572 = CURVE_STYLE('',#12573,POSITIVE_LENGTH_MEASURE(0.1),#11221);
#12573 = DRAUGHTING_PRE_DEFINED_CURVE_FONT('continuous');
#12574 = STYLED_ITEM('color',(#12575),#8595);
#12575 = PRESENTATION_STYLE_ASSIGNMENT((#12576,#12581));
#12576 = SURFACE_STYLE_USAGE(.BOTH.,#12577);
#12577 = SURFACE_SIDE_STYLE('',(#12578));
#12578 = SURFACE_STYLE_FILL_AREA(#12579);
#12579 = FILL_AREA_STYLE('',(#12580));
#12580 = FILL_AREA_STYLE_COLOUR('',#11221);
#12581 = CURVE_STYLE('',#12582,POSITIVE_LENGTH_MEASURE(0.1),#11221);
#12582 = DRAUGHTING_PRE_DEFINED_CURVE_FONT('continuous');
#12583 = STYLED_ITEM('color',(#12584),#8607);
#12584 = PRESENTATION_STYLE_ASSIGNMENT((#12585,#12590));
#12585 = SURFACE_STYLE_USAGE(.BOTH.,#12586);
#12586 = SURFACE_SIDE_STYLE('',(#12587));
#12587 = SURFACE_STYLE_FILL_AREA(#12588);
#12588 = FILL_AREA_STYLE('',(#12589));
#12589 = FILL_AREA_STYLE_COLOUR('',#11221);
#12590 = CURVE_STYLE('',#12591,POSITIVE_LENGTH_MEASURE(0.1),#11221);
#12591 = DRAUGHTING_PRE_DEFINED_CURVE_FONT('continuous');
#12592 = STYLED_ITEM('color',(#12593),#8624);
#12593 = PRESENTATION_STYLE_ASSIGNMENT((#12594,#12599));
#12594 = SURFACE_STYLE_USAGE(.BOTH.,#12595);
#12595 = SURFACE_SIDE_STYLE('',(#12596));
#12596 = SURFACE_STYLE_FILL_AREA(#12597);
#12597 = FILL_AREA_STYLE('',(#12598));
#12598 = FILL_AREA_STYLE_COLOUR('',#11221);
#12599 = CURVE_STYLE('',#12600,POSITIVE_LENGTH_MEASURE(0.1),#11221);
#12600 = DRAUGHTING_PRE_DEFINED_CURVE_FONT('continuous');
#12601 = STYLED_ITEM('color',(#12602),#8641);
#12602 = PRESENTATION_STYLE_ASSIGNMENT((#12603,#12608));
#12603 = SURFACE_STYLE_USAGE(.BOTH.,#12604);
#12604 = SURFACE_SIDE_STYLE('',(#12605));
#12605 = SURFACE_STYLE_FILL_AREA(#12606);
#12606 = FILL_AREA_STYLE('',(#12607));
#12607 = FILL_AREA_STYLE_COLOUR('',#11221);
#12608 = CURVE_STYLE('',#12609,POSITIVE_LENGTH_MEASURE(0.1),#11221);
#12609 = DRAUGHTING_PRE_DEFINED_CURVE_FONT('continuous');
#12610 = STYLED_ITEM('color',(#12611),#8658);
#12611 = PRESENTATION_STYLE_ASSIGNMENT((#12612,#12617));
#12612 = SURFACE_STYLE_USAGE(.BOTH.,#12613);
#12613 = SURFACE_SIDE_STYLE('',(#12614));
#12614 = SURFACE_STYLE_FILL_AREA(#12615);
#12615 = FILL_AREA_STYLE('',(#12616));
#12616 = FILL_AREA_STYLE_COLOUR('',#11221);
#12617 = CURVE_STYLE('',#12618,POSITIVE_LENGTH_MEASURE(0.1),#11221);
#12618 = DRAUGHTING_PRE_DEFINED_CURVE_FONT('continuous');
#12619 = STYLED_ITEM('color',(#12620),#8675);
#12620 = PRESENTATION_STYLE_ASSIGNMENT((#12621,#12626));
#12621 = SURFACE_STYLE_USAGE(.BOTH.,#12622);
#12622 = SURFACE_SIDE_STYLE('',(#12623));
#12623 = SURFACE_STYLE_FILL_AREA(#12624);
#12624 = FILL_AREA_STYLE('',(#12625));
#12625 = FILL_AREA_STYLE_COLOUR('',#11221);
#12626 = CURVE_STYLE('',#12627,POSITIVE_LENGTH_MEASURE(0.1),#11221);
#12627 = DRAUGHTING_PRE_DEFINED_CURVE_FONT('continuous');
#12628 = STYLED_ITEM('color',(#12629),#8692);
#12629 = PRESENTATION_STYLE_ASSIGNMENT((#12630,#12635));
#12630 = SURFACE_STYLE_USAGE(.BOTH.,#12631);
#12631 = SURFACE_SIDE_STYLE('',(#12632));
#12632 = SURFACE_STYLE_FILL_AREA(#12633);
#12633 = FILL_AREA_STYLE('',(#12634));
#12634 = FILL_AREA_STYLE_COLOUR('',#11221);
#12635 = CURVE_STYLE('',#12636,POSITIVE_LENGTH_MEASURE(0.1),#11221);
#12636 = DRAUGHTING_PRE_DEFINED_CURVE_FONT('continuous');
#12637 = STYLED_ITEM('color',(#12638),#8709);
#12638 = PRESENTATION_STYLE_ASSIGNMENT((#12639,#12644));
#12639 = SURFACE_STYLE_USAGE(.BOTH.,#12640);
#12640 = SURFACE_SIDE_STYLE('',(#12641));
#12641 = SURFACE_STYLE_FILL_AREA(#12642);
#12642 = FILL_AREA_STYLE('',(#12643));
#12643 = FILL_AREA_STYLE_COLOUR('',#11221);
#12644 = CURVE_STYLE('',#12645,POSITIVE_LENGTH_MEASURE(0.1),#11221);
#12645 = DRAUGHTING_PRE_DEFINED_CURVE_FONT('continuous');
#12646 = STYLED_ITEM('color',(#12647),#8726);
#12647 = PRESENTATION_STYLE_ASSIGNMENT((#12648,#12653));
#12648 = SURFACE_STYLE_USAGE(.BOTH.,#12649);
#12649 = SURFACE_SIDE_STYLE('',(#12650));
#12650 = SURFACE_STYLE_FILL_AREA(#12651);
#12651 = FILL_AREA_STYLE('',(#12652));
#12652 = FILL_AREA_STYLE_COLOUR('',#11221);
#12653 = CURVE_STYLE('',#12654,POSITIVE_LENGTH_MEASURE(0.1),#11221);
#12654 = DRAUGHTING_PRE_DEFINED_CURVE_FONT('continuous');
#12655 = STYLED_ITEM('color',(#12656),#8738);
#12656 = PRESENTATION_STYLE_ASSIGNMENT((#12657,#12662));
#12657 = SURFACE_STYLE_USAGE(.BOTH.,#12658);
#12658 = SURFACE_SIDE_STYLE('',(#12659));
#12659 = SURFACE_STYLE_FILL_AREA(#12660);
#12660 = FILL_AREA_STYLE('',(#12661));
#12661 = FILL_AREA_STYLE_COLOUR('',#11221);
#12662 = CURVE_STYLE('',#12663,POSITIVE_LENGTH_MEASURE(0.1),#11221);
#12663 = DRAUGHTING_PRE_DEFINED_CURVE_FONT('continuous');
#12664 = STYLED_ITEM('color',(#12665),#8755);
#12665 = PRESENTATION_STYLE_ASSIGNMENT((#12666,#12671));
#12666 = SURFACE_STYLE_USAGE(.BOTH.,#12667);
#12667 = SURFACE_SIDE_STYLE('',(#12668));
#12668 = SURFACE_STYLE_FILL_AREA(#12669);
#12669 = FILL_AREA_STYLE('',(#12670));
#12670 = FILL_AREA_STYLE_COLOUR('',#11221);
#12671 = CURVE_STYLE('',#12672,POSITIVE_LENGTH_MEASURE(0.1),#11221);
#12672 = DRAUGHTING_PRE_DEFINED_CURVE_FONT('continuous');
#12673 = STYLED_ITEM('color',(#12674),#8772);
#12674 = PRESENTATION_STYLE_ASSIGNMENT((#12675,#12680));
#12675 = SURFACE_STYLE_USAGE(.BOTH.,#12676);
#12676 = SURFACE_SIDE_STYLE('',(#12677));
#12677 = SURFACE_STYLE_FILL_AREA(#12678);
#12678 = FILL_AREA_STYLE('',(#12679));
#12679 = FILL_AREA_STYLE_COLOUR('',#11221);
#12680 = CURVE_STYLE('',#12681,POSITIVE_LENGTH_MEASURE(0.1),#11221);
#12681 = DRAUGHTING_PRE_DEFINED_CURVE_FONT('continuous');
#12682 = STYLED_ITEM('color',(#12683),#8789);
#12683 = PRESENTATION_STYLE_ASSIGNMENT((#12684,#12689));
#12684 = SURFACE_STYLE_USAGE(.BOTH.,#12685);
#12685 = SURFACE_SIDE_STYLE('',(#12686));
#12686 = SURFACE_STYLE_FILL_AREA(#12687);
#12687 = FILL_AREA_STYLE('',(#12688));
#12688 = FILL_AREA_STYLE_COLOUR('',#11221);
#12689 = CURVE_STYLE('',#12690,POSITIVE_LENGTH_MEASURE(0.1),#11221);
#12690 = DRAUGHTING_PRE_DEFINED_CURVE_FONT('continuous');
#12691 = STYLED_ITEM('color',(#12692),#8806);
#12692 = PRESENTATION_STYLE_ASSIGNMENT((#12693,#12698));
#12693 = SURFACE_STYLE_USAGE(.BOTH.,#12694);
#12694 = SURFACE_SIDE_STYLE('',(#12695));
#12695 = SURFACE_STYLE_FILL_AREA(#12696);
#12696 = FILL_AREA_STYLE('',(#12697));
#12697 = FILL_AREA_STYLE_COLOUR('',#11221);
#12698 = CURVE_STYLE('',#12699,POSITIVE_LENGTH_MEASURE(0.1),#11221);
#12699 = DRAUGHTING_PRE_DEFINED_CURVE_FONT('continuous');
#12700 = STYLED_ITEM('color',(#12701),#8823);
#12701 = PRESENTATION_STYLE_ASSIGNMENT((#12702,#12707));
#12702 = SURFACE_STYLE_USAGE(.BOTH.,#12703);
#12703 = SURFACE_SIDE_STYLE('',(#12704));
#12704 = SURFACE_STYLE_FILL_AREA(#12705);
#12705 = FILL_AREA_STYLE('',(#12706));
#12706 = FILL_AREA_STYLE_COLOUR('',#11221);
#12707 = CURVE_STYLE('',#12708,POSITIVE_LENGTH_MEASURE(0.1),#11221);
#12708 = DRAUGHTING_PRE_DEFINED_CURVE_FONT('continuous');
#12709 = STYLED_ITEM('color',(#12710),#8840);
#12710 = PRESENTATION_STYLE_ASSIGNMENT((#12711,#12716));
#12711 = SURFACE_STYLE_USAGE(.BOTH.,#12712);
#12712 = SURFACE_SIDE_STYLE('',(#12713));
#12713 = SURFACE_STYLE_FILL_AREA(#12714);
#12714 = FILL_AREA_STYLE('',(#12715));
#12715 = FILL_AREA_STYLE_COLOUR('',#11221);
#12716 = CURVE_STYLE('',#12717,POSITIVE_LENGTH_MEASURE(0.1),#11221);
#12717 = DRAUGHTING_PRE_DEFINED_CURVE_FONT('continuous');
#12718 = STYLED_ITEM('color',(#12719),#8857);
#12719 = PRESENTATION_STYLE_ASSIGNMENT((#12720,#12725));
#12720 = SURFACE_STYLE_USAGE(.BOTH.,#12721);
#12721 = SURFACE_SIDE_STYLE('',(#12722));
#12722 = SURFACE_STYLE_FILL_AREA(#12723);
#12723 = FILL_AREA_STYLE('',(#12724));
#12724 = FILL_AREA_STYLE_COLOUR('',#11221);
#12725 = CURVE_STYLE('',#12726,POSITIVE_LENGTH_MEASURE(0.1),#11221);
#12726 = DRAUGHTING_PRE_DEFINED_CURVE_FONT('continuous');
#12727 = STYLED_ITEM('color',(#12728),#8869);
#12728 = PRESENTATION_STYLE_ASSIGNMENT((#12729,#12735));
#12729 = SURFACE_STYLE_USAGE(.BOTH.,#12730);
#12730 = SURFACE_SIDE_STYLE('',(#12731));
#12731 = SURFACE_STYLE_FILL_AREA(#12732);
#12732 = FILL_AREA_STYLE('',(#12733));
#12733 = FILL_AREA_STYLE_COLOUR('',#12734);
#12734 = COLOUR_RGB('',0.690999998585,0.664000007176,0.597999987832);
#12735 = CURVE_STYLE('',#12736,POSITIVE_LENGTH_MEASURE(0.1),#12734);
#12736 = DRAUGHTING_PRE_DEFINED_CURVE_FONT('continuous');
#12737 = MECHANICAL_DESIGN_GEOMETRIC_PRESENTATION_REPRESENTATION('',(
    #12738),#10746);
#12738 = STYLED_ITEM('color',(#12739),#10596);
#12739 = PRESENTATION_STYLE_ASSIGNMENT((#12740));
#12740 = SURFACE_STYLE_USAGE(.BOTH.,#12741);
#12741 = SURFACE_SIDE_STYLE('',(#12742));
#12742 = SURFACE_STYLE_FILL_AREA(#12743);
#12743 = FILL_AREA_STYLE('',(#12744));
#12744 = FILL_AREA_STYLE_COLOUR('',#12745);
#12745 = COLOUR_RGB('',0.313304153717,0.484529207832,0.410020903123);
ENDSEC;
END-ISO-10303-21;
