#VRML V2.0 utf8
DEF TXFM_1 Transform {
  center 0 0 0
  rotation 0 0 1 0
  scale 0.00254 0.00254 0.00254
  scaleOrientation 0 0 1 0
  translation 0 0 0
 children [
DEF TXFM_2 Transform {
  center 0 0 0
  rotation 0 0 1 1.5707963
  scale 1 1 1
  scaleOrientation 0 0 1 0
  translation 58.208661 -45.787402 0.31496063
 children [
DEF TXFM_3 Transform {
  center 0 0 0
  rotation 0 0 1 0
  scale 1 1 1
  scaleOrientation 0 0 1 0
  translation 0 0 0
 children [
DEF TXFM_4 Transform {
  center 0 0 0
  rotation 0 0 1 0
  scale 1 1 1
  scaleOrientation 0 0 1 0
  translation 0 0 0
 children [
DEF TXFM_5 Transform {
  center 0 0 0
  rotation 0 0 1 0
  scale 1 1 1
  scaleOrientation 0 0 1 0
  translation 0 0 0
 children [
DEF SHAPE_1 Shape {
 appearance DEF APP_1 Appearance {
  material Material {
   ambientIntensity 0.122244
   diffuseColor 0.824 0.81999999 0.78100002
   emissiveColor 0 0 0
   shininess 0.1
   specularColor 0.12 0.12 0.12
   transparency 0
} }
 geometry DEF FACE_1 IndexedFaceSet {
  coord DEF COORD_1 Coordinate { point [
  -0.39370079 -0.24606299 0.015748031,-0.39370079 -0.24606299 0.47637795,
  -0.39370079 -0.24529223 0.010881622,-0.39370079 -0.24305539 0.0064915708,
  -0.39370079 -0.23957142 0.0030076064,-0.39370079 -0.23518137 0.00077076352,
  -0.39370079 -0.23031496 0,-0.39370079 0.23031496 0,
  -0.39370079 0.24606299 0.015748031,-0.39370079 0.24529223 0.010881622,
  -0.39370079 0.24305539 0.0064915708,-0.39370079 0.23957142 0.0030076064,
  -0.39370079 0.23518137 0.00077076352,-0.39370079 0.24606299 0.47637795,
  -0.39370079 0.24529223 0.48124436,-0.39370079 0.24305539 0.48563441,
  -0.39370079 0.23957142 0.48911838,-0.39370079 0.23518137 0.49135522,
  -0.39370079 0.23031496 0.49212598,-0.39370079 -0.23031496 0.49212598,
  -0.39370079 -0.24529223 0.48124436,-0.39370079 -0.24305539 0.48563441,
  -0.39370079 -0.23957142 0.48911838,-0.39370079 -0.23518137 0.49135522] }
 coordIndex [
  7,8,9,-1,7,9,10,-1,7,10,11,-1,7,11,12,-1,16,15,14,-1,2,4,3,-1,2,5,4,-1,17,14,13,-1,
  17,16,14,-1,18,13,8,-1,18,8,7,-1,18,17,13,-1,0,6,5,-1,0,7,6,-1,0,5,2,-1,1,19,18,-1,
  1,7,0,-1,1,18,7,-1,23,1,20,-1,23,19,1,-1,22,20,21,-1,22,23,20,-1]
  normalPerVertex TRUE
  normal DEF NORM_1 Normal { vector [
  -1 0 0,-1 0 0,
  -1 0 0,0 0 1,
  -1 0 0,-1 0 0,
  -1 0 0,-1 0 0,
  -1 0 0,-1 0 0,
  -1 0 0,-1 0 0,
  0 0 1,-1 0 0,
  -1 0 0,0 0 1,
  -1 0 0,-1 0 0,
  -1 0 0,-1 0 0,
  -1 0 0,0 0 1,
  -1 0 0,-1 0 0] }
}
}
DEF SHAPE_2 Shape {
 appearance USE APP_1
 geometry DEF FACE_2 IndexedFaceSet {
  coord DEF COORD_2 Coordinate { point [
  -0.23622047 -0.24606299 0.015748031,-0.23622047 -0.24606299 0.47637795,
  -0.39370079 -0.24606299 0.015748031,-0.39370079 -0.24606299 0.47637795] }
 coordIndex [
  1,2,0,-1,1,3,2,-1]
  normalPerVertex TRUE
  normal DEF NORM_2 Normal { vector [
  0 -1 0,0 -1 0,
  0 -1 0,0 -1 0] }
}
}
DEF SHAPE_3 Shape {
 appearance USE APP_1
 geometry DEF FACE_3 IndexedFaceSet {
  coord DEF COORD_3 Coordinate { point [
  -0.39370079 -0.24606299 0.015748031,-0.39370079 -0.24529223 0.010881622,
  -0.39370079 -0.24305539 0.0064915708,-0.39370079 -0.23957142 0.0030076064,
  -0.39370079 -0.23518137 0.00077076352,-0.39370079 -0.23031496 0,
  -0.23622047 -0.23031496 0,-0.23622047 -0.24606299 0.015748031,
  -0.23622047 -0.24529223 0.010881622,-0.23622047 -0.24305539 0.0064915708,
  -0.23622047 -0.23957142 0.0030076064,-0.23622047 -0.23518137 0.00077076352] }
 coordIndex [
  8,0,1,-1,8,7,0,-1,9,1,2,-1,9,8,1,-1,10,2,3,-1,10,9,2,-1,11,3,4,-1,11,10,3,-1,
  6,4,5,-1,6,11,4,-1]
  normalPerVertex TRUE
  normal DEF NORM_3 Normal { vector [
  0 -0.98768834 -0.15643447,0 -0.93344204 -0.35872825,
  0 -0.77690301 -0.6296203,0 -0.5443153 -0.83888072,
  0 -0.25844621 -0.96602565,0 -0.15643447 -0.98768834,
  0 -0.15643447 -0.98768834,0 -0.98768834 -0.15643447,
  0 -0.96602565 -0.25844621,0 -0.83888072 -0.5443153,
  0 -0.6296203 -0.77690301,0 -0.35872825 -0.93344204] }
}
}
DEF SHAPE_4 Shape {
 appearance USE APP_1
 geometry DEF FACE_4 IndexedFaceSet {
  coord DEF COORD_4 Coordinate { point [
  -0.39370079 -0.24606299 0.47637795,-0.23622047 -0.24606299 0.47637795,
  -0.23622047 -0.24529223 0.48124436,-0.23622047 -0.24305539 0.48563441,
  -0.23622047 -0.23957142 0.48911838,-0.23622047 -0.23518137 0.49135522,
  -0.23622047 -0.23031496 0.49212598,-0.39370079 -0.23031496 0.49212598,
  -0.39370079 -0.24529223 0.48124436,-0.39370079 -0.24305539 0.48563441,
  -0.39370079 -0.23957142 0.48911838,-0.39370079 -0.23518137 0.49135522] }
 coordIndex [
  5,6,7,-1,5,7,11,-1,4,11,10,-1,4,5,11,-1,3,10,9,-1,3,4,10,-1,2,9,8,-1,2,3,9,-1,
  1,8,0,-1,1,2,8,-1]
  normalPerVertex TRUE
  normal DEF NORM_4 Normal { vector [
  0 -0.98768834 0.15643447,0 -0.98768834 0.15643447,
  0 -0.93344204 0.35872825,0 -0.77690301 0.6296203,
  0 -0.5443153 0.83888072,0 -0.25844621 0.96602565,
  0 -0.15643447 0.98768834,0 -0.15643447 0.98768834,
  0 -0.96602565 0.25844621,0 -0.83888072 0.5443153,
  0 -0.6296203 0.77690301,0 -0.35872825 0.93344204] }
}
}
DEF SHAPE_5 Shape {
 appearance USE APP_1
 geometry DEF FACE_5 IndexedFaceSet {
  coord DEF COORD_5 Coordinate { point [
  -0.39370079 -0.23031496 0,-0.39370079 0.23031496 0,
  -0.23622047 -0.23031496 0,-0.23622047 0.23031496 0] }
 coordIndex [
  3,0,1,-1,3,2,0,-1]
  normalPerVertex TRUE
  normal DEF NORM_5 Normal { vector [
  0 0 -1,0 0 -1,
  0 0 -1,0 0 -1] }
}
}
DEF SHAPE_6 Shape {
 appearance USE APP_1
 geometry DEF FACE_6 IndexedFaceSet {
  coord DEF COORD_6 Coordinate { point [
  -0.39370079 -0.23031496 0.49212598,-0.39370079 0.23031496 0.49212598,
  -0.23622047 -0.23031496 0.49212598,-0.23622047 0.23031496 0.49212598] }
 coordIndex [
  3,1,0,-1,3,0,2,-1]
  normalPerVertex TRUE
  normal DEF NORM_6 Normal { vector [
  0 0 1,0 0 1,
  0 0 1,0 0 1] }
}
}
DEF SHAPE_7 Shape {
 appearance USE APP_1
 geometry DEF FACE_7 IndexedFaceSet {
  coord DEF COORD_7 Coordinate { point [
  -0.39370079 0.24606299 0.015748031,-0.23622047 0.24606299 0.015748031,
  -0.23622047 0.24529223 0.010881622,-0.23622047 0.24305539 0.0064915708,
  -0.23622047 0.23957142 0.0030076064,-0.23622047 0.23518137 0.00077076352,
  -0.23622047 0.23031496 0,-0.39370079 0.23031496 0,
  -0.39370079 0.24529223 0.010881622,-0.39370079 0.24305539 0.0064915708,
  -0.39370079 0.23957142 0.0030076064,-0.39370079 0.23518137 0.00077076352] }
 coordIndex [
  5,6,7,-1,5,7,11,-1,4,11,10,-1,4,5,11,-1,3,10,9,-1,3,4,10,-1,2,9,8,-1,2,3,9,-1,
  1,8,0,-1,1,2,8,-1]
  normalPerVertex TRUE
  normal DEF NORM_7 Normal { vector [
  0 0.98768834 -0.15643447,0 0.98768834 -0.15643447,
  0 0.93344204 -0.35872825,0 0.77690301 -0.6296203,
  0 0.5443153 -0.83888072,0 0.25844621 -0.96602565,
  0 0.15643447 -0.98768834,0 0.15643447 -0.98768834,
  0 0.96602565 -0.25844621,0 0.83888072 -0.5443153,
  0 0.6296203 -0.77690301,0 0.35872825 -0.93344204] }
}
}
DEF SHAPE_8 Shape {
 appearance USE APP_1
 geometry DEF FACE_8 IndexedFaceSet {
  coord DEF COORD_8 Coordinate { point [
  -0.39370079 0.24606299 0.47637795,-0.39370079 0.24529223 0.48124436,
  -0.39370079 0.24305539 0.48563441,-0.39370079 0.23957142 0.48911838,
  -0.39370079 0.23518137 0.49135522,-0.39370079 0.23031496 0.49212598,
  -0.23622047 0.23031496 0.49212598,-0.23622047 0.24606299 0.47637795,
  -0.23622047 0.24529223 0.48124436,-0.23622047 0.24305539 0.48563441,
  -0.23622047 0.23957142 0.48911838,-0.23622047 0.23518137 0.49135522] }
 coordIndex [
  8,0,1,-1,8,7,0,-1,9,1,2,-1,9,8,1,-1,10,2,3,-1,10,9,2,-1,11,3,4,-1,11,10,3,-1,
  6,4,5,-1,6,11,4,-1]
  normalPerVertex TRUE
  normal DEF NORM_8 Normal { vector [
  0 0.98768834 0.15643447,0 0.93344204 0.35872825,
  0 0.77690301 0.6296203,0 0.5443153 0.83888072,
  0 0.25844621 0.96602565,0 0.15643447 0.98768834,
  0 0.15643447 0.98768834,0 0.98768834 0.15643447,
  0 0.96602565 0.25844621,0 0.83888072 0.5443153,
  0 0.6296203 0.77690301,0 0.35872825 0.93344204] }
}
}
DEF SHAPE_9 Shape {
 appearance USE APP_1
 geometry DEF FACE_9 IndexedFaceSet {
  coord DEF COORD_9 Coordinate { point [
  -0.23622047 0.24606299 0.015748031,-0.23622047 0.24606299 0.47637795,
  -0.39370079 0.24606299 0.015748031,-0.39370079 0.24606299 0.47637795] }
 coordIndex [
  1,0,2,-1,1,2,3,-1]
  normalPerVertex TRUE
  normal DEF NORM_9 Normal { vector [
  0 1 0,0 1 0,
  0 1 0,0 1 0] }
}
}
DEF SHAPE_10 Shape {
 appearance USE APP_1
 geometry DEF FACE_10 IndexedFaceSet {
  coord DEF COORD_10 Coordinate { point [
  -0.23622047 -0.24606299 0.015748031,-0.23622047 -0.24606299 0.47637795,
  -0.23622047 -0.24529223 0.010881622,-0.23622047 -0.24305539 0.0064915708,
  -0.23622047 -0.23957142 0.0030076064,-0.23622047 -0.23518137 0.00077076352,
  -0.23622047 -0.23031496 0,-0.23622047 0.23031496 0,
  -0.23622047 0.24606299 0.015748031,-0.23622047 0.24529223 0.010881622,
  -0.23622047 0.24305539 0.0064915708,-0.23622047 0.23957142 0.0030076064,
  -0.23622047 0.23518137 0.00077076352,-0.23622047 0.24606299 0.47637795,
  -0.23622047 0.24529223 0.48124436,-0.23622047 0.24305539 0.48563441,
  -0.23622047 0.23957142 0.48911838,-0.23622047 0.23518137 0.49135522,
  -0.23622047 0.23031496 0.49212598,-0.23622047 -0.23031496 0.49212598,
  -0.23622047 -0.24529223 0.48124436,-0.23622047 -0.24305539 0.48563441,
  -0.23622047 -0.23957142 0.48911838,-0.23622047 -0.23518137 0.49135522,
  -0.23622047 -0.23031496 0.031496063,-0.23622047 -0.2295442 0.026629654,
  -0.23622047 -0.22730735 0.022239602,-0.23622047 -0.22382339 0.018755638,
  -0.23622047 -0.21943334 0.016518795,-0.23622047 -0.21456693 0.015748031,
  -0.23622047 -0.23031496 0.46062992,-0.23622047 -0.2295442 0.46549633,
  -0.23622047 -0.22730735 0.46988638,-0.23622047 -0.22382339 0.47337035,
  -0.23622047 -0.21943334 0.47560719,-0.23622047 -0.21456693 0.47637795,
  -0.23622047 0.21456693 0.47637795,-0.23622047 0.23031496 0.46062992,
  -0.23622047 0.2295442 0.46549633,-0.23622047 0.22730735 0.46988638,
  -0.23622047 0.22382339 0.47337035,-0.23622047 0.21943334 0.47560719,
  -0.23622047 0.23031496 0.031496063,-0.23622047 0.2295442 0.026629654,
  -0.23622047 0.22730735 0.022239602,-0.23622047 0.22382339 0.018755638,
  -0.23622047 0.21943334 0.016518795,-0.23622047 0.21456693 0.015748031] }
 coordIndex [
  45,12,11,-1,45,7,12,-1,44,9,8,-1,44,10,9,-1,44,11,10,-1,44,45,11,-1,46,7,45,-1,43,44,8,-1,
  42,43,8,-1,47,7,46,-1,37,8,13,-1,37,42,8,-1,29,6,7,-1,29,7,47,-1,38,37,13,-1,28,6,29,-1,
  39,13,14,-1,39,38,13,-1,15,39,14,-1,27,4,5,-1,27,5,6,-1,27,6,28,-1,40,15,16,-1,40,39,15,-1,
  26,3,4,-1,26,4,27,-1,2,3,26,-1,17,40,16,-1,18,40,17,-1,18,41,40,-1,18,36,41,-1,0,2,26,-1,
  0,26,25,-1,24,0,25,-1,19,33,34,-1,19,34,35,-1,19,35,36,-1,19,36,18,-1,1,30,31,-1,1,31,32,-1,
  20,1,32,-1,23,33,19,-1,21,20,32,-1,22,32,33,-1,22,33,23,-1,22,21,32,-1,1,0,24,-1,1,24,30,-1]
  normalPerVertex TRUE
  normal DEF NORM_10 Normal { vector [
  1 0 0,1 0 0,
  1 0 0,1 0 0,
  1 0 0,1 0 0,
  1 0 0,1 0 0,
  1 0 0,1 0 0,
  1 0 0,1 0 0,
  1 0 0,1 0 0,
  1 0 0,1 0 0,
  1 0 0,1 0 0,
  1 0 0,1 0 0,
  1 0 0,1 0 0,
  1 0 0,1 0 0,
  1 0 0,1 0 0,
  1 0 0,1 0 0,
  1 0 0,1 0 0,
  1 0 0,1 0 0,
  1 0 0,1 0 0,
  1 0 0,1 0 0,
  1 0 0,1 0 0,
  1 0 0,1 0 0,
  1 0 0,1 0 0,
  1 0 0,1 0 0,
  1 0 0,1 0 0,
  1 0 0,1 0 0] }
}
}
DEF SHAPE_11 Shape {
 appearance DEF APP_2 Appearance {
  material Material {
   ambientIntensity 0.34576732
   diffuseColor 0.37900001 0.27000001 0.215
   emissiveColor 0 0 0
   shininess 0.1
   specularColor 0.12 0.12 0.12
   transparency 0
} }
 geometry DEF FACE_11 IndexedFaceSet {
  coord DEF COORD_11 Coordinate { point [
  -0.23622047 -0.23031496 0.031496063,-0.23622047 -0.2295442 0.026629654,
  -0.23622047 -0.22730735 0.022239602,-0.23622047 -0.22382339 0.018755638,
  -0.23622047 -0.21943334 0.016518795,-0.23622047 -0.21456693 0.015748031,
  0.23622047 -0.21456693 0.015748031,0.23622047 -0.23031496 0.031496063,
  0.23622047 -0.2295442 0.026629654,0.23622047 -0.22730735 0.022239602,
  0.23622047 -0.22382339 0.018755638,0.23622047 -0.21943334 0.016518795] }
 coordIndex [
  8,0,1,-1,8,7,0,-1,9,1,2,-1,9,8,1,-1,10,2,3,-1,10,9,2,-1,11,3,4,-1,11,10,3,-1,
  6,4,5,-1,6,11,4,-1]
  normalPerVertex TRUE
  normal DEF NORM_11 Normal { vector [
  0 -0.98768834 -0.15643447,0 -0.93344204 -0.35872825,
  0 -0.77690301 -0.6296203,0 -0.5443153 -0.83888072,
  0 -0.25844621 -0.96602565,0 -0.15643447 -0.98768834,
  0 -0.15643447 -0.98768834,0 -0.98768834 -0.15643447,
  0 -0.96602565 -0.25844621,0 -0.83888072 -0.5443153,
  0 -0.6296203 -0.77690301,0 -0.35872825 -0.93344204] }
}
}
DEF SHAPE_12 Shape {
 appearance USE APP_2
 geometry DEF FACE_12 IndexedFaceSet {
  coord DEF COORD_12 Coordinate { point [
  -0.23622047 -0.21456693 0.015748031,-0.23622047 0.21456693 0.015748031,
  0.23622047 -0.21456693 0.015748031,0.23622047 0.21456693 0.015748031] }
 coordIndex [
  3,0,1,-1,3,2,0,-1]
  normalPerVertex TRUE
  normal DEF NORM_12 Normal { vector [
  0 0 -1,0 0 -1,
  0 0 -1,0 0 -1] }
}
}
DEF SHAPE_13 Shape {
 appearance USE APP_2
 geometry DEF FACE_13 IndexedFaceSet {
  coord DEF COORD_13 Coordinate { point [
  -0.23622047 0.23031496 0.031496063,0.23622047 0.23031496 0.031496063,
  0.23622047 0.2295442 0.026629654,0.23622047 0.22730735 0.022239602,
  0.23622047 0.22382339 0.018755638,0.23622047 0.21943334 0.016518795,
  0.23622047 0.21456693 0.015748031,-0.23622047 0.21456693 0.015748031,
  -0.23622047 0.2295442 0.026629654,-0.23622047 0.22730735 0.022239602,
  -0.23622047 0.22382339 0.018755638,-0.23622047 0.21943334 0.016518795] }
 coordIndex [
  5,6,7,-1,5,7,11,-1,4,11,10,-1,4,5,11,-1,3,10,9,-1,3,4,10,-1,2,9,8,-1,2,3,9,-1,
  1,8,0,-1,1,2,8,-1]
  normalPerVertex TRUE
  normal DEF NORM_13 Normal { vector [
  0 0.98768834 -0.15643447,0 0.98768834 -0.15643447,
  0 0.93344204 -0.35872825,0 0.77690301 -0.6296203,
  0 0.5443153 -0.83888072,0 0.25844621 -0.96602565,
  0 0.15643447 -0.98768834,0 0.15643447 -0.98768834,
  0 0.96602565 -0.25844621,0 0.83888072 -0.5443153,
  0 0.6296203 -0.77690301,0 0.35872825 -0.93344204] }
}
}
DEF SHAPE_14 Shape {
 appearance USE APP_2
 geometry DEF FACE_14 IndexedFaceSet {
  coord DEF COORD_14 Coordinate { point [
  0.23622047 0.23031496 0.031496063,0.23622047 0.23031496 0.46062992,
  -0.23622047 0.23031496 0.031496063,-0.23622047 0.23031496 0.46062992] }
 coordIndex [
  1,0,2,-1,1,2,3,-1]
  normalPerVertex TRUE
  normal DEF NORM_14 Normal { vector [
  0 1 0,0 1 0,
  0 1 0,0 1 0] }
}
}
DEF SHAPE_15 Shape {
 appearance USE APP_2
 geometry DEF FACE_15 IndexedFaceSet {
  coord DEF COORD_15 Coordinate { point [
  -0.23622047 0.23031496 0.46062992,-0.23622047 0.2295442 0.46549633,
  -0.23622047 0.22730735 0.46988638,-0.23622047 0.22382339 0.47337035,
  -0.23622047 0.21943334 0.47560719,-0.23622047 0.21456693 0.47637795,
  0.23622047 0.21456693 0.47637795,0.23622047 0.23031496 0.46062992,
  0.23622047 0.2295442 0.46549633,0.23622047 0.22730735 0.46988638,
  0.23622047 0.22382339 0.47337035,0.23622047 0.21943334 0.47560719] }
 coordIndex [
  8,0,1,-1,8,7,0,-1,9,1,2,-1,9,8,1,-1,10,2,3,-1,10,9,2,-1,11,3,4,-1,11,10,3,-1,
  6,4,5,-1,6,11,4,-1]
  normalPerVertex TRUE
  normal DEF NORM_15 Normal { vector [
  0 0.98768834 0.15643447,0 0.93344204 0.35872825,
  0 0.77690301 0.6296203,0 0.5443153 0.83888072,
  0 0.25844621 0.96602565,0 0.15643447 0.98768834,
  0 0.15643447 0.98768834,0 0.98768834 0.15643447,
  0 0.96602565 0.25844621,0 0.83888072 0.5443153,
  0 0.6296203 0.77690301,0 0.35872825 0.93344204] }
}
}
DEF SHAPE_16 Shape {
 appearance USE APP_2
 geometry DEF FACE_16 IndexedFaceSet {
  coord DEF COORD_16 Coordinate { point [
  -0.23622047 -0.21456693 0.47637795,-0.23622047 0.21456693 0.47637795,
  0.23622047 -0.21456693 0.47637795,0.23622047 0.21456693 0.47637795] }
 coordIndex [
  3,1,0,-1,3,0,2,-1]
  normalPerVertex TRUE
  normal DEF NORM_16 Normal { vector [
  0 0 1,0 0 1,
  0 0 1,0 0 1] }
}
}
DEF SHAPE_17 Shape {
 appearance USE APP_2
 geometry DEF FACE_17 IndexedFaceSet {
  coord DEF COORD_17 Coordinate { point [
  -0.23622047 -0.23031496 0.46062992,0.23622047 -0.23031496 0.46062992,
  0.23622047 -0.2295442 0.46549633,0.23622047 -0.22730735 0.46988638,
  0.23622047 -0.22382339 0.47337035,0.23622047 -0.21943334 0.47560719,
  0.23622047 -0.21456693 0.47637795,-0.23622047 -0.21456693 0.47637795,
  -0.23622047 -0.2295442 0.46549633,-0.23622047 -0.22730735 0.46988638,
  -0.23622047 -0.22382339 0.47337035,-0.23622047 -0.21943334 0.47560719] }
 coordIndex [
  5,6,7,-1,5,7,11,-1,4,11,10,-1,4,5,11,-1,3,10,9,-1,3,4,10,-1,2,9,8,-1,2,3,9,-1,
  1,8,0,-1,1,2,8,-1]
  normalPerVertex TRUE
  normal DEF NORM_17 Normal { vector [
  0 -0.98768834 0.15643447,0 -0.98768834 0.15643447,
  0 -0.93344204 0.35872825,0 -0.77690301 0.6296203,
  0 -0.5443153 0.83888072,0 -0.25844621 0.96602565,
  0 -0.15643447 0.98768834,0 -0.15643447 0.98768834,
  0 -0.96602565 0.25844621,0 -0.83888072 0.5443153,
  0 -0.6296203 0.77690301,0 -0.35872825 0.93344204] }
}
}
DEF SHAPE_18 Shape {
 appearance USE APP_2
 geometry DEF FACE_18 IndexedFaceSet {
  coord DEF COORD_18 Coordinate { point [
  0.23622047 -0.23031496 0.031496063,0.23622047 -0.23031496 0.46062992,
  -0.23622047 -0.23031496 0.031496063,-0.23622047 -0.23031496 0.46062992] }
 coordIndex [
  1,2,0,-1,1,3,2,-1]
  normalPerVertex TRUE
  normal DEF NORM_18 Normal { vector [
  0 -1 0,0 -1 0,
  0 -1 0,0 -1 0] }
}
}
DEF SHAPE_19 Shape {
 appearance USE APP_1
 geometry DEF FACE_19 IndexedFaceSet {
  coord DEF COORD_19 Coordinate { point [
  0.23622047 -0.24606299 0.015748031,0.23622047 -0.24606299 0.47637795,
  0.23622047 -0.24529223 0.010881622,0.23622047 -0.24305539 0.0064915708,
  0.23622047 -0.23957142 0.0030076064,0.23622047 -0.23518137 0.00077076352,
  0.23622047 -0.23031496 0,0.23622047 0.23031496 0,
  0.23622047 0.24606299 0.015748031,0.23622047 0.24529223 0.010881622,
  0.23622047 0.24305539 0.0064915708,0.23622047 0.23957142 0.0030076064,
  0.23622047 0.23518137 0.00077076352,0.23622047 0.24606299 0.47637795,
  0.23622047 0.24529223 0.48124436,0.23622047 0.24305539 0.48563441,
  0.23622047 0.23957142 0.48911838,0.23622047 0.23518137 0.49135522,
  0.23622047 0.23031496 0.49212598,0.23622047 -0.23031496 0.49212598,
  0.23622047 -0.24529223 0.48124436,0.23622047 -0.24305539 0.48563441,
  0.23622047 -0.23957142 0.48911838,0.23622047 -0.23518137 0.49135522,
  0.23622047 -0.23031496 0.031496063,0.23622047 -0.2295442 0.026629654,
  0.23622047 -0.22730735 0.022239602,0.23622047 -0.22382339 0.018755638,
  0.23622047 -0.21943334 0.016518795,0.23622047 -0.21456693 0.015748031,
  0.23622047 -0.23031496 0.46062992,0.23622047 -0.2295442 0.46549633,
  0.23622047 -0.22730735 0.46988638,0.23622047 -0.22382339 0.47337035,
  0.23622047 -0.21943334 0.47560719,0.23622047 -0.21456693 0.47637795,
  0.23622047 0.21456693 0.47637795,0.23622047 0.23031496 0.46062992,
  0.23622047 0.2295442 0.46549633,0.23622047 0.22730735 0.46988638,
  0.23622047 0.22382339 0.47337035,0.23622047 0.21943334 0.47560719,
  0.23622047 0.23031496 0.031496063,0.23622047 0.2295442 0.026629654,
  0.23622047 0.22730735 0.022239602,0.23622047 0.22382339 0.018755638,
  0.23622047 0.21943334 0.016518795,0.23622047 0.21456693 0.015748031] }
 coordIndex [
  45,11,12,-1,45,12,7,-1,44,8,9,-1,44,9,10,-1,44,10,11,-1,44,11,45,-1,46,45,7,-1,43,8,44,-1,
  42,8,43,-1,47,46,7,-1,37,13,8,-1,37,8,42,-1,29,7,6,-1,29,47,7,-1,38,13,37,-1,28,29,6,-1,
  39,14,13,-1,39,13,38,-1,15,14,39,-1,27,5,4,-1,27,6,5,-1,27,28,6,-1,40,16,15,-1,40,15,39,-1,
  26,4,3,-1,26,27,4,-1,2,26,3,-1,17,16,40,-1,18,17,40,-1,18,40,41,-1,18,41,36,-1,0,26,2,-1,
  0,25,26,-1,24,25,0,-1,19,34,33,-1,19,35,34,-1,19,36,35,-1,19,18,36,-1,1,31,30,-1,1,32,31,-1,
  20,32,1,-1,23,19,33,-1,21,32,20,-1,22,33,32,-1,22,23,33,-1,22,32,21,-1,1,24,0,-1,1,30,24,-1]
  normalPerVertex TRUE
  normal DEF NORM_19 Normal { vector [
  -1 0 0,-1 0 0,
  -1 0 0,-1 0 0,
  -1 0 0,-1 0 0,
  -1 0 0,-1 0 0,
  -1 0 0,-1 0 0,
  -1 0 0,-1 0 0,
  -1 0 0,-1 0 0,
  -1 0 0,-1 0 0,
  -1 0 0,-1 0 0,
  -1 0 0,-1 0 0,
  -1 0 0,-1 0 0,
  -1 0 0,-1 0 0,
  -1 0 0,-1 0 0,
  -1 0 0,-1 0 0,
  -1 0 0,-1 0 0,
  -1 0 0,-1 0 0,
  -1 0 0,-1 0 0,
  -1 0 0,-1 0 0,
  -1 0 0,-1 0 0,
  -1 0 0,-1 0 0,
  -1 0 0,-1 0 0,
  -1 0 0,-1 0 0,
  -1 0 0,-1 0 0,
  -1 0 0,-1 0 0] }
}
}
DEF SHAPE_20 Shape {
 appearance USE APP_1
 geometry DEF FACE_20 IndexedFaceSet {
  coord DEF COORD_20 Coordinate { point [
  0.39370079 -0.24606299 0.015748031,0.39370079 -0.24606299 0.47637795,
  0.23622047 -0.24606299 0.015748031,0.23622047 -0.24606299 0.47637795] }
 coordIndex [
  1,2,0,-1,1,3,2,-1]
  normalPerVertex TRUE
  normal DEF NORM_20 Normal { vector [
  0 -1 0,0 -1 0,
  0 -1 0,0 -1 0] }
}
}
DEF SHAPE_21 Shape {
 appearance USE APP_1
 geometry DEF FACE_21 IndexedFaceSet {
  coord DEF COORD_21 Coordinate { point [
  0.23622047 -0.24606299 0.015748031,0.23622047 -0.24529223 0.010881622,
  0.23622047 -0.24305539 0.0064915708,0.23622047 -0.23957142 0.0030076064,
  0.23622047 -0.23518137 0.00077076352,0.23622047 -0.23031496 0,
  0.39370079 -0.23031496 0,0.39370079 -0.24606299 0.015748031,
  0.39370079 -0.24529223 0.010881622,0.39370079 -0.24305539 0.0064915708,
  0.39370079 -0.23957142 0.0030076064,0.39370079 -0.23518137 0.00077076352] }
 coordIndex [
  8,0,1,-1,8,7,0,-1,9,1,2,-1,9,8,1,-1,10,2,3,-1,10,9,2,-1,11,3,4,-1,11,10,3,-1,
  6,4,5,-1,6,11,4,-1]
  normalPerVertex TRUE
  normal DEF NORM_21 Normal { vector [
  0 -0.98768834 -0.15643447,0 -0.93344204 -0.35872825,
  0 -0.77690301 -0.6296203,0 -0.5443153 -0.83888072,
  0 -0.25844621 -0.96602565,0 -0.15643447 -0.98768834,
  0 -0.15643447 -0.98768834,0 -0.98768834 -0.15643447,
  0 -0.96602565 -0.25844621,0 -0.83888072 -0.5443153,
  0 -0.6296203 -0.77690301,0 -0.35872825 -0.93344204] }
}
}
DEF SHAPE_22 Shape {
 appearance USE APP_1
 geometry DEF FACE_22 IndexedFaceSet {
  coord DEF COORD_22 Coordinate { point [
  0.23622047 -0.24606299 0.47637795,0.39370079 -0.24606299 0.47637795,
  0.39370079 -0.24529223 0.48124436,0.39370079 -0.24305539 0.48563441,
  0.39370079 -0.23957142 0.48911838,0.39370079 -0.23518137 0.49135522,
  0.39370079 -0.23031496 0.49212598,0.23622047 -0.23031496 0.49212598,
  0.23622047 -0.24529223 0.48124436,0.23622047 -0.24305539 0.48563441,
  0.23622047 -0.23957142 0.48911838,0.23622047 -0.23518137 0.49135522] }
 coordIndex [
  5,6,7,-1,5,7,11,-1,4,11,10,-1,4,5,11,-1,3,10,9,-1,3,4,10,-1,2,9,8,-1,2,3,9,-1,
  1,8,0,-1,1,2,8,-1]
  normalPerVertex TRUE
  normal DEF NORM_22 Normal { vector [
  0 -0.98768834 0.15643447,0 -0.98768834 0.15643447,
  0 -0.93344204 0.35872825,0 -0.77690301 0.6296203,
  0 -0.5443153 0.83888072,0 -0.25844621 0.96602565,
  0 -0.15643447 0.98768834,0 -0.15643447 0.98768834,
  0 -0.96602565 0.25844621,0 -0.83888072 0.5443153,
  0 -0.6296203 0.77690301,0 -0.35872825 0.93344204] }
}
}
DEF SHAPE_23 Shape {
 appearance USE APP_1
 geometry DEF FACE_23 IndexedFaceSet {
  coord DEF COORD_23 Coordinate { point [
  0.23622047 -0.23031496 0,0.23622047 0.23031496 0,
  0.39370079 -0.23031496 0,0.39370079 0.23031496 0] }
 coordIndex [
  3,0,1,-1,3,2,0,-1]
  normalPerVertex TRUE
  normal DEF NORM_23 Normal { vector [
  0 0 -1,0 0 -1,
  0 0 -1,0 0 -1] }
}
}
DEF SHAPE_24 Shape {
 appearance USE APP_1
 geometry DEF FACE_24 IndexedFaceSet {
  coord DEF COORD_24 Coordinate { point [
  0.23622047 -0.23031496 0.49212598,0.23622047 0.23031496 0.49212598,
  0.39370079 -0.23031496 0.49212598,0.39370079 0.23031496 0.49212598] }
 coordIndex [
  3,1,0,-1,3,0,2,-1]
  normalPerVertex TRUE
  normal DEF NORM_24 Normal { vector [
  0 0 1,0 0 1,
  0 0 1,0 0 1] }
}
}
DEF SHAPE_25 Shape {
 appearance USE APP_1
 geometry DEF FACE_25 IndexedFaceSet {
  coord DEF COORD_25 Coordinate { point [
  0.23622047 0.24606299 0.015748031,0.39370079 0.24606299 0.015748031,
  0.39370079 0.24529223 0.010881622,0.39370079 0.24305539 0.0064915708,
  0.39370079 0.23957142 0.0030076064,0.39370079 0.23518137 0.00077076352,
  0.39370079 0.23031496 0,0.23622047 0.23031496 0,
  0.23622047 0.24529223 0.010881622,0.23622047 0.24305539 0.0064915708,
  0.23622047 0.23957142 0.0030076064,0.23622047 0.23518137 0.00077076352] }
 coordIndex [
  5,6,7,-1,5,7,11,-1,4,11,10,-1,4,5,11,-1,3,10,9,-1,3,4,10,-1,2,9,8,-1,2,3,9,-1,
  1,8,0,-1,1,2,8,-1]
  normalPerVertex TRUE
  normal DEF NORM_25 Normal { vector [
  0 0.98768834 -0.15643447,0 0.98768834 -0.15643447,
  0 0.93344204 -0.35872825,0 0.77690301 -0.6296203,
  0 0.5443153 -0.83888072,0 0.25844621 -0.96602565,
  0 0.15643447 -0.98768834,0 0.15643447 -0.98768834,
  0 0.96602565 -0.25844621,0 0.83888072 -0.5443153,
  0 0.6296203 -0.77690301,0 0.35872825 -0.93344204] }
}
}
DEF SHAPE_26 Shape {
 appearance USE APP_1
 geometry DEF FACE_26 IndexedFaceSet {
  coord DEF COORD_26 Coordinate { point [
  0.23622047 0.24606299 0.47637795,0.23622047 0.24529223 0.48124436,
  0.23622047 0.24305539 0.48563441,0.23622047 0.23957142 0.48911838,
  0.23622047 0.23518137 0.49135522,0.23622047 0.23031496 0.49212598,
  0.39370079 0.23031496 0.49212598,0.39370079 0.24606299 0.47637795,
  0.39370079 0.24529223 0.48124436,0.39370079 0.24305539 0.48563441,
  0.39370079 0.23957142 0.48911838,0.39370079 0.23518137 0.49135522] }
 coordIndex [
  8,0,1,-1,8,7,0,-1,9,1,2,-1,9,8,1,-1,10,2,3,-1,10,9,2,-1,11,3,4,-1,11,10,3,-1,
  6,4,5,-1,6,11,4,-1]
  normalPerVertex TRUE
  normal DEF NORM_26 Normal { vector [
  0 0.98768834 0.15643447,0 0.93344204 0.35872825,
  0 0.77690301 0.6296203,0 0.5443153 0.83888072,
  0 0.25844621 0.96602565,0 0.15643447 0.98768834,
  0 0.15643447 0.98768834,0 0.98768834 0.15643447,
  0 0.96602565 0.25844621,0 0.83888072 0.5443153,
  0 0.6296203 0.77690301,0 0.35872825 0.93344204] }
}
}
DEF SHAPE_27 Shape {
 appearance USE APP_1
 geometry DEF FACE_27 IndexedFaceSet {
  coord DEF COORD_27 Coordinate { point [
  0.39370079 0.24606299 0.015748031,0.39370079 0.24606299 0.47637795,
  0.23622047 0.24606299 0.015748031,0.23622047 0.24606299 0.47637795] }
 coordIndex [
  1,0,2,-1,1,2,3,-1]
  normalPerVertex TRUE
  normal DEF NORM_27 Normal { vector [
  0 1 0,0 1 0,
  0 1 0,0 1 0] }
}
}
DEF SHAPE_28 Shape {
 appearance USE APP_1
 geometry DEF FACE_28 IndexedFaceSet {
  coord DEF COORD_28 Coordinate { point [
  0.39370079 -0.24606299 0.015748031,0.39370079 -0.24606299 0.47637795,
  0.39370079 -0.24529223 0.010881622,0.39370079 -0.24305539 0.0064915708,
  0.39370079 -0.23957142 0.0030076064,0.39370079 -0.23518137 0.00077076352,
  0.39370079 -0.23031496 0,0.39370079 0.23031496 0,
  0.39370079 0.24606299 0.015748031,0.39370079 0.24529223 0.010881622,
  0.39370079 0.24305539 0.0064915708,0.39370079 0.23957142 0.0030076064,
  0.39370079 0.23518137 0.00077076352,0.39370079 0.24606299 0.47637795,
  0.39370079 0.24529223 0.48124436,0.39370079 0.24305539 0.48563441,
  0.39370079 0.23957142 0.48911838,0.39370079 0.23518137 0.49135522,
  0.39370079 0.23031496 0.49212598,0.39370079 -0.23031496 0.49212598,
  0.39370079 -0.24529223 0.48124436,0.39370079 -0.24305539 0.48563441,
  0.39370079 -0.23957142 0.48911838,0.39370079 -0.23518137 0.49135522] }
 coordIndex [
  7,9,8,-1,7,10,9,-1,7,11,10,-1,7,12,11,-1,16,14,15,-1,2,3,4,-1,2,4,5,-1,17,13,14,-1,
  17,14,16,-1,18,8,13,-1,18,7,8,-1,18,13,17,-1,0,5,6,-1,0,6,7,-1,0,2,5,-1,1,18,19,-1,
  1,0,7,-1,1,7,18,-1,23,20,1,-1,23,1,19,-1,22,21,20,-1,22,20,23,-1]
  normalPerVertex TRUE
  normal DEF NORM_28 Normal { vector [
  1 0 0,1 0 0,
  1 0 0,0 0 1,
  1 0 0,1 0 0,
  1 0 0,1 0 0,
  1 0 0,1 0 0,
  1 0 0,1 0 0,
  0 0 1,1 0 0,
  1 0 0,0 0 1,
  1 0 0,1 0 0,
  1 0 0,1 0 0,
  1 0 0,0 0 1,
  1 0 0,1 0 0] }
}
}
] }
] }
] }
] }
DEF TXFM_6 Transform {
  center 0 0 0
  rotation 0 0 1 0
  scale 1 1 1
  scaleOrientation 0 0 1 0
  translation 41.387795 -47.387795 0.31496063
 children [
DEF TXFM_7 Transform {
  center 0 0 0
  rotation 0 0 1 0
  scale 1 1 1
  scaleOrientation 0 0 1 0
  translation 0 0 0
 children [
DEF TXFM_8 Transform {
  center 0 0 0
  rotation 0 0 1 0
  scale 1 1 1
  scaleOrientation 0 0 1 0
  translation 0 0 0
 children [
DEF TXFM_9 Transform {
  center 0 0 0
  rotation 0 0 1 0
  scale 1 1 1
  scaleOrientation 0 0 1 0
  translation 0 0 0
 children [
DEF SHAPE_29 Shape {
 appearance DEF APP_3 Appearance {
  material Material {
   ambientIntensity 0.13400008
   diffuseColor 0.85900003 0.73799998 0.49599999
   emissiveColor 0 0 0
   shininess 0.1
   specularColor 0.12 0.12 0.12
   transparency 0
} }
 geometry DEF FACE_29 IndexedFaceSet {
  coord DEF COORD_29 Coordinate { point [
  -1.25 -1.0531496 0,-1.25 -0.62401575 0,
  -1.25 -1.0531496 0.9015748,-1.25 1.0531496 0.9015748,
  -1.25 1.0531496 0,-1.25 0.62401575 0,
  -1.25 0.62401575 0.4015748,-1.25 -0.62401575 0.4015748] }
 coordIndex [
  7,0,2,-1,1,0,7,-1,6,2,3,-1,6,7,2,-1,4,5,6,-1,4,6,3,-1]
  normalPerVertex TRUE
  normal DEF NORM_29 Normal { vector [
  -1 0 0,-1 0 0,
  -1 0 0,-1 0 0,
  -1 0 0,-1 0 0,
  -1 0 0,-1 0 0] }
}
}
DEF SHAPE_30 Shape {
 appearance USE APP_3
 geometry DEF FACE_30 IndexedFaceSet {
  coord DEF COORD_30 Coordinate { point [
  -1.25 -1.0531496 0,-1.25 -0.62401575 0,
  -1.2432925 -1.1040982 0,-1.223627 -1.1515748 0,
  -1.1923439 -1.1923439 0,-1.1515748 -1.223627 0,
  -1.1040982 -1.2432925 0,-1.0531496 -1.25 0,
  -0.62401575 -1.25 0,-0.62401575 -0.62401575 0] }
 coordIndex [
  7,4,3,-1,7,5,4,-1,7,6,5,-1,0,3,2,-1,0,7,3,-1,9,0,1,-1,9,8,7,-1,9,7,0,-1]
  normalPerVertex TRUE
  normal DEF NORM_30 Normal { vector [
  0 0 -1,0 0 -1,
  0 0 -1,0 0 -1,
  0 0 -1,0 0 -1,
  0 0 -1,0 0 -1,
  0 0 -1,0 0 -1] }
}
}
DEF SHAPE_31 Shape {
 appearance USE APP_3
 geometry DEF FACE_31 IndexedFaceSet {
  coord DEF COORD_31 Coordinate { point [
  -0.62401575 -0.62401575 0,-0.62401575 -0.62401575 0.4015748,
  -1.25 -0.62401575 0.4015748,-1.25 -0.62401575 0] }
 coordIndex [
  3,1,0,-1,3,2,1,-1]
  normalPerVertex TRUE
  normal DEF NORM_31 Normal { vector [
  0 1 0,0 1 0,
  0 1 0,0 1 0] }
}
}
DEF SHAPE_32 Shape {
 appearance USE APP_3
 geometry DEF FACE_32 IndexedFaceSet {
  coord DEF COORD_32 Coordinate { point [
  -0.62401575 -0.62401575 0.4015748,-1.25 -0.62401575 0.4015748,
  -0.62401575 -1.25 0.4015748,0.62401575 -1.25 0.4015748,
  0.62401575 -0.62401575 0.4015748,1.25 -0.62401575 0.4015748,
  1.25 0.62401575 0.4015748,0.62401575 0.62401575 0.4015748,
  0.62401575 1.25 0.4015748,-0.62401575 1.25 0.4015748,
  -0.62401575 0.62401575 0.4015748,-1.25 0.62401575 0.4015748,
  0.82677165 0 0.4015748,0.79860009 -0.21398425 0.4015748,
  0.71600526 -0.41338583 0.4015748,0.58461584 -0.58461584 0.4015748,
  0.41338583 -0.71600526 0.4015748,0.21398425 -0.79860009 0.4015748,
  0 -0.82677165 0.4015748,-0.21398425 -0.79860009 0.4015748,
  -0.41338583 -0.71600526 0.4015748,-0.58461584 -0.58461584 0.4015748,
  -0.71600526 -0.41338583 0.4015748,-0.79860009 -0.21398425 0.4015748,
  -0.82677165 0 0.4015748,-0.79860009 0.21398425 0.4015748,
  -0.71600526 0.41338583 0.4015748,-0.58461584 0.58461584 0.4015748,
  -0.41338583 0.71600526 0.4015748,-0.21398425 0.79860009 0.4015748,
  0 0.82677165 0.4015748,0.21398425 0.79860009 0.4015748,
  0.41338583 0.71600526 0.4015748,0.58461584 0.58461584 0.4015748,
  0.71600526 0.41338583 0.4015748,0.79860009 0.21398425 0.4015748] }
 coordIndex [
  20,2,0,-1,20,0,21,-1,22,0,1,-1,22,21,0,-1,19,2,20,-1,23,22,1,-1,18,2,19,-1,24,23,1,-1,
  3,2,18,-1,11,24,1,-1,17,3,18,-1,25,24,11,-1,16,3,17,-1,26,25,11,-1,4,16,15,-1,4,3,16,-1,
  10,26,11,-1,27,26,10,-1,14,4,15,-1,28,27,10,-1,9,29,28,-1,9,28,10,-1,5,14,13,-1,5,4,14,-1,
  12,5,13,-1,30,29,9,-1,7,33,32,-1,7,34,33,-1,8,31,30,-1,8,32,31,-1,8,7,32,-1,8,30,9,-1,
  6,34,7,-1,6,35,34,-1,6,12,35,-1,6,5,12,-1]
  normalPerVertex TRUE
  normal DEF NORM_32 Normal { vector [
  0 0 -1,0 0 -1,
  0 0 -1,0 0 -1,
  0 0 -1,0 0 -1,
  0 0 -1,0 0 -1,
  0 0 -1,0 0 -1,
  0 0 -1,0 0 -1,
  0 0 -1,0 0 -1,
  0 0 -1,0 0 -1,
  0 0 -1,0 0 -1,
  0 0 -1,0 0 -1,
  0 0 -1,0 0 -1,
  0 0 -1,0 0 -1,
  0 0 -1,0 0 -1,
  0 0 -1,0 0 -1,
  0 0 -1,0 0 -1,
  0 0 -1,0 0 -1,
  0 0 -1,0 0 -1,
  0 0 -1,0 0 -1] }
}
}
DEF SHAPE_33 Shape {
 appearance USE APP_3
 geometry DEF FACE_33 IndexedFaceSet {
  coord DEF COORD_33 Coordinate { point [
  -1.25 0.62401575 0,-1.25 0.62401575 0.4015748,
  -0.62401575 0.62401575 0.4015748,-0.62401575 0.62401575 0] }
 coordIndex [
  3,1,0,-1,3,2,1,-1]
  normalPerVertex TRUE
  normal DEF NORM_33 Normal { vector [
  0 -1 0,0 -1 0,
  0 -1 0,0 -1 0] }
}
}
DEF SHAPE_34 Shape {
 appearance USE APP_3
 geometry DEF FACE_34 IndexedFaceSet {
  coord DEF COORD_34 Coordinate { point [
  -1.25 0.62401575 0,-1.25 1.0531496 0,
  -0.62401575 0.62401575 0,-0.62401575 1.25 0,
  -1.0531496 1.25 0,-1.1040982 1.2432925 0,
  -1.1515748 1.223627 0,-1.1923439 1.1923439 0,
  -1.223627 1.1515748 0,-1.2432925 1.1040982 0] }
 coordIndex [
  8,1,9,-1,2,0,1,-1,6,8,7,-1,4,6,5,-1,4,1,8,-1,4,2,1,-1,4,8,6,-1,3,2,4,-1]
  normalPerVertex TRUE
  normal DEF NORM_34 Normal { vector [
  0 0 -1,0 0 -1,
  0 0 -1,0 0 -1,
  0 0 -1,0 0 -1,
  0 0 -1,0 0 -1,
  0 0 -1,0 0 -1] }
}
}
DEF SHAPE_35 Shape {
 appearance USE APP_3
 geometry DEF FACE_35 IndexedFaceSet {
  coord DEF COORD_35 Coordinate { point [
  -1.0531496 1.25 0,-1.1040982 1.2432925 0,
  -1.1515748 1.223627 0,-1.1923439 1.1923439 0,
  -1.223627 1.1515748 0,-1.2432925 1.1040982 0,
  -1.25 1.0531496 0,-1.25 1.0531496 0.9015748,
  -1.0531496 1.25 0.9015748,-1.1040982 1.2432925 0.9015748,
  -1.1515748 1.223627 0.9015748,-1.1923439 1.1923439 0.9015748,
  -1.223627 1.1515748 0.9015748,-1.2432925 1.1040982 0.9015748] }
 coordIndex [
  5,6,7,-1,5,7,13,-1,4,13,12,-1,4,5,13,-1,3,12,11,-1,3,4,12,-1,2,10,9,-1,2,11,10,-1,
  2,3,11,-1,1,2,9,-1,0,9,8,-1,0,1,9,-1]
  normalPerVertex TRUE
  normal DEF NORM_35 Normal { vector [
  -0.13052619 0.99144486 0,-0.25881905 0.96592583 0,
  -0.5 0.8660254 0,-0.73742784 0.67542593 0,
  -0.88711369 0.46155098 0,-0.9763442 0.21622209 0,
  -0.99144486 0.13052619 0,-0.99144486 0.13052619 0,
  -0.13052619 0.99144486 0,-0.25881905 0.96592583 0,
  -0.5 0.8660254 0,-0.67542593 0.73742784 0,
  -0.84327172 0.5374875 0,-0.95364993 0.30091828 0] }
}
}
DEF SHAPE_36 Shape {
 appearance USE APP_3
 geometry DEF FACE_36 IndexedFaceSet {
  coord DEF COORD_36 Coordinate { point [
  -1.25 -1.0531496 0.9015748,-1.25 1.0531496 0.9015748,
  -1.2432925 -1.1040982 0.9015748,-1.223627 -1.1515748 0.9015748,
  -1.1923439 -1.1923439 0.9015748,-1.1515748 -1.223627 0.9015748,
  -1.1040982 -1.2432925 0.9015748,-1.0531496 -1.25 0.9015748,
  1.0531496 -1.25 0.9015748,1.1040982 -1.2432925 0.9015748,
  1.1515748 -1.223627 0.9015748,1.1923439 -1.1923439 0.9015748,
  1.223627 -1.1515748 0.9015748,1.2432925 -1.1040982 0.9015748,
  1.25 -1.0531496 0.9015748,1.25 1.0531496 0.9015748,
  1.2432925 1.1040982 0.9015748,1.223627 1.1515748 0.9015748,
  1.1923439 1.1923439 0.9015748,1.1515748 1.223627 0.9015748,
  1.1040982 1.2432925 0.9015748,1.0531496 1.25 0.9015748,
  -1.0531496 1.25 0.9015748,-1.1040982 1.2432925 0.9015748,
  -1.1515748 1.223627 0.9015748,-1.1923439 1.1923439 0.9015748,
  -1.223627 1.1515748 0.9015748,-1.2432925 1.1040982 0.9015748,
  1.06 0 0.9015748,1.0238814 -0.27434819 0.9015748,
  0.91798693 -0.53 0.9015748,0.74953319 -0.74953319 0.9015748,
  0.53 -0.91798693 0.9015748,0.27434819 -1.0238814 0.9015748,
  0 -1.06 0.9015748,-0.27434819 -1.0238814 0.9015748,
  -0.53 -0.91798693 0.9015748,-0.74953319 -0.74953319 0.9015748,
  -0.91798693 -0.53 0.9015748,-1.0238814 -0.27434819 0.9015748,
  -1.06 0 0.9015748,-1.0238814 0.27434819 0.9015748,
  -0.91798693 0.53 0.9015748,-0.74953319 0.74953319 0.9015748,
  -0.53 0.91798693 0.9015748,-0.27434819 1.0238814 0.9015748,
  0 1.06 0.9015748,0.27434819 1.0238814 0.9015748,
  0.53 0.91798693 0.9015748,0.74953319 0.74953319 0.9015748,
  0.91798693 0.53 0.9015748,1.0238814 0.27434819 0.9015748] }
 coordIndex [
  7,4,5,-1,7,5,6,-1,0,2,3,-1,0,3,4,-1,0,4,7,-1,37,0,7,-1,38,0,37,-1,36,37,7,-1,
  39,0,38,-1,35,36,7,-1,34,35,7,-1,40,0,39,-1,8,32,33,-1,8,33,34,-1,8,34,7,-1,1,40,41,-1,
  1,41,42,-1,1,0,40,-1,26,27,1,-1,11,9,10,-1,25,26,1,-1,31,32,8,-1,43,1,42,-1,13,9,11,-1,
  13,11,12,-1,14,31,8,-1,14,8,9,-1,14,9,13,-1,22,25,1,-1,22,23,24,-1,22,24,25,-1,22,1,43,-1,
  30,31,14,-1,44,22,43,-1,45,22,44,-1,29,30,14,-1,46,22,45,-1,28,29,14,-1,15,28,14,-1,15,49,50,-1,
  15,50,51,-1,15,51,28,-1,21,49,15,-1,21,46,47,-1,21,47,48,-1,21,48,49,-1,19,15,16,-1,19,16,17,-1,
  19,20,21,-1,19,21,15,-1,18,19,17,-1,21,22,46,-1]
  normalPerVertex TRUE
  normal DEF NORM_36 Normal { vector [
  0 0 1,0 0 1,
  0 0 1,0 0 1,
  0 0 1,0 0 1,
  0 0 1,0 0 1,
  0 0 1,0 0 1,
  0 0 1,0 0 1,
  0 0 1,0 0 1,
  0 0 1,0 0 1,
  0 0 1,0 0 1,
  0 0 1,0 0 1,
  0 0 1,0 0 1,
  0 0 1,0 0 1,
  0 0 1,0 0 1,
  0 0 1,0 0 1,
  0 0 1,0 0 1,
  0 0 1,0 0 1,
  0 0 1,0 0 1,
  0 0 1,0 0 1,
  0 0 1,0 0 1,
  0 0 1,0 0 1,
  0 0 1,0 0 1,
  0 0 1,0 0 1,
  0 0 1,0 0 1,
  0 0 1,0 0 1,
  0 0 1,0 0 1,
  0 0 1,0 0 1] }
}
}
DEF SHAPE_37 Shape {
 appearance USE APP_3
 geometry DEF FACE_37 IndexedFaceSet {
  coord DEF COORD_37 Coordinate { point [
  -1.25 -1.0531496 0,-1.2432925 -1.1040982 0,
  -1.223627 -1.1515748 0,-1.1923439 -1.1923439 0,
  -1.1515748 -1.223627 0,-1.1040982 -1.2432925 0,
  -1.0531496 -1.25 0,-1.0531496 -1.25 0.9015748,
  -1.25 -1.0531496 0.9015748,-1.2432925 -1.1040982 0.9015748,
  -1.223627 -1.1515748 0.9015748,-1.1923439 -1.1923439 0.9015748,
  -1.1515748 -1.223627 0.9015748,-1.1040982 -1.2432925 0.9015748] }
 coordIndex [
  5,6,7,-1,5,7,13,-1,4,12,11,-1,4,13,12,-1,4,5,13,-1,3,4,11,-1,2,11,10,-1,2,3,11,-1,
  1,10,9,-1,1,2,10,-1,0,9,8,-1,0,1,9,-1]
  normalPerVertex TRUE
  normal DEF NORM_37 Normal { vector [
  -0.99144486 -0.13052619 0,-0.95364993 -0.30091828 0,
  -0.84327172 -0.5374875 0,-0.70710678 -0.70710678 0,
  -0.5 -0.8660254 0,-0.21622209 -0.9763442 0,
  -0.13052619 -0.99144486 0,-0.13052619 -0.99144486 0,
  -0.99144486 -0.13052619 0,-0.9763442 -0.21622209 0,
  -0.88711369 -0.46155098 0,-0.70710678 -0.70710678 0,
  -0.5 -0.8660254 0,-0.30091828 -0.95364993 0] }
}
}
DEF SHAPE_38 Shape {
 appearance USE APP_3
 geometry DEF FACE_38 IndexedFaceSet {
  coord DEF COORD_38 Coordinate { point [
  -0.62401575 -0.62401575 0,-0.62401575 -0.62401575 0.4015748,
  -0.62401575 -1.25 0.4015748,-0.62401575 -1.25 0] }
 coordIndex [
  3,0,1,-1,3,1,2,-1]
  normalPerVertex TRUE
  normal DEF NORM_38 Normal { vector [
  1 0 0,1 0 0,
  1 0 0,1 0 0] }
}
}
DEF SHAPE_39 Shape {
 appearance USE APP_3
 geometry DEF FACE_39 IndexedFaceSet {
  coord DEF COORD_39 Coordinate { point [
  1.0531496 -1.25 0,0.62401575 -1.25 0,
  1.0531496 -1.25 0.9015748,-1.0531496 -1.25 0.9015748,
  -1.0531496 -1.25 0,-0.62401575 -1.25 0,
  -0.62401575 -1.25 0.4015748,0.62401575 -1.25 0.4015748] }
 coordIndex [
  7,0,2,-1,1,0,7,-1,6,2,3,-1,6,7,2,-1,4,5,6,-1,4,6,3,-1]
  normalPerVertex TRUE
  normal DEF NORM_39 Normal { vector [
  0 -1 0,0 -1 0,
  0 -1 0,0 -1 0,
  0 -1 0,0 -1 0,
  0 -1 0,0 -1 0] }
}
}
DEF SHAPE_40 Shape {
 appearance USE APP_3
 geometry DEF FACE_40 IndexedFaceSet {
  coord DEF COORD_40 Coordinate { point [
  0.62401575 -1.25 0,0.62401575 -1.25 0.4015748,
  0.62401575 -0.62401575 0.4015748,0.62401575 -0.62401575 0] }
 coordIndex [
  3,0,1,-1,3,1,2,-1]
  normalPerVertex TRUE
  normal DEF NORM_40 Normal { vector [
  -1 0 0,-1 0 0,
  -1 0 0,-1 0 0] }
}
}
DEF SHAPE_41 Shape {
 appearance USE APP_3
 geometry DEF FACE_41 IndexedFaceSet {
  coord DEF COORD_41 Coordinate { point [
  -0.62401575 0.62401575 0,-0.62401575 0.62401575 0.4015748,
  -0.62401575 1.25 0.4015748,-0.62401575 1.25 0] }
 coordIndex [
  3,1,0,-1,3,2,1,-1]
  normalPerVertex TRUE
  normal DEF NORM_41 Normal { vector [
  1 0 0,1 0 0,
  1 0 0,1 0 0] }
}
}
DEF SHAPE_42 Shape {
 appearance USE APP_3
 geometry DEF FACE_42 IndexedFaceSet {
  coord DEF COORD_42 Coordinate { point [
  1.25 -0.62401575 0,1.25 -0.62401575 0.4015748,
  0.62401575 -0.62401575 0.4015748,0.62401575 -0.62401575 0] }
 coordIndex [
  3,1,0,-1,3,2,1,-1]
  normalPerVertex TRUE
  normal DEF NORM_42 Normal { vector [
  0 1 0,0 1 0,
  0 1 0,0 1 0] }
}
}
DEF SHAPE_43 Shape {
 appearance USE APP_3
 geometry DEF FACE_43 IndexedFaceSet {
  coord DEF COORD_43 Coordinate { point [
  -1.0531496 1.25 0,-0.62401575 1.25 0,
  -1.0531496 1.25 0.9015748,1.0531496 1.25 0.9015748,
  1.0531496 1.25 0,0.62401575 1.25 0,
  0.62401575 1.25 0.4015748,-0.62401575 1.25 0.4015748] }
 coordIndex [
  7,0,2,-1,1,0,7,-1,6,2,3,-1,6,7,2,-1,4,5,6,-1,4,6,3,-1]
  normalPerVertex TRUE
  normal DEF NORM_43 Normal { vector [
  0 1 0,0 1 0,
  0 1 0,0 1 0,
  0 1 0,0 1 0,
  0 1 0,0 1 0] }
}
}
DEF SHAPE_44 Shape {
 appearance USE APP_3
 geometry DEF FACE_44 IndexedFaceSet {
  coord DEF COORD_44 Coordinate { point [
  1.25 1.0531496 0,1.25 0.62401575 0,
  1.25 1.0531496 0.9015748,1.25 -1.0531496 0.9015748,
  1.25 -1.0531496 0,1.25 -0.62401575 0,
  1.25 -0.62401575 0.4015748,1.25 0.62401575 0.4015748] }
 coordIndex [
  7,0,2,-1,1,0,7,-1,6,2,3,-1,6,7,2,-1,4,5,6,-1,4,6,3,-1]
  normalPerVertex TRUE
  normal DEF NORM_44 Normal { vector [
  1 0 0,1 0 0,
  1 0 0,1 0 0,
  1 0 0,1 0 0,
  1 0 0,1 0 0] }
}
}
DEF SHAPE_45 Shape {
 appearance USE APP_3
 geometry DEF FACE_45 IndexedFaceSet {
  coord DEF COORD_45 Coordinate { point [
  0.62401575 1.25 0,0.62401575 1.25 0.4015748,
  0.62401575 0.62401575 0.4015748,0.62401575 0.62401575 0] }
 coordIndex [
  3,1,0,-1,3,2,1,-1]
  normalPerVertex TRUE
  normal DEF NORM_45 Normal { vector [
  -1 0 0,-1 0 0,
  -1 0 0,-1 0 0] }
}
}
DEF SHAPE_46 Shape {
 appearance USE APP_3
 geometry DEF FACE_46 IndexedFaceSet {
  coord DEF COORD_46 Coordinate { point [
  0.62401575 0.62401575 0,0.62401575 0.62401575 0.4015748,
  1.25 0.62401575 0.4015748,1.25 0.62401575 0] }
 coordIndex [
  3,1,0,-1,3,2,1,-1]
  normalPerVertex TRUE
  normal DEF NORM_46 Normal { vector [
  0 -1 0,0 -1 0,
  0 -1 0,0 -1 0] }
}
}
DEF SHAPE_47 Shape {
 appearance USE APP_3
 geometry DEF FACE_47 IndexedFaceSet {
  coord DEF COORD_47 Coordinate { point [
  0.82677165 0 0.47244094,0.79860009 0.21398425 0.47244094,
  0.71600526 0.41338583 0.47244094,0.58461584 0.58461584 0.47244094,
  0.41338583 0.71600526 0.47244094,0.21398425 0.79860009 0.47244094,
  0 0.82677165 0.47244094,-0.21398425 0.79860009 0.47244094,
  -0.41338583 0.71600526 0.47244094,-0.58461584 0.58461584 0.47244094,
  -0.71600526 0.41338583 0.47244094,-0.79860009 0.21398425 0.47244094,
  -0.82677165 0 0.47244094,-0.79860009 -0.21398425 0.47244094,
  -0.71600526 -0.41338583 0.47244094,-0.58461584 -0.58461584 0.47244094,
  -0.41338583 -0.71600526 0.47244094,-0.21398425 -0.79860009 0.47244094,
  0 -0.82677165 0.47244094,0.21398425 -0.79860009 0.47244094,
  0.41338583 -0.71600526 0.47244094,0.58461584 -0.58461584 0.47244094,
  0.71600526 -0.41338583 0.47244094,0.79860009 -0.21398425 0.47244094,
  0.82677165 0 0.47244094,0.82677165 0 0.4015748,
  0.82677165 0 0.4015748,0.79860009 -0.21398425 0.4015748,
  0.71600526 -0.41338583 0.4015748,0.58461584 -0.58461584 0.4015748,
  0.41338583 -0.71600526 0.4015748,0.21398425 -0.79860009 0.4015748,
  0 -0.82677165 0.4015748,-0.21398425 -0.79860009 0.4015748,
  -0.41338583 -0.71600526 0.4015748,-0.58461584 -0.58461584 0.4015748,
  -0.71600526 -0.41338583 0.4015748,-0.79860009 -0.21398425 0.4015748,
  -0.82677165 0 0.4015748,-0.79860009 0.21398425 0.4015748,
  -0.71600526 0.41338583 0.4015748,-0.58461584 0.58461584 0.4015748,
  -0.41338583 0.71600526 0.4015748,-0.21398425 0.79860009 0.4015748,
  0 0.82677165 0.4015748,0.21398425 0.79860009 0.4015748,
  0.41338583 0.71600526 0.4015748,0.58461584 0.58461584 0.4015748,
  0.71600526 0.41338583 0.4015748,0.79860009 0.21398425 0.4015748] }
 coordIndex [
  27,23,24,-1,27,24,26,-1,28,22,23,-1,28,23,27,-1,29,21,22,-1,29,22,28,-1,30,20,21,-1,30,21,29,-1,
  31,19,20,-1,31,20,30,-1,32,18,19,-1,32,19,31,-1,33,17,18,-1,33,18,32,-1,34,16,17,-1,34,17,33,-1,
  35,15,16,-1,35,16,34,-1,36,13,14,-1,36,14,15,-1,36,15,35,-1,37,13,36,-1,38,13,37,-1,38,12,13,-1,
  39,12,38,-1,39,11,12,-1,40,9,10,-1,40,10,11,-1,40,11,39,-1,41,9,40,-1,41,8,9,-1,42,8,41,-1,
  43,7,8,-1,43,8,42,-1,44,6,7,-1,44,7,43,-1,45,5,6,-1,45,6,44,-1,46,4,5,-1,46,5,45,-1,
  47,2,3,-1,47,3,4,-1,47,4,46,-1,48,2,47,-1,49,1,2,-1,49,2,48,-1,25,0,1,-1,25,1,49,-1]
  normalPerVertex TRUE
  normal DEF NORM_47 Normal { vector [
  -0.99144486 -0.13052619 0,-0.9763442 -0.21622209 0,
  -0.8660254 -0.5 0,-0.70710678 -0.70710678 0,
  -0.5374875 -0.84327172 0,-0.30091828 -0.95364993 0,
  -0.04384197 -0.99903848 0,0.21622209 -0.9763442 0,
  0.5 -0.8660254 0,0.73742784 -0.67542593 0,
  0.8660254 -0.5 0,0.95364993 -0.30091828 0,
  0.99903848 -0.04384197 0,0.96592583 0.25881905 0,
  0.8660254 0.5 0,0.73742784 0.67542593 0,
  0.5374875 0.84327172 0,0.30091828 0.95364993 0,
  0.04384197 0.99903848 0,-0.21622209 0.9763442 0,
  -0.46155098 0.88711369 0,-0.67542593 0.73742784 0,
  -0.84327172 0.5374875 0,-0.95364993 0.30091828 0,
  -0.99144486 0.13052619 0,-0.99144486 -0.13052619 0,
  -0.99144486 0.13052619 0,-0.9763442 0.21622209 0,
  -0.88711369 0.46155098 0,-0.73742784 0.67542593 0,
  -0.5374875 0.84327172 0,-0.30091828 0.95364993 0,
  -0.04384197 0.99903848 0,0.21622209 0.9763442 0,
  0.46155098 0.88711369 0,0.67542593 0.73742784 0,
  0.8660254 0.5 0,0.96592583 0.25881905 0,
  0.99903848 0.04384197 0,0.9763442 -0.21622209 0,
  0.8660254 -0.5 0,0.67542593 -0.73742784 0,
  0.5 -0.8660254 0,0.30091828 -0.95364993 0,
  0.04384197 -0.99903848 0,-0.21622209 -0.9763442 0,
  -0.46155098 -0.88711369 0,-0.70710678 -0.70710678 0,
  -0.8660254 -0.5 0,-0.95364993 -0.30091828 0] }
}
}
DEF SHAPE_48 Shape {
 appearance USE APP_3
 geometry DEF FACE_48 IndexedFaceSet {
  coord DEF COORD_48 Coordinate { point [
  1.0531496 -1.25 0,1.1040982 -1.2432925 0,
  1.1515748 -1.223627 0,1.1923439 -1.1923439 0,
  1.223627 -1.1515748 0,1.2432925 -1.1040982 0,
  1.25 -1.0531496 0,1.25 -1.0531496 0.9015748,
  1.0531496 -1.25 0.9015748,1.1040982 -1.2432925 0.9015748,
  1.1515748 -1.223627 0.9015748,1.1923439 -1.1923439 0.9015748,
  1.223627 -1.1515748 0.9015748,1.2432925 -1.1040982 0.9015748] }
 coordIndex [
  5,6,7,-1,5,7,13,-1,4,13,12,-1,4,5,13,-1,3,12,11,-1,3,4,12,-1,2,10,9,-1,2,11,10,-1,
  2,3,11,-1,1,2,9,-1,0,9,8,-1,0,1,9,-1]
  normalPerVertex TRUE
  normal DEF NORM_48 Normal { vector [
  0.13052619 -0.99144486 0,0.25881905 -0.96592583 0,
  0.5 -0.8660254 0,0.73742784 -0.67542593 0,
  0.88711369 -0.46155098 0,0.9763442 -0.21622209 0,
  0.99144486 -0.13052619 0,0.99144486 -0.13052619 0,
  0.13052619 -0.99144486 0,0.25881905 -0.96592583 0,
  0.5 -0.8660254 0,0.67542593 -0.73742784 0,
  0.84327172 -0.5374875 0,0.95364993 -0.30091828 0] }
}
}
DEF SHAPE_49 Shape {
 appearance USE APP_3
 geometry DEF FACE_49 IndexedFaceSet {
  coord DEF COORD_49 Coordinate { point [
  1.25 1.0531496 0,1.2432925 1.1040982 0,
  1.223627 1.1515748 0,1.1923439 1.1923439 0,
  1.1515748 1.223627 0,1.1040982 1.2432925 0,
  1.0531496 1.25 0,1.0531496 1.25 0.9015748,
  1.25 1.0531496 0.9015748,1.2432925 1.1040982 0.9015748,
  1.223627 1.1515748 0.9015748,1.1923439 1.1923439 0.9015748,
  1.1515748 1.223627 0.9015748,1.1040982 1.2432925 0.9015748] }
 coordIndex [
  5,6,7,-1,5,7,13,-1,4,13,12,-1,4,5,13,-1,3,11,10,-1,3,12,11,-1,3,4,12,-1,2,3,10,-1,
  1,10,9,-1,1,2,10,-1,0,9,8,-1,0,1,9,-1]
  normalPerVertex TRUE
  normal DEF NORM_49 Normal { vector [
  0.99144486 0.13052619 0,0.95364993 0.30091828 0,
  0.8660254 0.5 0,0.70710678 0.70710678 0,
  0.46155098 0.88711369 0,0.21622209 0.9763442 0,
  0.13052619 0.99144486 0,0.13052619 0.99144486 0,
  0.99144486 0.13052619 0,0.9763442 0.21622209 0,
  0.8660254 0.5 0,0.70710678 0.70710678 0,
  0.5374875 0.84327172 0,0.30091828 0.95364993 0] }
}
}
DEF SHAPE_50 Shape {
 appearance USE APP_3
 geometry DEF FACE_50 IndexedFaceSet {
  coord DEF COORD_50 Coordinate { point [
  1.06 0 1.492126,1.0238814 -0.27434819 1.492126,
  0.91798693 -0.53 1.492126,0.74953319 -0.74953319 1.492126,
  0.53 -0.91798693 1.492126,0.27434819 -1.0238814 1.492126,
  0 -1.06 1.492126,-0.27434819 -1.0238814 1.492126,
  -0.53 -0.91798693 1.492126,-0.74953319 -0.74953319 1.492126,
  -0.91798693 -0.53 1.492126,-1.0238814 -0.27434819 1.492126,
  -1.06 0 1.492126,-1.0238814 0.27434819 1.492126,
  -0.91798693 0.53 1.492126,-0.74953319 0.74953319 1.492126,
  -0.53 0.91798693 1.492126,-0.27434819 1.0238814 1.492126,
  0 1.06 1.492126,0.27434819 1.0238814 1.492126,
  0.53 0.91798693 1.492126,0.74953319 0.74953319 1.492126,
  0.91798693 0.53 1.492126,1.0238814 0.27434819 1.492126,
  1.06 0 1.492126,1.06 0 0.9015748,
  1.06 0 0.9015748,1.0238814 -0.27434819 0.9015748,
  0.91798693 -0.53 0.9015748,0.74953319 -0.74953319 0.9015748,
  0.53 -0.91798693 0.9015748,0.27434819 -1.0238814 0.9015748,
  0 -1.06 0.9015748,-0.27434819 -1.0238814 0.9015748,
  -0.53 -0.91798693 0.9015748,-0.74953319 -0.74953319 0.9015748,
  -0.91798693 -0.53 0.9015748,-1.0238814 -0.27434819 0.9015748,
  -1.06 0 0.9015748,-1.0238814 0.27434819 0.9015748,
  -0.91798693 0.53 0.9015748,-0.74953319 0.74953319 0.9015748,
  -0.53 0.91798693 0.9015748,-0.27434819 1.0238814 0.9015748,
  0 1.06 0.9015748,0.27434819 1.0238814 0.9015748,
  0.53 0.91798693 0.9015748,0.74953319 0.74953319 0.9015748,
  0.91798693 0.53 0.9015748,1.0238814 0.27434819 0.9015748] }
 coordIndex [
  27,0,1,-1,27,26,0,-1,28,1,2,-1,28,27,1,-1,29,2,3,-1,29,28,2,-1,30,3,4,-1,30,29,3,-1,
  31,4,5,-1,31,30,4,-1,32,5,6,-1,32,6,7,-1,32,31,5,-1,33,7,8,-1,33,32,7,-1,34,33,8,-1,
  35,8,9,-1,35,34,8,-1,36,9,10,-1,36,10,11,-1,36,35,9,-1,37,36,11,-1,38,37,11,-1,38,11,12,-1,
  39,38,12,-1,39,12,13,-1,40,39,13,-1,40,13,14,-1,40,14,15,-1,41,40,15,-1,42,41,15,-1,42,15,16,-1,
  43,16,17,-1,43,42,16,-1,44,17,18,-1,44,43,17,-1,45,18,19,-1,45,44,18,-1,46,19,20,-1,46,45,19,-1,
  47,20,21,-1,47,46,20,-1,48,21,22,-1,48,47,21,-1,49,22,23,-1,49,23,24,-1,49,48,22,-1,25,49,24,-1]
  normalPerVertex TRUE
  normal DEF NORM_50 Normal { vector [
  0.99144486 -0.13052619 0,0.95364993 -0.30091828 0,
  0.84327172 -0.5374875 0,0.67542593 -0.73742784 0,
  0.46155098 -0.88711369 0,0.21622209 -0.9763442 0,
  0 -1 0,-0.21622209 -0.9763442 0,
  -0.5 -0.8660254 0,-0.73742784 -0.67542593 0,
  -0.8660254 -0.5 0,-0.96592583 -0.25881905 0,
  -0.99903848 0.04384197 0,-0.95364993 0.30091828 0,
  -0.8660254 0.5 0,-0.70710678 0.70710678 0,
  -0.46155098 0.88711369 0,-0.21622209 0.9763442 0,
  0.04384197 0.99903848 0,0.30091828 0.95364993 0,
  0.5374875 0.84327172 0,0.73742784 0.67542593 0,
  0.88711369 0.46155098 0,0.96592583 0.25881905 0,
  0.99144486 0.13052619 0,0.99144486 0.13052619 0,
  0.99144486 -0.13052619 0,0.9763442 -0.21622209 0,
  0.88711369 -0.46155098 0,0.73742784 -0.67542593 0,
  0.5374875 -0.84327172 0,0.30091828 -0.95364993 0,
  0 -1 0,-0.30091828 -0.95364993 0,
  -0.5 -0.8660254 0,-0.67542593 -0.73742784 0,
  -0.8660254 -0.5 0,-0.96592583 -0.25881905 0,
  -0.99903848 -0.04384197 0,-0.9763442 0.21622209 0,
  -0.8660254 0.5 0,-0.70710678 0.70710678 0,
  -0.5374875 0.84327172 0,-0.30091828 0.95364993 0,
  -0.04384197 0.99903848 0,0.21622209 0.9763442 0,
  0.46155098 0.88711369 0,0.67542593 0.73742784 0,
  0.84327172 0.5374875 0,0.96592583 0.25881905 0] }
}
}
DEF SHAPE_51 Shape {
 appearance USE APP_3
 geometry DEF FACE_51 IndexedFaceSet {
  coord DEF COORD_51 Coordinate { point [
  0.62401575 -1.25 0,0.62401575 -0.62401575 0,
  1.0531496 -1.25 0,1.1040982 -1.2432925 0,
  1.1515748 -1.223627 0,1.1923439 -1.1923439 0,
  1.223627 -1.1515748 0,1.2432925 -1.1040982 0,
  1.25 -1.0531496 0,1.25 -0.62401575 0] }
 coordIndex [
  1,2,0,-1,6,3,2,-1,6,4,3,-1,6,5,4,-1,8,7,6,-1,8,2,1,-1,8,6,2,-1,9,8,1,-1]
  normalPerVertex TRUE
  normal DEF NORM_51 Normal { vector [
  0 0 -1,0 0 -1,
  0 0 -1,0 0 -1,
  0 0 -1,0 0 -1,
  0 0 -1,0 0 -1,
  0 0 -1,0 0 -1] }
}
}
DEF SHAPE_52 Shape {
 appearance USE APP_3
 geometry DEF FACE_52 IndexedFaceSet {
  coord DEF COORD_52 Coordinate { point [
  0.62401575 1.25 0,1.0531496 1.25 0,
  0.62401575 0.62401575 0,1.25 0.62401575 0,
  1.25 1.0531496 0,1.2432925 1.1040982 0,
  1.223627 1.1515748 0,1.1923439 1.1923439 0,
  1.1515748 1.223627 0,1.1040982 1.2432925 0] }
 coordIndex [
  1,2,0,-1,4,3,2,-1,4,2,1,-1,9,4,1,-1,6,5,4,-1,7,9,8,-1,7,4,9,-1,7,6,4,-1]
  normalPerVertex TRUE
  normal DEF NORM_52 Normal { vector [
  0 0 -1,0 0 -1,
  0 0 -1,0 0 -1,
  0 0 -1,0 0 -1,
  0 0 -1,0 0 -1,
  0 0 -1,0 0 -1] }
}
}
DEF SHAPE_53 Shape {
 appearance DEF APP_4 Appearance {
  material Material {
   ambientIntensity 0.11283861
   diffuseColor 0.89499998 0.89099997 0.81300002
   emissiveColor 0 0 0
   shininess 0.1
   specularColor 0.12 0.12 0.12
   transparency 0
} }
 geometry DEF FACE_53 IndexedFaceSet {
  coord DEF COORD_53 Coordinate { point [
  0.82677165 0 0.47244094,0.79860009 0.21398425 0.47244094,
  0.71600526 0.41338583 0.47244094,0.58461584 0.58461584 0.47244094,
  0.41338583 0.71600526 0.47244094,0.21398425 0.79860009 0.47244094,
  0 0.82677165 0.47244094,-0.21398425 0.79860009 0.47244094,
  -0.41338583 0.71600526 0.47244094,-0.58461584 0.58461584 0.47244094,
  -0.71600526 0.41338583 0.47244094,-0.79860009 0.21398425 0.47244094,
  -0.82677165 0 0.47244094,-0.79860009 -0.21398425 0.47244094,
  -0.71600526 -0.41338583 0.47244094,-0.58461584 -0.58461584 0.47244094,
  -0.41338583 -0.71600526 0.47244094,-0.21398425 -0.79860009 0.47244094,
  0 -0.82677165 0.47244094,0.21398425 -0.79860009 0.47244094,
  0.41338583 -0.71600526 0.47244094,0.58461584 -0.58461584 0.47244094,
  0.71600526 -0.41338583 0.47244094,0.79860009 -0.21398425 0.47244094,
  0.25 0 0.47244094,0.24148146 0.064704761 0.47244094,
  0.21650635 0.125 0.47244094,0.1767767 0.1767767 0.47244094,
  0.125 0.21650635 0.47244094,0.064704761 0.24148146 0.47244094,
  0 0.25 0.47244094,-0.064704761 0.24148146 0.47244094,
  -0.125 0.21650635 0.47244094,-0.1767767 0.1767767 0.47244094,
  -0.21650635 0.125 0.47244094,-0.24148146 0.064704761 0.47244094,
  -0.25 0 0.47244094,-0.24148146 -0.064704761 0.47244094,
  -0.21650635 -0.125 0.47244094,-0.1767767 -0.1767767 0.47244094,
  -0.125 -0.21650635 0.47244094,-0.064704761 -0.24148146 0.47244094,
  0 -0.25 0.47244094,0.064704761 -0.24148146 0.47244094,
  0.125 -0.21650635 0.47244094,0.1767767 -0.1767767 0.47244094,
  0.21650635 -0.125 0.47244094,0.24148146 -0.064704761 0.47244094] }
 coordIndex [
  38,15,14,-1,38,39,15,-1,40,16,15,-1,40,15,39,-1,37,14,13,-1,37,38,14,-1,41,17,16,-1,41,16,40,-1,
  36,13,12,-1,36,37,13,-1,42,18,17,-1,42,17,41,-1,43,19,18,-1,43,18,42,-1,35,12,11,-1,35,36,12,-1,
  44,20,19,-1,44,19,43,-1,34,11,10,-1,34,35,11,-1,45,21,20,-1,45,20,44,-1,9,33,34,-1,9,34,10,-1,
  32,33,9,-1,22,45,46,-1,22,46,47,-1,22,21,45,-1,8,32,9,-1,23,22,47,-1,7,30,31,-1,7,31,32,-1,
  7,32,8,-1,0,23,47,-1,0,24,25,-1,0,47,24,-1,6,30,7,-1,1,0,25,-1,5,30,6,-1,5,29,30,-1,
  4,29,5,-1,4,27,28,-1,4,28,29,-1,2,25,26,-1,2,1,25,-1,3,26,27,-1,3,27,4,-1,3,2,26,-1]
  normalPerVertex TRUE
  normal DEF NORM_53 Normal { vector [
  0 0 -1,0 0 -1,
  0 0 -1,0 0 -1,
  0 0 -1,0 0 -1,
  0 0 -1,0 0 -1,
  0 0 -1,0 0 -1,
  0 0 -1,0 0 -1,
  0 0 -1,0 0 -1,
  0 0 -1,0 0 -1,
  0 0 -1,0 0 -1,
  0 0 -1,0 0 -1,
  0 0 -1,0 0 -1,
  0 0 -1,0 0 -1,
  0 0 -1,0 0 -1,
  0 0 -1,0 0 -1,
  0 0 -1,0 0 -1,
  0 0 -1,0 0 -1,
  0 0 -1,0 0 -1,
  0 0 -1,0 0 -1,
  0 0 -1,0 0 -1,
  0 0 -1,0 0 -1,
  0 0 -1,0 0 -1,
  0 0 -1,0 0 -1,
  0 0 -1,0 0 -1,
  0 0 -1,0 0 -1] }
}
}
DEF SHAPE_54 Shape {
 appearance USE APP_3
 geometry DEF FACE_54 IndexedFaceSet {
  coord DEF COORD_54 Coordinate { point [
  1.2385912 0 1.6707172,1.1107481 0 1.5428741,
  0.12937307 1.0947464 1.5344903,-0.1166049 1.1025072 1.5407823,
  -0.35850492 1.0557063 1.5470438,-0.55989032 0.9705211 1.5525671,
  -0.72167271 0.86343905 1.557443,-0.8627605 0.73002955 1.5623024,
  -0.97901167 0.57428803 1.5671461,-1.0670413 0.40084399 1.5719738,
  -1.124325 0.21479872 1.5767854,-1.1492522 0.021573656 1.5815807,
  -1.1411587 -0.17323746 1.5863592,-1.1003334 -0.36405619 1.5911215,
  -1.0279972 -0.54545117 1.5958679,-0.92624691 -0.71231775 1.6005993,
  -0.79799641 -0.85998618 1.6053159,-0.64686861 -0.98437281 1.6100177,
  -0.47709185 -1.0820697 1.6147043,-0.29337755 -1.1504304 1.6193751,
  -0.1007738 -1.1876358 1.6240296,0.095458799 -1.1927279 1.6286678,
  0.29002213 -1.1656258 1.6332906,0.47768435 -1.1071162 1.6378991,
  0.65346184 -1.0188131 1.6424948,0.81270697 -0.90311454 1.647078,
  0.95126267 -0.7631087 1.6516487,1.0655263 -0.60251356 1.6562048,
  1.1525735 -0.42553426 1.6607452,1.210197 -0.23678266 1.6652694,
  1.2301175 -0.11909808 1.6679955,1.1023622 0 1.5344882,
  1.074916 0.24447451 1.5344926,0.99393243 0.47677688 1.5344952,
  0.86343986 0.68532794 1.5344883,0.689945 0.85974417 1.5344799,
  0.48209259 0.99134687 1.5344789,0.31007265 1.0578503 1.5344836,
  1.06 0 1.492126,1.06 0 1.492126,
  1.0238814 -0.27434819 1.492126,0.91798693 -0.53 1.492126,
  0.74953319 -0.74953319 1.492126,0.53 -0.91798693 1.492126,
  0.27434819 -1.0238814 1.492126,0 -1.06 1.492126,
  -0.27434819 -1.0238814 1.492126,-0.53 -0.91798693 1.492126,
  -0.74953319 -0.74953319 1.492126,-0.91798693 -0.53 1.492126,
  -1.0238814 -0.27434819 1.492126,-1.06 0 1.492126,
  -1.0238814 0.27434819 1.492126,-0.91798693 0.53 1.492126,
  -0.74953319 0.74953319 1.492126,-0.53 0.91798693 1.492126,
  -0.27434819 1.0238814 1.492126,0 1.06 1.492126,
  0.27434819 1.0238814 1.492126,0.53 0.91798693 1.492126,
  0.74953319 0.74953319 1.492126,0.91798693 0.53 1.492126,
  1.0238814 0.27434819 1.492126,1.1023622 0 1.5344882] }
 coordIndex [
  32,31,38,-1,32,38,62,-1,33,32,62,-1,61,33,62,-1,34,33,61,-1,60,34,61,-1,35,34,60,-1,59,35,60,-1,
  36,35,59,-1,58,36,59,-1,37,36,58,-1,2,37,58,-1,57,2,58,-1,3,2,57,-1,56,3,57,-1,4,3,56,-1,
  55,4,56,-1,5,4,55,-1,6,5,55,-1,54,6,55,-1,7,6,54,-1,53,7,54,-1,8,7,53,-1,9,8,53,-1,
  9,53,52,-1,10,9,52,-1,51,10,52,-1,11,10,51,-1,12,11,51,-1,12,51,50,-1,13,12,50,-1,49,13,50,-1,
  14,13,49,-1,15,14,49,-1,15,49,48,-1,16,15,48,-1,17,16,48,-1,17,48,47,-1,18,17,47,-1,46,18,47,-1,
  19,18,46,-1,20,46,45,-1,20,19,46,-1,21,20,45,-1,44,21,45,-1,22,21,44,-1,23,44,43,-1,23,22,44,-1,
  24,23,43,-1,42,24,43,-1,25,24,42,-1,26,42,41,-1,26,25,42,-1,27,26,41,-1,28,41,40,-1,28,27,41,-1,
  29,28,40,-1,63,40,39,-1,1,40,63,-1,1,29,40,-1,30,29,1,-1,0,30,1,-1]
  normalPerVertex TRUE
  normal DEF NORM_54 Normal { vector [
  0.7066948 -0.034130778 -0.7066948,0.68881742 -0.077459264 -0.72078473,
  0.073182931 0.69715639 -0.71317405,-0.083656302 0.70727304 -0.70197327,
  -0.23873712 0.66059352 -0.71177299,-0.34655758 0.61635615 -0.70710886,
  -0.43753154 0.54001647 -0.71899122,-0.54078869 0.43766602 -0.71832865,
  -0.60984289 0.35766873 -0.70722325,-0.64961789 0.25310014 -0.71689394,
  -0.68777768 0.11315236 -0.7170484,-0.7062556 0.013174565 -0.70783434,
  -0.69148 -0.10017594 -0.7154161,-0.65507372 -0.24011499 -0.71639599,
  -0.62253912 -0.33049595 -0.70937822,-0.55433406 -0.42698783 -0.71441944,
  -0.47926589 -0.51672702 -0.70943456,-0.40064772 -0.57259616 -0.7152727,
  -0.27581812 -0.64368288 -0.71386043,-0.17462525 -0.68497965 -0.70732517,
  -0.071861583 -0.69658475 -0.71386666,0.071302856 -0.6967765 -0.71373554,
  0.17068602 -0.68576099 -0.70752961,0.27445335 -0.64523321 -0.7129863,
  0.39878126 -0.57540722 -0.71405885,0.47093034 -0.52302778 -0.71039888,
  0.55145919 -0.43363368 -0.71263917,0.61545667 -0.34796785 -0.70719973,
  0.65433442 -0.25305833 -0.71260644,0.68627599 -0.12440224 -0.71662357,
  0.68976947 -0.06612653 -0.72100303,0.70488851 0.079147864 -0.70488851,
  0.69105834 0.13299751 -0.71045763,0.64663435 0.29464209 -0.70359794,
  0.56181436 0.44051584 -0.70022169,0.44228659 0.56010262 -0.70047672,
  0.30002645 0.62722898 -0.7187266,0.19821968 0.67625119 -0.70950214,
  0.68411192 0.083821826 -0.72454454,0.70406259 -0.092691599 -0.70406259,
  0.67490812 -0.17184351 -0.71761329,0.60364913 -0.3437922 -0.7193154,
  0.48156614 -0.50090503 -0.71915798,0.34272604 -0.60450451 -0.7191058,
  0.17609392 -0.67042565 -0.72077762,0.00060871847 -0.69283584 -0.72109509,
  -0.173789 -0.66965311 -0.72205408,-0.34090155 -0.60200067 -0.7220674,
  -0.47912345 -0.497438 -0.72318473,-0.60096561 -0.33795217 -0.72431255,
  -0.66594538 -0.17496303 -0.72519286,-0.6866757 0.0024980846 -0.72695959,
  -0.66142582 0.17770788 -0.72865341,-0.59234061 0.34030021 -0.73029334,
  -0.48212709 0.47989973 -0.7329732,-0.34138094 0.58909924 -0.73240777,
  -0.16993251 0.65963272 -0.73212541,-0.0021815788 0.67449578 -0.73827548,
  0.17816384 0.64089142 -0.74666983,0.3448772 0.58027429 -0.737795,
  0.47571786 0.47492143 -0.74036623,0.58025602 0.34355876 -0.73842422,
  0.65405824 0.19133575 -0.73184592,0.70406259 -0.092691599 -0.70406259] }
}
}
DEF SHAPE_55 Shape {
 appearance USE APP_3
 geometry DEF FACE_55 IndexedFaceSet {
  coord DEF COORD_55 Coordinate { point [
  0.25 0 0.47244094,0.24148146 0.064704761 0.47244094,
  0.21650635 0.125 0.47244094,0.1767767 0.1767767 0.47244094,
  0.125 0.21650635 0.47244094,0.064704761 0.24148146 0.47244094,
  0 0.25 0.47244094,-0.064704761 0.24148146 0.47244094,
  -0.125 0.21650635 0.47244094,-0.1767767 0.1767767 0.47244094,
  -0.21650635 0.125 0.47244094,-0.24148146 0.064704761 0.47244094,
  -0.25 0 0.47244094,-0.24148146 -0.064704761 0.47244094,
  -0.21650635 -0.125 0.47244094,-0.1767767 -0.1767767 0.47244094,
  -0.125 -0.21650635 0.47244094,-0.064704761 -0.24148146 0.47244094,
  0 -0.25 0.47244094,0.064704761 -0.24148146 0.47244094,
  0.125 -0.21650635 0.47244094,0.1767767 -0.1767767 0.47244094,
  0.21650635 -0.125 0.47244094,0.24148146 -0.064704761 0.47244094,
  0.25 0 0.47244094,0.25 0 0.039370079,
  0.25 0 0.039370079,0.24148146 -0.064704761 0.039370079,
  0.21650635 -0.125 0.039370079,0.1767767 -0.1767767 0.039370079,
  0.125 -0.21650635 0.039370079,0.064704761 -0.24148146 0.039370079,
  0 -0.25 0.039370079,-0.064704761 -0.24148146 0.039370079,
  -0.125 -0.21650635 0.039370079,-0.1767767 -0.1767767 0.039370079,
  -0.21650635 -0.125 0.039370079,-0.24148146 -0.064704761 0.039370079,
  -0.25 0 0.039370079,-0.24148146 0.064704761 0.039370079,
  -0.21650635 0.125 0.039370079,-0.1767767 0.1767767 0.039370079,
  -0.125 0.21650635 0.039370079,-0.064704761 0.24148146 0.039370079,
  0 0.25 0.039370079,0.064704761 0.24148146 0.039370079,
  0.125 0.21650635 0.039370079,0.1767767 0.1767767 0.039370079,
  0.21650635 0.125 0.039370079,0.24148146 0.064704761 0.039370079] }
 coordIndex [
  27,24,23,-1,27,26,24,-1,28,23,22,-1,28,27,23,-1,29,22,21,-1,29,28,22,-1,30,21,20,-1,30,29,21,-1,
  31,20,19,-1,31,30,20,-1,32,18,17,-1,32,19,18,-1,32,31,19,-1,33,32,17,-1,34,16,15,-1,34,17,16,-1,
  34,33,17,-1,35,15,14,-1,35,34,15,-1,36,35,14,-1,37,36,14,-1,37,13,12,-1,37,14,13,-1,38,37,12,-1,
  39,38,12,-1,39,12,11,-1,40,11,10,-1,40,39,11,-1,41,10,9,-1,41,40,10,-1,42,41,9,-1,42,9,8,-1,
  43,8,7,-1,43,42,8,-1,44,7,6,-1,44,43,7,-1,45,6,5,-1,45,44,6,-1,46,5,4,-1,46,45,5,-1,
  47,4,3,-1,47,46,4,-1,48,3,2,-1,48,47,3,-1,49,2,1,-1,49,48,2,-1,25,1,0,-1,25,49,1,-1]
  normalPerVertex TRUE
  normal DEF NORM_55 Normal { vector [
  0.99144486 0.13052619 0,0.9763442 0.21622209 0,
  0.88711369 0.46155098 0,0.73742784 0.67542593 0,
  0.5374875 0.84327172 0,0.30091828 0.95364993 0,
  0.04384197 0.99903848 0,-0.21622209 0.9763442 0,
  -0.46155098 0.88711369 0,-0.67542593 0.73742784 0,
  -0.84327172 0.5374875 0,-0.95364993 0.30091828 0,
  -1 0 0,-0.96592583 -0.25881905 0,
  -0.8660254 -0.5 0,-0.67542593 -0.73742784 0,
  -0.5 -0.8660254 0,-0.25881905 -0.96592583 0,
  0 -1 0,0.21622209 -0.9763442 0,
  0.46155098 -0.88711369 0,0.67542593 -0.73742784 0,
  0.84327172 -0.5374875 0,0.95364993 -0.30091828 0,
  0.99144486 -0.13052619 0,0.99144486 0.13052619 0,
  0.99144486 -0.13052619 0,0.9763442 -0.21622209 0,
  0.88711369 -0.46155098 0,0.73742784 -0.67542593 0,
  0.5374875 -0.84327172 0,0.30091828 -0.95364993 0,
  0 -1 0,-0.25881905 -0.96592583 0,
  -0.5 -0.8660254 0,-0.73742784 -0.67542593 0,
  -0.8660254 -0.5 0,-0.96592583 -0.25881905 0,
  -1 0 0,-0.9763442 0.21622209 0,
  -0.88711369 0.46155098 0,-0.73742784 0.67542593 0,
  -0.5374875 0.84327172 0,-0.30091828 0.95364993 0,
  -0.04384197 0.99903848 0,0.21622209 0.9763442 0,
  0.46155098 0.88711369 0,0.67542593 0.73742784 0,
  0.84327172 0.5374875 0,0.95364993 0.30091828 0] }
}
}
DEF SHAPE_56 Shape {
 appearance USE APP_3
 geometry DEF FACE_56 IndexedFaceSet {
  coord DEF COORD_56 Coordinate { point [
  1.1107481 0 1.5428741,1.1066421 0.24687371 1.5659705,
  1.0486006 0.48797721 1.5887093,0.94092097 0.71008894 1.6109214,
  0.79004191 0.90389165 1.6326202,0.60202144 1.0632747 1.6540028,
  0.45953732 1.1474029 1.6681309,0.30672807 1.2117829 1.682126,
  0.57448658 1.1101645 1.682126,0.81208834 0.95026971 1.682126,
  1.0070608 0.74049207 1.682126,1.1491693 0.49184348 1.682126,
  1.2385912 0 1.6707172,1.223553 0.22279853 1.6757984,
  1.1939242 0.35938098 1.6789659] }
 coordIndex [
  13,0,1,-1,13,12,0,-1,14,13,1,-1,2,14,1,-1,11,14,2,-1,10,2,3,-1,10,11,2,-1,4,10,3,-1,
  9,10,4,-1,5,9,4,-1,8,9,5,-1,6,8,5,-1,7,8,6,-1]
  normalPerVertex TRUE
  normal DEF NORM_56 Normal { vector [
  0.69847766 0.07119132 -0.71208198,0.6774707 0.15390286 -0.71926863,
  0.63511907 0.29857576 -0.71237369,0.56502587 0.42586392 -0.70667226,
  0.49352289 0.51276778 -0.70249866,0.39151311 0.60016103 -0.69751288,
  0.31113727 0.73317509 -0.60468825,0.32635946 0.85993747 -0.39242458,
  0.37210888 0.6857689 -0.62550459,0.46209465 0.55402789 -0.69247501,
  0.58090172 0.41523966 -0.70009229,0.6384438 0.31884533 -0.70051921,
  0.70566962 0.063724276 -0.70566962,0.69787852 0.091584592 -0.71033642,
  0.66374529 0.21222585 -0.71721851] }
}
}
DEF SHAPE_57 Shape {
 appearance USE APP_3
 geometry DEF FACE_57 IndexedFaceSet {
  coord DEF COORD_57 Coordinate { point [
  1.1023622 0 1.5380325,1.1107481 0 1.5428741,
  1.1023622 0 1.5344882] }
 coordIndex [
  1,2,0,-1]
  normalPerVertex TRUE
  normal DEF NORM_57 Normal { vector [
  0 1 0,0 1 0,
  0 1 0] }
}
}
DEF SHAPE_58 Shape {
 appearance USE APP_3
 geometry DEF FACE_58 IndexedFaceSet {
  coord DEF COORD_58 Coordinate { point [
  0.12937307 1.0947464 1.5344903,-0.11659962 1.096187 1.5444379,
  -0.35676764 1.043043 1.5543855,-0.57917234 0.9379607 1.5643332,
  -0.77273959 0.78617568 1.5742808,-0.92783158 0.59524935 1.5842284,
  -1.0367267 0.37469044 1.5941761,-1.0940037 0.13548035 1.6041237,
  -1.0968113 -0.11047327 1.6140713,-1.0450096 -0.3509281 1.6240189,
  -0.94117748 -0.57391471 1.6339666,-0.79048406 -0.7683311 1.6439142,
  -0.60043191 -0.92449501 1.6538618,-0.38048376 -1.0346271 1.6638095,
  -0.14159138 -1.0932402 1.6737571,0.10435005 -1.0974152 1.6837047,
  0.34509489 -1.0469476 1.6936524,0.56865711 -0.94435658 1.7036,
  0.76390696 -0.79475567 1.7135476,0.92112384 -0.60559186 1.7234952,
  1.0324787 -0.38627174 1.7334429,1.0847517 -0.19627329 1.741406,
  1.1023622 0 1.7493691,1.1023622 0 1.5344882,
  1.074916 0.24447451 1.5344926,0.99393243 0.47677688 1.5344952,
  0.86343986 0.68532794 1.5344883,0.689945 0.85974417 1.5344799,
  0.48209259 0.99134687 1.5344789,0.31007265 1.0578503 1.5344836,
  1.1023622 0 1.5380325,1.0749137 0.24448466 1.5479814,
  0.99392931 0.47678337 1.5579304,0.86344314 0.68532381 1.5678793,
  0.68995645 0.85973498 1.5778282,0.48210962 0.99133859 1.5877772,
  0.25025275 1.0735784 1.5977261,0.0059318118 1.1023523 1.607675,
  -0.23868556 1.0762215 1.617624,-0.47141617 0.99648579 1.6275729,
  -0.68066864 0.86711848 1.6375219,-0.85602117 0.69456649 1.6474708,
  -0.98874088 0.48742693 1.6574197,-1.0722185 0.25601716 1.6673687,
  -1.1022972 0.011860552 1.6773176,-1.0774792 -0.23288657 1.6872665,
  -0.99900042 -0.46603854 1.6972155,-0.87076862 -0.67598549 1.7071644,
  -0.69916956 -0.85227049 1.7171133,-0.49274917 -0.98611068 1.7270623,
  -0.26178812 -1.0708363 1.7370112,-0.017789666 -1.1022253 1.7469601,
  0.22709377 -1.0787157 1.7569091,0.46066646 -1.0014835 1.766858,
  0.6712969 -0.87438178 1.776807,0.84849642 -0.70374324 1.7867559,
  0.98343995 -0.49805932 1.7967048,1.0694044 -0.26755883 1.8066538,
  1.0940922 -0.13478979 1.8121069,1.1023622 0 1.8175601] }
 coordIndex [
  31,23,24,-1,31,30,23,-1,32,24,25,-1,32,31,24,-1,33,25,26,-1,33,32,25,-1,34,26,27,-1,34,33,26,-1,
  35,27,28,-1,35,34,27,-1,29,35,28,-1,36,35,29,-1,0,36,29,-1,37,36,0,-1,1,37,0,-1,38,37,1,-1,
  2,38,1,-1,39,38,2,-1,3,39,2,-1,40,39,3,-1,4,40,3,-1,41,40,4,-1,5,41,4,-1,42,41,5,-1,
  6,42,5,-1,43,42,6,-1,7,43,6,-1,44,43,7,-1,8,44,7,-1,45,44,8,-1,9,45,8,-1,46,45,9,-1,
  10,46,9,-1,47,46,10,-1,11,47,10,-1,48,47,11,-1,12,48,11,-1,49,48,12,-1,13,49,12,-1,50,49,13,-1,
  14,50,13,-1,51,50,14,-1,15,51,14,-1,52,51,15,-1,16,52,15,-1,53,52,16,-1,17,53,16,-1,54,53,17,-1,
  18,54,17,-1,55,54,18,-1,19,55,18,-1,56,55,19,-1,20,56,19,-1,57,56,20,-1,21,57,20,-1,58,57,21,-1,
  22,58,21,-1,59,58,22,-1]
  normalPerVertex TRUE
  normal DEF NORM_58 Normal { vector [
  0.097469537 0.99513899 -0.014074172,-0.10719239 0.99366525 -0.033751424,
  -0.32489395 0.94514802 -0.03375119,-0.52640522 0.84956373 -0.033749353,
  -0.7016906 0.7116821 -0.03374745,-0.84203216 0.53837071 -0.033746523,
  -0.94045022 0.33825219 -0.033746586,-0.99204392 0.12128482 -0.03374692,
  -0.99423993 -0.10172572 -0.033746841,-0.94692863 -0.31966758 -0.033746312,
  -0.85247003 -0.52168579 -0.033745975,-0.71556853 -0.69772692 -0.03374658,
  -0.54303317 -0.8390328 -0.033748211,-0.34344457 -0.93856634 -0.033749919,
  -0.12674112 -0.9913615 -0.033750166,0.096270438 -0.99478293 -0.033748009,
  0.3144667 -0.94866855 -0.033744275,0.5169836 -0.85533003 -0.03374164,
  0.69376156 -0.71941387 -0.033742817,0.83601917 -0.54766145 -0.033747285,
  0.93173398 -0.36273008 -0.017282348,0.98343414 -0.17772698 -0.035642787,
  0.99651464 -0.076558963 -0.033125402,0.99375701 0.11156612 6.8168552e-05,
  0.96221498 0.2722909 1.6012581e-05,0.8804617 0.47411729 -7.3700827e-06,
  0.75503082 0.6556893 -1.4944423e-05,0.5919951 0.80594156 -1.5173111e-05,
  0.46240429 0.8866692 -9.9680629e-06,0.30048168 0.95362595 0.017558455,
  0.9937566 0.11156983 0,0.97790921 0.2090301 0,
  0.91219668 0.40975263 -1.9353278e-05,0.80103972 0.5986112 -8.9614406e-06,
  0.64990497 0.76001548 4.925839e-06,0.44118353 0.89702971 0.02635889,
  0.21753547 0.97456243 0.053910958,0.0069027898 0.99940515 0.033788955,
  -0.21492191 0.97604652 0.033789925,-0.42603873 0.90407374 0.033788705,
  -0.61592414 0.78708063 0.033786645,-0.77512784 0.63090046 0.033785158,
  -0.89573276 0.44330736 0.033784784,-0.97173726 0.23363488 0.033785092,
  -0.99935316 0.012321707 0.033785278,-0.97720219 -0.20960549 0.033784934,
  -0.90638995 -0.42108891 0.033784398,-0.7904465 -0.61159868 0.033784464,
  -0.63514234 -0.77165585 0.033785635,-0.44820066 -0.89329423 0.033787481,
  -0.23892387 -0.97045026 0.033788643,-0.01774202 -0.99927154 0.033787709,
  0.20431018 -0.97832303 0.033784515,0.41616341 -0.90866213 0.033780921,
  0.60728169 -0.79376814 0.033779983,0.76817534 -0.63934759 0.033783226,
  0.89083847 -0.45306206 0.033787461,0.95851773 -0.28350088 0.029512888,
  0.99406476 -0.10777046 -0.014858393,0.9981231 -0.061239451 0] }
}
}
DEF SHAPE_59 Shape {
 appearance USE APP_3
 geometry DEF FACE_59 IndexedFaceSet {
  coord DEF COORD_59 Coordinate { point [
  1.2385912 0 1.6707172,1.1023622 0 1.7493691,
  0.12937307 1.0947464 1.5344903,-0.1166049 1.1025072 1.5407823,
  -0.35850492 1.0557063 1.5470438,-0.55989032 0.9705211 1.5525671,
  -0.72167271 0.86343905 1.557443,-0.8627605 0.73002955 1.5623024,
  -0.97901167 0.57428803 1.5671461,-1.0670413 0.40084399 1.5719738,
  -1.124325 0.21479872 1.5767854,-1.1492522 0.021573656 1.5815807,
  -1.1411587 -0.17323746 1.5863592,-1.1003334 -0.36405619 1.5911215,
  -1.0279972 -0.54545117 1.5958679,-0.92624691 -0.71231775 1.6005993,
  -0.79799641 -0.85998618 1.6053159,-0.64686861 -0.98437281 1.6100177,
  -0.47709185 -1.0820697 1.6147043,-0.29337755 -1.1504304 1.6193751,
  -0.1007738 -1.1876358 1.6240296,0.095458799 -1.1927279 1.6286678,
  0.29002213 -1.1656258 1.6332906,0.47768435 -1.1071162 1.6378991,
  0.65346184 -1.0188131 1.6424948,0.81270697 -0.90311454 1.647078,
  0.95126267 -0.7631087 1.6516487,1.0655263 -0.60251356 1.6562048,
  1.1525735 -0.42553426 1.6607452,1.210197 -0.23678266 1.6652694,
  1.2301175 -0.11909808 1.6679955,-0.11659962 1.096187 1.5444379,
  -0.35676764 1.043043 1.5543855,-0.57917234 0.9379607 1.5643332,
  -0.77273959 0.78617568 1.5742808,-0.92783158 0.59524935 1.5842284,
  -1.0367267 0.37469044 1.5941761,-1.0940037 0.13548035 1.6041237,
  -1.0968113 -0.11047327 1.6140713,-1.0450096 -0.3509281 1.6240189,
  -0.94117748 -0.57391471 1.6339666,-0.79048406 -0.7683311 1.6439142,
  -0.60043191 -0.92449501 1.6538618,-0.38048376 -1.0346271 1.6638095,
  -0.14159138 -1.0932402 1.6737571,0.10435005 -1.0974152 1.6837047,
  0.34509489 -1.0469476 1.6936524,0.56865711 -0.94435658 1.7036,
  0.76390696 -0.79475567 1.7135476,0.92112384 -0.60559186 1.7234952,
  1.0324787 -0.38627174 1.7334429,1.0847517 -0.19627329 1.741406] }
 coordIndex [
  31,2,3,-1,4,31,3,-1,32,31,4,-1,5,32,4,-1,33,32,5,-1,6,33,5,-1,34,33,6,-1,7,34,6,-1,
  35,34,7,-1,8,35,7,-1,36,8,9,-1,36,35,8,-1,10,36,9,-1,37,36,10,-1,11,37,10,-1,38,11,12,-1,
  38,37,11,-1,39,12,13,-1,39,38,12,-1,14,39,13,-1,40,39,14,-1,15,40,14,-1,41,15,16,-1,41,40,15,-1,
  42,41,16,-1,42,16,17,-1,18,42,17,-1,43,42,18,-1,19,43,18,-1,44,43,19,-1,44,19,20,-1,45,44,20,-1,
  45,20,21,-1,22,45,21,-1,46,22,23,-1,46,45,22,-1,47,23,24,-1,47,46,23,-1,25,47,24,-1,48,47,25,-1,
  26,48,25,-1,49,26,27,-1,49,48,26,-1,50,27,28,-1,50,49,27,-1,29,50,28,-1,51,29,30,-1,51,50,29,-1,
  1,30,0,-1,1,51,30,-1]
  normalPerVertex TRUE
  normal DEF NORM_59 Normal { vector [
  0.49923543 -0.055280521 0.86470113,0.48875139 -0.06988704 0.86961939,
  0.037912753 0.5003373 0.86500012,-0.017786546 0.5005832 0.86550569,
  -0.11183644 0.48829413 0.86548337,-0.20127558 0.44833332 0.87091066,
  -0.28569152 0.40149177 0.87016361,-0.35888274 0.34141941 0.86869786,
  -0.41266837 0.26441186 0.87166002,-0.45532939 0.2072712 0.86586015,
  -0.47594991 0.13352421 0.86927727,-0.49553554 0.040936603 0.86762245,
  -0.4917759 -0.053088463 0.86910188,-0.4849333 -0.12531974 0.86552566,
  -0.45606576 -0.19332716 0.86869364,-0.4134783 -0.27725171 0.86727573,
  -0.35283513 -0.34864937 0.86830351,-0.30189495 -0.39963991 0.865533,
  -0.23822634 -0.43552171 0.86808355,-0.15300716 -0.4740646 0.86709375,
  -0.06175628 -0.49249033 0.86812409,0.0076789239 -0.50057782 0.86565749,
  0.081077232 -0.49079723 0.86749326,0.17111503 -0.46794868 0.86703153,
  0.24176338 -0.4360402 0.86684451,0.29454004 -0.39845601 0.86860749,
  0.3652198 -0.33890989 0.86703782,0.42124533 -0.26563336 0.86717431,
  0.45780442 -0.20254744 0.86567295,0.4762885 -0.15082256 0.86625736,
  0.48953486 -0.078735871 0.86842172,-0.045661303 0.4968065 0.8666593,
  -0.13803986 0.45373962 0.88037796,-0.21681054 0.39849195 0.89117751,
  -0.2933556 0.34425626 0.89186889,-0.36864298 0.28296583 0.88545621,
  -0.4330161 0.19237752 0.88061794,-0.46420722 0.088586991 0.88128542,
  -0.47597661 -0.0095338374 0.87940626,-0.46610582 -0.12180765 0.87630375,
  -0.42551437 -0.22392488 0.87680965,-0.37120593 -0.30767826 0.87609375,
  -0.29203327 -0.38823454 0.87406551,-0.19604692 -0.44344617 0.87459768,
  -0.1009426 -0.4755588 0.87387323,0.010646184 -0.48817263 0.87268215,
  0.12113157 -0.47181777 0.87333564,0.22982429 -0.43252024 0.87184118,
  0.32035565 -0.37203199 0.87118566,0.38790183 -0.29759301 0.87233627,
  0.44865317 -0.20750962 0.86928136,0.48085384 -0.11747935 0.86889481] }
}
}
DEF SHAPE_60 Shape {
 appearance USE APP_3
 geometry DEF FACE_60 IndexedFaceSet {
  coord DEF COORD_60 Coordinate { point [
  0.25 0 0.039370079,0.24148146 -0.064704761 0.039370079,
  0.21650635 -0.125 0.039370079,0.1767767 -0.1767767 0.039370079,
  0.125 -0.21650635 0.039370079,0.064704761 -0.24148146 0.039370079,
  0 -0.25 0.039370079,-0.064704761 -0.24148146 0.039370079,
  -0.125 -0.21650635 0.039370079,-0.1767767 -0.1767767 0.039370079,
  -0.21650635 -0.125 0.039370079,-0.24148146 -0.064704761 0.039370079,
  -0.25 0 0.039370079,-0.24148146 0.064704761 0.039370079,
  -0.21650635 0.125 0.039370079,-0.1767767 0.1767767 0.039370079,
  -0.125 0.21650635 0.039370079,-0.064704761 0.24148146 0.039370079,
  0 0.25 0.039370079,0.064704761 0.24148146 0.039370079,
  0.125 0.21650635 0.039370079,0.1767767 0.1767767 0.039370079,
  0.21650635 0.125 0.039370079,0.24148146 0.064704761 0.039370079,
  0.25 0 0.039370079,0.21062992 0 0,
  0.21062992 0 0,0.20345288 -0.054515035 0,
  0.18241086 -0.10531496 0,0.14893785 -0.14893785 0,
  0.10531496 -0.18241086 0,0.054515035 -0.20345288 0,
  0 -0.21062992 0,-0.054515035 -0.20345288 0,
  -0.10531496 -0.18241086 0,-0.14893785 -0.14893785 0,
  -0.18241086 -0.10531496 0,-0.20345288 -0.054515035 0,
  -0.21062992 0 0,-0.20345288 0.054515035 0,
  -0.18241086 0.10531496 0,-0.14893785 0.14893785 0,
  -0.10531496 0.18241086 0,-0.054515035 0.20345288 0,
  0 0.21062992 0,0.054515035 0.20345288 0,
  0.10531496 0.18241086 0,0.14893785 0.14893785 0,
  0.18241086 0.10531496 0,0.20345288 0.054515035 0] }
 coordIndex [
  23,24,25,-1,23,25,49,-1,22,49,48,-1,22,23,49,-1,21,48,47,-1,21,22,48,-1,20,47,46,-1,20,21,47,-1,
  19,46,45,-1,19,20,46,-1,18,45,44,-1,18,19,45,-1,43,18,44,-1,17,18,43,-1,16,43,42,-1,16,17,43,-1,
  15,42,41,-1,15,16,42,-1,14,41,40,-1,14,15,41,-1,13,40,39,-1,13,14,40,-1,12,39,38,-1,12,13,39,-1,
  11,12,38,-1,11,38,37,-1,36,11,37,-1,10,11,36,-1,9,10,36,-1,9,36,35,-1,34,9,35,-1,8,9,34,-1,
  7,8,34,-1,7,34,33,-1,6,7,33,-1,6,33,32,-1,5,6,32,-1,5,32,31,-1,30,5,31,-1,4,5,30,-1,
  3,30,29,-1,3,4,30,-1,2,29,28,-1,2,3,29,-1,1,28,27,-1,1,2,28,-1,0,27,26,-1,0,1,27,-1]
  normalPerVertex TRUE
  normal DEF NORM_60 Normal { vector [
  0.70406259 -0.092691599 -0.70406259,0.6756141 -0.20958522 -0.70683776,
  0.59834847 -0.37730557 -0.70683776,0.48030637 -0.51931318 -0.70683776,
  0.35355339 -0.61237244 -0.70710678,0.1830127 -0.6830127 -0.70710678,
  -0.027581979 -0.70683776 -0.70683776,-0.20958522 -0.6756141 -0.70683776,
  -0.35355339 -0.61237244 -0.70710678,-0.5 -0.5 -0.70710678,
  -0.61237244 -0.35355339 -0.70710678,-0.6830127 -0.1830127 -0.70710678,
  -0.70683776 0.027581979 -0.70683776,-0.6756141 0.20958522 -0.70683776,
  -0.59834847 0.37730557 -0.70683776,-0.48030637 0.51931318 -0.70683776,
  -0.32953219 0.62593044 -0.70683776,-0.1830127 0.6830127 -0.70710678,
  0 0.70710678 -0.70710678,0.20958522 0.6756141 -0.70683776,
  0.37730557 0.59834847 -0.70683776,0.51931318 0.48030637 -0.70683776,
  0.62593044 0.32953219 -0.70683776,0.68989159 0.15630093 -0.70683776,
  0.70406259 0.092691599 -0.70406259,0.70406259 0.092691599 -0.70406259,
  0.70406259 -0.092691599 -0.70406259,0.69157063 -0.14943353 -0.70668217,
  0.62932969 -0.32333335 -0.70668217,0.52420097 -0.47519854 -0.70668217,
  0.35355339 -0.61237244 -0.70710678,0.1830127 -0.6830127 -0.70710678,
  0.034649947 -0.70668217 -0.70668217,-0.14943353 -0.69157063 -0.70668217,
  -0.35355339 -0.61237244 -0.70710678,-0.5 -0.5 -0.70710678,
  -0.61237244 -0.35355339 -0.70710678,-0.6830127 -0.1830127 -0.70710678,
  -0.70668217 -0.034649947 -0.70668217,-0.69157063 0.14943353 -0.70668217,
  -0.62932969 0.32333335 -0.70668217,-0.52420097 0.47519854 -0.70668217,
  -0.38334882 0.59467974 -0.70668217,-0.1830127 0.6830127 -0.70710678,
  0 0.70710678 -0.70710678,0.14943353 0.69157063 -0.70668217,
  0.32333335 0.62932969 -0.70668217,0.47519854 0.52420097 -0.70668217,
  0.59467974 0.38334882 -0.70668217,0.67363449 0.21637208 -0.70668217] }
}
}
DEF SHAPE_61 Shape {
 appearance USE APP_3
 geometry DEF FACE_61 IndexedFaceSet {
  coord DEF COORD_61 Coordinate { point [
  1.1023622 0 1.5380325,1.0749137 0.24448466 1.5479814,
  0.99392931 0.47678337 1.5579304,0.86344314 0.68532381 1.5678793,
  0.68995645 0.85973498 1.5778282,0.48210962 0.99133859 1.5877772,
  0.25025275 1.0735784 1.5977261,0.0059318118 1.1023523 1.607675,
  -0.23868556 1.0762215 1.617624,-0.47141617 0.99648579 1.6275729,
  -0.68066864 0.86711848 1.6375219,-0.85602117 0.69456649 1.6474708,
  -0.98874088 0.48742693 1.6574197,-1.0722185 0.25601716 1.6673687,
  -1.1022972 0.011860552 1.6773176,-1.0774792 -0.23288657 1.6872665,
  -0.99900042 -0.46603854 1.6972155,-0.87076862 -0.67598549 1.7071644,
  -0.69916956 -0.85227049 1.7171133,-0.49274917 -0.98611068 1.7270623,
  -0.26178812 -1.0708363 1.7370112,-0.017789666 -1.1022253 1.7469601,
  0.22709377 -1.0787157 1.7569091,0.46066646 -1.0014835 1.766858,
  0.6712969 -0.87438178 1.776807,0.84849642 -0.70374324 1.7867559,
  0.98343995 -0.49805932 1.7967048,1.0694044 -0.26755883 1.8066538,
  1.0940922 -0.13478979 1.8121069,1.1023622 0 1.8175601,
  1.1107481 0 1.5428741,1.1066421 0.24687371 1.5659705,
  1.0486006 0.48797721 1.5887093,0.94092097 0.71008894 1.6109214,
  0.79004191 0.90389165 1.6326202,0.60202144 1.0632747 1.6540028,
  0.45953732 1.1474029 1.6681309,0.30672807 1.2117829 1.682126,
  0.047390093 1.2491013 1.6914628,-0.21402963 1.2315402 1.7008022,
  -0.4076536 1.1816592 1.7079265,-0.58794408 1.1030964 1.7149352,
  -0.75369318 0.99721943 1.721945,-0.9007785 0.86665916 1.7289541,
  -1.0255684 0.71463938 1.7359623,-1.1249645 0.54493564 1.742969,
  -1.1965123 0.36174332 1.7499751,-1.2384411 0.16959867 1.7569811,
  -1.2497139 -0.026744906 1.7639878,-1.2300513 -0.22242726 1.7709951,
  -1.1799407 -0.41260138 1.7780028,-1.1006211 -0.59256498 1.7850102,
  -0.99404264 -0.75787807 1.7920174,-0.86283174 -0.90444537 1.7990243,
  -0.71026741 -1.0286011 1.8060296,-0.54011137 -1.1272887 1.8130348,
  -0.35656447 -1.1980658 1.8200417,-0.16422028 -1.2391657 1.8270493,
  0.03220599 -1.2495851 1.8340597,0.22782061 -1.2290638 1.841071,
  0.41779769 -1.1781108 1.8480825,0.59743936 -1.0979828 1.8550926,
  0.76226499 -0.99068263 1.8620988,0.90822176 -0.85885577 1.8691026,
  1.0316917 -0.70577069 1.8761055,1.1296247 -0.53520847 1.8831102,
  1.1995875 -0.3514112 1.8901176,1.2373326 -0.1775047 1.8964587,
  1.25 0 1.9027988] }
 coordIndex [
  31,0,1,-1,31,30,0,-1,32,1,2,-1,32,31,1,-1,33,2,3,-1,33,32,2,-1,34,3,4,-1,34,33,3,-1,
  35,4,5,-1,35,34,4,-1,36,35,5,-1,6,36,5,-1,37,36,6,-1,38,6,7,-1,38,37,6,-1,39,38,7,-1,
  39,7,8,-1,40,39,8,-1,40,8,9,-1,41,40,9,-1,10,41,9,-1,42,41,10,-1,43,10,11,-1,43,42,10,-1,
  44,43,11,-1,12,44,11,-1,45,44,12,-1,46,12,13,-1,46,45,12,-1,47,13,14,-1,47,46,13,-1,48,47,14,-1,
  49,14,15,-1,49,48,14,-1,50,15,16,-1,50,49,15,-1,51,50,16,-1,17,51,16,-1,52,51,17,-1,53,17,18,-1,
  53,52,17,-1,54,18,19,-1,54,53,18,-1,55,54,19,-1,56,19,20,-1,56,55,19,-1,57,20,21,-1,57,56,20,-1,
  58,57,21,-1,22,58,21,-1,59,58,22,-1,60,22,23,-1,60,59,22,-1,61,60,23,-1,24,61,23,-1,62,61,24,-1,
  63,24,25,-1,63,62,24,-1,64,25,26,-1,64,63,25,-1,65,64,26,-1,66,26,27,-1,66,65,26,-1,67,27,28,-1,
  67,66,27,-1,68,67,28,-1,68,28,29,-1]
  normalPerVertex TRUE
  normal DEF NORM_61 Normal { vector [
  0.48860049 0.089744893 -0.86787984,0.46660506 0.16682108 -0.86859107,
  0.41933776 0.26171005 -0.86928919,0.35275351 0.34468132 -0.86991939,
  0.27056336 0.41174306 -0.87020866,0.17989878 0.45452335 -0.8723789,
  0.073684843 0.48879518 -0.86928121,-0.043477027 0.4942018 -0.86825937,
  -0.14395799 0.46979748 -0.87095719,-0.2367891 0.43117084 -0.87064495,
  -0.32617483 0.36820053 -0.87065398,-0.40133787 0.28285347 -0.8711612,
  -0.45532706 0.18575562 -0.8707308,-0.48470736 0.07793527 -0.87119738,
  -0.49064251 -0.034957006 -0.87065948,-0.47049392 -0.14293896 -0.87074906,
  -0.43138802 -0.23546572 -0.87089624,-0.36850992 -0.32570505 -0.87069895,
  -0.28383476 -0.40048865 -0.87123285,-0.18626107 -0.45513739 -0.87072198,
  -0.07923882 -0.48469727 -0.87108539,0.020883191 -0.49181019 -0.87045197,
  0.12852209 -0.47488479 -0.87061272,0.23423305 -0.4316847 -0.87108163,
  0.32529954 -0.36880798 -0.87072435,0.3997525 -0.28487153 -0.87123255,
  0.45499024 -0.18676197 -0.87069159,0.48634393 -0.099312521 -0.86810518,
  0.50085549 -0.017867956 -0.86534647,0.49999525 0.0043591799 -0.86601718,
  0.49801657 0.088983018 -0.86259001,0.48219895 0.1364787 -0.86536567,
  0.44565636 0.23218864 -0.86456859,0.38805292 0.32040906 -0.86414869,
  0.31332062 0.3945835 -0.86379051,0.23378579 0.44278049 -0.86561518,
  0.14349036 0.47308042 -0.86925568,0.073859836 0.49760701 -0.86425227,
  -0.00024385262 0.50323251 -0.86415102,-0.098399643 0.49268737 -0.86462516,
  -0.19219718 0.46011506 -0.866807,-0.27226834 0.41571637 -0.86778445,
  -0.32550349 0.37932548 -0.86611758,-0.3774896 0.32542322 -0.86694944,
  -0.42993891 0.2509702 -0.86727533,-0.46333538 0.19007141 -0.86555946,
  -0.48262994 0.12252479 -0.86721163,-0.49726916 0.032724094 -0.86697896,
  -0.49826068 -0.04162188 -0.86602766,-0.48573794 -0.10573085 -0.86768637,
  -0.45971572 -0.19275836 -0.86689427,-0.4159262 -0.27264682 -0.86756505,
  -0.3784273 -0.32743062 -0.86578402,-0.32514509 -0.37756118 -0.86702262,
  -0.25089073 -0.43026384 -0.86713717,-0.18804141 -0.46404915 -0.86562048,
  -0.12215318 -0.48243967 -0.86736991,-0.032435512 -0.4973876 -0.86692186,
  0.058590427 -0.49321504 -0.86793207,0.12129858 -0.48440432 -0.86639432,
  0.19305115 -0.45955073 -0.86691659,0.27307253 -0.4160488 -0.86737235,
  0.3292861 -0.37724428 -0.86559657,0.37762986 -0.32477561 -0.86713118,
  0.43056805 -0.25074062 -0.86702958,0.46453508 -0.18586035 -0.86583087,
  0.48101814 -0.12410386 -0.86788235,0.50167419 -0.04552973 -0.86385765,
  0.50355046 -0.0011337725 -0.86396507] }
}
}
DEF SHAPE_62 Shape {
 appearance USE APP_3
 geometry DEF FACE_62 IndexedFaceSet {
  coord DEF COORD_62 Coordinate { point [
  1.2385912 0 1.6707172,1.223553 0.22279853 1.6757984,
  1.1939242 0.35938098 1.6789659,1.1491693 0.49184348 1.682126,
  1.1023622 0 1.7493691,1.0749137 0.24448466 1.759318,
  0.9939293 0.47678336 1.769267,0.86344312 0.6853238 1.7792159,
  0.68995643 0.85973497 1.7891648,0.4821096 0.99133857 1.7991138,
  0.25025274 1.0735784 1.8090627,0.0059318023 1.1023522 1.8190116,
  -0.23868556 1.0762215 1.8289606,-0.47141618 0.99648577 1.8389095,
  -0.68066864 0.86711846 1.8488584,-0.85602117 0.69456647 1.8588074,
  -0.98874087 0.4874269 1.8687563,-1.0722185 0.25601714 1.8787052,
  -1.1022972 0.011860532 1.8886542,-1.0774792 -0.23288659 1.8986031,
  -0.9990004 -0.46603856 1.908552,-0.87076859 -0.6759855 1.918501,
  -0.69916953 -0.8522705 1.9284499,-0.49274914 -0.98611068 1.9383989,
  -0.26178808 -1.0708363 1.9483478,-0.017789635 -1.1022253 1.9582967,
  0.2270938 -1.0787156 1.9682457,0.46066648 -1.0014834 1.9781946,
  0.67129692 -0.87438174 1.9881435,0.84849643 -0.7037432 1.9980925,
  0.98343995 -0.49805928 2.0080414,1.0694044 -0.26755879 2.0179903,
  1.0940922 -0.13478977 2.0234435,1.1023622 0 2.0288966,
  1.25 0 1.9436579,1.0213901 0.72059855 1.6914659,
  0.84873435 0.91768731 1.7008031,0.64054656 1.0734058 1.7100703,
  0.40659786 1.1820229 1.7192691,0.15531918 1.2403128 1.7284712,
  -0.1025698 1.2457847 1.7376723,-0.34175557 1.2023739 1.7463386,
  -0.55548989 1.1197906 1.754503,-0.75054327 0.9995923 1.7626655,
  -0.92038384 0.84580945 1.7708286,-1.0593094 0.6635989 1.7789938,
  -1.1626218 0.45914122 1.7871586,-1.2268869 0.23926669 1.7953241,
  -1.2499484 0.011354363 1.8034892,-1.2324495 -0.20873029 1.8113569,
  -1.1791914 -0.41473795 1.8189383,-1.0917631 -0.60873091 1.8265199,
  -0.97269559 -0.78508807 1.8341027,-0.82544006 -0.93869521 1.841687,
  -0.65426387 -1.0651004 1.8492722,-0.46413117 -1.1606387 1.8568572,
  -0.26056182 -1.2225414 1.8644401,-0.049399479 -1.2490235 1.8720221,
  0.16319069 -1.2393017 1.8796017,0.37104516 -1.1936606 1.8871803,
  0.56816 -1.1134155 1.894761,0.74877566 -1.0009171 1.9023436,
  0.90768606 -0.8594219 1.9099293,1.0402961 -0.69302534 1.9175162,
  1.1427624 -0.50655113 1.9251008,1.2121192 -0.30539663 1.9326814,
  1.2404936 -0.15386865 1.938169] }
 coordIndex [
  1,4,0,-1,5,1,2,-1,5,4,1,-1,6,2,3,-1,6,5,2,-1,35,6,3,-1,7,6,35,-1,36,7,35,-1,
  8,36,37,-1,8,7,36,-1,9,37,38,-1,9,8,37,-1,10,38,39,-1,10,9,38,-1,11,10,39,-1,11,39,40,-1,
  12,11,40,-1,12,40,41,-1,13,12,41,-1,13,41,42,-1,43,13,42,-1,14,13,43,-1,44,14,43,-1,15,14,44,-1,
  15,44,45,-1,16,15,45,-1,16,45,46,-1,17,16,46,-1,17,46,47,-1,18,17,47,-1,18,47,48,-1,49,18,48,-1,
  19,18,49,-1,19,49,50,-1,20,19,50,-1,20,50,51,-1,21,20,51,-1,21,51,52,-1,53,21,52,-1,22,21,53,-1,
  22,53,54,-1,23,22,54,-1,23,54,55,-1,24,55,56,-1,24,23,55,-1,25,56,57,-1,25,24,56,-1,58,25,57,-1,
  26,58,59,-1,26,25,58,-1,27,59,60,-1,27,26,59,-1,28,60,61,-1,28,27,60,-1,62,28,61,-1,29,62,63,-1,
  29,28,62,-1,30,63,64,-1,30,29,63,-1,31,64,65,-1,31,65,66,-1,31,30,64,-1,32,66,34,-1,32,31,66,-1,
  33,32,34,-1]
  normalPerVertex TRUE
  normal DEF NORM_62 Normal { vector [
  0.49995102 0.013996267 0.86594057,0.49633812 0.033463461 0.8674841,
  0.47776484 0.120022 0.87025024,0.46602864 0.19271398 0.86352685,
  0.49564664 0.017134976 0.86835523,0.48451703 0.076810922 0.87140308,
  0.45791578 0.18477642 0.86958083,0.40343965 0.28797312 0.86850903,
  0.33091494 0.36790253 0.86898966,0.24324078 0.43012477 0.86938289,
  0.14450056 0.47221804 0.86955719,0.039050016 0.49226537 0.8695688,
  -0.067320118 0.48871639 0.86984153,-0.18549797 0.45879057 0.86896589,
  -0.28792363 0.40352096 0.86848766,-0.36381036 0.33264559 0.87005111,
  -0.42457403 0.2487699 0.87054605,-0.46820146 0.15464598 0.86998391,
  -0.49288042 0.038691437 0.86923637,-0.4868684 -0.076662247 0.87010463,
  -0.45929566 -0.17467219 0.87094037,-0.40662804 -0.27926212 0.86986568,
  -0.3329531 -0.36440084 0.8696863,-0.24978012 -0.42318133 0.87093482,
  -0.15755652 -0.46687007 0.87017716,-0.04635159 -0.49104632 0.86989944,
  0.069113184 -0.48668096 0.87084156,0.16814729 -0.46256947 0.8704918,
  0.27102696 -0.41205347 0.86991742,0.35802886 -0.33727699 0.87066616,
  0.41973372 -0.25622873 0.87072983,0.46636409 -0.17005198 0.86809381,
  0.4944057 -0.08342405 0.86521872,0.49892391 -0.065572396 0.86416156,
  0.49755934 -0.063434168 0.8651074,0.43385959 0.25592743 0.86386747,
  0.37015454 0.34266224 0.86346292,0.28947365 0.41356388 0.86323225,
  0.1957333 0.46562676 0.86306442,0.093294946 0.49655827 0.86297505,
  -0.011309747 0.50409529 0.86357399,-0.1130415 0.48885655 0.86500919,
  -0.19392494 0.46066943 0.86612747,-0.25927442 0.42531477 0.86711252,
  -0.33959278 0.36782922 0.86566645,-0.40625778 0.29465359 0.86494733,
  -0.45615088 0.20916447 0.86497202,-0.4870154 0.11537993 0.86573868,
  -0.49939143 0.037177889 0.86557842,-0.49732433 -0.03816181 0.86672498,
  -0.48212594 -0.13266255 0.86599955,-0.44827169 -0.22122474 0.86609013,
  -0.40763144 -0.28919744 0.8661417,-0.36213116 -0.34132724 0.867385,
  -0.29228359 -0.40546805 0.86612122,-0.21054307 -0.4535929 0.86598216,
  -0.12084213 -0.48348074 0.86697379,-0.050669047 -0.49790022 0.86575286,
  0.026562025 -0.49883727 0.86628854,0.12049689 -0.48546214 0.86591397,
  0.20931489 -0.45283907 0.86667413,0.27460864 -0.41877472 0.8655737,
  0.33319455 -0.37169078 0.86650295,0.39827317 -0.30264505 0.86590095,
  0.44739373 -0.22165923 0.86643293,0.47391124 -0.16338667 0.865282,
  0.48983198 -0.10235327 0.86578776] }
}
}
DEF SHAPE_63 Shape {
 appearance USE APP_3
 geometry DEF FACE_63 IndexedFaceSet {
  coord DEF COORD_63 Coordinate { point [
  1.25 0 1.9436579,1.25 0 1.9027988,
  1.1491693 0.49184348 1.682126,1.0213901 0.72059855 1.6914659,
  0.84873435 0.91768731 1.7008031,0.64054656 1.0734058 1.7100703,
  0.40659786 1.1820229 1.7192691,0.15531918 1.2403128 1.7284712,
  -0.1025698 1.2457847 1.7376723,-0.34175557 1.2023739 1.7463386,
  -0.55548989 1.1197906 1.754503,-0.75054327 0.9995923 1.7626655,
  -0.92038384 0.84580945 1.7708286,-1.0593094 0.6635989 1.7789938,
  -1.1626218 0.45914122 1.7871586,-1.2268869 0.23926669 1.7953241,
  -1.2499484 0.011354363 1.8034892,-1.2324495 -0.20873029 1.8113569,
  -1.1791914 -0.41473795 1.8189383,-1.0917631 -0.60873091 1.8265199,
  -0.97269559 -0.78508807 1.8341027,-0.82544006 -0.93869521 1.841687,
  -0.65426387 -1.0651004 1.8492722,-0.46413117 -1.1606387 1.8568572,
  -0.26056182 -1.2225414 1.8644401,-0.049399479 -1.2490235 1.8720221,
  0.16319069 -1.2393017 1.8796017,0.37104516 -1.1936606 1.8871803,
  0.56816 -1.1134155 1.894761,0.74877566 -1.0009171 1.9023436,
  0.90768606 -0.8594219 1.9099293,1.0402961 -0.69302534 1.9175162,
  1.1427624 -0.50655113 1.9251008,1.2121192 -0.30539663 1.9326814,
  1.2404936 -0.15386865 1.938169,0.30672807 1.2117829 1.682126,
  0.57448658 1.1101645 1.682126,0.81208834 0.95026971 1.682126,
  1.0070608 0.74049207 1.682126,0.047390093 1.2491013 1.6914628,
  -0.21402963 1.2315402 1.7008022,-0.4076536 1.1816592 1.7079265,
  -0.58794408 1.1030964 1.7149352,-0.75369318 0.99721943 1.721945,
  -0.9007785 0.86665916 1.7289541,-1.0255684 0.71463938 1.7359623,
  -1.1249645 0.54493564 1.742969,-1.1965123 0.36174332 1.7499751,
  -1.2384411 0.16959867 1.7569811,-1.2497139 -0.026744906 1.7639878,
  -1.2300513 -0.22242726 1.7709951,-1.1799407 -0.41260138 1.7780028,
  -1.1006211 -0.59256498 1.7850102,-0.99404264 -0.75787807 1.7920174,
  -0.86283174 -0.90444537 1.7990243,-0.71026741 -1.0286011 1.8060296,
  -0.54011137 -1.1272887 1.8130348,-0.35656447 -1.1980658 1.8200417,
  -0.16422028 -1.2391657 1.8270493,0.03220599 -1.2495851 1.8340597,
  0.22782061 -1.2290638 1.841071,0.41779769 -1.1781108 1.8480825,
  0.59743936 -1.0979828 1.8550926,0.76226499 -0.99068263 1.8620988,
  0.90822176 -0.85885577 1.8691026,1.0316917 -0.70577069 1.8761055,
  1.1296247 -0.53520847 1.8831102,1.1995875 -0.3514112 1.8901176,
  1.2373326 -0.1775047 1.8964587] }
 coordIndex [
  34,1,0,-1,68,1,34,-1,33,68,34,-1,67,68,33,-1,32,67,33,-1,66,67,32,-1,31,66,32,-1,65,66,31,-1,
  30,65,31,-1,64,65,30,-1,29,64,30,-1,63,64,29,-1,62,63,29,-1,62,29,28,-1,61,62,28,-1,61,28,27,-1,
  60,61,27,-1,60,27,26,-1,59,60,26,-1,59,26,25,-1,58,59,25,-1,24,58,25,-1,57,58,24,-1,23,57,24,-1,
  56,57,23,-1,22,56,23,-1,55,56,22,-1,21,55,22,-1,54,55,21,-1,20,54,21,-1,53,54,20,-1,19,53,20,-1,
  52,53,19,-1,18,52,19,-1,51,52,18,-1,17,51,18,-1,50,51,17,-1,49,17,16,-1,49,50,17,-1,48,16,15,-1,
  48,49,16,-1,47,48,15,-1,14,47,15,-1,46,47,14,-1,13,46,14,-1,45,46,13,-1,12,45,13,-1,44,45,12,-1,
  11,44,12,-1,43,44,11,-1,42,11,10,-1,42,43,11,-1,41,10,9,-1,41,42,10,-1,40,41,9,-1,8,40,9,-1,
  39,40,8,-1,7,39,8,-1,35,39,7,-1,6,35,7,-1,36,35,6,-1,5,36,6,-1,37,36,5,-1,4,37,5,-1,
  38,37,4,-1,3,38,4,-1,2,38,3,-1]
  normalPerVertex TRUE
  normal DEF NORM_63 Normal { vector [
  0.99809691 -0.061664813 0,0.99762886 -0.066067748 -0.019279574,
  0.83710482 0.47842483 -0.2652644,0.81640061 0.57700651 -0.023527221,
  0.68929137 0.72399783 0.026543529,0.52270145 0.85192235 0.031804263,
  0.33070425 0.94322257 0.031078746,0.13198229 0.9899928 0.049949192,
  -0.07139721 0.99651618 0.043103944,-0.2598193 0.96361493 0.062770959,
  -0.42909689 0.90214155 0.044905242,-0.60029346 0.79906425 0.033824329,
  -0.74599896 0.66469295 0.04085132,-0.84989425 0.52413307 0.054445239,
  -0.92807421 0.36757086 0.059748834,-0.97822073 0.19963839 0.056821856,
  -0.9986378 0.027661663 0.0442422,-0.98526897 -0.1697941 0.020371834,
  -0.93507132 -0.35424722 0.01226958,-0.8635385 -0.50377927 0.022532477,
  -0.76821863 -0.63944192 0.030889668,-0.65176384 -0.7575003 0.03737917,
  -0.51738574 -0.85472208 0.04197809,-0.36876722 -0.92844697 0.044687344,
  -0.20996266 -0.97664668 0.045573543,-0.045319781 -0.99797779 0.044569676,
  0.12067709 -0.99181637 0.041681245,0.28346417 -0.95827243 0.036905517,
  0.43853636 -0.89820471 0.030235106,0.60368758 -0.7970581 0.016114927,
  0.74292929 -0.66929347 0.010115327,0.84314819 -0.5372816 0.020727039,
  0.9201429 -0.39047273 0.029463233,0.96812235 -0.24976442 0.018890309,
  0.99457296 -0.1039816 -0.0035283512,0.24119913 0.96784647 -0.071387549,
  0.4375647 0.89390112 -0.097354595,0.62043825 0.77626758 -0.11164692,
  0.76899888 0.62465349 -0.13582614,0.030291961 0.99787604 -0.057669826,
  -0.15885742 0.9866148 -0.036817816,-0.33818067 0.94105783 -0.0066331024,
  -0.49043236 0.87146539 0.004916804,-0.60294803 0.79778045 0.00015245273,
  -0.70254658 0.71158969 0.0082716385,-0.81138526 0.58450133 -0.0034863271,
  -0.89736351 0.4411834 -0.0097942448,-0.95824178 0.28576313 -0.010588705,
  -0.99244084 0.12258178 -0.0059056601,-0.9991004 -0.042338631 -0.0024143634,
  -0.98405145 -0.17787398 0.0018926093,-0.95328619 -0.30191709 0.0095662848,
  -0.89197991 -0.45207479 0.00047750201,-0.80716999 -0.59027648 -0.0070910081,
  -0.70115487 -0.7128883 -0.01311962,-0.57676352 -0.81672135 -0.017609111,
  -0.43729806 -0.89908079 -0.020594775,-0.28644316 -0.95784345 -0.022050895,
  -0.12813328 -0.99151398 -0.021952042,0.033477585 -0.9992319 -0.020368224,
  0.19417876 -0.98081438 -0.01725581,0.34977137 -0.93675022 -0.012610109,
  0.4961751 -0.86819853 -0.0064481055,0.60973079 -0.79260361 0.0028077124,
  0.70517633 -0.70893973 0.011437371,0.81056341 -0.58564723 0.0020704314,
  0.89453993 -0.44695081 -0.0057695983,0.95334919 -0.30177451 -0.0075811984,
  0.98778625 -0.15385616 -0.024629391] }
}
}
DEF SHAPE_64 Shape {
 appearance USE APP_3
 geometry DEF FACE_64 IndexedFaceSet {
  coord DEF COORD_64 Coordinate { point [
  1.1023622 0 1.7493691,1.0749137 0.24448466 1.759318,
  0.9939293 0.47678336 1.769267,0.86344312 0.6853238 1.7792159,
  0.68995643 0.85973497 1.7891648,0.4821096 0.99133857 1.7991138,
  0.25025274 1.0735784 1.8090627,0.0059318023 1.1023522 1.8190116,
  -0.23868556 1.0762215 1.8289606,-0.47141618 0.99648577 1.8389095,
  -0.68066864 0.86711846 1.8488584,-0.85602117 0.69456647 1.8588074,
  -0.98874087 0.4874269 1.8687563,-1.0722185 0.25601714 1.8787052,
  -1.1022972 0.011860532 1.8886542,-1.0774792 -0.23288659 1.8986031,
  -0.9990004 -0.46603856 1.908552,-0.87076859 -0.6759855 1.918501,
  -0.69916953 -0.8522705 1.9284499,-0.49274914 -0.98611068 1.9383989,
  -0.26178808 -1.0708363 1.9483478,-0.017789635 -1.1022253 1.9582967,
  0.2270938 -1.0787156 1.9682457,0.46066648 -1.0014834 1.9781946,
  0.67129692 -0.87438174 1.9881435,0.84849643 -0.7037432 1.9980925,
  0.98343995 -0.49805928 2.0080414,1.0694044 -0.26755879 2.0179903,
  1.0940922 -0.13478977 2.0234435,1.1023622 0 2.0288966,
  1.1023622 0 1.8175601,1.0749137 0.24448466 1.827509,
  0.9939293 0.47678336 1.8374579,0.86344312 0.6853238 1.8474069,
  0.68995643 0.85973497 1.8573558,0.4821096 0.99133857 1.8673047,
  0.25025274 1.0735784 1.8772537,0.0059318023 1.1023522 1.8872026,
  -0.23868556 1.0762215 1.8971515,-0.47141618 0.99648577 1.9071005,
  -0.68066864 0.86711846 1.9170494,-0.85602117 0.69456647 1.9269983,
  -0.98874087 0.4874269 1.9369473,-1.0722185 0.25601714 1.9468962,
  -1.1022972 0.011860532 1.9568452,-1.0774792 -0.23288659 1.9667941,
  -0.9990004 -0.46603856 1.976743,-0.87076859 -0.6759855 1.986692,
  -0.69916953 -0.8522705 1.9966409,-0.49274914 -0.98611068 2.0065898,
  -0.26178808 -1.0708363 2.0165388,-0.017789635 -1.1022253 2.0264877,
  0.2270938 -1.0787156 2.0364366,0.46066648 -1.0014834 2.0463856,
  0.67129692 -0.87438174 2.0563345,0.84849643 -0.7037432 2.0662834,
  0.98343995 -0.49805928 2.0762324,1.0694044 -0.26755879 2.0861813,
  1.0940922 -0.13478977 2.0916345,1.1023622 0 2.0970876] }
 coordIndex [
  1,30,0,-1,31,30,1,-1,32,1,2,-1,32,31,1,-1,33,2,3,-1,33,32,2,-1,34,3,4,-1,34,33,3,-1,
  35,4,5,-1,35,34,4,-1,36,5,6,-1,36,35,5,-1,37,6,7,-1,37,36,6,-1,38,7,8,-1,38,37,7,-1,
  39,8,9,-1,39,38,8,-1,40,39,9,-1,40,9,10,-1,41,40,10,-1,41,10,11,-1,42,41,11,-1,42,11,12,-1,
  43,12,13,-1,43,42,12,-1,44,43,13,-1,44,13,14,-1,45,14,15,-1,45,44,14,-1,46,15,16,-1,46,45,15,-1,
  47,16,17,-1,47,46,16,-1,48,17,18,-1,48,47,17,-1,49,18,19,-1,49,48,18,-1,50,19,20,-1,50,49,19,-1,
  51,20,21,-1,51,50,20,-1,52,21,22,-1,52,51,21,-1,53,22,23,-1,53,52,22,-1,54,23,24,-1,54,53,23,-1,
  55,24,25,-1,55,54,24,-1,56,25,26,-1,56,55,25,-1,57,26,27,-1,57,56,26,-1,58,27,28,-1,58,57,27,-1,
  59,28,29,-1,59,58,28,-1]
  normalPerVertex TRUE
  normal DEF NORM_64 Normal { vector [
  0.9937566 0.11156983 0,0.97510057 0.22176313 0,
  0.88481822 0.46593638 0,0.75944507 0.65057143 0,
  0.59627268 0.80278197 0,0.40341961 0.91501509 0,
  0.19046332 0.98169431 0,-0.032002677 0.99948778 0,
  -0.25288655 0.96749594 0,-0.46116806 0.88731281 0,
  -0.646467 0.76294195 0,-0.79956253 0.60058285 0,
  -0.9128404 0.40831654 0,-0.98066171 0.19571051 0,
  -0.99964488 -0.026647919 0,-0.96884234 -0.24767827 0,
  -0.88979139 -0.45636748 0,-0.76643197 -0.64232549 0,
  -0.60490281 -0.79629931 0,-0.41323753 -0.91062327 0,
  -0.20097687 -0.97959599 0,0.021296679 -0.9997732 0,
  0.24249307 -0.97015314 0,0.45158881 -0.89222618 0,
  0.63818873 -0.76987995 0,0.79302593 -0.60918787 0,
  0.90838831 -0.41812759 0,0.96473578 -0.26322021 0,
  0.99479117 -0.10193395 0,0.9981231 -0.061239443 0,
  0.9937566 0.11156983 0,0.97510057 0.22176313 0,
  0.91717647 0.39848128 0,0.80595108 0.59198215 0,
  0.65460505 0.75597105 0,0.47068029 0.88230384 0,
  0.26331164 0.96471083 0,0.042806193 0.99908339 0,
  -0.17984928 0.98369418 0,-0.39354592 0.91930496 0,
  -0.58762822 0.80913106 0,-0.75243376 0.65866792 0,
  -0.87976579 0.47540736 0,-0.96328858 0.26846808 0,
  -0.99884001 0.048152168 0,-0.98464592 -0.1745635 0,
  -0.92141485 -0.38858034 0,-0.81229997 -0.58323987 0,
  -0.66273375 -0.74885511 0,-0.4801551 -0.87718361 0,
  -0.27364848 -0.96182977 0,-0.053504067 -0.99856763 0,
  0.16929526 -0.98556538 0,0.38363936 -0.92348299 0,
  0.5788631 -0.81542475 0,0.74527084 -0.66676185 0,
  0.87458615 -0.48487016 0,0.94930814 -0.31434704 0,
  0.98979109 -0.14252578 0,0.9981231 -0.061239443 0] }
}
}
DEF SHAPE_65 Shape {
 appearance USE APP_3
 geometry DEF FACE_65 IndexedFaceSet {
  coord DEF COORD_65 Coordinate { point [
  0.21062992 0 0,0.20345288 -0.054515035 0,
  0.18241086 -0.10531496 0,0.14893785 -0.14893785 0,
  0.10531496 -0.18241086 0,0.054515035 -0.20345288 0,
  0 -0.21062992 0,-0.054515035 -0.20345288 0,
  -0.10531496 -0.18241086 0,-0.14893785 -0.14893785 0,
  -0.18241086 -0.10531496 0,-0.20345288 -0.054515035 0,
  -0.21062992 0 0,-0.20345288 0.054515035 0,
  -0.18241086 0.10531496 0,-0.14893785 0.14893785 0,
  -0.10531496 0.18241086 0,-0.054515035 0.20345288 0,
  0 0.21062992 0,0.054515035 0.20345288 0,
  0.10531496 0.18241086 0,0.14893785 0.14893785 0,
  0.18241086 0.10531496 0,0.20345288 0.054515035 0] }
 coordIndex [
  0,21,22,-1,0,22,23,-1,5,6,7,-1,5,7,8,-1,2,0,1,-1,3,4,5,-1,3,8,9,-1,3,9,10,-1,
  3,10,11,-1,3,11,12,-1,3,12,13,-1,3,13,14,-1,3,14,15,-1,3,15,16,-1,3,16,17,-1,3,17,18,-1,
  3,18,19,-1,3,19,20,-1,3,20,21,-1,3,5,8,-1,3,21,0,-1,3,0,2,-1]
  normalPerVertex TRUE
  normal DEF NORM_65 Normal { vector [
  0 0 -1,0 0 -1,
  0 0 -1,0 0 -1,
  0 0 -1,0 0 -1,
  0 0 -1,0 0 -1,
  0 0 -1,0 0 -1,
  0 0 -1,0 0 -1,
  0 0 -1,0 0 -1,
  0 0 -1,0 0 -1,
  0 0 -1,0 0 -1,
  0 0 -1,0 0 -1,
  0 0 -1,0 0 -1,
  0 0 -1,0 0 -1] }
}
}
DEF SHAPE_66 Shape {
 appearance USE APP_3
 geometry DEF FACE_66 IndexedFaceSet {
  coord DEF COORD_66 Coordinate { point [
  1.1023622 0 1.8175601,1.0749137 0.24448466 1.827509,
  0.9939293 0.47678336 1.8374579,0.86344312 0.6853238 1.8474069,
  0.68995643 0.85973497 1.8573558,0.4821096 0.99133857 1.8673047,
  0.25025274 1.0735784 1.8772537,0.0059318023 1.1023522 1.8872026,
  -0.23868556 1.0762215 1.8971515,-0.47141618 0.99648577 1.9071005,
  -0.68066864 0.86711846 1.9170494,-0.85602117 0.69456647 1.9269983,
  -0.98874087 0.4874269 1.9369473,-1.0722185 0.25601714 1.9468962,
  -1.1022972 0.011860532 1.9568452,-1.0774792 -0.23288659 1.9667941,
  -0.9990004 -0.46603856 1.976743,-0.87076859 -0.6759855 1.986692,
  -0.69916953 -0.8522705 1.9966409,-0.49274914 -0.98611068 2.0065898,
  -0.26178808 -1.0708363 2.0165388,-0.017789635 -1.1022253 2.0264877,
  0.2270938 -1.0787156 2.0364366,0.46066648 -1.0014834 2.0463856,
  0.67129692 -0.87438174 2.0563345,0.84849643 -0.7037432 2.0662834,
  0.98343995 -0.49805928 2.0762324,1.0694044 -0.26755879 2.0861813,
  1.0940922 -0.13478977 2.0916345,1.1023622 0 2.0970876,
  1.25 0 1.9027988,1.222541 0.26056366 1.9121378,
  1.1413708 0.50967902 1.9214777,1.0100437 0.73641822 1.9308244,
  0.83433902 0.93079451 1.9401729,0.62283979 1.0837761 1.9494822,
  0.38511487 1.1891958 1.9587513,0.13073222 1.2431448 1.9680177,
  -0.12931955 1.2432926 1.9772859,-0.38380021 1.1896207 1.9865588,
  -0.62169157 1.0844351 1.9958358,-0.83264396 0.93231113 2.0051124,
  -1.0075716 0.73979695 2.0143888,-1.1388405 0.51530808 2.0236609,
  -1.2208132 0.26854256 2.0329311,-1.2499587 0.010155151 2.0422019,
  -1.231403 -0.21481757 2.0502476,-1.1827021 -0.40461801 2.0572297,
  -1.1049368 -0.58447819 2.0642115,-1.0000071 -0.74999048 2.0711931,
  -0.87047593 -0.89709069 2.0781745,-0.71955828 -1.0221232 2.0851542,
  -0.55095026 -1.1220311 2.0921338,-0.36878173 -1.1943617 2.0991149,
  -0.17758868 -1.2373206 2.1060965,0.017952954 -1.2498711 2.1130796,
  0.21306562 -1.2317074 2.1200648,0.40293797 -1.1832755 2.1270499,
  0.58291246 -1.1057636 2.1340336,0.74856037 -1.0010781 2.1410144,
  0.89581727 -0.87178633 2.1479928,1.0210546 -0.7210738 2.1549701,
  1.1212024 -0.55263473 2.1619491,1.1937903 -0.37062735 2.1689306,
  1.2358677 -0.18743304 2.175629,1.25 0 2.1823264] }
 coordIndex [
  31,0,1,-1,31,30,0,-1,32,1,2,-1,32,31,1,-1,33,2,3,-1,33,32,2,-1,34,3,4,-1,34,33,3,-1,
  35,4,5,-1,35,34,4,-1,36,5,6,-1,36,35,5,-1,37,6,7,-1,37,36,6,-1,38,7,8,-1,38,37,7,-1,
  39,38,8,-1,39,8,9,-1,40,39,9,-1,40,9,10,-1,41,40,10,-1,11,41,10,-1,42,41,11,-1,12,42,11,-1,
  43,42,12,-1,13,43,12,-1,44,43,13,-1,14,44,13,-1,45,44,14,-1,46,14,15,-1,46,45,14,-1,47,15,16,-1,
  47,46,15,-1,48,47,16,-1,17,48,16,-1,49,48,17,-1,50,17,18,-1,50,49,17,-1,51,50,18,-1,19,51,18,-1,
  52,51,19,-1,53,19,20,-1,53,52,19,-1,54,20,21,-1,54,53,20,-1,55,54,21,-1,56,21,22,-1,56,55,21,-1,
  57,22,23,-1,57,56,22,-1,58,57,23,-1,24,58,23,-1,59,58,24,-1,60,24,25,-1,60,59,24,-1,61,60,25,-1,
  26,61,25,-1,62,61,26,-1,63,26,27,-1,63,62,26,-1,64,27,28,-1,64,63,27,-1,65,28,29,-1,65,64,28,-1]
  normalPerVertex TRUE
  normal DEF NORM_66 Normal { vector [
  0.4932423 0.086680026 -0.8655626,0.47175135 0.15797641 -0.86746419,
  0.42525429 0.25619223 -0.86805779,0.35881434 0.34188981 -0.86854109,
  0.27563411 0.41100543 -0.86896512,0.17977487 0.46044681 -0.86929266,
  0.075706113 0.48816391 -0.86946223,-0.031840392 0.49290719 -0.86949911,
  -0.13790319 0.47446993 -0.86940267,-0.23758481 0.43369423 -0.86917361,
  -0.32627304 0.37243554 -0.86881394,-0.39986057 0.29348591 -0.86831881,
  -0.45490868 0.20042378 -0.86769142,-0.4888155 0.09749545 -0.86692217,
  -0.49585797 -0.024780611 -0.86805,-0.47046395 -0.14199258 -0.87092007,
  -0.4321355 -0.23472735 -0.87072497,-0.36965278 -0.32442028 -0.87069415,
  -0.2848967 -0.3998449 -0.87118191,-0.18817576 -0.45426602 -0.87076534,
  -0.080644845 -0.48422801 -0.87121733,0.031961082 -0.49076851 -0.8707036,
  0.14004155 -0.47122445 -0.87082483,0.23282478 -0.43295343 -0.87082946,
  0.3230538 -0.37080018 -0.87071434,0.39857763 -0.28656216 -0.87121639,
  0.45357495 -0.18983479 -0.87076548,0.48543629 -0.10064848 -0.86845926,
  0.50131228 -0.018471075 -0.86506925,0.49999525 0.0043591845 -0.86601718,
  0.49825643 0.0834392 -0.86300546,0.48705087 0.12054656 -0.86501443,
  0.45129311 0.22180316 -0.86437138,0.3945528 0.31325272 -0.86382916,
  0.3195012 0.39043304 -0.86341243,0.22965325 0.44973225 -0.86313399,
  0.12924384 0.48849705 -0.8629407,0.022922363 0.5049572 -0.86283996,
  -0.084506968 0.49831149 -0.86286977,-0.18802622 0.46885502 -0.86303019,
  -0.28279249 0.417973 -0.86332322,-0.36440307 0.34807245 -0.86374531,
  -0.42906649 0.26246891 -0.86429857,-0.4738354 0.16519522 -0.86498009,
  -0.49670358 0.060846415 -0.86578477,-0.50018434 -0.02005507 -0.86568668,
  -0.48894746 -0.10095903 -0.86645119,-0.4604366 -0.19082487 -0.86693945,
  -0.41682379 -0.27063258 -0.86776491,-0.38063398 -0.32415963 -0.86604752,
  -0.32714856 -0.37588345 -0.86699795,-0.25309152 -0.42862984 -0.86730683,
  -0.19255262 -0.46230556 -0.8655617,-0.12527531 -0.4818618 -0.86724581,
  -0.035697624 -0.49697127 -0.86703243,0.03812865 -0.49864558 -0.86596697,
  0.10243833 -0.48646683 -0.86767298,0.18947943 -0.46099885 -0.86693576,
  0.26947716 -0.4177598 -0.86767437,0.32375471 -0.38130656 -0.86590311,
  0.37487117 -0.32823198 -0.86702674,0.42795144 -0.25443313 -0.8672493,
  0.46200699 -0.19324308 -0.86556724,0.48082694 -0.12763394 -0.86747624,
  0.50231731 -0.048474899 -0.86332352,0.50443853 -0.0025116101 -0.86344395] }
}
}
DEF SHAPE_67 Shape {
 appearance USE APP_3
 geometry DEF FACE_67 IndexedFaceSet {
  coord DEF COORD_67 Coordinate { point [
  1.25 0 1.9436579,1.2225418 0.2605601 1.9530021,
  1.1413735 0.509673 1.9623461,1.0100473 0.73641328 1.9716858,
  0.83434305 0.93079089 1.9810231,0.6228784 1.0837539 1.9903266,
  0.38526435 1.1891473 1.9995975,0.13097396 1.2431194 2.0088715,
  -0.12897803 1.2433281 2.0181441,-0.36719353 1.194851 2.0268102,
  -0.57755606 1.1085707 2.0349113,-0.76879166 0.98562637 2.0430106,
  -0.93460112 0.83007275 2.0511108,-1.0694975 0.64705114 2.0592129,
  -1.168991 0.44267386 2.0673147,-1.2298276 0.22366078 2.0754169,
  -1.249977 0.007580618 2.0831511,-1.2340582 -0.1989986 2.0905334,
  -1.1842351 -0.40010901 2.0979152,-1.1018751 -0.59022986 2.1052971,
  -0.9892355 -0.76414208 2.1126803,-0.84940658 -0.91706513 2.1200651,
  -0.68624348 -1.0447822 2.1274507,-0.50421347 -1.1437958 2.1348368,
  -0.30835008 -1.2113712 2.1422208,-0.10399634 -1.2456664 2.1496033,
  0.10323087 -1.2457301 2.156984,0.30760738 -1.21156 2.164363,
  0.50354356 -1.1440908 2.1717431,0.6856289 -1.0451856 2.1791255,
  0.84885278 -0.91757777 2.1865103,0.98875614 -0.76476224 2.1938973,
  1.1014948 -0.59093932 2.2012835,1.1839739 -0.40088135 2.2086662,
  1.233383 -0.20314133 2.2159255,1.25 0 2.2231854,
  1.1023622 0 2.0288966,1.0749137 0.24448465 2.0388456,
  0.99392928 0.47678336 2.0487945,0.86344311 0.68532379 2.0587434,
  0.68995642 0.85973496 2.0686924,0.48210959 0.99133856 2.0786413,
  0.25025272 1.0735784 2.0885903,0.0059317922 1.1023522 2.0985392,
  -0.23868557 1.0762214 2.1084881,-0.47141618 0.99648575 2.1184371,
  -0.68066864 0.86711844 2.128386,-0.85602117 0.69456644 2.1383349,
  -0.98874086 0.48742688 2.1482839,-1.0722185 0.25601712 2.1582328,
  -1.1022972 0.011860511 2.1681817,-1.0774792 -0.23288661 2.1781307,
  -0.99900037 -0.46603857 2.1880796,-0.87076856 -0.67598551 2.1980285,
  -0.6991695 -0.8522705 2.2079775,-0.4927491 -0.98611068 2.2179264,
  -0.26178805 -1.0708363 2.2278754,-0.017789603 -1.1022253 2.2378243,
  0.22709383 -1.0787156 2.2477732,0.46066651 -1.0014834 2.2577222,
  0.67129694 -0.87438171 2.2676711,0.84849644 -0.70374316 2.27762,
  0.98343996 -0.49805924 2.287569,1.0694044 -0.26755875 2.2975179,
  1.0940922 -0.13478975 2.302971,1.1023622 0 2.3084242] }
 coordIndex [
  1,36,0,-1,37,36,1,-1,2,37,1,-1,38,37,2,-1,3,38,2,-1,39,38,3,-1,4,39,3,-1,40,39,4,-1,
  5,40,4,-1,41,5,6,-1,41,40,5,-1,42,6,7,-1,42,41,6,-1,43,7,8,-1,43,42,7,-1,44,43,8,-1,
  44,8,9,-1,45,44,9,-1,45,9,10,-1,46,45,10,-1,46,10,11,-1,12,46,11,-1,47,46,12,-1,47,12,13,-1,
  48,13,14,-1,48,47,13,-1,49,14,15,-1,49,48,14,-1,50,15,16,-1,50,49,15,-1,17,50,16,-1,51,17,18,-1,
  51,50,17,-1,52,18,19,-1,52,51,18,-1,53,19,20,-1,53,52,19,-1,21,53,20,-1,54,21,22,-1,54,53,21,-1,
  55,22,23,-1,55,54,22,-1,56,23,24,-1,56,55,23,-1,25,56,24,-1,57,25,26,-1,57,56,25,-1,58,26,27,-1,
  58,57,26,-1,59,27,28,-1,59,58,27,-1,29,59,28,-1,60,29,30,-1,60,59,29,-1,61,30,31,-1,61,60,30,-1,
  62,31,32,-1,62,32,33,-1,62,61,31,-1,63,33,34,-1,63,62,33,-1,64,34,35,-1,64,63,34,-1,65,64,35,-1]
  normalPerVertex TRUE
  normal DEF NORM_67 Normal { vector [
  0.49988304 0.021628232 0.86582283,0.49690864 0.056947078 0.86593235,
  0.47462997 0.16189909 0.86516766,0.43024655 0.25985501 0.86450175,
  0.3658509 0.34603039 0.86395376,0.28447534 0.41638066 0.86353976,
  0.18995847 0.46774981 0.86320675,0.086692036 0.49777749 0.86296122,
  -0.018243279 0.50423781 0.86337212,-0.11982765 0.487858 0.86465942,
  -0.21372866 0.45219053 0.86593521,-0.28298727 0.41314892 0.86557852,
  -0.34277053 0.36339614 0.8662861,-0.40874538 0.29029694 0.86524846,
  -0.45802234 0.20495014 0.8649919,-0.48740725 0.11244046 0.86590491,
  -0.49943679 0.035957673 0.8656038,-0.49679342 -0.036224228 0.86711251,
  -0.48272127 -0.12869648 0.86626635,-0.44966598 -0.21603606 0.86667695,
  -0.41446192 -0.28104559 0.86558344,-0.36830588 -0.33580453 0.86694065,
  -0.29989228 -0.39959645 0.86624898,-0.21981064 -0.44756342 0.86681617,
  -0.15329044 -0.47676294 0.86556291,-0.081894723 -0.49190168 0.86679063,
  0.011344023 -0.49948117 0.86625047,0.10386487 -0.4874201 0.86696813,
  0.17299558 -0.46987263 0.86561669,0.23985942 -0.43746698 0.86665455,
  0.31765457 -0.38558 0.86626996,0.38268428 -0.31876705 0.86714492,
  0.42552384 -0.26342703 0.86575728,0.45884726 -0.19602291 0.8666223,
  0.49207538 -0.1158512 0.86280955,0.50133761 -0.069367514 0.86246666,
  0.50035696 0.021332035 0.86555638,0.49022146 0.093317468 0.866588,
  0.45713174 0.19694948 0.86731855,0.40263438 0.29081433 0.86793582,
  0.32937495 0.370447 0.86849362,0.24095441 0.43225271 0.86896408,
  0.14150754 0.47363691 0.86927768,0.035562245 0.4927241 0.86945862,
  -0.070661966 0.48778766 0.87009775,-0.1721023 0.46212716 0.86995361,
  -0.27820315 0.40898053 0.86910179,-0.36615178 0.33128573 0.86958763,
  -0.4257599 0.24677646 0.87053426,-0.46825723 0.15247613 0.87033683,
  -0.49166316 0.038213372 0.86994659,-0.48640538 -0.07488413 0.87051833,
  -0.46006474 -0.17268659 0.87093041,-0.40891178 -0.27481199 0.87021234,
  -0.33500191 -0.36007789 0.87069951,-0.25398056 -0.42091789 0.87081686,
  -0.15095234 -0.46897241 0.87021737,-0.039549262 -0.48996402 0.87084506,
  0.061803566 -0.48797901 0.87066457,0.17184888 -0.46175065 0.8702036,
  0.27263663 -0.40880227 0.87094774,0.35128759 -0.34477579 0.87047498,
  0.42084418 -0.25623748 0.87019109,0.4668558 -0.16816636 0.86819683,
  0.49561902 -0.085499376 0.8643215,0.49892391 -0.065572393 0.86416156] }
}
}
DEF SHAPE_68 Shape {
 appearance USE APP_3
 geometry DEF FACE_68 IndexedFaceSet {
  coord DEF COORD_68 Coordinate { point [
  1.25 0 2.2231854,1.25 0 2.1823264,
  1.25 0 1.9436579,1.2225418 0.2605601 1.9530021,
  1.1413735 0.509673 1.9623461,1.0100473 0.73641328 1.9716858,
  0.83434305 0.93079089 1.9810231,0.6228784 1.0837539 1.9903266,
  0.38526435 1.1891473 1.9995975,0.13097396 1.2431194 2.0088715,
  -0.12897803 1.2433281 2.0181441,-0.36719353 1.194851 2.0268102,
  -0.57755606 1.1085707 2.0349113,-0.76879166 0.98562637 2.0430106,
  -0.93460112 0.83007275 2.0511108,-1.0694975 0.64705114 2.0592129,
  -1.168991 0.44267386 2.0673147,-1.2298276 0.22366078 2.0754169,
  -1.249977 0.007580618 2.0831511,-1.2340582 -0.1989986 2.0905334,
  -1.1842351 -0.40010901 2.0979152,-1.1018751 -0.59022986 2.1052971,
  -0.9892355 -0.76414208 2.1126803,-0.84940658 -0.91706513 2.1200651,
  -0.68624348 -1.0447822 2.1274507,-0.50421347 -1.1437958 2.1348368,
  -0.30835008 -1.2113712 2.1422208,-0.10399634 -1.2456664 2.1496033,
  0.10323087 -1.2457301 2.156984,0.30760738 -1.21156 2.164363,
  0.50354356 -1.1440908 2.1717431,0.6856289 -1.0451856 2.1791255,
  0.84885278 -0.91757777 2.1865103,0.98875614 -0.76476224 2.1938973,
  1.1014948 -0.59093932 2.2012835,1.1839739 -0.40088135 2.2086662,
  1.233383 -0.20314133 2.2159255,1.25 0 1.9027988,
  1.222541 0.26056366 1.9121378,1.1413708 0.50967902 1.9214777,
  1.0100437 0.73641822 1.9308244,0.83433902 0.93079451 1.9401729,
  0.62283979 1.0837761 1.9494822,0.38511487 1.1891958 1.9587513,
  0.13073222 1.2431448 1.9680177,-0.12931955 1.2432926 1.9772859,
  -0.38380021 1.1896207 1.9865588,-0.62169157 1.0844351 1.9958358,
  -0.83264396 0.93231113 2.0051124,-1.0075716 0.73979695 2.0143888,
  -1.1388405 0.51530808 2.0236609,-1.2208132 0.26854256 2.0329311,
  -1.2499587 0.010155151 2.0422019,-1.231403 -0.21481757 2.0502476,
  -1.1827021 -0.40461801 2.0572297,-1.1049368 -0.58447819 2.0642115,
  -1.0000071 -0.74999048 2.0711931,-0.87047593 -0.89709069 2.0781745,
  -0.71955828 -1.0221232 2.0851542,-0.55095026 -1.1220311 2.0921338,
  -0.36878173 -1.1943617 2.0991149,-0.17758868 -1.2373206 2.1060965,
  0.017952954 -1.2498711 2.1130796,0.21306562 -1.2317074 2.1200648,
  0.40293797 -1.1832755 2.1270499,0.58291246 -1.1057636 2.1340336,
  0.74856037 -1.0010781 2.1410144,0.89581727 -0.87178633 2.1479928,
  1.0210546 -0.7210738 2.1549701,1.1212024 -0.55263473 2.1619491,
  1.1937903 -0.37062735 2.1689306,1.2358677 -0.18743304 2.175629] }
 coordIndex [
  71,1,0,-1,71,0,36,-1,70,36,35,-1,70,71,36,-1,69,35,34,-1,69,70,35,-1,68,34,33,-1,68,69,34,-1,
  67,33,32,-1,67,68,33,-1,66,32,31,-1,66,67,32,-1,65,66,31,-1,30,65,31,-1,64,65,30,-1,29,64,30,-1,
  63,64,29,-1,28,63,29,-1,62,63,28,-1,27,62,28,-1,61,62,27,-1,26,61,27,-1,60,61,26,-1,25,60,26,-1,
  59,60,25,-1,24,59,25,-1,58,59,24,-1,23,58,24,-1,57,58,23,-1,22,57,23,-1,56,57,22,-1,21,56,22,-1,
  55,56,21,-1,20,55,21,-1,54,55,20,-1,53,20,19,-1,53,54,20,-1,52,19,18,-1,52,53,19,-1,17,52,18,-1,
  51,52,17,-1,16,51,17,-1,50,51,16,-1,15,50,16,-1,49,50,15,-1,14,49,15,-1,48,49,14,-1,13,48,14,-1,
  47,13,12,-1,47,48,13,-1,46,12,11,-1,46,47,12,-1,45,11,10,-1,45,46,11,-1,9,45,10,-1,44,45,9,-1,
  8,44,9,-1,43,44,8,-1,7,43,8,-1,42,43,7,-1,6,42,7,-1,41,42,6,-1,5,41,6,-1,40,41,5,-1,
  4,40,5,-1,39,40,4,-1,3,39,4,-1,38,39,3,-1,2,38,3,-1,37,38,2,-1]
  normalPerVertex TRUE
  normal DEF NORM_68 Normal { vector [
  0.99675702 -0.079017224 0.015222367,0.99716952 -0.075186029 0,
  0.9944931 0.10480205 -4.6510404e-06,0.97011189 0.24265803 -5.6393594e-06,
  0.89821848 0.43954926 -5.2581848e-06,0.78686065 0.61713071 -4.6475249e-06,
  0.64126791 0.76731705 -3.8124651e-05,0.46805567 0.88369897 -0.00013408091,
  0.27481506 0.96149708 -0.00020714441,0.069978292 0.99754847 -0.00029282268,
  -0.096442385 0.99533857 -5.8205097e-05,-0.25899259 0.96587358 -0.0033281803,
  -0.44116981 0.89742237 0.0015100191,-0.60374141 0.79707935 0.012681637,
  -0.74438621 0.66750548 0.018044481,-0.85795324 0.51342361 0.017675822,
  -0.94022086 0.34037127 0.011495167,-0.98763818 0.15656826 -0.0075637251,
  -0.99994983 0.010015534 0.00018365541,-0.99121603 -0.13220316 -0.0036192894,
  -0.9468619 -0.32144707 0.011149675,-0.87027026 -0.4924356 0.01169863,
  -0.77885596 -0.62693049 0.01848131,-0.66682224 -0.74481793 0.024379419,
  -0.53713955 -0.84298136 0.029385934,-0.39325253 -0.91882076 0.03347908,
  -0.23896331 -0.97033392 0.036723647,-0.078359313 -0.99615845 0.039091733,
  0.084329395 -0.99561278 0.040543106,0.24481239 -0.96869853 0.041110172,
  0.39883317 -0.91611646 0.040776747,0.54232089 -0.83924092 0.039531373,
  0.67147077 -0.74008704 0.037392296,0.78284656 -0.62126422 0.034380555,
  0.87348414 -0.4858978 0.030475868,0.94063077 -0.33849631 0.025179233,
  0.98297466 -0.18265546 0.019944792,0.99449304 0.10480261 0,
  0.98474737 0.17399027 1.8819684e-08,0.92684524 0.3754436 3.134915e-06,
  0.82822489 0.56039587 5.659406e-06,0.69343109 0.72052295 5.2322575e-06,
  0.52855326 0.84890014 4.3423247e-06,0.34106859 0.94003841 3.8214305e-05,
  0.13921174 0.99026263 0.00013433492,-0.10037899 0.99489449 -0.010440878,
  -0.33043407 0.94299666 -0.039631033,-0.51164647 0.85711348 -0.059786082,
  -0.67183286 0.73723086 -0.071632813,-0.80500894 0.58848077 -0.07517299,
  -0.90628578 0.41675077 -0.070461884,-0.97180674 0.22866427 -0.057483166,
  -0.99924962 0.015082055 -0.035675376,-0.98236436 -0.18691694 -0.0047239002,
  -0.94616385 -0.323688 0.00022219606,-0.89627257 -0.44348949 0.003544541,
  -0.81400533 -0.5808511 -0.0027055596,-0.71086455 -0.70328139 -0.0081781044,
  -0.58951531 -0.80765462 -0.012873483,-0.45309465 -0.891304 -0.016805247,
  -0.30512299 -0.95210344 -0.019975148,-0.14938962 -0.98852604 -0.022338685,
  0.010123485 -0.9996615 -0.023966606,0.16933888 -0.98524457 -0.024849272,
  0.32420223 -0.94565899 -0.024939877,0.47076141 -0.88192654 -0.024274975,
  0.60528058 -0.79568423 -0.02284804,0.72433169 -0.68914284 -0.020633963,
  0.82488899 -0.56501895 -0.017656241,0.90438602 -0.42648864 -0.013905601,
  0.96009866 -0.27957268 -0.0070485481,0.99203205 -0.12597554 0.0016047454] }
}
}
DEF SHAPE_69 Shape {
 appearance USE APP_3
 geometry DEF FACE_69 IndexedFaceSet {
  coord DEF COORD_69 Coordinate { point [
  1.1023622 0 2.0288966,1.0749137 0.24448465 2.0388456,
  0.99392928 0.47678336 2.0487945,0.86344311 0.68532379 2.0587434,
  0.68995642 0.85973496 2.0686924,0.48210959 0.99133856 2.0786413,
  0.25025272 1.0735784 2.0885903,0.0059317922 1.1023522 2.0985392,
  -0.23868557 1.0762214 2.1084881,-0.47141618 0.99648575 2.1184371,
  -0.68066864 0.86711844 2.128386,-0.85602117 0.69456644 2.1383349,
  -0.98874086 0.48742688 2.1482839,-1.0722185 0.25601712 2.1582328,
  -1.1022972 0.011860511 2.1681817,-1.0774792 -0.23288661 2.1781307,
  -0.99900037 -0.46603857 2.1880796,-0.87076856 -0.67598551 2.1980285,
  -0.6991695 -0.8522705 2.2079775,-0.4927491 -0.98611068 2.2179264,
  -0.26178805 -1.0708363 2.2278754,-0.017789603 -1.1022253 2.2378243,
  0.22709383 -1.0787156 2.2477732,0.46066651 -1.0014834 2.2577222,
  0.67129694 -0.87438171 2.2676711,0.84849644 -0.70374316 2.27762,
  0.98343996 -0.49805924 2.287569,1.0694044 -0.26755875 2.2975179,
  1.0940922 -0.13478975 2.302971,1.1023622 0 2.3084242,
  1.1023622 0 2.0970876,1.0749137 0.24448465 2.1070366,
  0.99392928 0.47678336 2.1169855,0.86344311 0.68532379 2.1269344,
  0.68995642 0.85973496 2.1368834,0.48210959 0.99133856 2.1468323,
  0.25025272 1.0735784 2.1567812,0.0059317922 1.1023522 2.1667302,
  -0.23868557 1.0762214 2.1766791,-0.47141618 0.99648575 2.186628,
  -0.68066864 0.86711844 2.196577,-0.85602117 0.69456644 2.2065259,
  -0.98874086 0.48742688 2.2164748,-1.0722185 0.25601712 2.2264238,
  -1.1022972 0.011860511 2.2363727,-1.0774792 -0.23288661 2.2463217,
  -0.99900037 -0.46603857 2.2562706,-0.87076856 -0.67598551 2.2662195,
  -0.6991695 -0.8522705 2.2761685,-0.4927491 -0.98611068 2.2861174,
  -0.26178805 -1.0708363 2.2960663,-0.017789603 -1.1022253 2.3060153,
  0.22709383 -1.0787156 2.3159642,0.46066651 -1.0014834 2.3259131,
  0.67129694 -0.87438171 2.3358621,0.84849644 -0.70374316 2.345811,
  0.98343996 -0.49805924 2.3557599,1.0694044 -0.26755875 2.3657089,
  1.0940922 -0.13478975 2.371162,1.1023622 0 2.3766152] }
 coordIndex [
  31,0,1,-1,31,30,0,-1,32,1,2,-1,32,31,1,-1,33,2,3,-1,33,32,2,-1,34,3,4,-1,34,33,3,-1,
  35,4,5,-1,35,34,4,-1,36,5,6,-1,36,35,5,-1,37,6,7,-1,37,36,6,-1,38,7,8,-1,38,37,7,-1,
  39,8,9,-1,39,38,8,-1,40,39,9,-1,40,9,10,-1,41,40,10,-1,41,10,11,-1,42,41,11,-1,42,11,12,-1,
  43,12,13,-1,43,42,12,-1,44,43,13,-1,44,13,14,-1,45,14,15,-1,45,44,14,-1,46,15,16,-1,46,45,15,-1,
  47,16,17,-1,47,46,16,-1,48,17,18,-1,48,47,17,-1,49,18,19,-1,49,48,18,-1,50,19,20,-1,50,49,19,-1,
  51,20,21,-1,51,50,20,-1,52,21,22,-1,52,51,21,-1,53,22,23,-1,53,52,22,-1,54,23,24,-1,54,53,23,-1,
  55,24,25,-1,55,54,24,-1,56,25,26,-1,56,55,25,-1,57,26,27,-1,57,56,26,-1,58,27,28,-1,58,57,27,-1,
  59,28,29,-1,59,58,28,-1]
  normalPerVertex TRUE
  normal DEF NORM_69 Normal { vector [
  0.9937566 0.11156983 0,0.96612333 0.25808081 0,
  0.88481822 0.46593638 0,0.75944507 0.65057143 0,
  0.59627267 0.80278197 0,0.40341961 0.91501509 0,
  0.19046331 0.98169431 0,-0.032002686 0.99948778 0,
  -0.25288656 0.96749594 0,-0.46116807 0.8873128 0,
  -0.64646701 0.76294194 0,-0.79956254 0.60058284 0,
  -0.91284041 0.40831652 0,-0.98066172 0.19571049 0,
  -0.99964488 -0.026647938 0,-0.96884233 -0.24767829 0,
  -0.88979138 -0.4563675 0,-0.76643195 -0.64232551 0,
  -0.60490279 -0.79629933 0,-0.41323751 -0.91062328 0,
  -0.20097684 -0.97959599 0,0.021296708 -0.9997732 0,
  0.2424931 -0.97015313 0,0.45158884 -0.89222616 0,
  0.63818876 -0.76987993 0,0.79302596 -0.60918785 0,
  0.90838832 -0.41812755 0,0.96473578 -0.26322018 0,
  0.99479117 -0.10193393 0,0.9981231 -0.061239434 0,
  0.9937566 0.11156983 0,0.98271298 0.1851356 0,
  0.91717646 0.39848128 0,0.80595108 0.59198215 0,
  0.65460505 0.75597105 0,0.47068028 0.88230384 0,
  0.26331164 0.96471083 0,0.042806185 0.9990834 0,
  -0.17984929 0.98369418 0,-0.39354593 0.91930496 0,
  -0.58762823 0.80913106 0,-0.75243377 0.65866791 0,
  -0.8797658 0.47540734 0,-0.96328859 0.26846806 0,
  -0.99884001 0.04815215 0,-0.98464592 -0.17456352 0,
  -0.92141484 -0.38858036 0,-0.81229996 -0.58323989 0,
  -0.66273374 -0.74885512 0,-0.48015508 -0.87718362 0,
  -0.27364846 -0.96182978 0,-0.053504039 -0.99856763 0,
  0.16929529 -0.98556537 0,0.38363939 -0.92348298 0,
  0.57886312 -0.81542473 0,0.74527087 -0.66676183 0,
  0.87458617 -0.48487013 0,0.94930814 -0.31434702 0,
  0.98979109 -0.14252576 0,0.9981231 -0.061239434 0] }
}
}
DEF SHAPE_70 Shape {
 appearance USE APP_3
 geometry DEF FACE_70 IndexedFaceSet {
  coord DEF COORD_70 Coordinate { point [
  1.1023622 0 2.0970876,1.0749137 0.24448465 2.1070366,
  0.99392928 0.47678336 2.1169855,0.86344311 0.68532379 2.1269344,
  0.68995642 0.85973496 2.1368834,0.48210959 0.99133856 2.1468323,
  0.25025272 1.0735784 2.1567812,0.0059317922 1.1023522 2.1667302,
  -0.23868557 1.0762214 2.1766791,-0.47141618 0.99648575 2.186628,
  -0.68066864 0.86711844 2.196577,-0.85602117 0.69456644 2.2065259,
  -0.98874086 0.48742688 2.2164748,-1.0722185 0.25601712 2.2264238,
  -1.1022972 0.011860511 2.2363727,-1.0774792 -0.23288661 2.2463217,
  -0.99900037 -0.46603857 2.2562706,-0.87076856 -0.67598551 2.2662195,
  -0.6991695 -0.8522705 2.2761685,-0.4927491 -0.98611068 2.2861174,
  -0.26178805 -1.0708363 2.2960663,-0.017789603 -1.1022253 2.3060153,
  0.22709383 -1.0787156 2.3159642,0.46066651 -1.0014834 2.3259131,
  0.67129694 -0.87438171 2.3358621,0.84849644 -0.70374316 2.345811,
  0.98343996 -0.49805924 2.3557599,1.0694044 -0.26755875 2.3657089,
  1.0940922 -0.13478975 2.371162,1.1023622 0 2.3766152,
  1.25 0 2.1823264,1.222541 0.26056366 2.1916654,
  1.1413708 0.50967901 2.2010053,1.0100437 0.73641821 2.210352,
  0.83433904 0.93079449 2.2197005,0.62287279 1.0837571 2.2290084,
  0.38520462 1.1891667 2.2382755,0.13088628 1.2431286 2.2475397,
  -0.12910577 1.2433148 2.2568059,-0.38348678 1.1897218 2.2660747,
  -0.62126255 1.084681 2.2753457,-0.83218283 0.93272275 2.284618,
  -1.0071102 0.74042496 2.2938887,-1.1367327 0.51994108 2.3030073,
  -1.2178372 0.28173146 2.3119775,-1.2495877 0.032103326 2.3209482,
  -1.235681 -0.18865961 2.3288317,-1.1914776 -0.37799617 2.3357594,
  -1.1184472 -0.55818971 2.3426871,-1.0183504 -0.7248878 2.3496142,
  -0.89358543 -0.87407386 2.3565415,-0.74720361 -1.0020912 2.3634671,
  -0.58274032 -1.1058543 2.3703923,-0.40415592 -1.1828601 2.3773188,
  -0.21581777 -1.2312281 2.384246,-0.022277553 -1.2498015 2.3911747,
  0.17179929 -1.2381377 2.398105,0.36172122 -1.196519 2.4050358,
  0.54288555 -1.1259553 2.4119652,0.71091901 -1.0281508 2.418892,
  0.86176514 -0.90546168 2.4258167,0.99175534 -0.7608688 2.4327397,
  1.0977523 -0.59786268 2.4396637,1.1771855 -0.42039775 2.4465902,
  1.2281363 -0.23276844 2.4535191,1.2445221 -0.11689646 2.4576869,
  1.25 0 2.4618539] }
 coordIndex [
  31,0,1,-1,31,30,0,-1,32,1,2,-1,32,31,1,-1,33,2,3,-1,33,32,2,-1,34,3,4,-1,34,33,3,-1,
  35,4,5,-1,35,34,4,-1,36,5,6,-1,36,35,5,-1,37,6,7,-1,37,36,6,-1,38,37,7,-1,38,7,8,-1,
  39,38,8,-1,39,8,9,-1,40,39,9,-1,40,9,10,-1,41,40,10,-1,11,41,10,-1,42,41,11,-1,12,42,11,-1,
  43,42,12,-1,13,43,12,-1,44,43,13,-1,45,13,14,-1,45,44,13,-1,46,14,15,-1,46,45,14,-1,47,15,16,-1,
  47,46,15,-1,48,47,16,-1,49,16,17,-1,49,48,16,-1,50,17,18,-1,50,49,17,-1,51,50,18,-1,19,51,18,-1,
  52,51,19,-1,53,19,20,-1,53,52,19,-1,54,53,20,-1,21,54,20,-1,55,54,21,-1,56,21,22,-1,56,55,21,-1,
  57,22,23,-1,57,56,22,-1,58,57,23,-1,59,23,24,-1,59,58,23,-1,60,24,25,-1,60,59,24,-1,61,60,25,-1,
  26,61,25,-1,62,61,26,-1,63,26,27,-1,63,62,26,-1,64,27,28,-1,64,63,27,-1,65,28,29,-1,65,64,28,-1,
  66,65,29,-1]
  normalPerVertex TRUE
  normal DEF NORM_70 Normal { vector [
  0.4932423 0.086680026 -0.8655626,0.47175134 0.15797641 -0.86746419,
  0.42525429 0.25619223 -0.86805779,0.35881434 0.34188981 -0.86854109,
  0.27563485 0.41100112 -0.86896692,0.17978158 0.46043854 -0.86929566,
  0.075721989 0.48815602 -0.86946529,-0.031815272 0.49290516 -0.86950117,
  -0.13786754 0.47447637 -0.86940481,-0.23753752 0.43372041 -0.86917348,
  -0.32622601 0.3724956 -0.86880586,-0.39982665 0.29357743 -0.86830349,
  -0.45478307 0.20063828 -0.86770769,-0.49060715 0.081608367 -0.86755098,
  -0.49266401 -0.039863934 -0.86930607,-0.47076564 -0.13892966 -0.87125098,
  -0.42768408 -0.24250868 -0.87079037,-0.3628919 -0.33120971 -0.87098197,
  -0.28853578 -0.39838924 -0.87065097,-0.19391762 -0.45190771 -0.87073267,
  -0.08488032 -0.48368326 -0.87111758,0.024955658 -0.49095606 -0.87082683,
  0.135294 -0.47178192 -0.87127341,0.23862029 -0.42980722 -0.87081922,
  0.32823144 -0.36523557 -0.87112978,0.39651974 -0.29195107 -0.87036582,
  0.45023486 -0.19806347 -0.87066608,0.48268108 -0.10645452 -0.86930225,
  0.49748893 -0.029987962 -0.86695184,0.4990165 0.0058650228 -0.86657264,
  0.49825643 0.0834392 -0.86300546,0.48705087 0.12054656 -0.86501443,
  0.45129311 0.22180316 -0.86437138,0.3945528 0.31325272 -0.86382916,
  0.31950462 0.39042854 -0.8634132,0.22966328 0.44972268 -0.86313631,
  0.12926813 0.4884853 -0.86294372,0.022963993 0.50494893 -0.86284369,
  -0.08444092 0.49831046 -0.86287683,-0.18793072 0.46886848 -0.86304368,
  -0.28267195 0.41801685 -0.86334146,-0.36425654 0.34816317 -0.86377056,
  -0.42838665 0.26284492 -0.8645215,-0.47228985 0.16635008 -0.86560381,
  -0.49397404 0.082442438 -0.86555929,-0.50052502 0.0012358489 -0.86572119,
  -0.49040739 -0.094748503 -0.86632749,-0.46266782 -0.18439106 -0.86714383,
  -0.43300491 -0.25068587 -0.86583101,-0.39376482 -0.30356721 -0.8676383,
  -0.33307633 -0.37055541 -0.86703451,-0.25952585 -0.42348987 -0.8679301,
  -0.20507493 -0.45555243 -0.8662657,-0.13418837 -0.47979492 -0.86705843,
  -0.044932407 -0.49537458 -0.86751663,0.022033916 -0.50018866 -0.86563608,
  0.092479442 -0.48928142 -0.86720888,0.1795292 -0.46442269 -0.86722594,
  0.24489855 -0.43668305 -0.86564,0.29957727 -0.39714538 -0.8674843,
  0.36701285 -0.33689801 -0.86706476,0.42045245 -0.26372271 -0.86814173,
  0.45201063 -0.21091926 -0.86671763,0.47839828 -0.13922898 -0.8670354,
  0.49786998 -0.072287676 -0.86423375,0.49999224 -0.0085411885 -0.86598777,
  0.49998616 0.0074403976 -0.86600143] }
}
}
DEF SHAPE_71 Shape {
 appearance USE APP_3
 geometry DEF FACE_71 IndexedFaceSet {
  coord DEF COORD_71 Coordinate { point [
  1.25 0 2.2231854,1.2225418 0.2605601 2.2325297,
  1.1413735 0.509673 2.2418736,1.0100473 0.73641328 2.2512133,
  0.83434305 0.9307909 2.2605506,0.62287633 1.0837551 2.2698542,
  0.38525756 1.1891495 2.2791253,0.13096215 1.2431206 2.2883995,
  -0.12899457 1.2433263 2.2976722,-0.36720942 1.1948461 2.3063383,
  -0.57756715 1.1085649 2.3144393,-0.76879827 0.98562122 2.3225384,
  -0.93460393 0.83006959 2.3306385,-1.0694975 0.64705103 2.3387405,
  -1.1689895 0.44267762 2.3468421,-1.2298261 0.22366882 2.3549442,
  -1.249977 0.0075887803 2.3626783,-1.2340589 -0.19899429 2.3700608,
  -1.1842353 -0.40010847 2.3774427,-1.1018736 -0.59023272 2.3848248,
  -0.98923584 -0.76414164 2.3922078,-0.84941511 -0.91705724 2.3995923,
  -0.68625647 -1.0447737 2.4069777,-0.50424072 -1.1437838 2.4143633,
  -0.30838554 -1.2113622 2.4217471,-0.1040277 -1.2456638 2.4291297,
  0.10320219 -1.2457324 2.4365105,0.30758288 -1.2115662 2.4438896,
  0.50352412 -1.1440994 2.4512699,0.68561232 -1.0451965 2.4586524,
  0.84884129 -0.9175884 2.4660373,0.98874913 -0.76477131 2.4734245,
  1.1014912 -0.59094593 2.4808108,1.1839727 -0.40088478 2.4881936,
  1.2333827 -0.20314312 2.4954529,1.25 0 2.502713,
  1.1023622 0 2.3084242,1.0749137 0.24448465 2.3183731,
  0.99392926 0.47678336 2.3283221,0.86344309 0.68532379 2.338271,
  0.68995639 0.85973496 2.3482199,0.48210956 0.99133856 2.3581689,
  0.2502527 1.0735784 2.3681178,0.0059317626 1.1023522 2.3780667,
  -0.2386856 1.0762214 2.3880157,-0.47141621 0.99648572 2.3979646,
  -0.68066866 0.8671184 2.4079136,-0.85602119 0.6945664 2.4178625,
  -0.98874087 0.48742683 2.4278114,-1.0722185 0.25601706 2.4377604,
  -1.1022971 0.01186045 2.4477093,-1.0774792 -0.23288667 2.4576582,
  -0.99900033 -0.46603863 2.4676072,-0.87076851 -0.67598556 2.4775561,
  -0.69916943 -0.85227054 2.487505,-0.49274902 -0.9861107 2.497454,
  -0.26178796 -1.0708363 2.5074029,-0.017789511 -1.1022252 2.5173519,
  0.22709392 -1.0787156 2.5273008,0.46066659 -1.0014834 2.5372497,
  0.67129701 -0.87438163 2.5471987,0.8484965 -0.70374307 2.5571476,
  0.98343999 -0.49805913 2.5670965,1.0694044 -0.26755863 2.5770455,
  1.0940922 -0.13478969 2.5824986,1.1023621 0 2.5879518] }
 coordIndex [
  1,36,0,-1,37,36,1,-1,2,37,1,-1,38,37,2,-1,3,38,2,-1,39,38,3,-1,4,39,3,-1,40,39,4,-1,
  5,40,4,-1,41,5,6,-1,41,40,5,-1,42,6,7,-1,42,41,6,-1,43,7,8,-1,43,42,7,-1,44,43,8,-1,
  44,8,9,-1,45,44,9,-1,45,9,10,-1,46,45,10,-1,46,10,11,-1,12,46,11,-1,47,46,12,-1,47,12,13,-1,
  48,13,14,-1,48,47,13,-1,49,14,15,-1,49,48,14,-1,50,15,16,-1,50,49,15,-1,17,50,16,-1,51,17,18,-1,
  51,50,17,-1,52,18,19,-1,52,51,18,-1,53,19,20,-1,53,52,19,-1,21,53,20,-1,54,21,22,-1,54,53,21,-1,
  55,22,23,-1,55,54,22,-1,56,23,24,-1,56,55,23,-1,25,56,24,-1,57,25,26,-1,57,56,25,-1,58,26,27,-1,
  58,57,26,-1,59,27,28,-1,59,58,27,-1,29,59,28,-1,60,29,30,-1,60,59,29,-1,61,30,31,-1,61,60,30,-1,
  62,31,32,-1,62,32,33,-1,62,61,31,-1,63,33,34,-1,63,62,33,-1,64,34,35,-1,64,63,34,-1,65,64,35,-1]
  normalPerVertex TRUE
  normal DEF NORM_71 Normal { vector [
  0.49988304 0.021628232 0.86582283,0.49690864 0.056947077 0.86593235,
  0.47462997 0.1618991 0.86516766,0.43024655 0.25985501 0.86450175,
  0.36585069 0.3460307 0.86395372,0.28447459 0.41638147 0.86353962,
  0.18995669 0.46775089 0.86320656,0.086688818 0.4977784 0.86296101,
  -0.018247176 0.50423798 0.86337194,-0.11983144 0.48785716 0.86465936,
  -0.21373177 0.45218917 0.86593515,-0.28298999 0.41314696 0.86557857,
  -0.34277079 0.3633951 0.86628643,-0.40874497 0.29029675 0.86524872,
  -0.45802147 0.20495091 0.86499217,-0.48740649 0.11244186 0.86590516,
  -0.49943672 0.035960178 0.86560374,-0.49679399 -0.036223376 0.86711222,
  -0.48272168 -0.12869651 0.86626612,-0.44966602 -0.21603594 0.86667695,
  -0.41446289 -0.28104424 0.86558341,-0.36830708 -0.33580253 0.86694092,
  -0.29989593 -0.39959253 0.86624952,-0.21981555 -0.44755902 0.86681719,
  -0.15330209 -0.47675908 0.86556297,-0.081902751 -0.49190166 0.86678988,
  0.011336952 -0.4994816 0.86625031,0.1038585 -0.48742099 0.86696839,
  0.17298692 -0.46987536 0.86561693,0.23985586 -0.43746977 0.86665412,
  0.31765179 -0.38558275 0.86626975,0.38268229 -0.31876935 0.86714495,
  0.425522 -0.26342948 0.86575743,0.4588472 -0.19602402 0.86662208,
  0.49207544 -0.11585172 0.86280945,0.50133777 -0.069367754 0.86246655,
  0.50035696 0.021332034 0.86555638,0.49022146 0.093317468 0.866588,
  0.45713174 0.19694948 0.86731856,0.40263438 0.29081433 0.86793582,
  0.3293749 0.37044731 0.8684935,0.24095395 0.43225351 0.86896381,
  0.14150634 0.47363783 0.86927738,0.03556025 0.49272472 0.86945835,
  -0.070664102 0.48778722 0.87009782,-0.17210376 0.46212578 0.86995405,
  -0.27820419 0.40897931 0.86910204,-0.36615186 0.33128557 0.86958765,
  -0.42575957 0.24677658 0.87053438,-0.46825699 0.15247678 0.87033684,
  -0.49166323 0.038214487 0.8699465,-0.48640542 -0.074883941 0.87051833,
  -0.46006478 -0.17268677 0.87093035,-0.40891169 -0.27481092 0.87021273,
  -0.33500275 -0.36007634 0.87069983,-0.25398273 -0.42091675 0.87081678,
  -0.15095757 -0.46897066 0.8702174,-0.039552717 -0.48996307 0.87084544,
  0.061800614 -0.48798043 0.87066399,0.1718452 -0.46175234 0.87020342,
  0.27263485 -0.40880324 0.87094785,0.35128698 -0.3447774 0.87047459,
  0.42084382 -0.25623882 0.87019087,0.46685566 -0.16816662 0.86819686,
  0.49561911 -0.085499471 0.86432143,0.49892391 -0.065572384 0.86416156] }
}
}
DEF SHAPE_72 Shape {
 appearance USE APP_3
 geometry DEF FACE_72 IndexedFaceSet {
  coord DEF COORD_72 Coordinate { point [
  1.25 0 2.502713,1.25 0 2.4618539,
  1.25 0 2.2231854,1.2225418 0.2605601 2.2325297,
  1.1413735 0.509673 2.2418736,1.0100473 0.73641328 2.2512133,
  0.83434305 0.9307909 2.2605506,0.62287633 1.0837551 2.2698542,
  0.38525756 1.1891495 2.2791253,0.13096215 1.2431206 2.2883995,
  -0.12899457 1.2433263 2.2976722,-0.36720942 1.1948461 2.3063383,
  -0.57756715 1.1085649 2.3144393,-0.76879827 0.98562122 2.3225384,
  -0.93460393 0.83006959 2.3306385,-1.0694975 0.64705103 2.3387405,
  -1.1689895 0.44267762 2.3468421,-1.2298261 0.22366882 2.3549442,
  -1.249977 0.0075887803 2.3626783,-1.2340589 -0.19899429 2.3700608,
  -1.1842353 -0.40010847 2.3774427,-1.1018736 -0.59023272 2.3848248,
  -0.98923584 -0.76414164 2.3922078,-0.84941511 -0.91705724 2.3995923,
  -0.68625647 -1.0447737 2.4069777,-0.50424072 -1.1437838 2.4143633,
  -0.30838554 -1.2113622 2.4217471,-0.1040277 -1.2456638 2.4291297,
  0.10320219 -1.2457324 2.4365105,0.30758288 -1.2115662 2.4438896,
  0.50352412 -1.1440994 2.4512699,0.68561232 -1.0451965 2.4586524,
  0.84884129 -0.9175884 2.4660373,0.98874913 -0.76477131 2.4734245,
  1.1014912 -0.59094593 2.4808108,1.1839727 -0.40088478 2.4881936,
  1.2333827 -0.20314312 2.4954529,1.25 0 2.1823264,
  1.222541 0.26056366 2.1916654,1.1413708 0.50967901 2.2010053,
  1.0100437 0.73641821 2.210352,0.83433904 0.93079449 2.2197005,
  0.62287279 1.0837571 2.2290084,0.38520462 1.1891667 2.2382755,
  0.13088628 1.2431286 2.2475397,-0.12910577 1.2433148 2.2568059,
  -0.38348678 1.1897218 2.2660747,-0.62126255 1.084681 2.2753457,
  -0.83218283 0.93272275 2.284618,-1.0071102 0.74042496 2.2938887,
  -1.1367327 0.51994108 2.3030073,-1.2178372 0.28173146 2.3119775,
  -1.2495877 0.032103326 2.3209482,-1.235681 -0.18865961 2.3288317,
  -1.1914776 -0.37799617 2.3357594,-1.1184472 -0.55818971 2.3426871,
  -1.0183504 -0.7248878 2.3496142,-0.89358543 -0.87407386 2.3565415,
  -0.74720361 -1.0020912 2.3634671,-0.58274032 -1.1058543 2.3703923,
  -0.40415592 -1.1828601 2.3773188,-0.21581777 -1.2312281 2.384246,
  -0.022277553 -1.2498015 2.3911747,0.17179929 -1.2381377 2.398105,
  0.36172122 -1.196519 2.4050358,0.54288555 -1.1259553 2.4119652,
  0.71091901 -1.0281508 2.418892,0.86176514 -0.90546168 2.4258167,
  0.99175534 -0.7608688 2.4327397,1.0977523 -0.59786268 2.4396637,
  1.1771855 -0.42039775 2.4465902,1.2281363 -0.23276844 2.4535191,
  1.2445221 -0.11689646 2.4576869] }
 coordIndex [
  72,1,0,-1,36,72,0,-1,71,72,36,-1,35,71,36,-1,70,71,35,-1,34,70,35,-1,69,70,34,-1,33,69,34,-1,
  68,69,33,-1,67,33,32,-1,67,68,33,-1,66,32,31,-1,66,67,32,-1,65,66,31,-1,65,31,30,-1,64,65,30,-1,
  64,30,29,-1,63,64,29,-1,63,29,28,-1,62,63,28,-1,27,62,28,-1,61,62,27,-1,26,61,27,-1,60,61,26,-1,
  25,60,26,-1,59,60,25,-1,24,59,25,-1,58,59,24,-1,23,58,24,-1,57,58,23,-1,22,57,23,-1,56,57,22,-1,
  21,56,22,-1,55,56,21,-1,20,55,21,-1,54,55,20,-1,19,54,20,-1,53,54,19,-1,18,53,19,-1,52,53,18,-1,
  17,52,18,-1,51,52,17,-1,16,51,17,-1,50,51,16,-1,15,50,16,-1,49,50,15,-1,14,49,15,-1,48,49,14,-1,
  13,48,14,-1,47,13,12,-1,47,48,13,-1,46,12,11,-1,46,47,12,-1,45,11,10,-1,45,46,11,-1,9,45,10,-1,
  44,45,9,-1,8,44,9,-1,43,44,8,-1,7,43,8,-1,42,43,7,-1,6,42,7,-1,41,42,6,-1,5,41,6,-1,
  40,41,5,-1,4,40,5,-1,39,40,4,-1,3,39,4,-1,38,39,3,-1,2,38,3,-1,37,38,2,-1]
  normalPerVertex TRUE
  normal DEF NORM_72 Normal { vector [
  0.99547509 -0.070982242 0.063173241,0.99890382 -0.046809896 0,
  0.9944931 0.10480205 -4.6502916e-06,0.97011189 0.24265803 -5.6388563e-06,
  0.89821849 0.43954926 -5.2450146e-06,0.78686066 0.6171307 -4.6262523e-06,
  0.64127495 0.76731118 -3.5523245e-06,0.46807705 0.88368766 -4.7345927e-05,
  0.27485385 0.96148602 -6.4840201e-05,0.070034011 0.9975446 -9.5451578e-05,
  -0.096452331 0.9953376 -1.8834082e-05,-0.25893619 0.96588834 -0.0034307105,
  -0.44107804 0.8974676 0.0014417262,-0.60362036 0.79717182 0.01263139,
  -0.74424986 0.66765552 0.018117553,-0.85735686 0.51427664 0.021418604,
  -0.93896604 0.34341109 0.020288,-0.98666481 0.16265836 0.0059000186,
  -0.999873 -0.014827287 0.005842974,-0.98344792 -0.18055686 0.01514647,
  -0.94118132 -0.33715563 0.022445343,-0.87412045 -0.48486801 0.02857365,
  -0.78403606 -0.61980964 0.033518197,-0.67330594 -0.73842139 0.037322584,
  -0.54484235 -0.83758556 0.039965541,-0.40201785 -0.91469379 0.041435825,
  -0.24857001 -0.96771191 0.041792495,-0.088534168 -0.9952288 0.041004211,
  0.073898327 -0.9965018 0.039028114,0.23446109 -0.97146301 0.035883327,
  0.38890321 -0.92073738 0.031574979,0.53313991 -0.84562513 0.026076453,
  0.66333307 -0.74807227 0.019419273,0.79183506 -0.61060514 0.012593905,
  0.89149025 -0.4528383 0.013513073,0.95267104 -0.30341471 0.018905189,
  0.98583752 -0.15912893 0.05293735,0.99449304 0.10480261 0,
  0.98474737 0.17399027 1.8822515e-08,0.92684524 0.3754436 3.1343937e-06,
  0.82822489 0.56039587 5.6587672e-06,0.6934396 0.72051476 5.217947e-06,
  0.52857802 0.84888473 4.5413557e-06,0.34111979 0.94001983 3.7195597e-06,
  0.13929343 0.99025115 4.7502468e-05,-0.10028216 0.99490544 -0.010327147,
  -0.33025136 0.9430771 -0.039238156,-0.5114279 0.85726968 -0.059415423,
  -0.67158142 0.73748813 -0.071341807,-0.80416076 0.58991564 -0.072972724,
  -0.90478809 0.42073426 -0.0658878,-0.97007056 0.23634001 -0.055735978,
  -0.99769274 0.053746476 -0.041479032,-0.99267707 -0.11973478 -0.015994573,
  -0.9596682 -0.28110205 -0.0043111053,-0.90281642 -0.42991033 -0.0099812569,
  -0.8230565 -0.56776972 -0.014681135,-0.72244797 -0.69118066 -0.018391252,
  -0.60355768 -0.79703997 -0.021104651,-0.46941719 -0.88268065 -0.022855537,
  -0.32344258 -0.94595266 -0.023632022,-0.16932052 -0.98528349 -0.023388311,
  -0.01094604 -0.99969387 -0.022188999,0.14767857 -0.98883251 -0.020032734,
  0.30255254 -0.95298337 -0.016872001,0.44976703 -0.89305501 -0.012742575,
  0.58559656 -0.81056657 -0.0076486388,0.70660413 -0.70760736 -0.0015602468,
  0.79340023 -0.60870027 0.00023778158,0.86504589 -0.5016784 0.003794278,
  0.93374861 -0.35791658 -0.0030414754,0.97392068 -0.22688576 0.0011702528,
  0.99522308 -0.089270102 0.039520384] }
}
}
DEF SHAPE_73 Shape {
 appearance USE APP_3
 geometry DEF FACE_73 IndexedFaceSet {
  coord DEF COORD_73 Coordinate { point [
  1.1023622 0 2.3084242,1.0749137 0.24448465 2.3183731,
  0.99392926 0.47678336 2.3283221,0.86344309 0.68532379 2.338271,
  0.68995639 0.85973496 2.3482199,0.48210956 0.99133856 2.3581689,
  0.2502527 1.0735784 2.3681178,0.0059317626 1.1023522 2.3780667,
  -0.2386856 1.0762214 2.3880157,-0.47141621 0.99648572 2.3979646,
  -0.68066866 0.8671184 2.4079136,-0.85602119 0.6945664 2.4178625,
  -0.98874087 0.48742683 2.4278114,-1.0722185 0.25601706 2.4377604,
  -1.1022971 0.01186045 2.4477093,-1.0774792 -0.23288667 2.4576582,
  -0.99900033 -0.46603863 2.4676072,-0.87076851 -0.67598556 2.4775561,
  -0.69916943 -0.85227054 2.487505,-0.49274902 -0.9861107 2.497454,
  -0.26178796 -1.0708363 2.5074029,-0.017789511 -1.1022252 2.5173519,
  0.22709392 -1.0787156 2.5273008,0.46066659 -1.0014834 2.5372497,
  0.67129701 -0.87438163 2.5471987,0.8484965 -0.70374307 2.5571476,
  0.98343999 -0.49805913 2.5670965,1.0694044 -0.26755863 2.5770455,
  1.0940922 -0.13478969 2.5824986,1.1023621 0 2.5879518,
  1.1023622 0 2.3766152,1.0749137 0.24448465 2.3865641,
  0.99392926 0.47678336 2.396513,0.86344309 0.68532379 2.406462,
  0.68995639 0.85973496 2.4164109,0.48210956 0.99133856 2.4263599,
  0.2502527 1.0735784 2.4363088,0.0059317626 1.1023522 2.4462577,
  -0.2386856 1.0762214 2.4562067,-0.47141621 0.99648572 2.4661556,
  -0.68066866 0.8671184 2.4761045,-0.85602119 0.6945664 2.4860535,
  -0.98874087 0.48742683 2.4960024,-1.0722185 0.25601706 2.5059513,
  -1.1022971 0.01186045 2.5159003,-1.0774792 -0.23288667 2.5258492,
  -0.99900033 -0.46603863 2.5357981,-0.87076851 -0.67598556 2.5457471,
  -0.69916943 -0.85227054 2.555696,-0.49274902 -0.9861107 2.565645,
  -0.26178796 -1.0708363 2.5755939,-0.017789511 -1.1022252 2.5855428,
  0.22709392 -1.0787156 2.5954918,0.46066659 -1.0014834 2.6054407,
  0.67129701 -0.87438163 2.6153896,0.8484965 -0.70374307 2.6253386,
  0.98343999 -0.49805913 2.6352875,1.0694044 -0.26755863 2.6452364,
  1.0940922 -0.13478969 2.6506896,1.1023621 0 2.6561427] }
 coordIndex [
  31,0,1,-1,31,30,0,-1,32,1,2,-1,32,31,1,-1,33,2,3,-1,33,32,2,-1,34,3,4,-1,34,33,3,-1,
  35,4,5,-1,35,34,4,-1,36,5,6,-1,36,35,5,-1,37,6,7,-1,37,36,6,-1,38,7,8,-1,38,37,7,-1,
  39,8,9,-1,39,38,8,-1,40,39,9,-1,40,9,10,-1,41,40,10,-1,41,10,11,-1,42,41,11,-1,42,11,12,-1,
  43,12,13,-1,43,42,12,-1,44,43,13,-1,44,13,14,-1,45,14,15,-1,45,44,14,-1,46,15,16,-1,46,45,15,-1,
  47,16,17,-1,47,46,16,-1,48,17,18,-1,48,47,17,-1,49,18,19,-1,49,48,18,-1,50,19,20,-1,50,49,19,-1,
  51,20,21,-1,51,50,20,-1,52,21,22,-1,52,51,21,-1,53,22,23,-1,53,52,22,-1,54,23,24,-1,54,53,23,-1,
  55,24,25,-1,55,54,24,-1,56,25,26,-1,56,55,25,-1,57,26,27,-1,57,56,26,-1,58,27,28,-1,58,57,27,-1,
  59,28,29,-1,59,58,28,-1]
  normalPerVertex TRUE
  normal DEF NORM_73 Normal { vector [
  0.9937566 0.11156983 0,0.96612333 0.25808081 0,
  0.88481822 0.46593639 0,0.75944506 0.65057144 0,
  0.59627266 0.80278198 0,0.40341959 0.9150151 0,
  0.19046329 0.98169432 0,-0.032002714 0.99948778 0,
  -0.25288659 0.96749593 0,-0.4611681 0.88731279 0,
  -0.64646704 0.76294192 0,-0.79956256 0.60058281 0,
  -0.91284043 0.40831648 0,-0.98066173 0.19571044 0,
  -0.99964488 -0.026647994 0,-0.96884232 -0.24767835 0,
  -0.88979135 -0.45636756 0,-0.76643191 -0.64232556 0,
  -0.60490273 -0.79629937 0,-0.41323744 -0.91062331 0,
  -0.20097676 -0.97959601 0,0.021296791 -0.9997732 0,
  0.24249319 -0.97015311 0,0.45158892 -0.89222612 0,
  0.63818883 -0.76987987 0,0.79302602 -0.60918777 0,
  0.90838837 -0.41812746 0,0.9647358 -0.26322011 0,
  0.99479117 -0.10193389 0,0.99812311 -0.061239416 0,
  0.9937566 0.11156983 0,0.98271298 0.18513561 0,
  0.91717646 0.39848129 0,0.80595107 0.59198216 0,
  0.65460504 0.75597106 0,0.47068027 0.88230385 0,
  0.26331162 0.96471083 0,0.042806159 0.9990834 0,
  -0.17984932 0.98369417 0,-0.39354596 0.91930494 0,
  -0.58762826 0.80913103 0,-0.7524338 0.65866788 0,
  -0.87976582 0.4754073 0,-0.9632886 0.26846801 0,
  -0.99884002 0.048152096 0,-0.9846459 -0.17456358 0,
  -0.92141482 -0.38858041 0,-0.81229992 -0.58323995 0,
  -0.66273368 -0.74885517 0,-0.48015502 -0.87718365 0,
  -0.27364838 -0.9618298 0,-0.053503957 -0.99856764 0,
  0.16929537 -0.98556536 0,0.38363947 -0.92348295 0,
  0.5788632 -0.81542467 0,0.74527093 -0.66676175 0,
  0.87458622 -0.48487003 0,0.94930817 -0.31434693 0,
  0.9897911 -0.1425257 0,0.99812311 -0.061239416 0] }
}
}
DEF SHAPE_74 Shape {
 appearance USE APP_3
 geometry DEF FACE_74 IndexedFaceSet {
  coord DEF COORD_74 Coordinate { point [
  1.1023622 0 2.3766152,1.0749137 0.24448465 2.3865641,
  0.99392926 0.47678336 2.396513,0.86344309 0.68532379 2.406462,
  0.68995639 0.85973496 2.4164109,0.48210956 0.99133856 2.4263599,
  0.2502527 1.0735784 2.4363088,0.0059317626 1.1023522 2.4462577,
  -0.2386856 1.0762214 2.4562067,-0.47141621 0.99648572 2.4661556,
  -0.68066866 0.8671184 2.4761045,-0.85602119 0.6945664 2.4860535,
  -0.98874087 0.48742683 2.4960024,-1.0722185 0.25601706 2.5059513,
  -1.1022971 0.01186045 2.5159003,-1.0774792 -0.23288667 2.5258492,
  -0.99900033 -0.46603863 2.5357981,-0.87076851 -0.67598556 2.5457471,
  -0.69916943 -0.85227054 2.555696,-0.49274902 -0.9861107 2.565645,
  -0.26178796 -1.0708363 2.5755939,-0.017789511 -1.1022252 2.5855428,
  0.22709392 -1.0787156 2.5954918,0.46066659 -1.0014834 2.6054407,
  0.67129701 -0.87438163 2.6153896,0.8484965 -0.70374307 2.6253386,
  0.98343999 -0.49805913 2.6352875,1.0694044 -0.26755863 2.6452364,
  1.0940922 -0.13478969 2.6506896,1.1023621 0 2.6561427,
  1.25 0 2.4618539,1.222541 0.26056366 2.4711929,
  1.1413708 0.50967901 2.4805329,1.0100437 0.73641821 2.4898796,
  0.83433903 0.93079449 2.499228,0.62287073 1.0837583 2.5085361,
  0.38519786 1.1891689 2.5178034,0.1308745 1.2431299 2.5270677,
  -0.12912226 1.2433131 2.536334,-0.38350707 1.1897152 2.545603,
  -0.62128515 1.084668 2.5548742,-0.83220579 0.93270226 2.5641466,
  -1.0071312 0.74039636 2.5734175,-1.136754 0.51989453 2.5825367,
  -1.2178546 0.28165599 2.5915078,-1.2495903 0.031999622 2.6004795,
  -1.2356595 -0.18880074 2.6083643,-1.1914198 -0.37817829 2.6152938,
  -1.1183403 -0.55840388 2.6222232,-1.0181836 -0.72512218 2.629152,
  -0.89335015 -0.87431434 2.6360811,-0.74689486 -1.0023213 2.6430084,
  -0.58235672 -1.1060564 2.6499353,-0.40369961 -1.1830159 2.6568635,
  -0.21529162 -1.2313202 2.6637926,-0.021660853 -1.2498123 2.6707242,
  0.1724851 -1.2380424 2.6776572,0.36245078 -1.1962982 2.6845905,
  0.54365442 -1.1255842 2.6915231,0.71167497 -1.0276277 2.6984523,
  0.86246621 -0.90479392 2.7053787,0.99237393 -0.76006183 2.7123034,
  1.0982618 -0.59692624 2.7192292,1.1775597 -0.41934846 2.7261575,
  1.2283523 -0.23162619 2.733088,1.2445763 -0.11631773 2.7372352,
  1.25 0 2.7413815] }
 coordIndex [
  31,0,1,-1,31,30,0,-1,32,1,2,-1,32,31,1,-1,33,2,3,-1,33,32,2,-1,34,3,4,-1,34,33,3,-1,
  35,4,5,-1,35,34,4,-1,36,5,6,-1,36,35,5,-1,37,6,7,-1,37,36,6,-1,38,37,7,-1,38,7,8,-1,
  39,38,8,-1,39,8,9,-1,40,39,9,-1,40,9,10,-1,41,40,10,-1,11,41,10,-1,42,41,11,-1,12,42,11,-1,
  43,42,12,-1,13,43,12,-1,44,43,13,-1,45,13,14,-1,45,44,13,-1,46,14,15,-1,46,45,14,-1,47,15,16,-1,
  47,46,15,-1,48,47,16,-1,49,16,17,-1,49,48,16,-1,50,17,18,-1,50,49,17,-1,51,50,18,-1,19,51,18,-1,
  52,51,19,-1,53,19,20,-1,53,52,19,-1,54,53,20,-1,21,54,20,-1,55,54,21,-1,56,21,22,-1,56,55,21,-1,
  57,22,23,-1,57,56,22,-1,58,57,23,-1,59,23,24,-1,59,58,23,-1,60,24,25,-1,60,59,24,-1,61,60,25,-1,
  26,61,25,-1,62,61,26,-1,63,26,27,-1,63,62,26,-1,64,27,28,-1,64,63,27,-1,65,28,29,-1,65,64,28,-1,
  66,65,29,-1]
  normalPerVertex TRUE
  normal DEF NORM_74 Normal { vector [
  0.4932423 0.086680026 -0.8655626,0.47175134 0.15797641 -0.86746419,
  0.42525428 0.25619223 -0.86805779,0.35881434 0.34188981 -0.86854109,
  0.2756348 0.4110014 -0.86896681,0.17978111 0.46043918 -0.86929541,
  0.075720775 0.48815663 -0.86946505,-0.03181721 0.49290532 -0.86950101,
  -0.13787001 0.47447569 -0.86940478,-0.23754018 0.43371857 -0.86917367,
  -0.32622838 0.37249242 -0.86880633,-0.39982818 0.2935729 -0.86830431,
  -0.45478334 0.20063234 -0.86770892,-0.49061277 0.08159379 -0.86754917,
  -0.49267177 -0.039880243 -0.86930092,-0.47076287 -0.13894826 -0.8712495,
  -0.42766823 -0.24254764 -0.8707873,-0.36287627 -0.33124244 -0.87097604,
  -0.28849415 -0.39840111 -0.87065934,-0.1938489 -0.45193657 -0.87073299,
  -0.084822306 -0.48368339 -0.87112316,0.025061497 -0.49095516 -0.8708243,
  0.13537241 -0.47176103 -0.87127254,0.23875248 -0.4297447 -0.87081384,
  0.32832318 -0.36518177 -0.87111776,0.39654627 -0.29182845 -0.87039486,
  0.45030017 -0.19789013 -0.87067173,0.48273712 -0.10631215 -0.86928856,
  0.49746309 -0.029864579 -0.86697092,0.49898237 0.0059174882 -0.86659193,
  0.49825643 0.083439199 -0.86300546,0.48705087 0.12054656 -0.86501443,
  0.45129311 0.22180316 -0.86437138,0.3945528 0.31325272 -0.86382916,
  0.3195044 0.39042882 -0.86341315,0.22966252 0.44972341 -0.86313613,
  0.12926635 0.48848622 -0.86294347,0.022960801 0.50494958 -0.86284339,
  -0.08444544 0.49831039 -0.86287643,-0.18793638 0.46886726 -0.86304311,
  -0.28267846 0.4180141 -0.86334066,-0.36426351 0.34815858 -0.86376947,
  -0.42839499 0.26283769 -0.86451957,-0.47229992 0.16633892 -0.86560046,
  -0.49397929 0.082411815 -0.86555922,-0.5005224 0.0012054025 -0.86572275,
  -0.49040226 -0.094785797 -0.86632631,-0.46265783 -0.18443573 -0.86713966,
  -0.43294794 -0.25076461 -0.8658367,-0.39371779 -0.30362228 -0.86764037,
  -0.33301991 -0.37061434 -0.867031,-0.25945815 -0.42355136 -0.86792034,
  -0.20493063 -0.45564854 -0.8662493,-0.13407503 -0.47982899 -0.86705711,
  -0.044804967 -0.49540612 -0.86750521,0.022278951 -0.50019073 -0.8656286,
  0.092645913 -0.48924673 -0.86721068,0.17970896 -0.46437486 -0.86721432,
  0.24518409 -0.43650033 -0.86565133,0.29974718 -0.39699628 -0.86749385,
  0.36717994 -0.33673291 -0.86705815,0.42061564 -0.26354089 -0.86811789,
  0.45226782 -0.21057803 -0.86666644,0.47847644 -0.13896859 -0.86703404,
  0.49793734 -0.072052392 -0.86421459,0.49997934 -0.008369158 -0.86599689,
  0.49998572 0.0075564234 -0.86600068] }
}
}
DEF SHAPE_75 Shape {
 appearance USE APP_3
 geometry DEF FACE_75 IndexedFaceSet {
  coord DEF COORD_75 Coordinate { point [
  1.25 0 2.502713,1.2225418 0.26056009 2.5120572,
  1.1413735 0.50967302 2.5214012,1.0100474 0.73641309 2.5307409,
  0.83434334 0.93079063 2.5400782,0.62355122 1.0833669 2.5493541,
  0.38746934 1.1884307 2.55857,0.13481331 1.2427089 2.5677891,
  -0.12360169 1.243874 2.5770068,-0.3595172 1.1971831 2.5855798,
  -0.56727473 1.1138669 2.5935549,-0.75682419 0.99484526 2.6015283,
  -0.9221127 0.84392429 2.6095023,-1.0578431 0.66593386 2.6174783,
  -1.1596322 0.46664037 2.6254539,-1.2242536 0.25239455 2.6334301,
  -1.2496386 0.030057334 2.6414061,-1.2358762 -0.18737671 2.6491699,
  -1.1864018 -0.39363777 2.6567274,-1.1027641 -0.58856717 2.6642851,
  -0.98736887 -0.76655248 2.6718439,-0.84353658 -0.92246736 2.6794043,
  -0.67541512 -1.0518148 2.6869655,-0.48783873 -1.150875 2.694527,
  -0.28623605 -1.2167863 2.7020863,-0.076385179 -1.2476639 2.7096434,
  0.13568938 -1.2426135 2.717199,0.34384606 -1.2017778 2.7247533,
  0.54210853 -1.1263296 2.732309,0.72474898 -1.0184493 2.7398674,
  0.88651952 -0.88123955 2.7474294,1.0227565 -0.71865782 2.7549928,
  1.1295453 -0.53537591 2.7625547,1.203802 -0.33669083 2.770112,
  1.2383966 -0.16992297 2.7761757,1.25 0 2.7822405,
  1.1023621 0 2.5879518,1.0749137 0.24448462 2.5979007,
  0.99392928 0.4767833 2.6078496,0.86344313 0.68532372 2.6177986,
  0.68995647 0.85973488 2.6277475,0.48210968 0.99133849 2.6376964,
  0.25025285 1.0735784 2.6476454,0.0059319542 1.1023522 2.6575943,
  -0.23868539 1.0762214 2.6675432,-0.47141598 0.99648582 2.6774922,
  -0.68066844 0.86711856 2.6874411,-0.85602099 0.69456662 2.69739,
  -0.98874072 0.48742712 2.707339,-1.0722184 0.2560174 2.7172879,
  -1.1022971 0.011860832 2.7272368,-1.0774792 -0.23288626 2.7371858,
  -0.9990005 -0.46603823 2.7471347,-0.87076878 -0.67598519 2.7570836,
  -0.6991698 -0.85227022 2.7670326,-0.49274948 -0.98611046 2.7769815,
  -0.26178849 -1.0708361 2.7869305,-0.017790083 -1.1022252 2.7968794,
  0.22709333 -1.0787157 2.8068283,0.46066602 -1.0014836 2.8167773,
  0.67129649 -0.87438202 2.8267262,0.84849606 -0.70374358 2.8366751,
  0.98343966 -0.49805975 2.8466241,1.0694042 -0.26755934 2.856573,
  1.0940921 -0.13479005 2.8620262,1.1023621 0 2.8674793] }
 coordIndex [
  1,36,0,-1,37,36,1,-1,2,37,1,-1,38,37,2,-1,3,38,2,-1,39,38,3,-1,4,39,3,-1,40,39,4,-1,
  5,40,4,-1,41,5,6,-1,41,40,5,-1,42,6,7,-1,42,41,6,-1,43,7,8,-1,43,42,7,-1,44,43,8,-1,
  44,8,9,-1,45,44,9,-1,45,9,10,-1,46,45,10,-1,46,10,11,-1,12,46,11,-1,47,46,12,-1,47,12,13,-1,
  48,13,14,-1,48,47,13,-1,49,14,15,-1,49,48,14,-1,50,15,16,-1,50,49,15,-1,17,50,16,-1,51,17,18,-1,
  51,50,17,-1,52,18,19,-1,52,51,18,-1,53,19,20,-1,53,52,19,-1,21,53,20,-1,54,21,22,-1,54,53,21,-1,
  55,22,23,-1,55,54,22,-1,56,23,24,-1,56,55,23,-1,25,56,24,-1,57,25,26,-1,57,56,25,-1,58,26,27,-1,
  58,57,26,-1,59,27,28,-1,59,58,27,-1,29,59,28,-1,60,29,30,-1,60,59,29,-1,61,30,31,-1,61,60,30,-1,
  62,31,32,-1,62,61,31,-1,33,62,32,-1,63,33,34,-1,63,62,33,-1,64,34,35,-1,64,63,34,-1,65,64,35,-1]
  normalPerVertex TRUE
  normal DEF NORM_75 Normal { vector [
  0.49988304 0.021628219 0.86582283,0.49690864 0.056947072 0.86593235,
  0.47462998 0.16189905 0.86516766,0.43024657 0.25985495 0.86450176,
  0.36591765 0.34593107 0.86396526,0.28471757 0.41611964 0.86358575,
  0.19053355 0.46739907 0.86326999,0.087733715 0.49747584 0.86302989,
  -0.016612913 0.50404927 0.86351511,-0.1175441 0.48788797 0.8649559,
  -0.21071291 0.45268767 0.86641442,-0.27795246 0.41650387 0.86560208,
  -0.33950141 0.36706601 0.86602617,-0.40533906 0.29498538 0.86526521,
  -0.45464359 0.21077138 0.86537543,-0.48518871 0.11842251 0.86635329,
  -0.49878388 0.044162741 0.86560054,-0.49826582 -0.033002564 0.86639599,
  -0.48368205 -0.12724242 0.86594517,-0.45030918 -0.21571242 0.86642356,
  -0.413744 -0.28202005 0.86560996,-0.36696925 -0.33754805 0.86683037,
  -0.29752047 -0.40195294 0.86597656,-0.21622933 -0.45035543 0.86627066,
  -0.14450867 -0.47909497 0.86578592,-0.074832445 -0.49252089 0.86707743,
  0.019612916 -0.49959399 0.86603763,0.11339151 -0.48676514 0.86614206,
  0.18848328 -0.46301505 0.86607801,0.24967542 -0.43054685 0.86734745,
  0.32790129 -0.37723375 0.86612669,0.39325537 -0.30872649 0.86604744,
  0.43693072 -0.24139551 0.86649856,0.4608974 -0.18489341 0.86797927,
  0.49069033 -0.10641294 0.8648117,0.49868351 -0.065195395 0.86432882,
  0.50035697 0.021332019 0.86555638,0.49022147 0.093317461 0.866588,
  0.45713174 0.19694944 0.86731856,0.40263441 0.29081426 0.86793583,
  0.3293903 0.37034549 0.86853109,0.24110236 0.43199554 0.86905092,
  0.14189612 0.4733426 0.86937465,0.036205159 0.49252964 0.86954226,
  -0.069787912 0.48783128 0.87014383,-0.17115965 0.46279837 0.86978276,
  -0.27560645 0.41030893 0.86930298,-0.36355114 0.33258719 0.87018178,
  -0.42402423 0.2492467 0.87067763,-0.46804899 0.15586952 0.86984759,
  -0.49219962 0.041981003 0.86946945,-0.48638927 -0.073844159 0.87061617,
  -0.46049947 -0.17227352 0.87078245,-0.40894525 -0.27558014 0.86995366,
  -0.33436255 -0.3614018 0.87039671,-0.25240144 -0.4217026 0.87089634,
  -0.14709022 -0.47070921 0.86994098,-0.035894439 -0.49152327 0.8701244,
  0.065757153 -0.48694607 0.87095323,0.17931634 -0.45946783 0.86990514,
  0.27888934 -0.40704692 0.86978937,0.35510065 -0.33961511 0.87095643,
  0.42715085 -0.24672957 0.86986589,0.47117745 -0.16412053 0.86663502,
  0.49450086 -0.083874138 0.86512082,0.49892391 -0.065572463 0.86416155] }
}
}
DEF SHAPE_76 Shape {
 appearance USE APP_3
 geometry DEF FACE_76 IndexedFaceSet {
  coord DEF COORD_76 Coordinate { point [
  1.25 0 2.7822405,1.25 0 2.7413815,
  1.25 0 2.502713,1.2225418 0.26056009 2.5120572,
  1.1413735 0.50967302 2.5214012,1.0100474 0.73641309 2.5307409,
  0.83434334 0.93079063 2.5400782,0.62355122 1.0833669 2.5493541,
  0.38746934 1.1884307 2.55857,0.13481331 1.2427089 2.5677891,
  -0.12360169 1.243874 2.5770068,-0.3595172 1.1971831 2.5855798,
  -0.56727473 1.1138669 2.5935549,-0.75682419 0.99484526 2.6015283,
  -0.9221127 0.84392429 2.6095023,-1.0578431 0.66593386 2.6174783,
  -1.1596322 0.46664037 2.6254539,-1.2242536 0.25239455 2.6334301,
  -1.2496386 0.030057334 2.6414061,-1.2358762 -0.18737671 2.6491699,
  -1.1864018 -0.39363777 2.6567274,-1.1027641 -0.58856717 2.6642851,
  -0.98736887 -0.76655248 2.6718439,-0.84353658 -0.92246736 2.6794043,
  -0.67541512 -1.0518148 2.6869655,-0.48783873 -1.150875 2.694527,
  -0.28623605 -1.2167863 2.7020863,-0.076385179 -1.2476639 2.7096434,
  0.13568938 -1.2426135 2.717199,0.34384606 -1.2017778 2.7247533,
  0.54210853 -1.1263296 2.732309,0.72474898 -1.0184493 2.7398674,
  0.88651952 -0.88123955 2.7474294,1.0227565 -0.71865782 2.7549928,
  1.1295453 -0.53537591 2.7625547,1.203802 -0.33669083 2.770112,
  1.2383966 -0.16992297 2.7761757,1.25 0 2.4618539,
  1.222541 0.26056366 2.4711929,1.1413708 0.50967901 2.4805329,
  1.0100437 0.73641821 2.4898796,0.83433903 0.93079449 2.499228,
  0.62287073 1.0837583 2.5085361,0.38519786 1.1891689 2.5178034,
  0.1308745 1.2431299 2.5270677,-0.12912226 1.2433131 2.536334,
  -0.38350707 1.1897152 2.545603,-0.62128515 1.084668 2.5548742,
  -0.83220579 0.93270226 2.5641466,-1.0071312 0.74039636 2.5734175,
  -1.136754 0.51989453 2.5825367,-1.2178546 0.28165599 2.5915078,
  -1.2495903 0.031999622 2.6004795,-1.2356595 -0.18880074 2.6083643,
  -1.1914198 -0.37817829 2.6152938,-1.1183403 -0.55840388 2.6222232,
  -1.0181836 -0.72512218 2.629152,-0.89335015 -0.87431434 2.6360811,
  -0.74689486 -1.0023213 2.6430084,-0.58235672 -1.1060564 2.6499353,
  -0.40369961 -1.1830159 2.6568635,-0.21529162 -1.2313202 2.6637926,
  -0.021660853 -1.2498123 2.6707242,0.1724851 -1.2380424 2.6776572,
  0.36245078 -1.1962982 2.6845905,0.54365442 -1.1255842 2.6915231,
  0.71167497 -1.0276277 2.6984523,0.86246621 -0.90479392 2.7053787,
  0.99237393 -0.76006183 2.7123034,1.0982618 -0.59692624 2.7192292,
  1.1775597 -0.41934846 2.7261575,1.2283523 -0.23162619 2.733088,
  1.2445763 -0.11631773 2.7372352] }
 coordIndex [
  72,1,0,-1,72,0,36,-1,71,72,36,-1,35,71,36,-1,70,71,35,-1,34,70,35,-1,69,70,34,-1,33,69,34,-1,
  68,69,33,-1,32,68,33,-1,67,68,32,-1,31,67,32,-1,66,67,31,-1,30,66,31,-1,65,66,30,-1,64,65,30,-1,
  64,30,29,-1,63,64,29,-1,63,29,28,-1,62,63,28,-1,62,28,27,-1,61,62,27,-1,61,27,26,-1,60,61,26,-1,
  25,60,26,-1,59,60,25,-1,24,59,25,-1,58,59,24,-1,23,58,24,-1,57,58,23,-1,22,57,23,-1,56,57,22,-1,
  21,56,22,-1,55,56,21,-1,20,55,21,-1,54,55,20,-1,19,54,20,-1,53,54,19,-1,18,53,19,-1,52,53,18,-1,
  17,52,18,-1,51,52,17,-1,16,51,17,-1,50,51,16,-1,15,50,16,-1,49,50,15,-1,14,49,15,-1,48,49,14,-1,
  13,48,14,-1,47,13,12,-1,47,48,13,-1,46,12,11,-1,46,47,12,-1,45,11,10,-1,45,46,11,-1,9,45,10,-1,
  44,45,9,-1,8,44,9,-1,43,44,8,-1,7,43,8,-1,42,43,7,-1,6,42,7,-1,41,42,6,-1,5,41,6,-1,
  40,41,5,-1,4,40,5,-1,39,40,4,-1,3,39,4,-1,38,39,3,-1,2,38,3,-1,37,38,2,-1]
  normalPerVertex TRUE
  normal DEF NORM_76 Normal { vector [
  0.99749178 -0.060638471 0.036512096,0.99891467 -0.046577647 0,
  0.9944931 0.10480205 -4.6671431e-06,0.97011189 0.24265804 -5.623454e-06,
  0.89821851 0.43954922 -5.4387856e-06,0.7868607 0.61713065 -4.9592952e-06,
  0.64138915 0.76721542 -0.00066988653,0.46846869 0.88347775 -0.0020350615,
  0.27579428 0.96121075 -0.0033762411,0.07178242 0.997409 -0.004750888,
  -0.09175339 0.99578094 -0.001279888,-0.25442264 0.96709212 -0.0013977158,
  -0.43558326 0.900145 0.0024906731,-0.59743173 0.80182947 0.012034926,
  -0.73802248 0.67461473 0.014757834,-0.85176974 0.52371931 0.014366621,
  -0.93471813 0.35528184 0.0087653716,-0.98464316 0.17453601 -0.0038768206,
  -0.99999328 -0.0035293624 -0.00098759033,-0.98498953 -0.17230028 0.010403753,
  -0.94251907 -0.33341782 0.022143791,-0.87468175 -0.48367684 0.031441023,
  -0.78304037 -0.62078213 0.038435924,-0.670102 -0.74101243 0.043172758,
  -0.53892415 -0.84111718 0.045636045,-0.39304468 -0.91837732 0.045814559,
  -0.2363799 -0.97067509 0.043754108,-0.073152714 -0.99654085 0.039433691,
  0.092221171 -0.99519668 0.032845308,0.25523846 -0.96658126 0.023958145,
  0.43363962 -0.90091398 0.017625907,0.59561777 -0.80296718 0.021981354,
  0.71931604 -0.69397687 0.031313681,0.82344034 -0.56610483 0.038357876,
  0.90517619 -0.42284314 0.043124733,0.96014202 -0.27812132 0.027853909,
  0.98964736 -0.13807799 0.039148164,0.99449304 0.10480261 0,
  0.98474737 0.17399027 1.7766558e-08,0.92684524 0.3754436 3.1463351e-06,
  0.8282249 0.56039586 5.6473662e-06,0.69343912 0.72051522 5.4155293e-06,
  0.52860583 0.84886741 3.7928986e-06,0.3413976 0.93991872 0.00069789024,
  0.14003867 0.99014381 0.002100203,-0.098065813 0.99509732 -0.012822369,
  -0.3279433 0.94350799 -0.047390593,-0.50851608 0.85845582 -0.066820699,
  -0.66841125 0.73990096 -0.075979987,-0.80122731 0.59386535 -0.073203427,
  -0.90257325 0.42628132 -0.060380099,-0.96898257 0.24331789 -0.043234125,
  -0.9978374 0.061368161 -0.023547398,-0.9934877 -0.11392711 -0.0016769818,
  -0.96054542 -0.27810983 0.0027238991,-0.90351338 -0.42852386 -0.0055571218,
  -0.82309313 -0.56777875 -0.012041305,-0.7214341 -0.69228144 -0.016710675,
  -0.60120067 -0.79885866 -0.019560289,-0.46552542 -0.88479428 -0.020619749,
  -0.31792663 -0.94790669 -0.019888881,-0.16219164 -0.9866069 -0.017340715,
  -0.0023317418 -0.99991296 -0.012985811,0.15754904 -0.98748747 -0.0068402541,
  0.31332661 -0.94964477 0.0011128059,0.43491444 -0.90047178 2.8243782e-05,
  0.54809278 -0.83641262 0.002867435,0.67511252 -0.73769472 -0.0054388472,
  0.7845827 -0.61990923 -0.011939124,0.87370926 -0.48616435 -0.016624017,
  0.94024321 -0.33994417 -0.019510607,0.97733269 -0.21059884 -0.021654934,
  0.99640547 -0.083098702 0.0164546] }
}
}
DEF SHAPE_77 Shape {
 appearance USE APP_3
 geometry DEF FACE_77 IndexedFaceSet {
  coord DEF COORD_77 Coordinate { point [
  1.1023621 0 2.5879518,1.0749137 0.24448462 2.5979007,
  0.99392928 0.4767833 2.6078496,0.86344313 0.68532372 2.6177986,
  0.68995647 0.85973488 2.6277475,0.48210968 0.99133849 2.6376964,
  0.25025285 1.0735784 2.6476454,0.0059319542 1.1023522 2.6575943,
  -0.23868539 1.0762214 2.6675432,-0.47141598 0.99648582 2.6774922,
  -0.68066844 0.86711856 2.6874411,-0.85602099 0.69456662 2.69739,
  -0.98874072 0.48742712 2.707339,-1.0722184 0.2560174 2.7172879,
  -1.1022971 0.011860832 2.7272368,-1.0774792 -0.23288626 2.7371858,
  -0.9990005 -0.46603823 2.7471347,-0.87076878 -0.67598519 2.7570836,
  -0.6991698 -0.85227022 2.7670326,-0.49274948 -0.98611046 2.7769815,
  -0.26178849 -1.0708361 2.7869305,-0.017790083 -1.1022252 2.7968794,
  0.22709333 -1.0787157 2.8068283,0.46066602 -1.0014836 2.8167773,
  0.67129649 -0.87438202 2.8267262,0.84849606 -0.70374358 2.8366751,
  0.98343966 -0.49805975 2.8466241,1.0694042 -0.26755934 2.856573,
  1.0940921 -0.13479005 2.8620262,1.1023621 0 2.8674793,
  1.1023621 0 2.6561427,1.0749137 0.24448462 2.6660917,
  0.99392928 0.4767833 2.6760406,0.86344313 0.68532372 2.6859895,
  0.68995647 0.85973488 2.6959385,0.48210968 0.99133849 2.7058874,
  0.25025285 1.0735784 2.7158363,0.0059319542 1.1023522 2.7257853,
  -0.23868539 1.0762214 2.7357342,-0.47141598 0.99648582 2.7456831,
  -0.68066844 0.86711856 2.7556321,-0.85602099 0.69456662 2.765581,
  -0.98874072 0.48742712 2.77553,-1.0722184 0.2560174 2.7854789,
  -1.1022971 0.011860832 2.7954278,-1.0774792 -0.23288626 2.8053768,
  -0.9990005 -0.46603823 2.8153257,-0.87076878 -0.67598519 2.8252746,
  -0.6991698 -0.85227022 2.8352236,-0.49274948 -0.98611046 2.8451725,
  -0.26178849 -1.0708361 2.8551214,-0.017790083 -1.1022252 2.8650704,
  0.22709333 -1.0787157 2.8750193,0.46066602 -1.0014836 2.8849682,
  0.67129649 -0.87438202 2.8949172,0.84849606 -0.70374358 2.9048661,
  0.98343966 -0.49805975 2.914815,1.0694042 -0.26755934 2.924764,
  1.0940921 -0.13479005 2.9302171,1.1023621 0 2.9356703] }
 coordIndex [
  31,0,1,-1,31,30,0,-1,32,1,2,-1,32,31,1,-1,33,2,3,-1,33,32,2,-1,34,3,4,-1,34,33,3,-1,
  35,4,5,-1,35,34,4,-1,36,5,6,-1,36,35,5,-1,37,6,7,-1,37,36,6,-1,38,7,8,-1,38,37,7,-1,
  39,8,9,-1,39,38,8,-1,40,39,9,-1,40,9,10,-1,41,40,10,-1,41,10,11,-1,42,41,11,-1,42,11,12,-1,
  43,12,13,-1,43,42,12,-1,44,43,13,-1,44,13,14,-1,45,14,15,-1,45,44,14,-1,46,15,16,-1,46,45,15,-1,
  47,16,17,-1,47,46,16,-1,48,17,18,-1,48,47,17,-1,49,18,19,-1,49,48,18,-1,50,19,20,-1,50,49,19,-1,
  51,20,21,-1,51,50,20,-1,52,21,22,-1,52,51,21,-1,53,22,23,-1,53,52,22,-1,54,23,24,-1,54,53,23,-1,
  55,24,25,-1,55,54,24,-1,56,25,26,-1,56,55,25,-1,57,26,27,-1,57,56,26,-1,58,27,28,-1,58,57,27,-1,
  59,28,29,-1,59,58,28,-1]
  normalPerVertex TRUE
  normal DEF NORM_77 Normal { vector [
  0.9937566 0.1115698 0,0.96612334 0.25808077 0,
  0.88481824 0.46593634 0,0.75944511 0.65057138 0,
  0.59627274 0.80278192 0,0.40341971 0.91501505 0,
  0.19046344 0.98169429 0,-0.032002536 0.99948779 0,
  -0.2528864 0.96749598 0,-0.4611679 0.88731289 0,
  -0.64646685 0.76294208 0,-0.7995624 0.60058303 0,
  -0.91284031 0.40831676 0,-0.98066166 0.19571076 0,
  -0.99964489 -0.026647643 0,-0.96884241 -0.24767799 0,
  -0.88979153 -0.4563672 0,-0.76643218 -0.64232524 0,
  -0.60490309 -0.7962991 0,-0.41323787 -0.91062312 0,
  -0.20097725 -0.97959591 0,0.021296268 -0.99977321 0,
  0.24249266 -0.97015324 0,0.45158841 -0.89222638 0,
  0.63818837 -0.76988025 0,0.79302564 -0.60918826 0,
  0.9083881 -0.41812804 0,0.96473569 -0.26322054 0,
  0.99479115 -0.10193416 0,0.9981231 -0.061239572 0,
  0.9937566 0.1115698 0,0.98271299 0.18513557 0,
  0.91717648 0.39848125 0,0.80595111 0.5919821 0,
  0.65460511 0.755971 0,0.47068037 0.8823038 0,
  0.26331176 0.9647108 0,0.042806329 0.99908339 0,
  -0.17984912 0.98369421 0,-0.39354576 0.91930503 0,
  -0.58762806 0.80913118 0,-0.75243363 0.65866808 0,
  -0.87976568 0.47540756 0,-0.96328851 0.26846832 0,
  -0.99884 0.048152437 0,-0.98464597 -0.17456321 0,
  -0.92141497 -0.38858005 0,-0.81230017 -0.58323961 0,
  -0.66273401 -0.74885488 0,-0.48015542 -0.87718343 0,
  -0.27364885 -0.96182967 0,-0.053504471 -0.99856761 0,
  0.16929484 -0.98556545 0,0.38363895 -0.92348316 0,
  0.57886272 -0.81542501 0,0.74527053 -0.66676221 0,
  0.87458591 -0.48487059 0,0.949308 -0.31434744 0,
  0.98979105 -0.14252608 0,0.9981231 -0.061239572 0] }
}
}
DEF SHAPE_78 Shape {
 appearance USE APP_3
 geometry DEF FACE_78 IndexedFaceSet {
  coord DEF COORD_78 Coordinate { point [
  1.1023621 0 2.6561427,1.0749137 0.24448462 2.6660917,
  0.99392928 0.4767833 2.6760406,0.86344313 0.68532372 2.6859895,
  0.68995647 0.85973488 2.6959385,0.48210968 0.99133849 2.7058874,
  0.25025285 1.0735784 2.7158363,0.0059319542 1.1023522 2.7257853,
  -0.23868539 1.0762214 2.7357342,-0.47141598 0.99648582 2.7456831,
  -0.68066844 0.86711856 2.7556321,-0.85602099 0.69456662 2.765581,
  -0.98874072 0.48742712 2.77553,-1.0722184 0.2560174 2.7854789,
  -1.1022971 0.011860832 2.7954278,-1.0774792 -0.23288626 2.8053768,
  -0.9990005 -0.46603823 2.8153257,-0.87076878 -0.67598519 2.8252746,
  -0.6991698 -0.85227022 2.8352236,-0.49274948 -0.98611046 2.8451725,
  -0.26178849 -1.0708361 2.8551214,-0.017790083 -1.1022252 2.8650704,
  0.22709333 -1.0787157 2.8750193,0.46066602 -1.0014836 2.8849682,
  0.67129649 -0.87438202 2.8949172,0.84849606 -0.70374358 2.9048661,
  0.98343966 -0.49805975 2.914815,1.0694042 -0.26755934 2.924764,
  1.0940921 -0.13479005 2.9302171,1.1023621 0 2.9356703,
  1.25 0 2.7413815,1.2225418 0.26056024 2.7507204,
  1.1413734 0.50967321 2.7600602,1.0100476 0.73641288 2.7694069,
  0.83434407 0.93078997 2.7787554,0.6235509 1.0833671 2.7880357,
  0.3874158 1.1884482 2.797248,0.13473237 1.2427177 2.8064573,
  -0.12372265 1.243862 2.8156685,-0.37687744 1.1918319 2.8248829,
  -0.61394896 1.0888373 2.8341014,-0.82474972 0.93930181 2.8433197,
  -1.0003052 0.74959284 2.8525374,-1.1330718 0.52787149 2.8617516,
  -1.2173999 0.28361493 2.8709638,-1.2497032 0.027237705 2.8801766,
  -1.2334453 -0.20276264 2.8883951,-1.1752191 -0.42586403 2.8966142,
  -1.0553799 -0.65869384 2.9025465,-0.88960269 -0.86112185 2.9085012,
  -0.68516429 -1.0240646 2.9144784,-0.45115233 -1.1401171 2.9204799,
  -0.19808826 -1.2039193 2.9265074,0.062527051 -1.2124409 2.932562,
  0.31873216 -1.1651624 2.9386433,0.55865356 -1.0641359 2.9447494,
  0.77099785 -0.91397378 2.9508777,0.94569941 -0.72163994 2.9570295,
  1.0743653 -0.49617261 2.9632089,1.1497599 -0.25322896 2.9692983,
  1.1712002 0 2.975414] }
 coordIndex [
  31,0,1,-1,31,30,0,-1,32,1,2,-1,32,31,1,-1,33,2,3,-1,33,32,2,-1,34,3,4,-1,34,33,3,-1,
  35,4,5,-1,35,34,4,-1,36,5,6,-1,36,35,5,-1,37,6,7,-1,37,36,6,-1,38,7,8,-1,38,37,7,-1,
  39,8,9,-1,39,38,8,-1,40,39,9,-1,10,40,9,-1,41,40,10,-1,11,41,10,-1,42,41,11,-1,12,42,11,-1,
  43,42,12,-1,13,43,12,-1,44,43,13,-1,45,13,14,-1,45,44,13,-1,46,14,15,-1,46,45,14,-1,47,15,16,-1,
  47,46,15,-1,48,16,17,-1,48,47,16,-1,49,17,18,-1,49,48,17,-1,50,18,19,-1,50,49,18,-1,51,50,19,-1,
  20,51,19,-1,52,51,20,-1,21,52,20,-1,53,52,21,-1,22,53,21,-1,54,53,22,-1,23,54,22,-1,55,54,23,-1,
  24,55,23,-1,56,55,24,-1,25,56,24,-1,57,56,25,-1,26,57,25,-1,58,57,26,-1,27,58,26,-1,59,58,27,-1,
  28,59,27,-1,60,28,29,-1,60,59,28,-1]
  normalPerVertex TRUE
  normal DEF NORM_78 Normal { vector [
  0.4932419 0.086679643 -0.86556286,0.47175113 0.15797554 -0.86746446,
  0.42525443 0.25619128 -0.868058,0.35881476 0.34188893 -0.86854126,
  0.27565055 0.4109129 -0.86900366,0.17993435 0.46023142 -0.86937372,
  0.076115422 0.48796093 -0.86954044,-0.031187657 0.49285904 -0.86955005,
  -0.13707017 0.47470998 -0.86940336,-0.23669019 0.43433587 -0.86909729,
  -0.32548369 0.37354235 -0.86863484,-0.39937062 0.2950602 -0.86801071,
  -0.45492328 0.20239829 -0.86722531,-0.49133478 0.082210939 -0.86708217,
  -0.4934935 -0.041355401 -0.86876573,-0.47150577 -0.14336634 -0.87013126,
  -0.43132774 -0.24086963 -0.86944707,-0.36844631 -0.32874121 -0.86958411,
  -0.28796692 -0.40098864 -0.86964542,-0.1936211 -0.45413253 -0.86964045,
  -0.089828819 -0.48555568 -0.86957833,0.018492725 -0.49364152 -0.86946884,
  0.12615484 -0.47787279 -0.86932304,0.227948 -0.43887492 -0.86915391,
  0.31889217 -0.37839641 -0.86897868,0.39448445 -0.29925657 -0.86880811,
  0.45091403 -0.20521221 -0.86865671,0.48452874 -0.11867405 -0.86668816,
  0.51561562 -0.026286779 -0.85641669,0.49999525 0.0043591215 -0.86601718,
  0.49825646 0.083438487 -0.86300551,0.48705105 0.12054559 -0.86501447,
  0.45129389 0.22180192 -0.86437129,0.39455418 0.31325147 -0.86382899,
  0.31957583 0.39033585 -0.86342876,0.2299107 0.4494867 -0.86319336,
  0.12984764 0.48818581 -0.86302619,0.024001841 0.5047322 -0.86294224,
  -0.082971854 0.49832322 -0.86301196,-0.18609731 0.46924919 -0.86323403,
  -0.28056156 0.41888448 -0.86360929,-0.36199676 0.34961197 -0.8641353,
  -0.4266437 0.26471779 -0.86481191,-0.47157351 0.16820365 -0.86563616,
  -0.4938415 0.083193502 -0.86556306,-0.50092338 -0.0006619566 -0.86549138,
  -0.4904496 -0.10237799 -0.86543512,-0.46165311 -0.20175261 -0.86381265,
  -0.41255793 -0.29303836 -0.86251056,-0.34063372 -0.37460656 -0.86234482,
  -0.25257453 -0.43901404 -0.86224868,-0.15240531 -0.48307677 -0.86221195,
  -0.044780583 -0.50454449 -0.86222361,0.065231583 -0.50222735 -0.86227172,
  0.17239749 -0.47607161 -0.8623427,0.27157001 -0.42716722 -0.86242559,
  0.35795849 -0.35770458 -0.862504,0.42734133 -0.2708779 -0.86255698,
  0.4753228 -0.17100434 -0.86303288,0.51234751 -0.075889854 -0.85541847,
  0.52476253 -0.014804509 -0.85111992] }
}
}
DEF SHAPE_79 Shape {
 appearance USE APP_3
 geometry DEF FACE_79 IndexedFaceSet {
  coord DEF COORD_79 Coordinate { point [
  1.25 0 2.7822405,1.2225418 0.26056009 2.7915848,
  1.1413735 0.50967302 2.8009287,1.0100473 0.73641323 2.8102684,
  0.83434313 0.93079082 2.8196057,0.6231505 1.0835975 2.8288981,
  0.38615692 1.1888578 2.8381467,0.13252839 1.2429546 2.8473985,
  -0.12680159 1.2435519 2.8566488,-0.36259419 1.1962547 2.8652217,
  -0.56941967 1.1127719 2.8731682,-0.75810175 0.99387208 2.8811129,
  -0.9189376 0.8473805 2.8888628,-1.0519387 0.6752222 2.8966142,
  1.1023621 0 2.8674793,1.0749136 0.24448463 2.8774283,
  0.99392926 0.47678332 2.8873772,0.8634431 0.68532374 2.8973261,
  0.68995643 0.8597349 2.9072751,0.48210963 0.9913385 2.917224,
  0.25025279 1.0735784 2.9271729,0.0059318799 1.1023522 2.9371219,
  -0.23868547 1.0762214 2.9470708,-0.47141606 0.99648576 2.9570197,
  -0.68066852 0.86711849 2.9669687,-0.85602105 0.69456652 2.9769176,
  -0.98874076 0.487427 2.9868665,-1.0722184 0.25601727 2.9968155,
  -1.1022971 0.011860685 3.0067644,-1.0774792 -0.23288641 3.0167133,
  -0.99900042 -0.46603838 3.0266623,-0.88800261 -0.65318076 3.0354576,
  -0.74240922 -0.81487962 3.044253,-0.92154211 -0.64624875 3.0210577,
  -1.0600775 -0.44160844 2.9982317,-1.1516972 -0.21096077 2.9757552,
  -1.192491 0.034794346 2.9536156,-1.1810182 0.28457143 2.9317953,
  -1.1330435 0.48507358 2.914103] }
 coordIndex [
  1,14,0,-1,15,14,1,-1,2,15,1,-1,16,15,2,-1,3,16,2,-1,17,16,3,-1,4,17,3,-1,18,17,4,-1,
  5,18,4,-1,19,5,6,-1,19,18,5,-1,20,6,7,-1,20,19,6,-1,21,7,8,-1,21,20,7,-1,22,8,9,-1,
  22,21,8,-1,23,9,10,-1,23,22,9,-1,24,10,11,-1,24,23,10,-1,12,24,11,-1,25,12,13,-1,25,24,12,-1,
  26,13,38,-1,26,25,13,-1,27,38,37,-1,27,26,38,-1,36,27,37,-1,28,27,36,-1,35,28,36,-1,29,28,35,-1,
  34,29,35,-1,30,29,34,-1,33,30,34,-1,31,30,33,-1,32,31,33,-1]
  normalPerVertex TRUE
  normal DEF NORM_79 Normal { vector [
  0.49988304 0.021628217 0.86582283,0.49690864 0.056947069 0.86593235,
  0.47462998 0.16189908 0.86516766,0.43024656 0.25985499 0.86450176,
  0.36587789 0.34599022 0.86395841,0.28457353 0.41627509 0.86355831,
  0.19019169 0.46760826 0.86323209,0.087114402 0.49765671 0.86298834,
  -0.01736346 0.50409208 0.86347535,-0.11827627 0.48773835 0.86494048,
  -0.21131971 0.45244118 0.86639538,-0.27757011 0.41674731 0.8656076,
  -0.33813954 0.36770335 0.86628857,-0.40127048 0.29846025 0.86596968,
  0.50035697 0.021332018 0.86555638,0.49022147 0.093317459 0.866588,
  0.45713175 0.19694946 0.86731855,0.4026344 0.29081431 0.86793582,
  0.32938115 0.3704059 0.86850879,0.24101434 0.43214828 0.86899939,
  0.14166509 0.47351689 0.86931741,0.035823193 0.49264365 0.86949349,
  -0.070193468 0.48773562 0.87016484,-0.17143242 0.46251877 0.86987776,
  -0.27521756 0.41014971 0.8695013,-0.36241411 0.33305969 0.87047531,
  -0.42089119 0.25256024 0.87124275,-0.47114727 0.14821505 0.86951282,
  -0.49519176 0.028866174 0.86830401,-0.48592059 -0.077026801 0.87060212,
  -0.460913 -0.17660128 0.86969604,-0.42645297 -0.27014973 0.86322476,
  -0.42950497 -0.34124689 0.83610767,-0.4555717 -0.253274 0.85340888,
  -0.48566684 -0.14740755 0.86162563,-0.50151375 -0.040580397 0.86419742,
  -0.49591882 0.065985945 0.86585818,-0.48075653 0.13943744 0.86569646,
  -0.44853948 0.21747079 0.86690183] }
}
}
DEF SHAPE_80 Shape {
 appearance USE APP_3
 geometry DEF FACE_80 IndexedFaceSet {
  coord DEF COORD_80 Coordinate { point [
  1.25 0 2.7413815,1.2225418 0.26056024 2.7507204,
  1.1413734 0.50967321 2.7600602,1.0100476 0.73641288 2.7694069,
  0.83434407 0.93078997 2.7787554,0.6235509 1.0833671 2.7880357,
  0.3874158 1.1884482 2.797248,0.13473237 1.2427177 2.8064573,
  -0.12372265 1.243862 2.8156685,-0.37687744 1.1918319 2.8248829,
  -0.61394896 1.0888373 2.8341014,-0.82474972 0.93930181 2.8433197,
  -1.0003052 0.74959284 2.8525374,-1.1330718 0.52787149 2.8617516,
  -1.2173999 0.28361493 2.8709638,-1.2497032 0.027237705 2.8801766,
  -1.2334453 -0.20276264 2.8883951,-1.1752191 -0.42586403 2.8966142,
  -1.2412963 -0.14725342 2.8966142,-1.2422381 0.1390841 2.8966142,
  -1.1779953 0.41812338 2.8966142,-1.0519387 0.6752222 2.8966142,
  1.25 0 2.7822405,1.2225418 0.26056009 2.7915848,
  1.1413735 0.50967302 2.8009287,1.0100473 0.73641323 2.8102684,
  0.83434313 0.93079082 2.8196057,0.6231505 1.0835975 2.8288981,
  0.38615692 1.1888578 2.8381467,0.13252839 1.2429546 2.8473985,
  -0.12680159 1.2435519 2.8566488,-0.36259419 1.1962547 2.8652217,
  -0.56941967 1.1127719 2.8731682,-0.75810175 0.99387208 2.8811129,
  -0.9189376 0.8473805 2.8888628] }
 coordIndex [
  18,16,17,-1,15,16,18,-1,19,15,18,-1,14,15,19,-1,20,14,19,-1,13,14,20,-1,21,13,20,-1,12,21,34,-1,
  12,13,21,-1,11,34,33,-1,11,12,34,-1,10,33,32,-1,10,11,33,-1,9,32,31,-1,9,10,32,-1,30,9,31,-1,
  8,9,30,-1,29,8,30,-1,7,8,29,-1,28,7,29,-1,6,7,28,-1,27,6,28,-1,5,6,27,-1,26,5,27,-1,
  4,5,26,-1,25,4,26,-1,3,4,25,-1,24,3,25,-1,2,3,24,-1,23,2,24,-1,1,2,23,-1,22,1,23,-1,
  0,1,22,-1]
  normalPerVertex TRUE
  normal DEF NORM_80 Normal { vector [
  0.99449319 0.10480122 0,0.98474771 0.17398833 -1.6430371e-08,
  0.92684627 0.37544107 1.2066404e-07,0.82822675 0.56039312 1.8702861e-07,
  0.69361517 0.72034574 -3.6204875e-07,0.52920302 0.84849524 5.5635517e-06,
  0.34250382 0.93951636 -0.00038266967,0.14170453 0.98990838 -0.0011020924,
  -0.065160835 0.99787307 -0.0018422737,-0.29385832 0.95532755 -0.031568171,
  -0.50490226 0.86100396 -0.061203636,-0.66394829 0.74389588 -0.076102528,
  -0.79689177 0.59921847 -0.07681627,-0.90053537 0.43333048 -0.035507075,
  -0.97112224 0.2328795 -0.051852982,-0.99908101 0.031369247 -0.029208074,
  -0.98008126 -0.15668601 0.12202545,-0.82359197 -0.19532876 0.53248751,
  -0.9544758 -0.077304677 0.2880971,-0.97789857 0.12758341 0.16564076,
  -0.93379235 0.33867789 0.11545184,-0.85308559 0.51850416 0.058295906,
  0.99449319 0.1048012 -2.0518805e-07,0.97011232 0.24265632 -2.0341908e-07,
  0.89821935 0.43954749 3.7461354e-07,0.78686191 0.61712911 1.0900895e-06,
  0.64147352 0.76714508 0.00039381565,0.46878692 0.88331056 0.0011263292,
  0.27627704 0.9610762 0.001878954,0.072283261 0.99738072 0.0026150856,
  -0.13121909 0.9912821 -0.011888995,-0.28351903 0.95895484 -0.0047525045,
  -0.43478131 0.90053539 -0.0011067176,-0.59487078 0.80378158 0.007995094,
  -0.73445981 0.67859093 0.0091177889] }
}
}
DEF SHAPE_81 Shape {
 appearance USE APP_3
 geometry DEF FACE_81 IndexedFaceSet {
  coord DEF COORD_81 Coordinate { point [
  1.1023621 0 2.8674793,1.0749136 0.24448463 2.8774283,
  0.99392926 0.47678332 2.8873772,0.8634431 0.68532374 2.8973261,
  0.68995643 0.8597349 2.9072751,0.48210963 0.9913385 2.917224,
  0.25025279 1.0735784 2.9271729,0.0059318799 1.1023522 2.9371219,
  -0.23868547 1.0762214 2.9470708,-0.47141606 0.99648576 2.9570197,
  -0.68066852 0.86711849 2.9669687,-0.85602105 0.69456652 2.9769176,
  -0.98874076 0.487427 2.9868665,-1.0722184 0.25601727 2.9968155,
  -1.1022971 0.011860685 3.0067644,-1.0774792 -0.23288641 3.0167133,
  -0.99900042 -0.46603838 3.0266623,-0.88800261 -0.65318076 3.0354576,
  -0.74240922 -0.81487962 3.044253,1.1023621 0 2.9356703,
  1.0749136 0.24448463 2.9456192,0.99392926 0.47678332 2.9555682,
  0.8634431 0.68532374 2.9655171,0.68995643 0.8597349 2.975466,
  0.48210963 0.9913385 2.985415,0.25025279 1.0735784 2.9953639,
  0.0059318799 1.1023522 3.0053128,-0.23868547 1.0762214 3.0152618,
  -0.47141606 0.99648576 3.0252107,-0.67232121 0.87360679 3.034733,
  -0.84254181 0.71085758 3.0442552,-0.97920071 0.50631923 3.0442562,
  -1.0671038 0.27656138 3.0442545,-1.1018659 0.033031055 3.0442533,
  -1.0917094 -0.15286993 3.0442537,-1.0508714 -0.33296391 3.044255,
  -0.98054256 -0.5037157 3.0442561,-0.88311197 -0.65977808 3.0442559,
  -0.81645177 -0.74067725 3.0442547] }
 coordIndex [
  20,0,1,-1,20,19,0,-1,21,1,2,-1,21,20,1,-1,22,2,3,-1,22,21,2,-1,23,3,4,-1,23,22,3,-1,
  24,4,5,-1,24,23,4,-1,25,5,6,-1,25,24,5,-1,26,6,7,-1,26,25,6,-1,27,7,8,-1,27,26,7,-1,
  28,8,9,-1,28,27,8,-1,29,9,10,-1,29,28,9,-1,30,10,11,-1,30,29,10,-1,31,11,12,-1,31,30,11,-1,
  32,12,13,-1,32,31,12,-1,33,13,14,-1,33,32,13,-1,34,33,14,-1,15,34,14,-1,35,34,15,-1,16,35,15,-1,
  36,35,16,-1,17,36,16,-1,37,36,17,-1,38,37,17,-1,18,38,17,-1]
  normalPerVertex TRUE
  normal DEF NORM_81 Normal { vector [
  0.9937566 0.1115698 0,0.96612334 0.25808078 0,
  0.88481824 0.46593636 0,0.75944509 0.65057141 0,
  0.59627271 0.80278195 0,0.40341966 0.91501507 0,
  0.19046338 0.9816943 0,-0.032002605 0.99948779 0,
  -0.25288647 0.96749596 0,-0.45902087 0.88840764 -0.0056309902,
  -0.64237429 0.76630869 -0.011236735,-0.79349394 0.608475 -0.011204504,
  -0.90837944 0.41793699 -0.013246694,-0.97821008 0.2069847 -0.016197889,
  -0.99736915 -0.0030886156 -0.072424008,-0.96917 -0.20800536 -0.13207302,
  -0.90758 -0.39236619 -0.14949018,-0.79885784 -0.54468921 -0.25522503,
  -0.43842829 -0.43746513 -0.78511457,0.9937566 0.1115698 0,
  0.98271299 0.18513557 0,0.91717648 0.39848126 0,
  0.8059511 0.59198212 0,0.65460508 0.75597102 0,
  0.47068033 0.88230382 0,0.2633117 0.96471081 0,
  0.042806262 0.99908339 0,-0.1798492 0.98369419 0,
  -0.39013925 0.92075587 0,-0.58166307 0.81342967 -0.00048817916,
  -0.74552335 0.66645948 0.0051669186,-0.87149736 0.49025706 0.011847903,
  -0.95825317 0.28556968 0.014170727,-0.99626078 0.08575151 0.010541909,
  -0.99259034 -0.11883827 -0.025335259,-0.95248512 -0.30294714 -0.031545791,
  -0.88371353 -0.4678558 -0.012702396,-0.82175419 -0.56904731 0.030086788,
  -0.61857999 -0.56114415 -0.54997822] }
}
}
DEF SHAPE_82 Shape {
 appearance USE APP_3
 geometry DEF FACE_82 IndexedFaceSet {
  coord DEF COORD_82 Coordinate { point [
  1.1023621 0 2.9356703,1.0749136 0.24448463 2.9456192,
  0.99392926 0.47678332 2.9555682,0.8634431 0.68532374 2.9655171,
  0.68995643 0.8597349 2.975466,0.48210963 0.9913385 2.985415,
  0.25025279 1.0735784 2.9953639,0.0059318799 1.1023522 3.0053128,
  -0.23868547 1.0762214 3.0152618,-0.47141606 0.99648576 3.0252107,
  -0.67232121 0.87360679 3.034733,-0.84254181 0.71085758 3.0442552,
  1.1712002 0 2.975414,1.1376645 0.25122313 2.9815419,
  1.0506947 0.48900941 2.9876967,0.92366466 0.69027698 2.9935146,
  0.76894578 0.85189025 2.9990103,0.58599013 0.98029708 3.0045254,
  0.3817219 1.070535 3.0100594,0.16396345 1.1190523 3.0156137,
  -0.058859929 1.1238836 3.0211903,-0.2780523 1.0847538 3.0267911,
  -0.48496354 1.003119 3.0324161,-0.67134591 0.88214329 3.0380646,
  -0.76167505 0.80117878 3.0411567] }
 coordIndex [
  13,0,1,-1,13,12,0,-1,14,1,2,-1,14,13,1,-1,15,2,3,-1,15,14,2,-1,16,15,3,-1,4,16,3,-1,
  17,16,4,-1,5,17,4,-1,18,17,5,-1,6,18,5,-1,19,18,6,-1,7,19,6,-1,20,19,7,-1,8,20,7,-1,
  21,20,8,-1,9,21,8,-1,22,21,9,-1,23,9,10,-1,23,22,9,-1,24,23,10,-1,11,24,10,-1]
  normalPerVertex TRUE
  normal DEF NORM_82 Normal { vector [
  0.49309962 0.088731194 -0.86543604,0.47124018 0.15902765 -0.86754994,
  0.42110234 0.25513685 -0.87038957,0.35055934 0.33394875 -0.87497793,
  0.26706353 0.39533614 -0.87885517,0.17421142 0.43787581 -0.88199499,
  0.075920492 0.4606103 -0.88434961,-0.023927354 0.46355735 -0.88574379,
  -0.12187496 0.44798244 -0.88569647,-0.2216092 0.41339113 -0.88317446,
  -0.237914 0.25511282 -0.93718428,-0.15776724 0.10757768 -0.98159897,
  0.49808086 0.087531887 -0.86270136,0.48675611 0.12303618 -0.86482981,
  0.45041429 0.22459657 -0.86410841,0.39304231 0.31398455 -0.86425196,
  0.3207282 0.38973837 -0.86327135,0.23664543 0.45029273 -0.86095029,
  0.14063827 0.49163265 -0.85937083,0.037260888 0.51074879 -0.85892217,
  -0.067841765 0.50516545 -0.86035188,-0.16724713 0.47243303 -0.86535278,
  -0.24828689 0.43376399 -0.86614227,-0.28837972 0.38242266 -0.87783258,
  -0.2153198 0.18052086 -0.95971329] }
}
}
DEF SHAPE_83 Shape {
 appearance USE APP_3
 geometry DEF FACE_83 IndexedFaceSet {
  coord DEF COORD_83 Coordinate { point [
  1.06 0 3.0866142,1.1712002 0 2.975414,
  1.0238814 -0.27434819 3.0866142,0.91798693 -0.53 3.0866142,
  0.74953319 -0.74953319 3.0866142,0.53 -0.91798693 3.0866142,
  0.27434819 -1.0238814 3.0866142,0 -1.06 3.0866142,
  -0.27434819 -1.0238814 3.0866142,-0.53 -0.91798693 3.0866142,
  -0.74953319 -0.74953319 3.0866142,-0.91798693 -0.53 3.0866142,
  -1.0238814 -0.27434819 3.0866142,-1.06 0 3.0866142,
  -1.0238814 0.27434819 3.0866142,-0.91798693 0.53 3.0866142,
  -0.74953319 0.74953319 3.0866142,-0.53 0.91798693 3.0866142,
  -0.27434819 1.0238814 3.0866142,0 1.06 3.0866142,
  0.27434819 1.0238814 3.0866142,0.53 0.91798693 3.0866142,
  0.74953319 0.74953319 3.0866142,0.91798693 0.53 3.0866142,
  1.0238814 0.27434819 3.0866142,1.06 0 3.0866142,
  1.1712002 0 2.975414,1.1376645 0.25122313 2.9815419,
  1.0506947 0.48900941 2.9876967,0.92366466 0.69027698 2.9935146,
  0.76894578 0.85189025 2.9990103,0.58599013 0.98029708 3.0045254,
  0.3817219 1.070535 3.0100594,0.16396345 1.1190523 3.0156137,
  -0.058859929 1.1238836 3.0211903,-0.2780523 1.0847538 3.0267911,
  -0.48496354 1.003119 3.0324161,-0.67134591 0.88214329 3.0380646,
  -0.76167505 0.80117878 3.0411567,-0.84254181 0.71085758 3.0442552,
  -0.97920071 0.50631923 3.0442562,-1.0671038 0.27656138 3.0442545,
  -1.1018659 0.033031055 3.0442533,-1.0917094 -0.15286993 3.0442537,
  -1.0508714 -0.33296391 3.044255,-0.98054256 -0.5037157 3.0442561,
  -0.88311197 -0.65977808 3.0442559,-0.81645177 -0.74067725 3.0442547,
  -0.74240922 -0.81487962 3.044253,-0.92154211 -0.64624875 3.0210577,
  -1.0600775 -0.44160844 2.9982317,-1.1516972 -0.21096077 2.9757552,
  -1.192491 0.034794346 2.9536156,-1.1810182 0.28457143 2.9317953,
  -1.1330435 0.48507358 2.914103,-1.0519387 0.6752222 2.8966142,
  -1.1752191 -0.42586403 2.8966142,-1.2412963 -0.14725342 2.8966142,
  -1.2422381 0.1390841 2.8966142,-1.1779953 0.41812338 2.8966142,
  -1.0553799 -0.65869384 2.9025465,-0.88960269 -0.86112185 2.9085012,
  -0.68516429 -1.0240646 2.9144784,-0.45115233 -1.1401171 2.9204799,
  -0.19808826 -1.2039193 2.9265074,0.062527051 -1.2124409 2.932562,
  0.31873216 -1.1651624 2.9386433,0.55865356 -1.0641359 2.9447494,
  0.77099785 -0.91397378 2.9508777,0.94569941 -0.72163994 2.9570295,
  1.0743653 -0.49617261 2.9632089,1.1497599 -0.25322896 2.9692983] }
 coordIndex [
  71,1,0,-1,71,0,2,-1,70,2,3,-1,70,71,2,-1,69,3,4,-1,69,70,3,-1,68,69,4,-1,5,68,4,-1,
  67,68,5,-1,6,67,5,-1,66,67,6,-1,65,66,6,-1,65,6,7,-1,64,65,7,-1,64,7,8,-1,63,64,8,-1,
  63,8,9,-1,48,9,10,-1,62,9,48,-1,62,63,9,-1,47,48,10,-1,46,47,10,-1,61,62,48,-1,11,46,10,-1,
  60,61,49,-1,12,45,11,-1,44,45,12,-1,56,60,50,-1,13,43,12,-1,42,43,13,-1,57,56,51,-1,14,42,13,-1,
  41,42,14,-1,58,57,52,-1,53,58,52,-1,40,14,15,-1,40,41,14,-1,59,58,53,-1,39,40,15,-1,16,39,15,-1,
  55,59,54,-1,38,39,16,-1,37,38,16,-1,17,37,16,-1,36,37,17,-1,18,36,17,-1,35,36,18,-1,34,18,19,-1,
  34,35,18,-1,33,34,19,-1,20,33,19,-1,32,33,20,-1,21,32,20,-1,31,32,21,-1,30,31,21,-1,30,21,22,-1,
  29,30,22,-1,23,29,22,-1,28,29,23,-1,24,28,23,-1,27,28,24,-1,25,27,24,-1,26,27,25,-1,43,44,12,-1,
  45,46,11,-1,48,49,61,-1,49,50,60,-1,50,51,56,-1,51,52,57,-1,53,54,59,-1]
  normalPerVertex TRUE
  normal DEF NORM_83 Normal { vector [
  0.69539959 -0.08414145 0.71368034,0.70502273 -0.076719527 0.70502274,
  0.6685365 -0.19482513 0.71770614,0.59907499 -0.35211859 0.71911171,
  0.49484828 -0.48879 0.71847722,0.3614368 -0.59748394 0.71580471,
  0.18090848 -0.6759609 0.71438714,-0.013523398 -0.69817517 0.71579924,
  -0.18311207 -0.67262321 0.7169714,-0.33932569 -0.60808434 0.71769876,
  -0.47336212 -0.46081852 0.75071605,-0.57515761 -0.33874474 0.74461112,
  -0.64064155 -0.18413499 0.74543458,-0.67138325 -0.0092818588 0.74105221,
  -0.66383094 0.17512212 0.72709059,-0.58145876 0.35159113 0.73368207,
  -0.45987698 0.47291176 0.75157677,-0.33989283 0.58414963 0.73704957,
  -0.16936967 0.66317476 0.72904949,0.01142878 0.68453052 0.7288946,
  0.17568349 0.66130013 0.72925815,0.35184136 0.59321542 0.72408779,
  0.49536744 0.47994642 0.72405976,0.59671673 0.34628536 0.72388921,
  0.66786059 0.192073 0.71907593,0.69503859 0.083788257 0.71407345,
  0.70501208 0.076915142 0.70501208,0.69361077 0.12987948 0.70854458,
  0.64776867 0.28495762 0.70653726,0.56540813 0.42201105 0.70867505,
  0.45461972 0.53376832 0.71303036,0.3626108 0.60643026 0.70764098,
  0.24997772 0.65674082 0.71147918,0.099562457 0.69677367 0.71034764,
  -0.055982286 0.6975923 0.71430454,-0.17539284 0.68461776 0.7074856,
  -0.28932708 0.63860833 0.7130703,-0.40272252 0.55847019 0.72520729,
  -0.4852479 0.5106461 0.70977111,-0.55348658 0.42032422 0.71901332,
  -0.63628814 0.30475426 0.70870462,-0.68420349 0.17732521 0.70740466,
  -0.69506563 0.059971091 0.71644067,-0.68113268 -0.092659924 0.72627296,
  -0.66558144 -0.21088705 0.71591061,-0.6182929 -0.29048461 0.73029623,
  -0.54466588 -0.39677752 0.73885497,-0.51602491 -0.46813335 0.71733497,
  -0.46026613 -0.52632358 0.71493956,-0.56601518 -0.414311 0.7127224,
  -0.64110183 -0.28440721 0.71281202,-0.68814024 -0.14374903 0.71119563,
  -0.70050926 0.0066688928 0.71361216,-0.69038222 0.14694239 0.70836454,
  -0.68730149 0.28718492 0.66718924,-0.76224254 0.37373058 0.52849955,
  -0.67755701 -0.23124127 0.69817188,-0.71783262 -0.083069144 0.69124225,
  -0.72949941 0.075551152 0.67979602,-0.73107334 0.23462271 0.64069022,
  -0.60907307 -0.36888136 0.70210864,-0.51697992 -0.48909326 0.70250946,
  -0.39938058 -0.5888895 0.70264096,-0.26482964 -0.65690646 0.70593141,
  -0.10780191 -0.69990754 0.70605112,0.055104714 -0.70428494 0.70777552,
  0.18650624 -0.68203248 0.7071401,0.30739651 -0.63532923 0.70842371,
  0.44726663 -0.54916873 0.70595062,0.56301601 -0.43148765 0.70486267,
  0.64653036 -0.2896829 0.70574947,0.6933172 -0.13179196 0.70847875] }
}
}
DEF SHAPE_84 Shape {
 appearance USE APP_3
 geometry DEF FACE_84 IndexedFaceSet {
  coord DEF COORD_84 Coordinate { point [
  1.06 0 3.4409449,1.0238814 -0.27434819 3.4409449,
  0.91798693 -0.53 3.4409449,0.74953319 -0.74953319 3.4409449,
  0.53 -0.91798693 3.4409449,0.27434819 -1.0238814 3.4409449,
  0 -1.06 3.4409449,-0.27434819 -1.0238814 3.4409449,
  -0.53 -0.91798693 3.4409449,-0.74953319 -0.74953319 3.4409449,
  -0.91798693 -0.53 3.4409449,-1.0238814 -0.27434819 3.4409449,
  -1.06 0 3.4409449,-1.0238814 0.27434819 3.4409449,
  -0.91798693 0.53 3.4409449,-0.74953319 0.74953319 3.4409449,
  -0.53 0.91798693 3.4409449,-0.27434819 1.0238814 3.4409449,
  0 1.06 3.4409449,0.27434819 1.0238814 3.4409449,
  0.53 0.91798693 3.4409449,0.74953319 0.74953319 3.4409449,
  0.91798693 0.53 3.4409449,1.0238814 0.27434819 3.4409449,
  1.06 0 3.4409449,1.06 0 3.0866142,
  1.06 0 3.0866142,1.0238814 -0.27434819 3.0866142,
  0.91798693 -0.53 3.0866142,0.74953319 -0.74953319 3.0866142,
  0.53 -0.91798693 3.0866142,0.27434819 -1.0238814 3.0866142,
  0 -1.06 3.0866142,-0.27434819 -1.0238814 3.0866142,
  -0.53 -0.91798693 3.0866142,-0.74953319 -0.74953319 3.0866142,
  -0.91798693 -0.53 3.0866142,-1.0238814 -0.27434819 3.0866142,
  -1.06 0 3.0866142,-1.0238814 0.27434819 3.0866142,
  -0.91798693 0.53 3.0866142,-0.74953319 0.74953319 3.0866142,
  -0.53 0.91798693 3.0866142,-0.27434819 1.0238814 3.0866142,
  0 1.06 3.0866142,0.27434819 1.0238814 3.0866142,
  0.53 0.91798693 3.0866142,0.74953319 0.74953319 3.0866142,
  0.91798693 0.53 3.0866142,1.0238814 0.27434819 3.0866142] }
 coordIndex [
  27,0,1,-1,27,26,0,-1,28,1,2,-1,28,27,1,-1,29,2,3,-1,29,28,2,-1,30,3,4,-1,30,29,3,-1,
  31,4,5,-1,31,30,4,-1,32,5,6,-1,32,31,5,-1,33,6,7,-1,33,32,6,-1,34,7,8,-1,34,33,7,-1,
  35,8,9,-1,35,34,8,-1,36,9,10,-1,36,35,9,-1,37,10,11,-1,37,36,10,-1,38,37,11,-1,38,11,12,-1,
  39,38,12,-1,39,12,13,-1,40,39,13,-1,40,13,14,-1,41,14,15,-1,41,40,14,-1,42,15,16,-1,42,41,15,-1,
  43,16,17,-1,43,42,16,-1,44,17,18,-1,44,18,19,-1,44,43,17,-1,45,44,19,-1,46,19,20,-1,46,45,19,-1,
  47,20,21,-1,47,46,20,-1,48,21,22,-1,48,47,21,-1,49,22,23,-1,49,48,22,-1,25,23,24,-1,25,49,23,-1]
  normalPerVertex TRUE
  normal DEF NORM_84 Normal { vector [
  0.99144486 -0.13052619 0,0.95364993 -0.30091828 0,
  0.84327172 -0.5374875 0,0.67542593 -0.73742784 0,
  0.46155098 -0.88711369 0,0.21622209 -0.9763442 0,
  -0.04384197 -0.99903848 0,-0.30091828 -0.95364993 0,
  -0.5374875 -0.84327172 0,-0.73742784 -0.67542593 0,
  -0.88711369 -0.46155098 0,-0.9763442 -0.21622209 0,
  -0.99903848 0.04384197 0,-0.95364993 0.30091828 0,
  -0.84327172 0.5374875 0,-0.67542593 0.73742784 0,
  -0.46155098 0.88711369 0,-0.21622209 0.9763442 0,
  0 1 0,0.25881905 0.96592583 0,
  0.5374875 0.84327172 0,0.73742784 0.67542593 0,
  0.88711369 0.46155098 0,0.9763442 0.21622209 0,
  0.99144486 0.13052619 0,0.99144486 0.13052619 0,
  0.99144486 -0.13052619 0,0.9763442 -0.21622209 0,
  0.88711369 -0.46155098 0,0.73742784 -0.67542593 0,
  0.5374875 -0.84327172 0,0.30091828 -0.95364993 0,
  0.04384197 -0.99903848 0,-0.21622209 -0.9763442 0,
  -0.46155098 -0.88711369 0,-0.67542593 -0.73742784 0,
  -0.84327172 -0.5374875 0,-0.95364993 -0.30091828 0,
  -0.99903848 -0.04384197 0,-0.9763442 0.21622209 0,
  -0.88711369 0.46155098 0,-0.73742784 0.67542593 0,
  -0.5374875 0.84327172 0,-0.30091828 0.95364993 0,
  0 1 0,0.25881905 0.96592583 0,
  0.46155098 0.88711369 0,0.67542593 0.73742784 0,
  0.84327172 0.5374875 0,0.95364993 0.30091828 0] }
}
}
DEF SHAPE_85 Shape {
 appearance USE APP_3
 geometry DEF FACE_85 IndexedFaceSet {
  coord DEF COORD_85 Coordinate { point [
  1.0206299 0 3.480315,0.9858528 -0.26415846 3.480315,
  0.88389144 -0.51031496 3.480315,0.72169434 -0.72169434 3.480315,
  0.51031496 -0.88389144 3.480315,0.26415846 -0.9858528 3.480315,
  0 -1.0206299 3.480315,-0.26415846 -0.9858528 3.480315,
  -0.51031496 -0.88389144 3.480315,-0.72169434 -0.72169434 3.480315,
  -0.88389144 -0.51031496 3.480315,-0.9858528 -0.26415846 3.480315,
  -1.0206299 0 3.480315,-0.9858528 0.26415846 3.480315,
  -0.88389144 0.51031496 3.480315,-0.72169434 0.72169434 3.480315,
  -0.51031496 0.88389144 3.480315,-0.26415846 0.9858528 3.480315,
  0 1.0206299 3.480315,0.26415846 0.9858528 3.480315,
  0.51031496 0.88389144 3.480315,0.72169434 0.72169434 3.480315,
  0.88389144 0.51031496 3.480315,0.9858528 0.26415846 3.480315,
  1.0206299 0 3.480315,1.06 0 3.4409449,
  1.06 0 3.4409449,1.0238814 -0.27434819 3.4409449,
  0.91798693 -0.53 3.4409449,0.74953319 -0.74953319 3.4409449,
  0.53 -0.91798693 3.4409449,0.27434819 -1.0238814 3.4409449,
  0 -1.06 3.4409449,-0.27434819 -1.0238814 3.4409449,
  -0.53 -0.91798693 3.4409449,-0.74953319 -0.74953319 3.4409449,
  -0.91798693 -0.53 3.4409449,-1.0238814 -0.27434819 3.4409449,
  -1.06 0 3.4409449,-1.0238814 0.27434819 3.4409449,
  -0.91798693 0.53 3.4409449,-0.74953319 0.74953319 3.4409449,
  -0.53 0.91798693 3.4409449,-0.27434819 1.0238814 3.4409449,
  0 1.06 3.4409449,0.27434819 1.0238814 3.4409449,
  0.53 0.91798693 3.4409449,0.74953319 0.74953319 3.4409449,
  0.91798693 0.53 3.4409449,1.0238814 0.27434819 3.4409449] }
 coordIndex [
  27,0,1,-1,27,26,0,-1,28,1,2,-1,28,27,1,-1,29,2,3,-1,29,28,2,-1,30,3,4,-1,30,29,3,-1,
  31,4,5,-1,31,30,4,-1,6,31,5,-1,32,31,6,-1,33,6,7,-1,33,32,6,-1,8,33,7,-1,34,33,8,-1,
  35,8,9,-1,35,34,8,-1,36,9,10,-1,36,35,9,-1,37,10,11,-1,37,36,10,-1,12,37,11,-1,38,37,12,-1,
  39,38,12,-1,39,12,13,-1,40,39,13,-1,40,13,14,-1,41,40,14,-1,41,14,15,-1,42,15,16,-1,42,41,15,-1,
  43,16,17,-1,43,42,16,-1,44,17,18,-1,44,43,17,-1,45,18,19,-1,45,44,18,-1,46,19,20,-1,46,45,19,-1,
  47,20,21,-1,47,46,20,-1,22,47,21,-1,48,47,22,-1,49,22,23,-1,49,48,22,-1,25,23,24,-1,25,49,23,-1]
  normalPerVertex TRUE
  normal DEF NORM_85 Normal { vector [
  0.70406259 -0.092691599 0.70406259,0.67443611 -0.21363904 0.70674911,
  0.5961614 -0.38091638 0.70674911,0.47725928 -0.52223489 0.70674911,
  0.32583273 -0.62796396 0.70674911,0.1830127 -0.6830127 0.70710678,
  0 -0.70710678 0.70710678,-0.1830127 -0.6830127 0.70710678,
  -0.35355339 -0.61237244 0.70710678,-0.52223489 -0.47725928 0.70674911,
  -0.62796396 -0.32583273 0.70674911,-0.6830127 -0.1830127 0.70710678,
  -0.70710678 0 0.70710678,-0.67443611 0.21363904 0.70674911,
  -0.5961614 0.38091638 0.70674911,-0.47725928 0.52223489 0.70674911,
  -0.32583273 0.62796396 0.70674911,-0.15220121 0.69089832 0.70674911,
  0.03180256 0.70674911 0.70674911,0.21363904 0.67443611 0.70674911,
  0.38091638 0.5961614 0.70674911,0.5 0.5 0.70710678,
  0.61237244 0.35355339 0.70710678,0.69089832 0.15220121 0.70674911,
  0.70406259 0.092691599 0.70406259,0.70406259 0.092691599 0.70406259,
  0.70406259 -0.092691599 0.70406259,0.69052678 -0.15372041 0.70678342,
  0.62721188 -0.32720399 0.70678342,0.52115353 -0.47838917 0.70678342,
  0.37957943 -0.59697291 0.70678342,0.1830127 -0.6830127 0.70710678,
  0 -0.70710678 0.70710678,-0.1830127 -0.6830127 0.70710678,
  -0.35355339 -0.61237244 0.70710678,-0.47838917 -0.52115353 0.70678342,
  -0.59697291 -0.37957943 0.70678342,-0.6830127 -0.1830127 0.70710678,
  -0.70710678 0 0.70710678,-0.69052678 0.15372041 0.70678342,
  -0.62721188 0.32720399 0.70678342,-0.52115353 0.47838917 0.70678342,
  -0.37957943 0.59697291 0.70678342,-0.21213761 0.67487394 0.70678342,
  -0.03023897 0.70678342 0.70678342,0.15372041 0.69052678 0.70678342,
  0.32720399 0.62721188 0.70678342,0.5 0.5 0.70710678,
  0.61237244 0.35355339 0.70710678,0.67487394 0.21213761 0.70678342] }
}
}
DEF SHAPE_86 Shape {
 appearance USE APP_3
 geometry DEF FACE_86 IndexedFaceSet {
  coord DEF COORD_86 Coordinate { point [
  1.0206299 0 3.480315,0.9858528 -0.26415846 3.480315,
  0.88389144 -0.51031496 3.480315,0.72169434 -0.72169434 3.480315,
  0.51031496 -0.88389144 3.480315,0.26415846 -0.9858528 3.480315,
  0 -1.0206299 3.480315,-0.26415846 -0.9858528 3.480315,
  -0.51031496 -0.88389144 3.480315,-0.72169434 -0.72169434 3.480315,
  -0.88389144 -0.51031496 3.480315,-0.9858528 -0.26415846 3.480315,
  -1.0206299 0 3.480315,-0.9858528 0.26415846 3.480315,
  -0.88389144 0.51031496 3.480315,-0.72169434 0.72169434 3.480315,
  -0.51031496 0.88389144 3.480315,-0.26415846 0.9858528 3.480315,
  0 1.0206299 3.480315,0.26415846 0.9858528 3.480315,
  0.51031496 0.88389144 3.480315,0.72169434 0.72169434 3.480315,
  0.88389144 0.51031496 3.480315,0.9858528 0.26415846 3.480315,
  0.94437008 0 3.480315,0.91219145 -0.24442096 3.480315,
  0.81784848 -0.47218504 3.480315,0.66777049 -0.66777049 3.480315,
  0.47218504 -0.81784848 3.480315,0.24442096 -0.91219145 3.480315,
  0 -0.94437008 3.480315,-0.24442096 -0.91219145 3.480315,
  -0.47218504 -0.81784848 3.480315,-0.66777049 -0.66777049 3.480315,
  -0.81784848 -0.47218504 3.480315,-0.91219145 -0.24442096 3.480315,
  -0.94437008 0 3.480315,-0.91219145 0.24442096 3.480315,
  -0.81784848 0.47218504 3.480315,-0.66777049 0.66777049 3.480315,
  -0.47218504 0.81784848 3.480315,-0.24442096 0.91219145 3.480315,
  0 0.94437008 3.480315,0.24442096 0.91219145 3.480315,
  0.47218504 0.81784848 3.480315,0.66777049 0.66777049 3.480315,
  0.81784848 0.47218504 3.480315,0.91219145 0.24442096 3.480315] }
 coordIndex [
  38,15,14,-1,38,39,15,-1,40,16,15,-1,40,15,39,-1,37,14,13,-1,37,38,14,-1,41,17,16,-1,41,16,40,-1,
  36,13,12,-1,36,37,13,-1,42,18,17,-1,42,17,41,-1,43,19,18,-1,43,18,42,-1,35,12,11,-1,35,36,12,-1,
  10,35,11,-1,44,20,19,-1,44,19,43,-1,34,35,10,-1,21,20,44,-1,45,21,44,-1,9,33,34,-1,9,34,10,-1,
  22,45,46,-1,22,21,45,-1,8,33,9,-1,8,32,33,-1,47,22,46,-1,31,32,8,-1,23,22,47,-1,7,31,8,-1,
  0,47,24,-1,0,23,47,-1,6,31,7,-1,6,30,31,-1,29,30,6,-1,1,0,24,-1,1,24,25,-1,5,29,6,-1,
  26,1,25,-1,4,28,29,-1,4,29,5,-1,2,1,26,-1,3,26,27,-1,3,27,28,-1,3,28,4,-1,3,2,26,-1]
  normalPerVertex TRUE
  normal DEF NORM_86 Normal { vector [
  0 0 1,0 0 1,
  0 0 1,0 0 1,
  0 0 1,0 0 1,
  0 0 1,0 0 1,
  0 0 1,0 0 1,
  0 0 1,0 0 1,
  0 0 1,0 0 1,
  0 0 1,0 0 1,
  0 0 1,0 0 1,
  0 0 1,0 0 1,
  0 0 1,0 0 1,
  0 0 1,0 0 1,
  0 0 1,0 0 1,
  0 0 1,0 0 1,
  0 0 1,0 0 1,
  0 0 1,0 0 1,
  0 0 1,0 0 1,
  0 0 1,0 0 1,
  0 0 1,0 0 1,
  0 0 1,0 0 1,
  0 0 1,0 0 1,
  0 0 1,0 0 1,
  0 0 1,0 0 1,
  0 0 1,0 0 1] }
}
}
DEF SHAPE_87 Shape {
 appearance USE APP_3
 geometry DEF FACE_87 IndexedFaceSet {
  coord DEF COORD_87 Coordinate { point [
  0.905 0 3.4409449,0.94437008 0 3.480315,
  0.91219145 -0.24442096 3.480315,0.81784848 -0.47218504 3.480315,
  0.66777049 -0.66777049 3.480315,0.47218504 -0.81784848 3.480315,
  0.24442096 -0.91219145 3.480315,0 -0.94437008 3.480315,
  -0.24442096 -0.91219145 3.480315,-0.47218504 -0.81784848 3.480315,
  -0.66777049 -0.66777049 3.480315,-0.81784848 -0.47218504 3.480315,
  -0.91219145 -0.24442096 3.480315,-0.94437008 0 3.480315,
  -0.91219145 0.24442096 3.480315,-0.81784848 0.47218504 3.480315,
  -0.66777049 0.66777049 3.480315,-0.47218504 0.81784848 3.480315,
  -0.24442096 0.91219145 3.480315,0 0.94437008 3.480315,
  0.24442096 0.91219145 3.480315,0.47218504 0.81784848 3.480315,
  0.66777049 0.66777049 3.480315,0.81784848 0.47218504 3.480315,
  0.91219145 0.24442096 3.480315,0.94437008 0 3.480315,
  0.905 0 3.4409449,0.87416287 -0.23423124 3.4409449,
  0.78375299 -0.4525 3.4409449,0.63993164 -0.63993164 3.4409449,
  0.4525 -0.78375299 3.4409449,0.23423124 -0.87416287 3.4409449,
  0 -0.905 3.4409449,-0.23423124 -0.87416287 3.4409449,
  -0.4525 -0.78375299 3.4409449,-0.63993164 -0.63993164 3.4409449,
  -0.78375299 -0.4525 3.4409449,-0.87416287 -0.23423124 3.4409449,
  -0.905 0 3.4409449,-0.87416287 0.23423124 3.4409449,
  -0.78375299 0.4525 3.4409449,-0.63993164 0.63993164 3.4409449,
  -0.4525 0.78375299 3.4409449,-0.23423124 0.87416287 3.4409449,
  0 0.905 3.4409449,0.23423124 0.87416287 3.4409449,
  0.4525 0.78375299 3.4409449,0.63993164 0.63993164 3.4409449,
  0.78375299 0.4525 3.4409449,0.87416287 0.23423124 3.4409449] }
 coordIndex [
  24,26,25,-1,24,49,26,-1,23,48,49,-1,23,49,24,-1,22,47,48,-1,22,48,23,-1,21,46,47,-1,21,47,22,-1,
  20,45,46,-1,20,46,21,-1,44,45,20,-1,19,44,20,-1,18,43,44,-1,18,44,19,-1,17,42,43,-1,17,43,18,-1,
  41,42,17,-1,16,41,17,-1,15,40,41,-1,15,41,16,-1,14,39,40,-1,14,40,15,-1,13,38,39,-1,13,39,14,-1,
  12,38,13,-1,12,37,38,-1,11,37,12,-1,11,36,37,-1,10,36,11,-1,10,35,36,-1,34,35,10,-1,9,34,10,-1,
  33,34,9,-1,8,33,9,-1,7,33,8,-1,7,32,33,-1,6,32,7,-1,6,31,32,-1,5,30,31,-1,5,31,6,-1,
  4,29,30,-1,4,30,5,-1,3,28,29,-1,3,29,4,-1,2,27,28,-1,2,28,3,-1,1,0,27,-1,1,27,2,-1]
  normalPerVertex TRUE
  normal DEF NORM_87 Normal { vector [
  -0.70406259 0.092691599 0.70406259,-0.70406259 0.092691599 0.70406259,
  -0.6749009 0.21204496 0.70678548,-0.59702293 0.37949691 0.70678548,
  -0.47845884 0.52108677 0.70678548,-0.32728857 0.62716543 0.70678548,
  -0.15381412 0.6905038 0.70678548,0.030142501 0.70678548 0.70678548,
  0.1830127 0.6830127 0.70710678,0.32728857 0.62716543 0.70678548,
  0.5 0.5 0.70710678,0.62716543 0.32728857 0.70678548,
  0.6905038 0.15381412 0.70678548,0.70678548 -0.030142501 0.70678548,
  0.6749009 -0.21204496 0.70678548,0.59702293 -0.37949691 0.70678548,
  0.5 -0.5 0.70710678,0.35355339 -0.61237244 0.70710678,
  0.15381412 -0.6905038 0.70678548,0 -0.70710678 0.70710678,
  -0.1830127 -0.6830127 0.70710678,-0.37949691 -0.59702293 0.70678548,
  -0.52108677 -0.47845884 0.70678548,-0.62716543 -0.32728857 0.70678548,
  -0.6905038 -0.15381412 0.70678548,-0.70406259 -0.092691599 0.70406259,
  -0.70406259 -0.092691599 0.70406259,-0.69092181 0.15210494 0.70674687,
  -0.62801156 0.32574581 0.70674687,-0.52230337 0.47718765 0.70674687,
  -0.38100106 0.59610993 0.70674687,-0.21373416 0.67440831 0.70674687,
  -0.031901634 0.70674687 0.70674687,0.1830127 0.6830127 0.70710678,
  0.38100106 0.59610993 0.70674687,0.5 0.5 0.70710678,
  0.59610993 0.38100106 0.70674687,0.67440831 0.21373416 0.70674687,
  0.70674687 0.031901634 0.70674687,0.69092181 -0.15210494 0.70674687,
  0.62801156 -0.32574581 0.70674687,0.5 -0.5 0.70710678,
  0.35355339 -0.61237244 0.70710678,0.21373416 -0.67440831 0.70674687,
  0 -0.70710678 0.70710678,-0.1830127 -0.6830127 0.70710678,
  -0.32574581 -0.62801156 0.70674687,-0.47718765 -0.52230337 0.70674687,
  -0.59610993 -0.38100106 0.70674687,-0.67440831 -0.21373416 0.70674687] }
}
}
DEF SHAPE_88 Shape {
 appearance USE APP_3
 geometry DEF FACE_88 IndexedFaceSet {
  coord DEF COORD_88 Coordinate { point [
  0.905 0 2.920315,0.905 0 3.4409449,
  0.87416287 -0.23423124 3.4409449,0.78375299 -0.4525 3.4409449,
  0.63993164 -0.63993164 3.4409449,0.4525 -0.78375299 3.4409449,
  0.23423124 -0.87416287 3.4409449,0 -0.905 3.4409449,
  -0.23423124 -0.87416287 3.4409449,-0.4525 -0.78375299 3.4409449,
  -0.63993164 -0.63993164 3.4409449,-0.78375299 -0.4525 3.4409449,
  -0.87416287 -0.23423124 3.4409449,-0.905 0 3.4409449,
  -0.87416287 0.23423124 3.4409449,-0.78375299 0.4525 3.4409449,
  -0.63993164 0.63993164 3.4409449,-0.4525 0.78375299 3.4409449,
  -0.23423124 0.87416287 3.4409449,0 0.905 3.4409449,
  0.23423124 0.87416287 3.4409449,0.4525 0.78375299 3.4409449,
  0.63993164 0.63993164 3.4409449,0.78375299 0.4525 3.4409449,
  0.87416287 0.23423124 3.4409449,0.905 0 3.4409449,
  0.905 0 2.920315,0.87416287 -0.23423124 2.920315,
  0.78375299 -0.4525 2.920315,0.63993164 -0.63993164 2.920315,
  0.4525 -0.78375299 2.920315,0.23423124 -0.87416287 2.920315,
  0 -0.905 2.920315,-0.23423124 -0.87416287 2.920315,
  -0.4525 -0.78375299 2.920315,-0.63993164 -0.63993164 2.920315,
  -0.78375299 -0.4525 2.920315,-0.87416287 -0.23423124 2.920315,
  -0.905 0 2.920315,-0.87416287 0.23423124 2.920315,
  -0.78375299 0.4525 2.920315,-0.63993164 0.63993164 2.920315,
  -0.4525 0.78375299 2.920315,-0.23423124 0.87416287 2.920315,
  0 0.905 2.920315,0.23423124 0.87416287 2.920315,
  0.4525 0.78375299 2.920315,0.63993164 0.63993164 2.920315,
  0.78375299 0.4525 2.920315,0.87416287 0.23423124 2.920315] }
 coordIndex [
  24,26,25,-1,24,49,26,-1,23,48,49,-1,23,49,24,-1,22,47,48,-1,22,48,23,-1,21,46,47,-1,21,47,22,-1,
  20,45,46,-1,20,46,21,-1,19,43,44,-1,19,44,45,-1,19,45,20,-1,18,43,19,-1,17,42,43,-1,17,43,18,-1,
  16,40,41,-1,16,41,42,-1,16,42,17,-1,15,40,16,-1,14,38,39,-1,14,39,40,-1,14,40,15,-1,13,38,14,-1,
  12,38,13,-1,12,37,38,-1,11,37,12,-1,11,36,37,-1,10,36,11,-1,10,35,36,-1,9,35,10,-1,9,34,35,-1,
  8,34,9,-1,8,32,33,-1,8,33,34,-1,7,32,8,-1,6,32,7,-1,6,31,32,-1,5,31,6,-1,5,30,31,-1,
  4,29,30,-1,4,30,5,-1,3,28,29,-1,3,29,4,-1,2,27,28,-1,2,28,3,-1,1,0,27,-1,1,27,2,-1]
  normalPerVertex TRUE
  normal DEF NORM_88 Normal { vector [
  -0.99144486 0.13052619 0,-0.99144486 0.13052619 0,
  -0.95364993 0.30091828 0,-0.84327172 0.5374875 0,
  -0.67542593 0.73742784 0,-0.46155098 0.88711369 0,
  -0.21622209 0.9763442 0,0 1 0,
  0.25881905 0.96592583 0,0.5374875 0.84327172 0,
  0.73742784 0.67542593 0,0.88711369 0.46155098 0,
  0.9763442 0.21622209 0,1 0 0,
  0.96592583 -0.25881905 0,0.8660254 -0.5 0,
  0.70710678 -0.70710678 0,0.46155098 -0.88711369 0,
  0.25881905 -0.96592583 0,0 -1 0,
  -0.30091828 -0.95364993 0,-0.5374875 -0.84327172 0,
  -0.73742784 -0.67542593 0,-0.88711369 -0.46155098 0,
  -0.9763442 -0.21622209 0,-0.99144486 -0.13052619 0,
  -0.99144486 -0.13052619 0,-0.9763442 0.21622209 0,
  -0.88711369 0.46155098 0,-0.73742784 0.67542593 0,
  -0.5374875 0.84327172 0,-0.30091828 0.95364993 0,
  0 1 0,0.25881905 0.96592583 0,
  0.46155098 0.88711369 0,0.67542593 0.73742784 0,
  0.84327172 0.5374875 0,0.95364993 0.30091828 0,
  1 0 0,0.96592583 -0.25881905 0,
  0.8660254 -0.5 0,0.70710678 -0.70710678 0,
  0.5374875 -0.84327172 0,0.25881905 -0.96592583 0,
  0 -1 0,-0.21622209 -0.9763442 0,
  -0.46155098 -0.88711369 0,-0.67542593 -0.73742784 0,
  -0.84327172 -0.5374875 0,-0.95364993 -0.30091828 0] }
}
}
DEF SHAPE_89 Shape {
 appearance USE APP_3
 geometry DEF FACE_89 IndexedFaceSet {
  coord DEF COORD_89 Coordinate { point [
  0.905 0 2.920315,0.87416287 -0.23423124 2.920315,
  0.78375299 -0.4525 2.920315,0.63993164 -0.63993164 2.920315,
  0.4525 -0.78375299 2.920315,0.23423124 -0.87416287 2.920315,
  0 -0.905 2.920315,-0.23423124 -0.87416287 2.920315,
  -0.4525 -0.78375299 2.920315,-0.63993164 -0.63993164 2.920315,
  -0.78375299 -0.4525 2.920315,-0.87416287 -0.23423124 2.920315,
  -0.905 0 2.920315,-0.87416287 0.23423124 2.920315,
  -0.78375299 0.4525 2.920315,-0.63993164 0.63993164 2.920315,
  -0.4525 0.78375299 2.920315,-0.23423124 0.87416287 2.920315,
  0 0.905 2.920315,0.23423124 0.87416287 2.920315,
  0.4525 0.78375299 2.920315,0.63993164 0.63993164 2.920315,
  0.78375299 0.4525 2.920315,0.87416287 0.23423124 2.920315,
  0.82677165 0 2.920315,0.79860009 -0.21398425 2.920315,
  0.71600526 -0.41338583 2.920315,0.58461584 -0.58461584 2.920315,
  0.41338583 -0.71600526 2.920315,0.21398425 -0.79860009 2.920315,
  0 -0.82677165 2.920315,-0.21398425 -0.79860009 2.920315,
  -0.41338583 -0.71600526 2.920315,-0.58461584 -0.58461584 2.920315,
  -0.71600526 -0.41338583 2.920315,-0.79860009 -0.21398425 2.920315,
  -0.82677165 0 2.920315,-0.79860009 0.21398425 2.920315,
  -0.71600526 0.41338583 2.920315,-0.58461584 0.58461584 2.920315,
  -0.41338583 0.71600526 2.920315,-0.21398425 0.79860009 2.920315,
  0 0.82677165 2.920315,0.21398425 0.79860009 2.920315,
  0.41338583 0.71600526 2.920315,0.58461584 0.58461584 2.920315,
  0.71600526 0.41338583 2.920315,0.79860009 0.21398425 2.920315] }
 coordIndex [
  38,15,14,-1,38,39,15,-1,40,16,15,-1,40,15,39,-1,37,14,13,-1,37,38,14,-1,41,17,16,-1,41,16,40,-1,
  18,17,41,-1,36,13,12,-1,36,37,13,-1,42,18,41,-1,43,19,18,-1,43,18,42,-1,35,12,11,-1,35,36,12,-1,
  44,20,19,-1,44,19,43,-1,34,11,10,-1,34,35,11,-1,45,21,20,-1,45,20,44,-1,33,34,10,-1,9,33,10,-1,
  32,33,9,-1,22,45,46,-1,22,21,45,-1,8,32,9,-1,23,22,46,-1,23,46,47,-1,7,32,8,-1,7,31,32,-1,
  30,31,7,-1,0,23,47,-1,0,47,24,-1,6,30,7,-1,5,29,30,-1,5,30,6,-1,1,0,24,-1,1,24,25,-1,
  4,28,29,-1,4,29,5,-1,2,1,25,-1,2,25,26,-1,3,26,27,-1,3,27,28,-1,3,2,26,-1,3,28,4,-1]
  normalPerVertex TRUE
  normal DEF NORM_89 Normal { vector [
  0 0 1,0 0 1,
  0 0 1,0 0 1,
  0 0 1,0 0 1,
  0 0 1,0 0 1,
  0 0 1,0 0 1,
  0 0 1,0 0 1,
  0 0 1,0 0 1,
  0 0 1,0 0 1,
  0 0 1,0 0 1,
  0 0 1,0 0 1,
  0 0 1,0 0 1,
  0 0 1,0 0 1,
  0 0 1,0 0 1,
  0 0 1,0 0 1,
  0 0 1,0 0 1,
  0 0 1,0 0 1,
  0 0 1,0 0 1,
  0 0 1,0 0 1,
  0 0 1,0 0 1,
  0 0 1,0 0 1,
  0 0 1,0 0 1,
  0 0 1,0 0 1,
  0 0 1,0 0 1,
  0 0 1,0 0 1] }
}
}
DEF SHAPE_90 Shape {
 appearance USE APP_3
 geometry DEF FACE_90 IndexedFaceSet {
  coord DEF COORD_90 Coordinate { point [
  0.78740157 0 2.8809449,0.82677165 0 2.920315,
  0.79860009 -0.21398425 2.920315,0.71600526 -0.41338583 2.920315,
  0.58461584 -0.58461584 2.920315,0.41338583 -0.71600526 2.920315,
  0.21398425 -0.79860009 2.920315,0 -0.82677165 2.920315,
  -0.21398425 -0.79860009 2.920315,-0.41338583 -0.71600526 2.920315,
  -0.58461584 -0.58461584 2.920315,-0.71600526 -0.41338583 2.920315,
  -0.79860009 -0.21398425 2.920315,-0.82677165 0 2.920315,
  -0.79860009 0.21398425 2.920315,-0.71600526 0.41338583 2.920315,
  -0.58461584 0.58461584 2.920315,-0.41338583 0.71600526 2.920315,
  -0.21398425 0.79860009 2.920315,0 0.82677165 2.920315,
  0.21398425 0.79860009 2.920315,0.41338583 0.71600526 2.920315,
  0.58461584 0.58461584 2.920315,0.71600526 0.41338583 2.920315,
  0.79860009 0.21398425 2.920315,0.82677165 0 2.920315,
  0.78740157 0 2.8809449,0.76057152 -0.20379452 2.8809449,
  0.68190977 -0.39370079 2.8809449,0.55677699 -0.55677699 2.8809449,
  0.39370079 -0.68190977 2.8809449,0.20379452 -0.76057152 2.8809449,
  0 -0.78740157 2.8809449,-0.20379452 -0.76057152 2.8809449,
  -0.39370079 -0.68190977 2.8809449,-0.55677699 -0.55677699 2.8809449,
  -0.68190977 -0.39370079 2.8809449,-0.76057152 -0.20379452 2.8809449,
  -0.78740157 0 2.8809449,-0.76057152 0.20379452 2.8809449,
  -0.68190977 0.39370079 2.8809449,-0.55677699 0.55677699 2.8809449,
  -0.39370079 0.68190977 2.8809449,-0.20379452 0.76057152 2.8809449,
  0 0.78740157 2.8809449,0.20379452 0.76057152 2.8809449,
  0.39370079 0.68190977 2.8809449,0.55677699 0.55677699 2.8809449,
  0.68190977 0.39370079 2.8809449,0.76057152 0.20379452 2.8809449] }
 coordIndex [
  24,26,25,-1,24,49,26,-1,23,48,49,-1,23,49,24,-1,22,47,48,-1,22,48,23,-1,21,46,47,-1,21,47,22,-1,
  20,45,46,-1,20,46,21,-1,19,44,45,-1,19,45,20,-1,18,43,44,-1,18,44,19,-1,42,43,18,-1,17,42,18,-1,
  41,42,17,-1,16,41,17,-1,40,41,16,-1,15,40,16,-1,39,40,15,-1,14,39,15,-1,13,39,14,-1,13,38,39,-1,
  37,38,13,-1,12,37,13,-1,36,37,12,-1,11,36,12,-1,10,36,11,-1,10,35,36,-1,34,35,10,-1,9,34,10,-1,
  8,34,9,-1,8,33,34,-1,32,33,8,-1,7,32,8,-1,6,32,7,-1,6,31,32,-1,30,31,6,-1,5,30,6,-1,
  4,29,30,-1,4,30,5,-1,3,28,29,-1,3,29,4,-1,2,27,28,-1,2,28,3,-1,1,0,27,-1,1,27,2,-1]
  normalPerVertex TRUE
  normal DEF NORM_90 Normal { vector [
  -0.70406259 0.092691599 0.70406259,-0.70406259 0.092691599 0.70406259,
  -0.67493616 0.21192373 0.70678817,-0.59708837 0.37938893 0.70678817,
  -0.47855 0.52099941 0.70678817,-0.35355339 0.61237244 0.70710678,
  -0.1830127 0.6830127 0.70710678,0 0.70710678 0.70710678,
  0.1830127 0.6830127 0.70710678,0.35355339 0.61237244 0.70710678,
  0.5 0.5 0.70710678,0.61237244 0.35355339 0.70710678,
  0.67493616 0.21192373 0.70678817,0.70710678 0 0.70710678,
  0.6830127 -0.1830127 0.70710678,0.62710464 -0.32739923 0.70678817,
  0.52099941 -0.47855 0.70678817,0.37938893 -0.59708837 0.70678817,
  0.1830127 -0.6830127 0.70710678,-0.030016267 -0.70678817 0.70678817,
  -0.21192373 -0.67493616 0.70678817,-0.37938893 -0.59708837 0.70678817,
  -0.52099941 -0.47855 0.70678817,-0.62710464 -0.32739923 0.70678817,
  -0.69047372 -0.15393675 0.70678817,-0.70406259 -0.092691599 0.70406259,
  -0.70406259 -0.092691599 0.70406259,-0.69095264 0.1519785 0.70674393,
  -0.62807407 0.32563166 0.70674393,-0.52239329 0.47709356 0.70674393,
  -0.35355339 0.61237244 0.70710678,-0.1830127 0.6830127 0.70710678,
  0 0.70710678 0.70710678,0.1830127 0.6830127 0.70710678,
  0.35355339 0.61237244 0.70710678,0.5 0.5 0.70710678,
  0.61237244 0.35355339 0.70710678,0.69095264 0.1519785 0.70674393,
  0.70710678 0 0.70710678,0.6830127 -0.1830127 0.70710678,
  0.59604232 -0.38111227 0.70674393,0.47709356 -0.52239329 0.70674393,
  0.32563166 -0.62807407 0.70674393,0.1830127 -0.6830127 0.70710678,
  0.032031749 -0.70674393 0.70674393,-0.1519785 -0.69095264 0.70674393,
  -0.32563166 -0.62807407 0.70674393,-0.47709356 -0.52239329 0.70674393,
  -0.59604232 -0.38111227 0.70674393,-0.67437179 -0.21385908 0.70674393] }
}
}
DEF SHAPE_91 Shape {
 appearance USE APP_3
 geometry DEF FACE_91 IndexedFaceSet {
  coord DEF COORD_91 Coordinate { point [
  0.78740157 0 2.8809449,0.78740157 0 2.8415748,
  0.76057152 -0.20379452 2.8809449,0.68190977 -0.39370079 2.8809449,
  0.55677699 -0.55677699 2.8809449,0.39370079 -0.68190977 2.8809449,
  0.20379452 -0.76057152 2.8809449,0 -0.78740157 2.8809449,
  -0.20379452 -0.76057152 2.8809449,-0.39370079 -0.68190977 2.8809449,
  -0.55677699 -0.55677699 2.8809449,-0.68190977 -0.39370079 2.8809449,
  -0.76057152 -0.20379452 2.8809449,-0.78740157 0 2.8809449,
  -0.76057152 0.20379452 2.8809449,-0.68190977 0.39370079 2.8809449,
  -0.55677699 0.55677699 2.8809449,-0.39370079 0.68190977 2.8809449,
  -0.20379452 0.76057152 2.8809449,0 0.78740157 2.8809449,
  0.20379452 0.76057152 2.8809449,0.39370079 0.68190977 2.8809449,
  0.55677699 0.55677699 2.8809449,0.68190977 0.39370079 2.8809449,
  0.76057152 0.20379452 2.8809449,0.78740157 0 2.8809449,
  0.78740157 0 2.8415748,0.76057152 -0.20379452 2.8415748,
  0.68190977 -0.39370079 2.8415748,0.55677699 -0.55677699 2.8415748,
  0.39370079 -0.68190977 2.8415748,0.20379452 -0.76057152 2.8415748,
  0 -0.78740157 2.8415748,-0.20379452 -0.76057152 2.8415748,
  -0.39370079 -0.68190977 2.8415748,-0.55677699 -0.55677699 2.8415748,
  -0.68190977 -0.39370079 2.8415748,-0.76057152 -0.20379452 2.8415748,
  -0.78740157 0 2.8415748,-0.76057152 0.20379452 2.8415748,
  -0.68190977 0.39370079 2.8415748,-0.55677699 0.55677699 2.8415748,
  -0.39370079 0.68190977 2.8415748,-0.20379452 0.76057152 2.8415748,
  0 0.78740157 2.8415748,0.20379452 0.76057152 2.8415748,
  0.39370079 0.68190977 2.8415748,0.55677699 0.55677699 2.8415748,
  0.68190977 0.39370079 2.8415748,0.76057152 0.20379452 2.8415748] }
 coordIndex [
  27,0,1,-1,27,2,0,-1,28,3,2,-1,28,2,27,-1,29,4,3,-1,29,3,28,-1,30,5,4,-1,30,4,29,-1,
  31,6,5,-1,31,5,30,-1,32,7,6,-1,32,6,31,-1,33,8,7,-1,33,7,32,-1,34,9,8,-1,34,8,33,-1,
  35,10,9,-1,35,9,34,-1,36,11,10,-1,36,10,35,-1,37,12,11,-1,37,11,36,-1,38,12,37,-1,38,13,12,-1,
  39,13,38,-1,39,14,13,-1,40,14,39,-1,40,15,14,-1,41,16,15,-1,41,15,40,-1,42,17,16,-1,42,16,41,-1,
  43,17,42,-1,43,18,17,-1,44,19,18,-1,44,18,43,-1,45,20,19,-1,45,19,44,-1,46,21,20,-1,46,20,45,-1,
  47,22,21,-1,47,21,46,-1,48,23,22,-1,48,22,47,-1,49,24,23,-1,49,23,48,-1,26,25,24,-1,26,24,49,-1]
  normalPerVertex TRUE
  normal DEF NORM_91 Normal { vector [
  -0.99144486 0.13052619 0,-0.99144486 0.13052619 0,
  -0.95364993 0.30091828 0,-0.84327172 0.5374875 0,
  -0.67542593 0.73742784 0,-0.46155098 0.88711369 0,
  -0.21622209 0.9763442 0,0.04384197 0.99903848 0,
  0.30091828 0.95364993 0,0.5374875 0.84327172 0,
  0.73742784 0.67542593 0,0.88711369 0.46155098 0,
  0.9763442 0.21622209 0,0.99903848 -0.04384197 0,
  0.95364993 -0.30091828 0,0.84327172 -0.5374875 0,
  0.67542593 -0.73742784 0,0.46155098 -0.88711369 0,
  0.21622209 -0.9763442 0,-0.04384197 -0.99903848 0,
  -0.30091828 -0.95364993 0,-0.5374875 -0.84327172 0,
  -0.73742784 -0.67542593 0,-0.88711369 -0.46155098 0,
  -0.9763442 -0.21622209 0,-0.99144486 -0.13052619 0,
  -0.99144486 -0.13052619 0,-0.9763442 0.21622209 0,
  -0.88711369 0.46155098 0,-0.73742784 0.67542593 0,
  -0.5374875 0.84327172 0,-0.30091828 0.95364993 0,
  -0.04384197 0.99903848 0,0.21622209 0.9763442 0,
  0.46155098 0.88711369 0,0.67542593 0.73742784 0,
  0.84327172 0.5374875 0,0.95364993 0.30091828 0,
  0.99903848 0.04384197 0,0.9763442 -0.21622209 0,
  0.88711369 -0.46155098 0,0.73742784 -0.67542593 0,
  0.5374875 -0.84327172 0,0.30091828 -0.95364993 0,
  0.04384197 -0.99903848 0,-0.21622209 -0.9763442 0,
  -0.46155098 -0.88711369 0,-0.67542593 -0.73742784 0,
  -0.84327172 -0.5374875 0,-0.95364993 -0.30091828 0] }
}
}
DEF SHAPE_92 Shape {
 appearance USE APP_4
 geometry DEF FACE_92 IndexedFaceSet {
  coord DEF COORD_92 Coordinate { point [
  0.78740157 0 2.8415748,0.76057152 -0.20379452 2.8415748,
  0.68190977 -0.39370079 2.8415748,0.55677699 -0.55677699 2.8415748,
  0.39370079 -0.68190977 2.8415748,0.20379452 -0.76057152 2.8415748,
  0 -0.78740157 2.8415748,-0.20379452 -0.76057152 2.8415748,
  -0.39370079 -0.68190977 2.8415748,-0.55677699 -0.55677699 2.8415748,
  -0.68190977 -0.39370079 2.8415748,-0.76057152 -0.20379452 2.8415748,
  -0.78740157 0 2.8415748,-0.76057152 0.20379452 2.8415748,
  -0.68190977 0.39370079 2.8415748,-0.55677699 0.55677699 2.8415748,
  -0.39370079 0.68190977 2.8415748,-0.20379452 0.76057152 2.8415748,
  0 0.78740157 2.8415748,0.20379452 0.76057152 2.8415748,
  0.39370079 0.68190977 2.8415748,0.55677699 0.55677699 2.8415748,
  0.68190977 0.39370079 2.8415748,0.76057152 0.20379452 2.8415748,
  0.25 0 2.8415748,0.2494549 0.016500032 2.8415748,
  0.24782199 0.032928111 2.8415748,0.24510838 0.049212598 2.8415748,
  0.24510838 -0.049212598 2.8415748,0.24782199 -0.032928111 2.8415748,
  0.2494549 -0.016500032 2.8415748,0.22535939 -0.10822728 2.8415748,
  0.19164621 -0.16053576 2.8415748,0.14605785 -0.20289678 2.8415748,
  0.091419142 -0.2326855 2.8415748,0.031115733 -0.24805606 2.8415748,
  -0.031115733 -0.24805606 2.8415748,-0.091419142 -0.2326855 2.8415748,
  -0.14605785 -0.20289678 2.8415748,-0.19164621 -0.16053576 2.8415748,
  -0.22535939 -0.10822728 2.8415748,-0.24510838 -0.049212598 2.8415748,
  -0.24510838 0.049212598 2.8415748,-0.2494549 0.016500032 2.8415748,
  -0.2494549 -0.016500032 2.8415748,-0.22535939 0.10822728 2.8415748,
  -0.19164621 0.16053576 2.8415748,-0.14605785 0.20289678 2.8415748,
  -0.091419142 0.2326855 2.8415748,-0.031115733 0.24805606 2.8415748,
  0.031115733 0.24805606 2.8415748,0.091419142 0.2326855 2.8415748,
  0.14605785 0.20289678 2.8415748,0.19164621 0.16053576 2.8415748,
  0.22535939 0.10822728 2.8415748] }
 coordIndex [
  39,10,9,-1,38,9,8,-1,38,39,9,-1,40,11,10,-1,40,10,39,-1,37,8,7,-1,37,38,8,-1,41,11,40,-1,
  36,7,6,-1,36,37,7,-1,44,12,11,-1,44,11,41,-1,43,13,12,-1,43,12,44,-1,35,6,5,-1,35,36,6,-1,
  42,13,43,-1,34,5,4,-1,34,35,5,-1,45,14,13,-1,45,13,42,-1,33,34,4,-1,46,14,45,-1,3,33,4,-1,
  15,14,46,-1,32,33,3,-1,47,15,46,-1,2,32,3,-1,2,31,32,-1,16,15,47,-1,16,47,48,-1,17,16,48,-1,
  17,48,49,-1,1,29,28,-1,1,28,31,-1,1,31,2,-1,18,17,49,-1,18,49,50,-1,0,25,24,-1,0,26,25,-1,
  0,30,29,-1,0,24,30,-1,0,29,1,-1,19,50,51,-1,19,18,50,-1,23,27,26,-1,23,54,27,-1,23,26,0,-1,
  20,19,51,-1,20,51,52,-1,22,53,54,-1,22,54,23,-1,21,52,53,-1,21,20,52,-1,21,53,22,-1]
  normalPerVertex TRUE
  normal DEF NORM_92 Normal { vector [
  0 0 1,0 0 1,
  0 0 1,0 0 1,
  0 0 1,0 0 1,
  0 0 1,0 0 1,
  0 0 1,0 0 1,
  0 0 1,0 0 1,
  0 0 1,0 0 1,
  0 0 1,0 0 1,
  0 0 1,0 0 1,
  0 0 1,0 0 1,
  0 0 1,0 0 1,
  0 0 1,0 0 1,
  0 0 1,0 0 1,
  0 0 1,0 0 1,
  0 0 1,0 0 1,
  0 0 1,0 0 1,
  0 0 1,0 0 1,
  0 0 1,0 0 1,
  0 0 1,0 0 1,
  0 0 1,0 0 1,
  0 0 1,0 0 1,
  0 0 1,0 0 1,
  0 0 1,0 0 1,
  0 0 1,0 0 1,
  0 0 1,0 0 1,
  0 0 1,0 0 1,
  0 0 1,0 0 1,
  0 0 1] }
}
}
DEF SHAPE_93 Shape {
 appearance USE APP_4
 geometry DEF FACE_93 IndexedFaceSet {
  coord DEF COORD_93 Coordinate { point [
  0.24510838 0.049212598 2.8415748,0.24510838 0.049212598 1.7785827,
  0.25 0 2.8415748,0.2494549 0.016500032 2.8415748,
  0.24782199 0.032928111 2.8415748,0.25 0 1.7785827,
  0.24782199 0.032928111 1.7785827,0.2494549 0.016500032 1.7785827] }
 coordIndex [
  6,0,1,-1,6,4,0,-1,7,3,4,-1,7,4,6,-1,5,2,3,-1,5,3,7,-1]
  normalPerVertex TRUE
  normal DEF NORM_93 Normal { vector [
  -0.98639858 -0.16437104 0,-0.98639858 -0.16437104 0,
  -0.99945475 -0.033018067 0,-0.99848587 -0.055008777 0,
  -0.9926782 -0.12078903 0,-0.99945475 -0.033018067 0,
  -0.98977753 -0.14261989 0,-0.99703237 -0.076983477 0] }
}
}
DEF SHAPE_94 Shape {
 appearance USE APP_4
 geometry DEF FACE_94 IndexedFaceSet {
  coord DEF COORD_94 Coordinate { point [
  0.24510838 -0.049212598 2.8415748,0.24782199 -0.032928111 2.8415748,
  0.2494549 -0.016500032 2.8415748,0.25 0 2.8415748,
  0.24510838 -0.049212598 1.7785827,0.25 0 1.7785827,
  0.2494549 -0.016500032 1.7785827,0.24782199 -0.032928111 1.7785827] }
 coordIndex [
  6,1,2,-1,6,2,3,-1,6,3,5,-1,7,0,1,-1,7,1,6,-1,4,0,7,-1]
  normalPerVertex TRUE
  normal DEF NORM_94 Normal { vector [
  -0.98639858 0.16437104 0,-0.9926782 0.12078903 0,
  -0.99781961 0.066000128 0,-0.99945475 0.033018067 0,
  -0.98639858 0.16437104 0,-0.99945475 0.033018067 0,
  -0.99781961 0.066000128 0,-0.98977753 0.14261989 0] }
}
}
DEF SHAPE_95 Shape {
 appearance USE APP_3
 geometry DEF FACE_95 IndexedFaceSet {
  coord DEF COORD_95 Coordinate { point [
  -0.18449409 0.049212598 2.7825197,-0.19815385 0.049212598 2.7957483,
  -0.21276206 0.049212598 2.8099542,-0.22838864 0.049212598 2.8252054,
  -0.24510838 0.049212598 2.8415748,-0.22535939 0.10822728 2.8415748,
  -0.19164621 0.16053576 2.8415748,-0.14605785 0.20289678 2.8415748,
  -0.091419142 0.2326855 2.8415748,-0.031115733 0.24805606 2.8415748,
  0.031115733 0.24805606 2.8415748,0.091419142 0.2326855 2.8415748,
  0.14605785 0.20289678 2.8415748,0.19164621 0.16053576 2.8415748,
  0.22535939 0.10822728 2.8415748,0.24510838 0.049212598 2.8415748,
  0.22838864 0.049212598 2.8252054,0.21276206 0.049212598 2.8099542,
  0.18449409 0.049212598 2.7825197,-0.16767249 0.091355809 2.7825197,
  -0.14138186 0.12833985 2.7825197,-0.10710693 0.1580761 2.7825197,
  -0.066783298 0.17888527 2.7825197,-0.022688192 0.18959218 2.7825197,
  0.022688192 0.18959218 2.7825197,0.066783298 0.17888527 2.7825197,
  0.10710693 0.1580761 2.7825197,0.14138186 0.12833985 2.7825197,
  0.16767249 0.091355809 2.7825197] }
 coordIndex [
  28,18,17,-1,14,16,15,-1,14,17,16,-1,14,28,17,-1,13,27,28,-1,13,28,14,-1,12,26,27,-1,12,27,13,-1,
  11,25,26,-1,11,26,12,-1,10,24,25,-1,10,25,11,-1,9,22,23,-1,9,23,24,-1,9,24,10,-1,8,21,22,-1,
  8,22,9,-1,7,20,21,-1,7,21,8,-1,6,19,20,-1,6,20,7,-1,1,0,19,-1,5,19,6,-1,2,1,19,-1,
  2,19,5,-1,3,2,5,-1,4,3,5,-1]
  normalPerVertex TRUE
  normal DEF NORM_95 Normal { vector [
  0.67031639 -0.26755891 0.69216195,0.67092063 -0.26826576 0.69130239,
  0.66485396 -0.24230436 0.70658178,0.68061771 -0.22805827 0.69623915,
  0.68116341 -0.2279482 0.69574135,0.6420751 -0.30016542 0.70543624,
  0.55376451 -0.4441445 0.70432985,0.42833876 -0.5654597 0.7048271,
  0.27717882 -0.65237821 0.70538966,0.086435546 -0.7027093 0.70620715,
  -0.10949918 -0.69967836 0.70601708,-0.27717882 -0.65237821 0.70538966,
  -0.42833876 -0.5654597 0.7048271,-0.55376451 -0.4441445 0.70432985,
  -0.6420751 -0.30016542 0.70543624,-0.68116341 -0.2279482 0.69574135,
  -0.68061771 -0.22805827 0.69623915,-0.66550368 -0.24500575 0.7050369,
  -0.67100438 -0.26783353 0.69138869,0.62151243 -0.33695811 0.70723514,
  0.50652152 -0.49292811 0.70743044,0.37331074 -0.60056243 0.70708122,
  0.21806346 -0.67308321 0.70668757,0.08402175 -0.70212146 0.7070826,
  -0.049842734 -0.70620656 0.70624924,-0.21806346 -0.67308321 0.70668757,
  -0.37331074 -0.60056243 0.70708122,-0.50652152 -0.49292811 0.70743044,
  -0.62152356 -0.33691098 0.70724781] }
}
}
DEF SHAPE_96 Shape {
 appearance USE APP_3
 geometry DEF FACE_96 IndexedFaceSet {
  coord DEF COORD_96 Coordinate { point [
  0.24510838 -0.049212598 2.8415748,0.22535939 -0.10822728 2.8415748,
  0.19164621 -0.16053576 2.8415748,0.14605785 -0.20289678 2.8415748,
  0.091419142 -0.2326855 2.8415748,0.031115733 -0.24805606 2.8415748,
  -0.031115733 -0.24805606 2.8415748,-0.091419142 -0.2326855 2.8415748,
  -0.14605785 -0.20289678 2.8415748,-0.19164621 -0.16053576 2.8415748,
  -0.22535939 -0.10822728 2.8415748,-0.24510838 -0.049212598 2.8415748,
  -0.22838864 -0.049212598 2.8252054,-0.21276206 -0.049212598 2.8099542,
  -0.18449409 -0.049212598 2.7825197,0.18449409 -0.049212598 2.7825197,
  0.16767249 -0.091355809 2.7825197,0.14138186 -0.12833985 2.7825197,
  0.10710693 -0.1580761 2.7825197,0.066783298 -0.17888527 2.7825197,
  0.022688192 -0.18959218 2.7825197,-0.022688192 -0.18959218 2.7825197,
  -0.066783298 -0.17888527 2.7825197,-0.10710693 -0.1580761 2.7825197,
  -0.14138186 -0.12833985 2.7825197,-0.16767249 -0.091355809 2.7825197,
  0.19815385 -0.049212598 2.7957483,0.21276206 -0.049212598 2.8099542,
  0.22838864 -0.049212598 2.8252054] }
 coordIndex [
  25,14,13,-1,10,12,11,-1,10,13,12,-1,10,25,13,-1,9,24,25,-1,9,25,10,-1,8,23,24,-1,8,24,9,-1,
  7,22,23,-1,7,23,8,-1,6,21,22,-1,6,22,7,-1,5,19,20,-1,5,20,21,-1,5,21,6,-1,4,18,19,-1,
  4,19,5,-1,3,17,18,-1,3,18,4,-1,2,16,17,-1,2,17,3,-1,26,15,16,-1,1,16,2,-1,27,26,16,-1,
  27,16,1,-1,28,27,1,-1,0,28,1,-1]
  normalPerVertex TRUE
  normal DEF NORM_96 Normal { vector [
  -0.68116341 0.2279482 0.69574135,-0.6420751 0.30016542 0.70543624,
  -0.55376451 0.4441445 0.70432985,-0.42833876 0.5654597 0.7048271,
  -0.27717882 0.65237821 0.70538966,-0.086435546 0.7027093 0.70620715,
  0.10949918 0.69967836 0.70601708,0.27717882 0.65237821 0.70538966,
  0.42833876 0.5654597 0.7048271,0.55376451 0.4441445 0.70432985,
  0.6420751 0.30016542 0.70543624,0.68116341 0.2279482 0.69574135,
  0.68061771 0.22805827 0.69623915,0.66550368 0.24500575 0.7050369,
  0.67100438 0.26783353 0.69138869,-0.67031639 0.26755891 0.69216195,
  -0.62151243 0.33695811 0.70723514,-0.50652152 0.49292811 0.70743044,
  -0.37331074 0.60056243 0.70708122,-0.21806346 0.67308321 0.70668757,
  -0.08402175 0.70212146 0.7070826,0.049842734 0.70620656 0.70624924,
  0.21806346 0.67308321 0.70668757,0.37331074 0.60056243 0.70708122,
  0.50652152 0.49292811 0.70743044,0.62152356 0.33691098 0.70724781,
  -0.67092063 0.26826576 0.69130239,-0.66485396 0.24230436 0.70658178,
  -0.68061771 0.22805827 0.69623915] }
}
}
DEF SHAPE_97 Shape {
 appearance USE APP_4
 geometry DEF FACE_97 IndexedFaceSet {
  coord DEF COORD_97 Coordinate { point [
  -0.25 0 1.7785827,-0.2494549 0.016500032 1.7785827,
  -0.24782199 0.032928111 1.7785827,-0.24510838 0.049212598 1.7785827,
  -0.24510838 -0.049212598 1.7785827,-0.24782199 -0.032928111 1.7785827,
  -0.2494549 -0.016500032 1.7785827,-0.24510838 -0.049212598 2.8415748,
  -0.24510838 0.049212598 2.8415748,-0.2494549 0.016500032 2.8415748,
  -0.2494549 -0.016500032 2.8415748] }
 coordIndex [
  5,7,4,-1,5,10,7,-1,6,10,5,-1,0,9,10,-1,0,10,6,-1,1,9,0,-1,2,8,9,-1,2,9,1,-1,
  3,8,2,-1]
  normalPerVertex TRUE
  normal DEF NORM_97 Normal { vector [
  0.99999997 0 -0.00025639718,0.99781961 -0.066000128 0,
  0.99128793 -0.13171244 -0.00025639718,0.98639858 -0.16437104 0,
  0.98639858 0.16437104 0,0.99128793 0.13171244 -0.00025639718,
  0.99781961 0.066000128 0,0.98977748 0.14261988 -0.00034184217,
  0.98977748 -0.14261988 -0.00034184217,0.99781956 -0.066000124 -0.00034236054,
  0.99781956 0.066000124 -0.00034236054] }
}
}
DEF SHAPE_98 Shape {
 appearance USE APP_3
 geometry DEF FACE_98 IndexedFaceSet {
  coord DEF COORD_98 Coordinate { point [
  0.18449409 0.049212598 1.7785827,0.24510838 0.049212598 1.7785827,
  0.18806882 0.033016155 1.7785827,0.19022451 0.016570593 1.7785827,
  0.19094488 0 1.7785827,0.19022451 -0.016570593 1.7785827,
  0.18806882 -0.033016155 1.7785827,0.18449409 -0.049212598 1.7785827,
  0.24510838 -0.049212598 1.7785827,0.25 0 1.7785827,
  0.2494549 -0.016500032 1.7785827,0.24782199 -0.032928111 1.7785827,
  0.24782199 0.032928111 1.7785827,0.2494549 0.016500032 1.7785827] }
 coordIndex [
  8,6,7,-1,11,5,6,-1,11,6,8,-1,10,4,5,-1,10,5,11,-1,9,4,10,-1,13,3,4,-1,13,4,9,-1,
  12,2,3,-1,12,3,13,-1,1,0,2,-1,1,2,12,-1]
  normalPerVertex TRUE
  normal DEF NORM_98 Normal { vector [
  0 0 1,0 0 1,
  0 0 1,0 0 1,
  0 0 1,0 0 1,
  0 0 1,0 0 1,
  0 0 1,0 0 1,
  0 0 1,0 0 1,
  0 0 1,0 0 1] }
}
}
DEF SHAPE_99 Shape {
 appearance USE APP_3
 geometry DEF FACE_99 IndexedFaceSet {
  coord DEF COORD_99 Coordinate { point [
  0.24510838 0.049212598 2.8415748,0.24510838 0.049212598 1.7785827,
  0.22838864 0.049212598 2.8252054,0.21276206 0.049212598 2.8099542,
  0.18449409 0.049212598 2.7825197,0.18449409 0.049212598 1.7785827] }
 coordIndex [
  4,5,1,-1,3,4,1,-1,2,3,1,-1,0,2,1,-1]
  normalPerVertex TRUE
  normal DEF NORM_99 Normal { vector [
  0 -1 0,0 -1 0,
  0 -1 0,0 -1 0,
  0 -1 0,0 -1 0] }
}
}
DEF SHAPE_100 Shape {
 appearance USE APP_3
 geometry DEF FACE_100 IndexedFaceSet {
  coord DEF COORD_100 Coordinate { point [
  0.18449409 -0.049212598 2.7825197,0.19815385 -0.049212598 2.7957483,
  0.21276206 -0.049212598 2.8099542,0.22838864 -0.049212598 2.8252054,
  0.24510838 -0.049212598 2.8415748,0.24510838 -0.049212598 1.7785827,
  0.18449409 -0.049212598 1.7785827] }
 coordIndex [
  3,4,5,-1,2,3,5,-1,1,2,5,-1,0,5,6,-1,0,1,5,-1]
  normalPerVertex TRUE
  normal DEF NORM_100 Normal { vector [
  0 1 0,0 1 0,
  0 1 0,0 1 0,
  0 1 0,0 1 0,
  0 1 0] }
}
}
DEF SHAPE_101 Shape {
 appearance USE APP_3
 geometry DEF FACE_101 IndexedFaceSet {
  coord DEF COORD_101 Coordinate { point [
  0.18449409 -0.049212598 2.7825197,0.18449409 -0.049212598 1.7785827,
  0.16767249 -0.091355809 2.7825197,0.14138186 -0.12833985 2.7825197,
  0.10710693 -0.1580761 2.7825197,0.066783298 -0.17888527 2.7825197,
  0.022688192 -0.18959218 2.7825197,-0.022688192 -0.18959218 2.7825197,
  -0.066783298 -0.17888527 2.7825197,-0.10710693 -0.1580761 2.7825197,
  -0.14138186 -0.12833985 2.7825197,-0.16767249 -0.091355809 2.7825197,
  -0.18449409 -0.049212598 2.7825197,-0.18449409 -0.049212598 1.7785827,
  -0.19022451 -0.016570593 1.7785827,-0.19022451 0.016570593 1.7785827,
  -0.18449409 0.049212598 1.7785827,-0.18449409 0.049212598 2.7825197,
  -0.16767249 0.091355809 2.7825197,-0.14138186 0.12833985 2.7825197,
  -0.10710693 0.1580761 2.7825197,-0.066783298 0.17888527 2.7825197,
  -0.022688192 0.18959218 2.7825197,0.022688192 0.18959218 2.7825197,
  0.066783298 0.17888527 2.7825197,0.10710693 0.1580761 2.7825197,
  0.14138186 0.12833985 2.7825197,0.16767249 0.091355809 2.7825197,
  0.18449409 0.049212598 2.7825197,0.18449409 0.049212598 1.7785827,
  0.18806882 0.033016155 1.7785827,0.19022451 0.016570593 1.7785827,
  0.19094488 0 1.7785827,0.19094488 0 1.6604724,
  0.19094488 0 1.6604724,0.18443859 -0.049420172 1.6604724,
  0.16536312 -0.095472441 1.6604724,0.13501842 -0.13501842 1.6604724,
  0.095472441 -0.16536312 1.6604724,0.049420172 -0.18443859 1.6604724,
  0 -0.19094488 1.6604724,-0.049420172 -0.18443859 1.6604724,
  -0.095472441 -0.16536312 1.6604724,-0.13501842 -0.13501842 1.6604724,
  -0.16536312 -0.095472441 1.6604724,-0.18443859 -0.049420172 1.6604724,
  -0.19094488 0 1.6604724,-0.18443859 0.049420172 1.6604724,
  -0.16536312 0.095472441 1.6604724,-0.13501842 0.13501842 1.6604724,
  -0.095472441 0.16536312 1.6604724,-0.049420172 0.18443859 1.6604724,
  0 0.19094488 1.6604724,0.049420172 0.18443859 1.6604724,
  0.095472441 0.16536312 1.6604724,0.13501842 0.13501842 1.6604724,
  0.16536312 0.095472441 1.6604724,0.18443859 0.049420172 1.6604724,
  0.19094488 0 1.7785827,0.19022451 -0.016570593 1.7785827,
  0.18806882 -0.033016155 1.7785827] }
 coordIndex [
  59,58,34,-1,60,59,34,-1,1,2,0,-1,35,1,60,-1,35,60,34,-1,36,3,2,-1,36,2,1,-1,36,1,35,-1,
  37,4,3,-1,37,3,36,-1,38,5,4,-1,38,4,37,-1,39,6,5,-1,39,5,38,-1,40,7,6,-1,40,6,39,-1,
  41,8,7,-1,41,7,40,-1,42,8,41,-1,42,9,8,-1,43,10,9,-1,43,9,42,-1,44,11,10,-1,44,10,43,-1,
  13,11,44,-1,13,12,11,-1,45,13,44,-1,14,13,45,-1,46,14,45,-1,15,14,46,-1,16,18,17,-1,47,16,15,-1,
  47,15,46,-1,48,19,18,-1,48,16,47,-1,48,18,16,-1,49,20,19,-1,49,19,48,-1,50,21,20,-1,50,20,49,-1,
  51,22,21,-1,51,21,50,-1,52,23,22,-1,52,22,51,-1,53,24,23,-1,53,23,52,-1,54,25,24,-1,54,24,53,-1,
  55,26,25,-1,55,25,54,-1,56,27,26,-1,56,26,55,-1,29,28,27,-1,29,27,56,-1,57,29,56,-1,30,29,57,-1,
  33,31,30,-1,33,32,31,-1,33,30,57,-1]
  normalPerVertex TRUE
  normal DEF NORM_101 Normal { vector [
  -0.92874765 0.37071257 0,-0.92744868 0.37395038 0.00024616346,
  -0.89451449 0.44703894 3.4775421e-05,-0.75987499 0.65006923 -8.6112469e-05,
  -0.57819691 0.81589724 -0.0001691028,-0.36153252 0.93235947 -0.00022442004,
  -0.12299162 0.99240768 -0.00025207578,0.12299162 0.99240768 -0.00025207578,
  0.36153252 0.93235947 -0.00022442004,0.57819691 0.81589724 -0.0001691028,
  0.75987499 0.65006923 -8.6112469e-05,0.89451449 0.44703894 3.4775421e-05,
  0.92874765 0.37071257 0,0.92909283 0.36984652 0.00024614549,
  0.99439976 0.10562349 0.0035780742,0.99439976 -0.10562349 0.0035780742,
  0.92909283 -0.36984652 0.00024614549,0.92874765 -0.37071257 0,
  0.89451449 -0.44703894 3.4775421e-05,0.75987499 -0.65006923 -8.6112469e-05,
  0.57819691 -0.81589724 -0.0001691028,0.36153252 -0.93235947 -0.00022442004,
  0.12299162 -0.99240768 -0.00025207578,-0.12299162 -0.99240768 -0.00025207578,
  -0.36153252 -0.93235947 -0.00022442004,-0.57819691 -0.81589724 -0.0001691028,
  -0.75987499 -0.65006923 -8.6112469e-05,-0.89451449 -0.44703894 3.4775421e-05,
  -0.92874765 -0.37071257 0,-0.92744868 -0.37395038 0.00024616346,
  -0.98901622 -0.14747726 0.0098681449,-0.99620879 -0.086780461 0.006099054,
  -0.99905638 -0.043432021 0,-0.99353729 -0.11307775 0.0098522635,
  -0.99353729 0.11307775 0.0098522635,-0.96755003 0.25262516 0.0052400423,
  -0.85389265 0.52044907 0.00031613604,-0.69118727 0.72267554 0.00045866,
  -0.48708768 0.8733529 0.00054768753,-0.25164102 0.96782046 0.00060109824,
  0 0.99999981 0.00061890084,0.25164102 0.96782046 0.00060109824,
  0.48708768 0.8733529 0.00054768753,0.69118727 0.72267554 0.00045866,
  0.85389265 0.52044907 0.00031613604,0.97139698 0.23741711 0.0045855579,
  0.9999701 0 0.0077331023,0.97139698 -0.23741711 0.0045855579,
  0.85389265 -0.52044907 0.00031613604,0.69118727 -0.72267554 0.00045866,
  0.48708768 -0.8733529 0.00054768753,0.25164102 -0.96782046 0.00060109824,
  0 -0.99999981 0.00061890084,-0.25164102 -0.96782046 0.00060109824,
  -0.48708768 -0.8733529 0.00054768753,-0.69118727 -0.72267554 0.00045866,
  -0.85389265 -0.52044907 0.00031613604,-0.96755003 -0.25262516 0.0052400423,
  -0.99905638 0.043432021 0,-0.99620879 0.086780461 0.006099054,
  -0.98901622 0.14747726 0.0098681449] }
}
}
DEF SHAPE_102 Shape {
 appearance USE APP_3
 geometry DEF FACE_102 IndexedFaceSet {
  coord DEF COORD_102 Coordinate { point [
  -0.18449409 0.049212598 2.7825197,-0.19815385 0.049212598 2.7957483,
  -0.21276206 0.049212598 2.8099542,-0.22838864 0.049212598 2.8252054,
  -0.24510838 0.049212598 2.8415748,-0.24510838 0.049212598 1.7785827,
  -0.18449409 0.049212598 1.7785827] }
 coordIndex [
  3,4,5,-1,2,3,5,-1,1,2,5,-1,0,5,6,-1,0,1,5,-1]
  normalPerVertex TRUE
  normal DEF NORM_102 Normal { vector [
  0 -1 0,0 -1 0,
  0 -1 0,0 -1 0,
  0 -1 0,0 -1 0,
  0 -1 0] }
}
}
DEF SHAPE_103 Shape {
 appearance USE APP_3
 geometry DEF FACE_103 IndexedFaceSet {
  coord DEF COORD_103 Coordinate { point [
  -0.24510838 -0.049212598 2.8415748,-0.24510838 -0.049212598 1.7785827,
  -0.22838864 -0.049212598 2.8252054,-0.21276206 -0.049212598 2.8099542,
  -0.18449409 -0.049212598 2.7825197,-0.18449409 -0.049212598 1.7785827] }
 coordIndex [
  4,5,1,-1,3,4,1,-1,2,3,1,-1,0,2,1,-1]
  normalPerVertex TRUE
  normal DEF NORM_103 Normal { vector [
  0 1 0,0 1 0,
  0 1 0,0 1 0,
  0 1 0,0 1 0] }
}
}
DEF SHAPE_104 Shape {
 appearance USE APP_3
 geometry DEF FACE_104 IndexedFaceSet {
  coord DEF COORD_104 Coordinate { point [
  -0.24510838 0.049212598 1.7785827,-0.18449409 0.049212598 1.7785827,
  -0.25 0 1.7785827,-0.2494549 0.016500032 1.7785827,
  -0.24782199 0.032928111 1.7785827,-0.24510838 -0.049212598 1.7785827,
  -0.24782199 -0.032928111 1.7785827,-0.2494549 -0.016500032 1.7785827,
  -0.18449409 -0.049212598 1.7785827,-0.19022451 -0.016570593 1.7785827,
  -0.19022451 0.016570593 1.7785827] }
 coordIndex [
  9,6,5,-1,9,7,6,-1,9,2,7,-1,9,5,8,-1,10,3,2,-1,10,4,3,-1,10,0,4,-1,10,2,9,-1,
  1,0,10,-1]
  normalPerVertex TRUE
  normal DEF NORM_104 Normal { vector [
  0 0 1,0 0 1,
  0 0 1,0 0 1,
  0 0 1,0 0 1,
  0 0 1,0 0 1,
  0 0 1,0 0 1,
  0 0 1] }
}
}
DEF SHAPE_105 Shape {
 appearance USE APP_3
 geometry DEF FACE_105 IndexedFaceSet {
  coord DEF COORD_105 Coordinate { point [
  0.19094488 0 1.6604724,0.18443859 -0.049420172 1.6604724,
  0.16536312 -0.095472441 1.6604724,0.13501842 -0.13501842 1.6604724,
  0.095472441 -0.16536312 1.6604724,0.049420172 -0.18443859 1.6604724,
  0 -0.19094488 1.6604724,-0.049420172 -0.18443859 1.6604724,
  -0.095472441 -0.16536312 1.6604724,-0.13501842 -0.13501842 1.6604724,
  -0.16536312 -0.095472441 1.6604724,-0.18443859 -0.049420172 1.6604724,
  -0.19094488 0 1.6604724,-0.18443859 0.049420172 1.6604724,
  -0.16536312 0.095472441 1.6604724,-0.13501842 0.13501842 1.6604724,
  -0.095472441 0.16536312 1.6604724,-0.049420172 0.18443859 1.6604724,
  0 0.19094488 1.6604724,0.049420172 0.18443859 1.6604724,
  0.095472441 0.16536312 1.6604724,0.13501842 0.13501842 1.6604724,
  0.16536312 0.095472441 1.6604724,0.18443859 0.049420172 1.6604724] }
 coordIndex [
  20,19,18,-1,22,21,20,-1,1,0,23,-1,3,2,1,-1,3,5,4,-1,3,6,5,-1,3,7,6,-1,3,8,7,-1,
  3,9,8,-1,3,10,9,-1,3,11,10,-1,3,12,11,-1,3,13,12,-1,3,14,13,-1,3,15,14,-1,3,16,15,-1,
  3,17,16,-1,3,18,17,-1,3,23,22,-1,3,20,18,-1,3,1,23,-1,3,22,20,-1]
  normalPerVertex TRUE
  normal DEF NORM_105 Normal { vector [
  0 0 1,0 0 1,
  0 0 1,0 0 1,
  0 0 1,0 0 1,
  0 0 1,0 0 1,
  0 0 1,0 0 1,
  0 0 1,0 0 1,
  0 0 1,0 0 1,
  0 0 1,0 0 1,
  0 0 1,0 0 1,
  0 0 1,0 0 1,
  0 0 1,0 0 1,
  0 0 1,0 0 1] }
}
}
] }
] }
] }
] }
DEF TXFM_10 Transform {
  center 0 0 0
  rotation 0 0 1 1.5707963
  scale 1 1 1
  scaleOrientation 0 0 1 0
  translation 57.312992 -45.787402 0.31496063
 children [
USE TXFM_3
] }
DEF TXFM_11 Transform {
  center 0 0 0
  rotation 0 0 1 1.5707963
  scale 1 1 1
  scaleOrientation 0 0 1 0
  translation 49.192913 -45.767717 0.31496063
 children [
USE TXFM_3
] }
DEF TXFM_12 Transform {
  center 0 0 0
  rotation 0 0 1 1.5707963
  scale 1 1 1
  scaleOrientation 0 0 1 0
  translation 48.326772 -45.777559 0.31496063
 children [
USE TXFM_3
] }
DEF TXFM_13 Transform {
  center 0 0 0
  rotation 0 0 1 0
  scale 1 1 1
  scaleOrientation 0 0 1 0
  translation 49.409449 -47.637795 0.31496063
 children [
DEF TXFM_14 Transform {
  center 0 0 0
  rotation 0 0 1 0
  scale 1 1 1
  scaleOrientation 0 0 1 0
  translation 0 0 0
 children [
DEF TXFM_15 Transform {
  center 0 0 0
  rotation 0 0 1 0
  scale 1 1 1
  scaleOrientation 0 0 1 0
  translation 0 0 0
 children [
DEF TXFM_16 Transform {
  center 0 0 0
  rotation 0 0 1 0
  scale 1 1 1
  scaleOrientation 0 0 1 0
  translation 0 0 0
 children [
DEF SHAPE_106 Shape {
 appearance DEF APP_5 Appearance {
  material Material {
   ambientIntensity 0.686634
   diffuseColor 0.148 0.145 0.145
   emissiveColor 0 0 0
   shininess 0.1
   specularColor 0.12 0.12 0.12
   transparency 0
} }
 geometry DEF FACE_106 IndexedFaceSet {
  coord DEF COORD_106 Coordinate { point [
  -0.67621482 0.91935877 0.039370079,0.67621482 0.91935877 0.039370079,
  0.6988189 0.96456693 0.32480315,-0.6988189 0.96456693 0.32480315] }
 coordIndex [
  2,1,0,-1,2,0,3,-1]
  normalPerVertex TRUE
  normal DEF NORM_106 Normal { vector [
  0 0.98768834 -0.15643447,0 0.98768834 -0.15643447,
  0 0.98768834 -0.15643447,0 0.98768834 -0.15643447] }
}
}
DEF SHAPE_107 Shape {
 appearance USE APP_5
 geometry DEF FACE_107 IndexedFaceSet {
  coord DEF COORD_107 Coordinate { point [
  -0.72250838 0.87306521 0.039370079,-0.67621482 0.91935877 0.039370079,
  -0.72250838 -0.87306521 0.039370079,-0.67621482 -0.91935877 0.039370079,
  0.67621482 -0.91935877 0.039370079,0.72250838 -0.87306521 0.039370079,
  0.72250838 0.87306521 0.039370079,0.67621482 0.91935877 0.039370079] }
 coordIndex [
  6,0,1,-1,6,1,7,-1,5,2,0,-1,5,3,2,-1,5,4,3,-1,5,0,6,-1]
  normalPerVertex TRUE
  normal DEF NORM_107 Normal { vector [
  0 0 -1,0 0 -1,
  0 0 -1,0 0 -1,
  0 0 -1,0 0 -1,
  0 0 -1,0 0 -1] }
}
}
DEF SHAPE_108 Shape {
 appearance USE APP_5
 geometry DEF FACE_108 IndexedFaceSet {
  coord DEF COORD_108 Coordinate { point [
  0.67621482 0.91935877 0.039370079,0.72250838 0.87306521 0.039370079,
  0.76771654 0.89566929 0.32480315,0.6988189 0.96456693 0.32480315] }
 coordIndex [
  3,1,0,-1,2,1,3,-1]
  normalPerVertex TRUE
  normal DEF NORM_108 Normal { vector [
  0.69733537 0.69733537 -0.16567061,0.69733537 0.69733537 -0.16567061,
  0.69733537 0.69733537 -0.16567061,0.69733537 0.69733537 -0.16567061] }
}
}
DEF SHAPE_109 Shape {
 appearance USE APP_5
 geometry DEF FACE_109 IndexedFaceSet {
  coord DEF COORD_109 Coordinate { point [
  -0.6988189 0.96456693 0.32480315,0.6988189 0.96456693 0.32480315,
  0.6988189 0.96456693 0.40354331,-0.6988189 0.96456693 0.40354331] }
 coordIndex [
  2,1,0,-1,2,0,3,-1]
  normalPerVertex TRUE
  normal DEF NORM_109 Normal { vector [
  0 1 0,0 1 0,
  0 1 0,0 1 0] }
}
}
DEF SHAPE_110 Shape {
 appearance USE APP_5
 geometry DEF FACE_110 IndexedFaceSet {
  coord DEF COORD_110 Coordinate { point [
  -0.72250838 0.87306521 0.039370079,-0.67621482 0.91935877 0.039370079,
  -0.6988189 0.96456693 0.32480315,-0.76771654 0.89566929 0.32480315] }
 coordIndex [
  3,1,0,-1,2,1,3,-1]
  normalPerVertex TRUE
  normal DEF NORM_110 Normal { vector [
  -0.69733537 0.69733537 -0.16567061,-0.69733537 0.69733537 -0.16567061,
  -0.69733537 0.69733537 -0.16567061,-0.69733537 0.69733537 -0.16567061] }
}
}
DEF SHAPE_111 Shape {
 appearance USE APP_5
 geometry DEF FACE_111 IndexedFaceSet {
  coord DEF COORD_111 Coordinate { point [
  -0.72250838 -0.87306521 0.039370079,-0.72250838 0.87306521 0.039370079,
  -0.76771654 0.89566929 0.32480315,-0.76771654 0.83070866 0.32480315,
  -0.76771654 0.66929134 0.32480315,-0.76771654 0.33070866 0.32480315,
  -0.76771654 0.16929134 0.32480315,-0.76771654 -0.16929134 0.32480315,
  -0.76771654 -0.33070866 0.32480315,-0.76771654 -0.66929134 0.32480315,
  -0.76771654 -0.83070866 0.32480315,-0.76771654 -0.89566929 0.32480315] }
 coordIndex [
  10,0,11,-1,9,0,10,-1,8,0,9,-1,7,0,8,-1,1,6,5,-1,1,7,6,-1,1,0,7,-1,4,1,5,-1,
  3,1,4,-1,2,1,3,-1]
  normalPerVertex TRUE
  normal DEF NORM_111 Normal { vector [
  -0.98768834 0 -0.15643447,-0.98768834 0 -0.15643447,
  -0.98768834 0 -0.15643447,-0.98768834 0 -0.15643447,
  -0.98768834 0 -0.15643447,-0.98768834 0 -0.15643447,
  -0.98768834 0 -0.15643447,-0.98768834 0 -0.15643447,
  -0.98768834 0 -0.15643447,-0.98768834 0 -0.15643447,
  -0.98768834 0 -0.15643447,-0.98768834 0 -0.15643447] }
}
}
DEF SHAPE_112 Shape {
 appearance USE APP_5
 geometry DEF FACE_112 IndexedFaceSet {
  coord DEF COORD_112 Coordinate { point [
  0.72250838 0.87306521 0.039370079,0.72250838 -0.87306521 0.039370079,
  0.76771654 -0.89566929 0.32480315,0.76771654 -0.83070866 0.32480315,
  0.76771654 -0.66929134 0.32480315,0.76771654 -0.33070866 0.32480315,
  0.76771654 -0.16929134 0.32480315,0.76771654 0.16929134 0.32480315,
  0.76771654 0.33070866 0.32480315,0.76771654 0.66929134 0.32480315,
  0.76771654 0.83070866 0.32480315,0.76771654 0.89566929 0.32480315] }
 coordIndex [
  10,0,11,-1,9,0,10,-1,8,0,9,-1,7,0,8,-1,1,6,5,-1,1,7,6,-1,1,0,7,-1,4,1,5,-1,
  3,1,4,-1,2,1,3,-1]
  normalPerVertex TRUE
  normal DEF NORM_112 Normal { vector [
  0.98768834 0 -0.15643447,0.98768834 0 -0.15643447,
  0.98768834 0 -0.15643447,0.98768834 0 -0.15643447,
  0.98768834 0 -0.15643447,0.98768834 0 -0.15643447,
  0.98768834 0 -0.15643447,0.98768834 0 -0.15643447,
  0.98768834 0 -0.15643447,0.98768834 0 -0.15643447,
  0.98768834 0 -0.15643447,0.98768834 0 -0.15643447] }
}
}
DEF SHAPE_113 Shape {
 appearance USE APP_5
 geometry DEF FACE_113 IndexedFaceSet {
  coord DEF COORD_113 Coordinate { point [
  -0.67621482 -0.91935877 0.039370079,-0.72250838 -0.87306521 0.039370079,
  -0.76771654 -0.89566929 0.32480315,-0.6988189 -0.96456693 0.32480315] }
 coordIndex [
  3,1,0,-1,2,1,3,-1]
  normalPerVertex TRUE
  normal DEF NORM_113 Normal { vector [
  -0.69733537 -0.69733537 -0.16567061,-0.69733537 -0.69733537 -0.16567061,
  -0.69733537 -0.69733537 -0.16567061,-0.69733537 -0.69733537 -0.16567061] }
}
}
DEF SHAPE_114 Shape {
 appearance USE APP_5
 geometry DEF FACE_114 IndexedFaceSet {
  coord DEF COORD_114 Coordinate { point [
  0.72250838 -0.87306521 0.039370079,0.67621482 -0.91935877 0.039370079,
  0.6988189 -0.96456693 0.32480315,0.76771654 -0.89566929 0.32480315] }
 coordIndex [
  3,1,0,-1,2,1,3,-1]
  normalPerVertex TRUE
  normal DEF NORM_114 Normal { vector [
  0.69733537 -0.69733537 -0.16567061,0.69733537 -0.69733537 -0.16567061,
  0.69733537 -0.69733537 -0.16567061,0.69733537 -0.69733537 -0.16567061] }
}
}
DEF SHAPE_115 Shape {
 appearance USE APP_5
 geometry DEF FACE_115 IndexedFaceSet {
  coord DEF COORD_115 Coordinate { point [
  0.67621482 -0.91935877 0.039370079,-0.67621482 -0.91935877 0.039370079,
  -0.6988189 -0.96456693 0.32480315,0.6988189 -0.96456693 0.32480315] }
 coordIndex [
  2,1,0,-1,2,0,3,-1]
  normalPerVertex TRUE
  normal DEF NORM_115 Normal { vector [
  0 -0.98768834 -0.15643447,0 -0.98768834 -0.15643447,
  0 -0.98768834 -0.15643447,0 -0.98768834 -0.15643447] }
}
}
DEF SHAPE_116 Shape {
 appearance USE APP_5
 geometry DEF FACE_116 IndexedFaceSet {
  coord DEF COORD_116 Coordinate { point [
  0.6988189 0.96456693 0.32480315,0.76771654 0.89566929 0.32480315,
  0.76771654 0.89566929 0.40354331,0.6988189 0.96456693 0.40354331] }
 coordIndex [
  2,1,0,-1,2,0,3,-1]
  normalPerVertex TRUE
  normal DEF NORM_116 Normal { vector [
  0.70710678 0.70710678 0,0.70710678 0.70710678 0,
  0.70710678 0.70710678 0,0.70710678 0.70710678 0] }
}
}
DEF SHAPE_117 Shape {
 appearance USE APP_5
 geometry DEF FACE_117 IndexedFaceSet {
  coord DEF COORD_117 Coordinate { point [
  -0.76771654 0.89566929 0.40354331,-0.6988189 0.96456693 0.40354331,
  0.6988189 0.96456693 0.40354331,0.76771654 0.89566929 0.40354331,
  0.76771654 0.83070866 0.40354331,0.73818898 0.83070866 0.40354331,
  0.73818898 0.88090551 0.40354331,0.68405512 0.93503937 0.40354331,
  -0.68405512 0.93503937 0.40354331,-0.73818898 0.88090551 0.40354331,
  -0.73818898 0.83070866 0.40354331,-0.76771654 0.83070866 0.40354331] }
 coordIndex [
  9,1,0,-1,9,8,1,-1,11,9,0,-1,10,9,11,-1,7,2,1,-1,7,1,8,-1,6,2,7,-1,3,2,6,-1,
  4,6,5,-1,4,3,6,-1]
  normalPerVertex TRUE
  normal DEF NORM_117 Normal { vector [
  0 0 1,0 0 1,
  0 0 1,0 0 1,
  0 0 1,0 0 1,
  0 0 1,0 0 1,
  0 0 1,0 0 1,
  0 0 1,0 0 1] }
}
}
DEF SHAPE_118 Shape {
 appearance USE APP_5
 geometry DEF FACE_118 IndexedFaceSet {
  coord DEF COORD_118 Coordinate { point [
  -0.76771654 0.89566929 0.32480315,-0.6988189 0.96456693 0.32480315,
  -0.6988189 0.96456693 0.40354331,-0.76771654 0.89566929 0.40354331] }
 coordIndex [
  2,1,0,-1,2,0,3,-1]
  normalPerVertex TRUE
  normal DEF NORM_118 Normal { vector [
  -0.70710678 0.70710678 0,-0.70710678 0.70710678 0,
  -0.70710678 0.70710678 0,-0.70710678 0.70710678 0] }
}
}
DEF SHAPE_119 Shape {
 appearance USE APP_5
 geometry DEF FACE_119 IndexedFaceSet {
  coord DEF COORD_119 Coordinate { point [
  -0.76771654 -0.89566929 0.32480315,-0.76771654 -0.89566929 0.40354331,
  -0.76771654 -0.83070866 0.32480315,-0.76771654 -0.83070866 0.40354331] }
 coordIndex [
  3,0,1,-1,3,2,0,-1]
  normalPerVertex TRUE
  normal DEF NORM_119 Normal { vector [
  -1 0 0,-1 0 0,
  -1 0 0,-1 0 0] }
}
}
DEF SHAPE_120 Shape {
 appearance DEF APP_6 Appearance {
  material Material {
   ambientIntensity 0.122244
   diffuseColor 0.824 0.81999999 0.78100002
   emissiveColor 0 0 0
   shininess 0.1
   specularColor 0.12 0.12 0.12
   transparency 0
} }
 geometry DEF FACE_120 IndexedFaceSet {
  coord DEF COORD_120 Coordinate { point [
  -0.76771654 -0.83070866 0.32480315,-0.88582677 -0.83070866 0.32480315,
  -0.76771654 -0.66929134 0.32480315,-0.88582677 -0.66929134 0.32480315] }
 coordIndex [
  1,2,0,-1,1,3,2,-1]
  normalPerVertex TRUE
  normal DEF NORM_120 Normal { vector [
  0 0 -1,0 0 -1,
  0 0 -1,0 0 -1] }
}
}
DEF SHAPE_121 Shape {
 appearance USE APP_5
 geometry DEF FACE_121 IndexedFaceSet {
  coord DEF COORD_121 Coordinate { point [
  -0.76771654 -0.66929134 0.32480315,-0.76771654 -0.66929134 0.40354331,
  -0.76771654 -0.33070866 0.32480315,-0.76771654 -0.33070866 0.40354331] }
 coordIndex [
  3,0,1,-1,3,2,0,-1]
  normalPerVertex TRUE
  normal DEF NORM_121 Normal { vector [
  -1 0 0,-1 0 0,
  -1 0 0,-1 0 0] }
}
}
DEF SHAPE_122 Shape {
 appearance USE APP_6
 geometry DEF FACE_122 IndexedFaceSet {
  coord DEF COORD_122 Coordinate { point [
  -0.76771654 -0.33070866 0.32480315,-0.88582677 -0.33070866 0.32480315,
  -0.76771654 -0.16929134 0.32480315,-0.88582677 -0.16929134 0.32480315] }
 coordIndex [
  1,2,0,-1,1,3,2,-1]
  normalPerVertex TRUE
  normal DEF NORM_122 Normal { vector [
  0 0 -1,0 0 -1,
  0 0 -1,0 0 -1] }
}
}
DEF SHAPE_123 Shape {
 appearance USE APP_5
 geometry DEF FACE_123 IndexedFaceSet {
  coord DEF COORD_123 Coordinate { point [
  -0.76771654 -0.16929134 0.32480315,-0.76771654 -0.16929134 0.40354331,
  -0.76771654 0.16929134 0.32480315,-0.76771654 0.16929134 0.40354331] }
 coordIndex [
  3,0,1,-1,3,2,0,-1]
  normalPerVertex TRUE
  normal DEF NORM_123 Normal { vector [
  -1 0 0,-1 0 0,
  -1 0 0,-1 0 0] }
}
}
DEF SHAPE_124 Shape {
 appearance USE APP_6
 geometry DEF FACE_124 IndexedFaceSet {
  coord DEF COORD_124 Coordinate { point [
  -0.76771654 0.16929134 0.32480315,-0.88582677 0.16929134 0.32480315,
  -0.76771654 0.33070866 0.32480315,-0.88582677 0.33070866 0.32480315] }
 coordIndex [
  1,2,0,-1,1,3,2,-1]
  normalPerVertex TRUE
  normal DEF NORM_124 Normal { vector [
  0 0 -1,0 0 -1,
  0 0 -1,0 0 -1] }
}
}
DEF SHAPE_125 Shape {
 appearance USE APP_5
 geometry DEF FACE_125 IndexedFaceSet {
  coord DEF COORD_125 Coordinate { point [
  -0.76771654 0.33070866 0.32480315,-0.76771654 0.33070866 0.40354331,
  -0.76771654 0.66929134 0.32480315,-0.76771654 0.66929134 0.40354331] }
 coordIndex [
  3,0,1,-1,3,2,0,-1]
  normalPerVertex TRUE
  normal DEF NORM_125 Normal { vector [
  -1 0 0,-1 0 0,
  -1 0 0,-1 0 0] }
}
}
DEF SHAPE_126 Shape {
 appearance USE APP_6
 geometry DEF FACE_126 IndexedFaceSet {
  coord DEF COORD_126 Coordinate { point [
  -0.76771654 0.66929134 0.32480315,-0.88582677 0.66929134 0.32480315,
  -0.76771654 0.83070866 0.32480315,-0.88582677 0.83070866 0.32480315] }
 coordIndex [
  1,2,0,-1,1,3,2,-1]
  normalPerVertex TRUE
  normal DEF NORM_126 Normal { vector [
  0 0 -1,0 0 -1,
  0 0 -1,0 0 -1] }
}
}
DEF SHAPE_127 Shape {
 appearance USE APP_5
 geometry DEF FACE_127 IndexedFaceSet {
  coord DEF COORD_127 Coordinate { point [
  -0.76771654 0.83070866 0.32480315,-0.76771654 0.83070866 0.40354331,
  -0.76771654 0.89566929 0.32480315,-0.76771654 0.89566929 0.40354331] }
 coordIndex [
  3,0,1,-1,3,2,0,-1]
  normalPerVertex TRUE
  normal DEF NORM_127 Normal { vector [
  -1 0 0,-1 0 0,
  -1 0 0,-1 0 0] }
}
}
DEF SHAPE_128 Shape {
 appearance USE APP_5
 geometry DEF FACE_128 IndexedFaceSet {
  coord DEF COORD_128 Coordinate { point [
  0.76771654 0.89566929 0.32480315,0.76771654 0.89566929 0.40354331,
  0.76771654 0.83070866 0.32480315,0.76771654 0.83070866 0.40354331] }
 coordIndex [
  3,0,1,-1,3,2,0,-1]
  normalPerVertex TRUE
  normal DEF NORM_128 Normal { vector [
  1 0 0,1 0 0,
  1 0 0,1 0 0] }
}
}
DEF SHAPE_129 Shape {
 appearance USE APP_6
 geometry DEF FACE_129 IndexedFaceSet {
  coord DEF COORD_129 Coordinate { point [
  0.76771654 0.83070866 0.32480315,0.88582677 0.83070866 0.32480315,
  0.76771654 0.66929134 0.32480315,0.88582677 0.66929134 0.32480315] }
 coordIndex [
  1,2,0,-1,1,3,2,-1]
  normalPerVertex TRUE
  normal DEF NORM_129 Normal { vector [
  0 0 -1,0 0 -1,
  0 0 -1,0 0 -1] }
}
}
DEF SHAPE_130 Shape {
 appearance USE APP_5
 geometry DEF FACE_130 IndexedFaceSet {
  coord DEF COORD_130 Coordinate { point [
  0.76771654 0.66929134 0.32480315,0.76771654 0.66929134 0.40354331,
  0.76771654 0.33070866 0.32480315,0.76771654 0.33070866 0.40354331] }
 coordIndex [
  3,0,1,-1,3,2,0,-1]
  normalPerVertex TRUE
  normal DEF NORM_130 Normal { vector [
  1 0 0,1 0 0,
  1 0 0,1 0 0] }
}
}
DEF SHAPE_131 Shape {
 appearance USE APP_6
 geometry DEF FACE_131 IndexedFaceSet {
  coord DEF COORD_131 Coordinate { point [
  0.76771654 0.33070866 0.32480315,0.88582677 0.33070866 0.32480315,
  0.76771654 0.16929134 0.32480315,0.88582677 0.16929134 0.32480315] }
 coordIndex [
  1,2,0,-1,1,3,2,-1]
  normalPerVertex TRUE
  normal DEF NORM_131 Normal { vector [
  0 0 -1,0 0 -1,
  0 0 -1,0 0 -1] }
}
}
DEF SHAPE_132 Shape {
 appearance USE APP_5
 geometry DEF FACE_132 IndexedFaceSet {
  coord DEF COORD_132 Coordinate { point [
  0.76771654 0.16929134 0.32480315,0.76771654 0.16929134 0.40354331,
  0.76771654 -0.16929134 0.32480315,0.76771654 -0.16929134 0.40354331] }
 coordIndex [
  3,0,1,-1,3,2,0,-1]
  normalPerVertex TRUE
  normal DEF NORM_132 Normal { vector [
  1 0 0,1 0 0,
  1 0 0,1 0 0] }
}
}
DEF SHAPE_133 Shape {
 appearance USE APP_6
 geometry DEF FACE_133 IndexedFaceSet {
  coord DEF COORD_133 Coordinate { point [
  0.76771654 -0.16929134 0.32480315,0.88582677 -0.16929134 0.32480315,
  0.76771654 -0.33070866 0.32480315,0.88582677 -0.33070866 0.32480315] }
 coordIndex [
  1,2,0,-1,1,3,2,-1]
  normalPerVertex TRUE
  normal DEF NORM_133 Normal { vector [
  0 0 -1,0 0 -1,
  0 0 -1,0 0 -1] }
}
}
DEF SHAPE_134 Shape {
 appearance USE APP_5
 geometry DEF FACE_134 IndexedFaceSet {
  coord DEF COORD_134 Coordinate { point [
  0.76771654 -0.33070866 0.32480315,0.76771654 -0.33070866 0.40354331,
  0.76771654 -0.66929134 0.32480315,0.76771654 -0.66929134 0.40354331] }
 coordIndex [
  3,0,1,-1,3,2,0,-1]
  normalPerVertex TRUE
  normal DEF NORM_134 Normal { vector [
  1 0 0,1 0 0,
  1 0 0,1 0 0] }
}
}
DEF SHAPE_135 Shape {
 appearance USE APP_6
 geometry DEF FACE_135 IndexedFaceSet {
  coord DEF COORD_135 Coordinate { point [
  0.76771654 -0.66929134 0.32480315,0.88582677 -0.66929134 0.32480315,
  0.76771654 -0.83070866 0.32480315,0.88582677 -0.83070866 0.32480315] }
 coordIndex [
  1,2,0,-1,1,3,2,-1]
  normalPerVertex TRUE
  normal DEF NORM_135 Normal { vector [
  0 0 -1,0 0 -1,
  0 0 -1,0 0 -1] }
}
}
DEF SHAPE_136 Shape {
 appearance USE APP_5
 geometry DEF FACE_136 IndexedFaceSet {
  coord DEF COORD_136 Coordinate { point [
  0.76771654 -0.83070866 0.32480315,0.76771654 -0.83070866 0.40354331,
  0.76771654 -0.89566929 0.32480315,0.76771654 -0.89566929 0.40354331] }
 coordIndex [
  3,0,1,-1,3,2,0,-1]
  normalPerVertex TRUE
  normal DEF NORM_136 Normal { vector [
  1 0 0,1 0 0,
  1 0 0,1 0 0] }
}
}
DEF SHAPE_137 Shape {
 appearance USE APP_5
 geometry DEF FACE_137 IndexedFaceSet {
  coord DEF COORD_137 Coordinate { point [
  -0.6988189 -0.96456693 0.32480315,-0.76771654 -0.89566929 0.32480315,
  -0.76771654 -0.89566929 0.40354331,-0.6988189 -0.96456693 0.40354331] }
 coordIndex [
  2,1,0,-1,2,0,3,-1]
  normalPerVertex TRUE
  normal DEF NORM_137 Normal { vector [
  -0.70710678 -0.70710678 0,-0.70710678 -0.70710678 0,
  -0.70710678 -0.70710678 0,-0.70710678 -0.70710678 0] }
}
}
DEF SHAPE_138 Shape {
 appearance USE APP_5
 geometry DEF FACE_138 IndexedFaceSet {
  coord DEF COORD_138 Coordinate { point [
  0.76771654 -0.89566929 0.32480315,0.6988189 -0.96456693 0.32480315,
  0.6988189 -0.96456693 0.40354331,0.76771654 -0.89566929 0.40354331] }
 coordIndex [
  2,1,0,-1,2,0,3,-1]
  normalPerVertex TRUE
  normal DEF NORM_138 Normal { vector [
  0.70710678 -0.70710678 0,0.70710678 -0.70710678 0,
  0.70710678 -0.70710678 0,0.70710678 -0.70710678 0] }
}
}
DEF SHAPE_139 Shape {
 appearance USE APP_5
 geometry DEF FACE_139 IndexedFaceSet {
  coord DEF COORD_139 Coordinate { point [
  0.6988189 -0.96456693 0.32480315,-0.6988189 -0.96456693 0.32480315,
  -0.6988189 -0.96456693 0.40354331,0.6988189 -0.96456693 0.40354331] }
 coordIndex [
  2,1,0,-1,2,0,3,-1]
  normalPerVertex TRUE
  normal DEF NORM_139 Normal { vector [
  0 -1 0,0 -1 0,
  0 -1 0,0 -1 0] }
}
}
DEF SHAPE_140 Shape {
 appearance USE APP_6
 geometry DEF FACE_140 IndexedFaceSet {
  coord DEF COORD_140 Coordinate { point [
  -0.88582677 0.66929134 0.40354331,-0.76771654 0.66929134 0.40354331,
  -0.88582677 0.83070866 0.40354331,-0.76771654 0.83070866 0.40354331,
  -0.73818898 0.83070866 0.40354331,-0.73818898 0.66929134 0.40354331] }
 coordIndex [
  1,2,0,-1,1,3,2,-1,5,4,3,-1,5,3,1,-1]
  normalPerVertex TRUE
  normal DEF NORM_140 Normal { vector [
  0 0 1,0 0 1,
  0 0 1,0 0 1,
  0 0 1,0 0 1] }
}
}
DEF SHAPE_141 Shape {
 appearance USE APP_5
 geometry DEF FACE_141 IndexedFaceSet {
  coord DEF COORD_141 Coordinate { point [
  -0.73818898 -0.88090551 0.40354331,-0.73818898 -0.83070866 0.40354331,
  -0.73818898 -0.66929134 0.40354331,-0.73818898 -0.33070866 0.40354331,
  -0.73818898 -0.16929134 0.40354331,-0.73818898 0.16929134 0.40354331,
  -0.73818898 0.33070866 0.40354331,-0.73818898 0.66929134 0.40354331,
  -0.73818898 0.83070866 0.40354331,-0.73818898 0.88090551 0.40354331,
  -0.69298082 0.85830143 0.68897638,-0.69298082 -0.85830143 0.68897638] }
 coordIndex [
  11,1,0,-1,11,2,1,-1,3,2,11,-1,4,3,11,-1,10,6,5,-1,10,7,6,-1,10,8,7,-1,10,9,8,-1,
  10,5,11,-1,5,4,11,-1]
  normalPerVertex TRUE
  normal DEF NORM_141 Normal { vector [
  -0.98768834 0 0.15643447,-0.98768834 0 0.15643447,
  -0.98768834 0 0.15643447,-0.98768834 0 0.15643447,
  -0.98768834 0 0.15643447,-0.98768834 0 0.15643447,
  -0.98768834 0 0.15643447,-0.98768834 0 0.15643447,
  -0.98768834 0 0.15643447,-0.98768834 0 0.15643447,
  -0.98768834 0 0.15643447,-0.98768834 0 0.15643447] }
}
}
DEF SHAPE_142 Shape {
 appearance USE APP_5
 geometry DEF FACE_142 IndexedFaceSet {
  coord DEF COORD_142 Coordinate { point [
  -0.73818898 0.88090551 0.40354331,-0.68405512 0.93503937 0.40354331,
  -0.66145104 0.88983121 0.68897638,-0.69298082 0.85830143 0.68897638] }
 coordIndex [
  2,1,0,-1,2,0,3,-1]
  normalPerVertex TRUE
  normal DEF NORM_142 Normal { vector [
  -0.69733537 0.69733537 0.16567061,-0.69733537 0.69733537 0.16567061,
  -0.69733537 0.69733537 0.16567061,-0.69733537 0.69733537 0.16567061] }
}
}
DEF SHAPE_143 Shape {
 appearance USE APP_5
 geometry DEF FACE_143 IndexedFaceSet {
  coord DEF COORD_143 Coordinate { point [
  -0.68405512 0.93503937 0.40354331,0.68405512 0.93503937 0.40354331,
  0.66145104 0.88983121 0.68897638,-0.66145104 0.88983121 0.68897638] }
 coordIndex [
  2,1,0,-1,2,0,3,-1]
  normalPerVertex TRUE
  normal DEF NORM_143 Normal { vector [
  0 0.98768834 0.15643447,0 0.98768834 0.15643447,
  0 0.98768834 0.15643447,0 0.98768834 0.15643447] }
}
}
DEF SHAPE_144 Shape {
 appearance USE APP_5
 geometry DEF FACE_144 IndexedFaceSet {
  coord DEF COORD_144 Coordinate { point [
  0.68405512 0.93503937 0.40354331,0.73818898 0.88090551 0.40354331,
  0.69298082 0.85830143 0.68897638,0.66145104 0.88983121 0.68897638] }
 coordIndex [
  2,1,0,-1,2,0,3,-1]
  normalPerVertex TRUE
  normal DEF NORM_144 Normal { vector [
  0.69733537 0.69733537 0.16567061,0.69733537 0.69733537 0.16567061,
  0.69733537 0.69733537 0.16567061,0.69733537 0.69733537 0.16567061] }
}
}
DEF SHAPE_145 Shape {
 appearance USE APP_5
 geometry DEF FACE_145 IndexedFaceSet {
  coord DEF COORD_145 Coordinate { point [
  0.73818898 0.88090551 0.40354331,0.73818898 0.83070866 0.40354331,
  0.73818898 0.66929134 0.40354331,0.73818898 0.33070866 0.40354331,
  0.73818898 0.16929134 0.40354331,0.73818898 -0.16929134 0.40354331,
  0.73818898 -0.33070866 0.40354331,0.73818898 -0.66929134 0.40354331,
  0.73818898 -0.83070866 0.40354331,0.73818898 -0.88090551 0.40354331,
  0.69298082 -0.85830143 0.68897638,0.69298082 0.85830143 0.68897638] }
 coordIndex [
  11,1,0,-1,11,2,1,-1,3,2,11,-1,4,3,11,-1,10,6,5,-1,10,7,6,-1,10,8,7,-1,10,9,8,-1,
  10,5,11,-1,5,4,11,-1]
  normalPerVertex TRUE
  normal DEF NORM_145 Normal { vector [
  0.98768834 0 0.15643447,0.98768834 0 0.15643447,
  0.98768834 0 0.15643447,0.98768834 0 0.15643447,
  0.98768834 0 0.15643447,0.98768834 0 0.15643447,
  0.98768834 0 0.15643447,0.98768834 0 0.15643447,
  0.98768834 0 0.15643447,0.98768834 0 0.15643447,
  0.98768834 0 0.15643447,0.98768834 0 0.15643447] }
}
}
DEF SHAPE_146 Shape {
 appearance USE APP_6
 geometry DEF FACE_146 IndexedFaceSet {
  coord DEF COORD_146 Coordinate { point [
  0.88582677 0.83070866 0.40354331,0.76771654 0.83070866 0.40354331,
  0.88582677 0.66929134 0.40354331,0.76771654 0.66929134 0.40354331,
  0.73818898 0.66929134 0.40354331,0.73818898 0.83070866 0.40354331] }
 coordIndex [
  1,2,0,-1,1,3,2,-1,5,4,3,-1,5,3,1,-1]
  normalPerVertex TRUE
  normal DEF NORM_146 Normal { vector [
  0 0 1,0 0 1,
  0 0 1,0 0 1,
  0 0 1,0 0 1] }
}
}
DEF SHAPE_147 Shape {
 appearance USE APP_5
 geometry DEF FACE_147 IndexedFaceSet {
  coord DEF COORD_147 Coordinate { point [
  -0.76771654 -0.89566929 0.40354331,-0.76771654 -0.83070866 0.40354331,
  -0.73818898 -0.83070866 0.40354331,-0.73818898 -0.88090551 0.40354331,
  -0.68405512 -0.93503937 0.40354331,0.68405512 -0.93503937 0.40354331,
  0.73818898 -0.88090551 0.40354331,0.73818898 -0.83070866 0.40354331,
  0.76771654 -0.83070866 0.40354331,0.76771654 -0.89566929 0.40354331,
  0.6988189 -0.96456693 0.40354331,-0.6988189 -0.96456693 0.40354331] }
 coordIndex [
  3,1,0,-1,3,2,1,-1,4,3,0,-1,11,4,0,-1,6,8,7,-1,9,6,5,-1,9,8,6,-1,10,5,4,-1,
  10,4,11,-1,10,9,5,-1]
  normalPerVertex TRUE
  normal DEF NORM_147 Normal { vector [
  0 0 1,0 0 1,
  0 0 1,0 0 1,
  0 0 1,0 0 1,
  0 0 1,0 0 1,
  0 0 1,0 0 1,
  0 0 1,0 0 1] }
}
}
DEF SHAPE_148 Shape {
 appearance USE APP_6
 geometry DEF FACE_148 IndexedFaceSet {
  coord DEF COORD_148 Coordinate { point [
  -0.76771654 -0.83070866 0.32480315,-0.76771654 -0.83070866 0.40354331,
  -0.88582677 -0.83070866 0.32480315,-0.89490614 -0.83070866 0.32374192,
  -0.90349603 -0.83070866 0.32061546,-0.91113337 -0.83070866 0.3155923,
  -0.91740642 -0.83070866 0.30894325,-0.92197701 -0.83070866 0.30102676,
  -0.92459873 -0.83070866 0.29226961,-0.95649474 -0.83070866 0.097600609,
  -0.9643599 -0.83070866 0.071329161,-0.97807166 -0.83070866 0.047579694,
  -0.99689082 -0.83070866 0.027632546,-1.0198028 -0.83070866 0.012563074,
  -1.0455725 -0.83070866 0.0031836767,-1.0728106 -0.83070866 0,
  -1.1811024 -0.83070866 0,-1.1811024 -0.83070866 0.078740157,
  -1.0728106 -0.83070866 0.078740157,-1.0637313 -0.83070866 0.079801383,
  -1.0551414 -0.83070866 0.082927849,-1.047504 -0.83070866 0.087951006,
  -1.041231 -0.83070866 0.094600055,-1.0366604 -0.83070866 0.10251654,
  -1.0340387 -0.83070866 0.11127369,-1.0021426 -0.83070866 0.3059427,
  -0.99427749 -0.83070866 0.33221415,-0.98056573 -0.83070866 0.35596361,
  -0.96174657 -0.83070866 0.37591076,-0.93883455 -0.83070866 0.39098023,
  -0.91306487 -0.83070866 0.40035963,-0.88582677 -0.83070866 0.40354331] }
 coordIndex [
  18,16,15,-1,18,17,16,-1,19,15,14,-1,19,18,15,-1,20,14,13,-1,20,19,14,-1,21,13,12,-1,21,20,13,-1,
  22,21,12,-1,11,23,22,-1,11,22,12,-1,10,23,11,-1,9,24,23,-1,9,23,10,-1,8,25,24,-1,8,24,9,-1,
  7,26,25,-1,7,27,26,-1,7,25,8,-1,6,27,7,-1,28,6,5,-1,28,27,6,-1,29,5,4,-1,29,28,5,-1,
  30,4,3,-1,30,29,4,-1,31,3,2,-1,31,30,3,-1,0,31,2,-1,1,31,0,-1]
  normalPerVertex TRUE
  normal DEF NORM_148 Normal { vector [
  0 -1 0,0 -1 0,
  0 -1 0,0 -1 0,
  0 -1 0,0 -1 0,
  0 -1 0,0 -1 0,
  0 -1 0,0 -1 0,
  0 -1 0,0 -1 0,
  0 -1 0,0 -1 0,
  0 -1 0,0 -1 0,
  0 -1 0,0 -1 0,
  0 -1 0,0 -1 0,
  0 -1 0,0 -1 0,
  0 -1 0,0 -1 0,
  0 -1 0,0 -1 0,
  0 -1 0,0 -1 0,
  0 -1 0,0 -1 0,
  0 -1 0,0 -1 0] }
}
}
DEF SHAPE_149 Shape {
 appearance USE APP_6
 geometry DEF FACE_149 IndexedFaceSet {
  coord DEF COORD_149 Coordinate { point [
  -0.88582677 -0.83070866 0.32480315,-0.88582677 -0.66929134 0.32480315,
  -0.89490614 -0.66929134 0.32374192,-0.90349603 -0.66929134 0.32061546,
  -0.91113337 -0.66929134 0.3155923,-0.91740642 -0.66929134 0.30894325,
  -0.92197701 -0.66929134 0.30102676,-0.92459873 -0.66929134 0.29226961,
  -0.92459873 -0.83070866 0.29226961,-0.89490614 -0.83070866 0.32374192,
  -0.90349603 -0.83070866 0.32061546,-0.91113337 -0.83070866 0.3155923,
  -0.91740642 -0.83070866 0.30894325,-0.92197701 -0.83070866 0.30102676] }
 coordIndex [
  9,1,0,-1,9,2,1,-1,10,3,2,-1,10,2,9,-1,11,4,3,-1,11,3,10,-1,12,5,4,-1,12,4,11,-1,
  13,6,5,-1,13,5,12,-1,8,7,6,-1,8,6,13,-1]
  normalPerVertex TRUE
  normal DEF NORM_149 Normal { vector [
  0.11609291 0 -0.99323836,0.11609291 0 -0.99323836,
  0.26832317 0 -0.96332895,0.48324943 0 -0.87548272,
  0.67212359 0 -0.74043898,0.82476339 0 -0.56547798,
  0.93293998 0 -0.36003192,0.95798951 0 -0.28680323,
  0.95798951 0 -0.28680323,0.1925589 0 -0.98128542,
  0.41366844 0 -0.9104276,0.61247701 0 -0.7904884,
  0.77826678 0 -0.62793377,0.90209999 0 -0.43152706] }
}
}
DEF SHAPE_150 Shape {
 appearance USE APP_6
 geometry DEF FACE_150 IndexedFaceSet {
  coord DEF COORD_150 Coordinate { point [
  -0.76771654 -0.66929134 0.32480315,-0.76771654 -0.66929134 0.40354331,
  -0.88582677 -0.66929134 0.32480315,-0.89490614 -0.66929134 0.32374192,
  -0.90349603 -0.66929134 0.32061546,-0.91113337 -0.66929134 0.3155923,
  -0.91740642 -0.66929134 0.30894325,-0.92197701 -0.66929134 0.30102676,
  -0.92459873 -0.66929134 0.29226961,-0.95649474 -0.66929134 0.097600609,
  -0.9643599 -0.66929134 0.071329161,-0.97807166 -0.66929134 0.047579694,
  -0.99689082 -0.66929134 0.027632546,-1.0198028 -0.66929134 0.012563074,
  -1.0455725 -0.66929134 0.0031836767,-1.0728106 -0.66929134 0,
  -1.1811024 -0.66929134 0,-1.1811024 -0.66929134 0.078740157,
  -1.0728106 -0.66929134 0.078740157,-1.0637313 -0.66929134 0.079801383,
  -1.0551414 -0.66929134 0.082927849,-1.047504 -0.66929134 0.087951006,
  -1.041231 -0.66929134 0.094600055,-1.0366604 -0.66929134 0.10251654,
  -1.0340387 -0.66929134 0.11127369,-1.0021426 -0.66929134 0.3059427,
  -0.99427749 -0.66929134 0.33221415,-0.98056573 -0.66929134 0.35596361,
  -0.96174657 -0.66929134 0.37591076,-0.93883455 -0.66929134 0.39098023,
  -0.91306487 -0.66929134 0.40035963,-0.88582677 -0.66929134 0.40354331] }
 coordIndex [
  18,15,16,-1,18,16,17,-1,19,14,15,-1,19,15,18,-1,20,13,14,-1,20,14,19,-1,21,12,13,-1,21,13,20,-1,
  22,12,21,-1,11,22,23,-1,11,12,22,-1,10,11,23,-1,9,23,24,-1,9,10,23,-1,8,24,25,-1,8,9,24,-1,
  7,25,26,-1,7,26,27,-1,7,8,25,-1,6,7,27,-1,28,5,6,-1,28,6,27,-1,29,4,5,-1,29,5,28,-1,
  30,3,4,-1,30,4,29,-1,31,2,3,-1,31,3,30,-1,0,2,31,-1,1,0,31,-1]
  normalPerVertex TRUE
  normal DEF NORM_150 Normal { vector [
  0 1 0,0 1 0,
  0 1 0,0 1 0,
  0 1 0,0 1 0,
  0 1 0,0 1 0,
  0 1 0,0 1 0,
  0 1 0,0 1 0,
  0 1 0,0 1 0,
  0 1 0,0 1 0,
  0 1 0,0 1 0,
  0 1 0,0 1 0,
  0 1 0,0 1 0,
  0 1 0,0 1 0,
  0 1 0,0 1 0,
  0 1 0,0 1 0,
  0 1 0,0 1 0,
  0 1 0,0 1 0] }
}
}
DEF SHAPE_151 Shape {
 appearance USE APP_5
 geometry DEF FACE_151 IndexedFaceSet {
  coord DEF COORD_151 Coordinate { point [
  -0.76771654 -0.66929134 0.40354331,-0.76771654 -0.33070866 0.40354331,
  -0.73818898 -0.33070866 0.40354331,-0.73818898 -0.66929134 0.40354331] }
 coordIndex [
  0,2,1,-1,3,2,0,-1]
  normalPerVertex TRUE
  normal DEF NORM_151 Normal { vector [
  0 0 1,0 0 1,
  0 0 1,0 0 1] }
}
}
DEF SHAPE_152 Shape {
 appearance USE APP_6
 geometry DEF FACE_152 IndexedFaceSet {
  coord DEF COORD_152 Coordinate { point [
  -0.76771654 -0.33070866 0.32480315,-0.76771654 -0.33070866 0.40354331,
  -0.88582677 -0.33070866 0.32480315,-0.89490614 -0.33070866 0.32374192,
  -0.90349603 -0.33070866 0.32061546,-0.91113337 -0.33070866 0.3155923,
  -0.91740642 -0.33070866 0.30894325,-0.92197701 -0.33070866 0.30102676,
  -0.92459873 -0.33070866 0.29226961,-0.95649474 -0.33070866 0.097600609,
  -0.9643599 -0.33070866 0.071329161,-0.97807166 -0.33070866 0.047579694,
  -0.99689082 -0.33070866 0.027632546,-1.0198028 -0.33070866 0.012563074,
  -1.0455725 -0.33070866 0.0031836767,-1.0728106 -0.33070866 0,
  -1.1811024 -0.33070866 0,-1.1811024 -0.33070866 0.078740157,
  -1.0728106 -0.33070866 0.078740157,-1.0637313 -0.33070866 0.079801383,
  -1.0551414 -0.33070866 0.082927849,-1.047504 -0.33070866 0.087951006,
  -1.041231 -0.33070866 0.094600055,-1.0366604 -0.33070866 0.10251654,
  -1.0340387 -0.33070866 0.11127369,-1.0021426 -0.33070866 0.3059427,
  -0.99427749 -0.33070866 0.33221415,-0.98056573 -0.33070866 0.35596361,
  -0.96174657 -0.33070866 0.37591076,-0.93883455 -0.33070866 0.39098023,
  -0.91306487 -0.33070866 0.40035963,-0.88582677 -0.33070866 0.40354331] }
 coordIndex [
  18,16,15,-1,18,17,16,-1,19,15,14,-1,19,18,15,-1,20,14,13,-1,20,19,14,-1,21,13,12,-1,21,20,13,-1,
  22,21,12,-1,11,23,22,-1,11,22,12,-1,10,23,11,-1,9,24,23,-1,9,23,10,-1,8,25,24,-1,8,24,9,-1,
  7,26,25,-1,7,27,26,-1,7,25,8,-1,6,27,7,-1,28,6,5,-1,28,27,6,-1,29,5,4,-1,29,28,5,-1,
  30,4,3,-1,30,29,4,-1,31,3,2,-1,31,30,3,-1,0,31,2,-1,1,31,0,-1]
  normalPerVertex TRUE
  normal DEF NORM_152 Normal { vector [
  0 -1 0,0 -1 0,
  0 -1 0,0 -1 0,
  0 -1 0,0 -1 0,
  0 -1 0,0 -1 0,
  0 -1 0,0 -1 0,
  0 -1 0,0 -1 0,
  0 -1 0,0 -1 0,
  0 -1 0,0 -1 0,
  0 -1 0,0 -1 0,
  0 -1 0,0 -1 0,
  0 -1 0,0 -1 0,
  0 -1 0,0 -1 0,
  0 -1 0,0 -1 0,
  0 -1 0,0 -1 0,
  0 -1 0,0 -1 0,
  0 -1 0,0 -1 0] }
}
}
DEF SHAPE_153 Shape {
 appearance USE APP_6
 geometry DEF FACE_153 IndexedFaceSet {
  coord DEF COORD_153 Coordinate { point [
  -0.88582677 -0.33070866 0.32480315,-0.88582677 -0.16929134 0.32480315,
  -0.89490614 -0.16929134 0.32374192,-0.90349603 -0.16929134 0.32061546,
  -0.91113337 -0.16929134 0.3155923,-0.91740642 -0.16929134 0.30894325,
  -0.92197701 -0.16929134 0.30102676,-0.92459873 -0.16929134 0.29226961,
  -0.92459873 -0.33070866 0.29226961,-0.89490614 -0.33070866 0.32374192,
  -0.90349603 -0.33070866 0.32061546,-0.91113337 -0.33070866 0.3155923,
  -0.91740642 -0.33070866 0.30894325,-0.92197701 -0.33070866 0.30102676] }
 coordIndex [
  9,1,0,-1,9,2,1,-1,10,3,2,-1,10,2,9,-1,11,4,3,-1,11,3,10,-1,12,5,4,-1,12,4,11,-1,
  13,6,5,-1,13,5,12,-1,8,7,6,-1,8,6,13,-1]
  normalPerVertex TRUE
  normal DEF NORM_153 Normal { vector [
  0.11609291 0 -0.99323836,0.11609291 0 -0.99323836,
  0.26832317 0 -0.96332895,0.48324943 0 -0.87548272,
  0.67212359 0 -0.74043898,0.82476339 0 -0.56547798,
  0.93293998 0 -0.36003192,0.95798951 0 -0.28680323,
  0.95798951 0 -0.28680323,0.1925589 0 -0.98128542,
  0.41366844 0 -0.9104276,0.61247701 0 -0.7904884,
  0.77826678 0 -0.62793377,0.90209999 0 -0.43152706] }
}
}
DEF SHAPE_154 Shape {
 appearance USE APP_6
 geometry DEF FACE_154 IndexedFaceSet {
  coord DEF COORD_154 Coordinate { point [
  -0.76771654 -0.16929134 0.32480315,-0.76771654 -0.16929134 0.40354331,
  -0.88582677 -0.16929134 0.32480315,-0.89490614 -0.16929134 0.32374192,
  -0.90349603 -0.16929134 0.32061546,-0.91113337 -0.16929134 0.3155923,
  -0.91740642 -0.16929134 0.30894325,-0.92197701 -0.16929134 0.30102676,
  -0.92459873 -0.16929134 0.29226961,-0.95649474 -0.16929134 0.097600609,
  -0.9643599 -0.16929134 0.071329161,-0.97807166 -0.16929134 0.047579694,
  -0.99689082 -0.16929134 0.027632546,-1.0198028 -0.16929134 0.012563074,
  -1.0455725 -0.16929134 0.0031836767,-1.0728106 -0.16929134 0,
  -1.1811024 -0.16929134 0,-1.1811024 -0.16929134 0.078740157,
  -1.0728106 -0.16929134 0.078740157,-1.0637313 -0.16929134 0.079801383,
  -1.0551414 -0.16929134 0.082927849,-1.047504 -0.16929134 0.087951006,
  -1.041231 -0.16929134 0.094600055,-1.0366604 -0.16929134 0.10251654,
  -1.0340387 -0.16929134 0.11127369,-1.0021426 -0.16929134 0.3059427,
  -0.99427749 -0.16929134 0.33221415,-0.98056573 -0.16929134 0.35596361,
  -0.96174657 -0.16929134 0.37591076,-0.93883455 -0.16929134 0.39098023,
  -0.91306487 -0.16929134 0.40035963,-0.88582677 -0.16929134 0.40354331] }
 coordIndex [
  18,15,16,-1,18,16,17,-1,19,14,15,-1,19,15,18,-1,20,13,14,-1,20,14,19,-1,21,12,13,-1,21,13,20,-1,
  22,12,21,-1,11,22,23,-1,11,12,22,-1,10,11,23,-1,9,23,24,-1,9,10,23,-1,8,24,25,-1,8,9,24,-1,
  7,25,26,-1,7,26,27,-1,7,8,25,-1,6,7,27,-1,28,5,6,-1,28,6,27,-1,29,4,5,-1,29,5,28,-1,
  30,3,4,-1,30,4,29,-1,31,2,3,-1,31,3,30,-1,0,2,31,-1,1,0,31,-1]
  normalPerVertex TRUE
  normal DEF NORM_154 Normal { vector [
  0 1 0,0 1 0,
  0 1 0,0 1 0,
  0 1 0,0 1 0,
  0 1 0,0 1 0,
  0 1 0,0 1 0,
  0 1 0,0 1 0,
  0 1 0,0 1 0,
  0 1 0,0 1 0,
  0 1 0,0 1 0,
  0 1 0,0 1 0,
  0 1 0,0 1 0,
  0 1 0,0 1 0,
  0 1 0,0 1 0,
  0 1 0,0 1 0,
  0 1 0,0 1 0,
  0 1 0,0 1 0] }
}
}
DEF SHAPE_155 Shape {
 appearance USE APP_5
 geometry DEF FACE_155 IndexedFaceSet {
  coord DEF COORD_155 Coordinate { point [
  -0.76771654 -0.16929134 0.40354331,-0.76771654 0.16929134 0.40354331,
  -0.73818898 0.16929134 0.40354331,-0.73818898 -0.16929134 0.40354331] }
 coordIndex [
  3,1,0,-1,3,2,1,-1]
  normalPerVertex TRUE
  normal DEF NORM_155 Normal { vector [
  0 0 1,0 0 1,
  0 0 1,0 0 1] }
}
}
DEF SHAPE_156 Shape {
 appearance USE APP_6
 geometry DEF FACE_156 IndexedFaceSet {
  coord DEF COORD_156 Coordinate { point [
  -0.76771654 0.16929134 0.32480315,-0.76771654 0.16929134 0.40354331,
  -0.88582677 0.16929134 0.32480315,-0.89490614 0.16929134 0.32374192,
  -0.90349603 0.16929134 0.32061546,-0.91113337 0.16929134 0.3155923,
  -0.91740642 0.16929134 0.30894325,-0.92197701 0.16929134 0.30102676,
  -0.92459873 0.16929134 0.29226961,-0.95649474 0.16929134 0.097600609,
  -0.9643599 0.16929134 0.071329161,-0.97807166 0.16929134 0.047579694,
  -0.99689082 0.16929134 0.027632546,-1.0198028 0.16929134 0.012563074,
  -1.0455725 0.16929134 0.0031836767,-1.0728106 0.16929134 0,
  -1.1811024 0.16929134 0,-1.1811024 0.16929134 0.078740157,
  -1.0728106 0.16929134 0.078740157,-1.0637313 0.16929134 0.079801383,
  -1.0551414 0.16929134 0.082927849,-1.047504 0.16929134 0.087951006,
  -1.041231 0.16929134 0.094600055,-1.0366604 0.16929134 0.10251654,
  -1.0340387 0.16929134 0.11127369,-1.0021426 0.16929134 0.3059427,
  -0.99427749 0.16929134 0.33221415,-0.98056573 0.16929134 0.35596361,
  -0.96174657 0.16929134 0.37591076,-0.93883455 0.16929134 0.39098023,
  -0.91306487 0.16929134 0.40035963,-0.88582677 0.16929134 0.40354331] }
 coordIndex [
  18,16,15,-1,18,17,16,-1,19,15,14,-1,19,18,15,-1,20,14,13,-1,20,19,14,-1,21,13,12,-1,21,20,13,-1,
  22,21,12,-1,11,23,22,-1,11,22,12,-1,10,23,11,-1,9,24,23,-1,9,23,10,-1,8,25,24,-1,8,24,9,-1,
  7,26,25,-1,7,27,26,-1,7,25,8,-1,6,27,7,-1,28,6,5,-1,28,27,6,-1,29,5,4,-1,29,28,5,-1,
  30,4,3,-1,30,29,4,-1,31,3,2,-1,31,30,3,-1,0,31,2,-1,1,31,0,-1]
  normalPerVertex TRUE
  normal DEF NORM_156 Normal { vector [
  0 -1 0,0 -1 0,
  0 -1 0,0 -1 0,
  0 -1 0,0 -1 0,
  0 -1 0,0 -1 0,
  0 -1 0,0 -1 0,
  0 -1 0,0 -1 0,
  0 -1 0,0 -1 0,
  0 -1 0,0 -1 0,
  0 -1 0,0 -1 0,
  0 -1 0,0 -1 0,
  0 -1 0,0 -1 0,
  0 -1 0,0 -1 0,
  0 -1 0,0 -1 0,
  0 -1 0,0 -1 0,
  0 -1 0,0 -1 0,
  0 -1 0,0 -1 0] }
}
}
DEF SHAPE_157 Shape {
 appearance USE APP_6
 geometry DEF FACE_157 IndexedFaceSet {
  coord DEF COORD_157 Coordinate { point [
  -0.88582677 0.16929134 0.32480315,-0.88582677 0.33070866 0.32480315,
  -0.89490614 0.33070866 0.32374192,-0.90349603 0.33070866 0.32061546,
  -0.91113337 0.33070866 0.3155923,-0.91740642 0.33070866 0.30894325,
  -0.92197701 0.33070866 0.30102676,-0.92459873 0.33070866 0.29226961,
  -0.92459873 0.16929134 0.29226961,-0.89490614 0.16929134 0.32374192,
  -0.90349603 0.16929134 0.32061546,-0.91113337 0.16929134 0.3155923,
  -0.91740642 0.16929134 0.30894325,-0.92197701 0.16929134 0.30102676] }
 coordIndex [
  9,1,0,-1,9,2,1,-1,10,3,2,-1,10,2,9,-1,11,4,3,-1,11,3,10,-1,12,5,4,-1,12,4,11,-1,
  13,6,5,-1,13,5,12,-1,8,7,6,-1,8,6,13,-1]
  normalPerVertex TRUE
  normal DEF NORM_157 Normal { vector [
  0.11609291 0 -0.99323836,0.11609291 0 -0.99323836,
  0.26832317 0 -0.96332895,0.48324943 0 -0.87548272,
  0.67212359 0 -0.74043898,0.82476339 0 -0.56547798,
  0.93293998 0 -0.36003192,0.95798951 0 -0.28680323,
  0.95798951 0 -0.28680323,0.1925589 0 -0.98128542,
  0.41366844 0 -0.9104276,0.61247701 0 -0.7904884,
  0.77826678 0 -0.62793377,0.90209999 0 -0.43152706] }
}
}
DEF SHAPE_158 Shape {
 appearance USE APP_6
 geometry DEF FACE_158 IndexedFaceSet {
  coord DEF COORD_158 Coordinate { point [
  -0.76771654 0.33070866 0.32480315,-0.76771654 0.33070866 0.40354331,
  -0.88582677 0.33070866 0.32480315,-0.89490614 0.33070866 0.32374192,
  -0.90349603 0.33070866 0.32061546,-0.91113337 0.33070866 0.3155923,
  -0.91740642 0.33070866 0.30894325,-0.92197701 0.33070866 0.30102676,
  -0.92459873 0.33070866 0.29226961,-0.95649474 0.33070866 0.097600609,
  -0.9643599 0.33070866 0.071329161,-0.97807166 0.33070866 0.047579694,
  -0.99689082 0.33070866 0.027632546,-1.0198028 0.33070866 0.012563074,
  -1.0455725 0.33070866 0.0031836767,-1.0728106 0.33070866 0,
  -1.1811024 0.33070866 0,-1.1811024 0.33070866 0.078740157,
  -1.0728106 0.33070866 0.078740157,-1.0637313 0.33070866 0.079801383,
  -1.0551414 0.33070866 0.082927849,-1.047504 0.33070866 0.087951006,
  -1.041231 0.33070866 0.094600055,-1.0366604 0.33070866 0.10251654,
  -1.0340387 0.33070866 0.11127369,-1.0021426 0.33070866 0.3059427,
  -0.99427749 0.33070866 0.33221415,-0.98056573 0.33070866 0.35596361,
  -0.96174657 0.33070866 0.37591076,-0.93883455 0.33070866 0.39098023,
  -0.91306487 0.33070866 0.40035963,-0.88582677 0.33070866 0.40354331] }
 coordIndex [
  18,15,16,-1,18,16,17,-1,19,14,15,-1,19,15,18,-1,20,13,14,-1,20,14,19,-1,21,12,13,-1,21,13,20,-1,
  22,12,21,-1,11,22,23,-1,11,12,22,-1,10,11,23,-1,9,23,24,-1,9,10,23,-1,8,24,25,-1,8,9,24,-1,
  7,25,26,-1,7,26,27,-1,7,8,25,-1,6,7,27,-1,28,5,6,-1,28,6,27,-1,29,4,5,-1,29,5,28,-1,
  30,3,4,-1,30,4,29,-1,31,2,3,-1,31,3,30,-1,0,2,31,-1,1,0,31,-1]
  normalPerVertex TRUE
  normal DEF NORM_158 Normal { vector [
  0 1 0,0 1 0,
  0 1 0,0 1 0,
  0 1 0,0 1 0,
  0 1 0,0 1 0,
  0 1 0,0 1 0,
  0 1 0,0 1 0,
  0 1 0,0 1 0,
  0 1 0,0 1 0,
  0 1 0,0 1 0,
  0 1 0,0 1 0,
  0 1 0,0 1 0,
  0 1 0,0 1 0,
  0 1 0,0 1 0,
  0 1 0,0 1 0,
  0 1 0,0 1 0,
  0 1 0,0 1 0] }
}
}
DEF SHAPE_159 Shape {
 appearance USE APP_5
 geometry DEF FACE_159 IndexedFaceSet {
  coord DEF COORD_159 Coordinate { point [
  -0.76771654 0.33070866 0.40354331,-0.76771654 0.66929134 0.40354331,
  -0.73818898 0.66929134 0.40354331,-0.73818898 0.33070866 0.40354331] }
 coordIndex [
  0,2,1,-1,3,2,0,-1]
  normalPerVertex TRUE
  normal DEF NORM_159 Normal { vector [
  0 0 1,0 0 1,
  0 0 1,0 0 1] }
}
}
DEF SHAPE_160 Shape {
 appearance USE APP_6
 geometry DEF FACE_160 IndexedFaceSet {
  coord DEF COORD_160 Coordinate { point [
  -0.76771654 0.66929134 0.32480315,-0.76771654 0.66929134 0.40354331,
  -0.88582677 0.66929134 0.32480315,-0.89490614 0.66929134 0.32374192,
  -0.90349603 0.66929134 0.32061546,-0.91113337 0.66929134 0.3155923,
  -0.91740642 0.66929134 0.30894325,-0.92197701 0.66929134 0.30102676,
  -0.92459873 0.66929134 0.29226961,-0.95649474 0.66929134 0.097600609,
  -0.9643599 0.66929134 0.071329161,-0.97807166 0.66929134 0.047579694,
  -0.99689082 0.66929134 0.027632546,-1.0198028 0.66929134 0.012563074,
  -1.0455725 0.66929134 0.0031836767,-1.0728106 0.66929134 0,
  -1.1811024 0.66929134 0,-1.1811024 0.66929134 0.078740157,
  -1.0728106 0.66929134 0.078740157,-1.0637313 0.66929134 0.079801383,
  -1.0551414 0.66929134 0.082927849,-1.047504 0.66929134 0.087951006,
  -1.041231 0.66929134 0.094600055,-1.0366604 0.66929134 0.10251654,
  -1.0340387 0.66929134 0.11127369,-1.0021426 0.66929134 0.3059427,
  -0.99427749 0.66929134 0.33221415,-0.98056573 0.66929134 0.35596361,
  -0.96174657 0.66929134 0.37591076,-0.93883455 0.66929134 0.39098023,
  -0.91306487 0.66929134 0.40035963,-0.88582677 0.66929134 0.40354331] }
 coordIndex [
  18,16,15,-1,18,17,16,-1,19,15,14,-1,19,18,15,-1,20,14,13,-1,20,19,14,-1,21,13,12,-1,21,20,13,-1,
  22,21,12,-1,11,23,22,-1,11,22,12,-1,10,23,11,-1,9,24,23,-1,9,23,10,-1,8,25,24,-1,8,24,9,-1,
  7,26,25,-1,7,27,26,-1,7,25,8,-1,6,27,7,-1,28,6,5,-1,28,27,6,-1,29,5,4,-1,29,28,5,-1,
  30,4,3,-1,30,29,4,-1,31,3,2,-1,31,30,3,-1,0,31,2,-1,1,31,0,-1]
  normalPerVertex TRUE
  normal DEF NORM_160 Normal { vector [
  0 -1 0,0 -1 0,
  0 -1 0,0 -1 0,
  0 -1 0,0 -1 0,
  0 -1 0,0 -1 0,
  0 -1 0,0 -1 0,
  0 -1 0,0 -1 0,
  0 -1 0,0 -1 0,
  0 -1 0,0 -1 0,
  0 -1 0,0 -1 0,
  0 -1 0,0 -1 0,
  0 -1 0,0 -1 0,
  0 -1 0,0 -1 0,
  0 -1 0,0 -1 0,
  0 -1 0,0 -1 0,
  0 -1 0,0 -1 0,
  0 -1 0,0 -1 0] }
}
}
DEF SHAPE_161 Shape {
 appearance USE APP_6
 geometry DEF FACE_161 IndexedFaceSet {
  coord DEF COORD_161 Coordinate { point [
  -0.88582677 0.66929134 0.32480315,-0.88582677 0.83070866 0.32480315,
  -0.89490614 0.83070866 0.32374192,-0.90349603 0.83070866 0.32061546,
  -0.91113337 0.83070866 0.3155923,-0.91740642 0.83070866 0.30894325,
  -0.92197701 0.83070866 0.30102676,-0.92459873 0.83070866 0.29226961,
  -0.92459873 0.66929134 0.29226961,-0.89490614 0.66929134 0.32374192,
  -0.90349603 0.66929134 0.32061546,-0.91113337 0.66929134 0.3155923,
  -0.91740642 0.66929134 0.30894325,-0.92197701 0.66929134 0.30102676] }
 coordIndex [
  9,1,0,-1,9,2,1,-1,10,3,2,-1,10,2,9,-1,11,4,3,-1,11,3,10,-1,12,5,4,-1,12,4,11,-1,
  13,6,5,-1,13,5,12,-1,8,7,6,-1,8,6,13,-1]
  normalPerVertex TRUE
  normal DEF NORM_161 Normal { vector [
  0.11609291 0 -0.99323836,0.11609291 0 -0.99323836,
  0.26832317 0 -0.96332895,0.48324943 0 -0.87548272,
  0.67212359 0 -0.74043898,0.82476339 0 -0.56547798,
  0.93293998 0 -0.36003192,0.95798951 0 -0.28680323,
  0.95798951 0 -0.28680323,0.1925589 0 -0.98128542,
  0.41366844 0 -0.9104276,0.61247701 0 -0.7904884,
  0.77826678 0 -0.62793377,0.90209999 0 -0.43152706] }
}
}
DEF SHAPE_162 Shape {
 appearance USE APP_6
 geometry DEF FACE_162 IndexedFaceSet {
  coord DEF COORD_162 Coordinate { point [
  -0.76771654 0.83070866 0.32480315,-0.76771654 0.83070866 0.40354331,
  -0.88582677 0.83070866 0.32480315,-0.89490614 0.83070866 0.32374192,
  -0.90349603 0.83070866 0.32061546,-0.91113337 0.83070866 0.3155923,
  -0.91740642 0.83070866 0.30894325,-0.92197701 0.83070866 0.30102676,
  -0.92459873 0.83070866 0.29226961,-0.95649474 0.83070866 0.097600609,
  -0.9643599 0.83070866 0.071329161,-0.97807166 0.83070866 0.047579694,
  -0.99689082 0.83070866 0.027632546,-1.0198028 0.83070866 0.012563074,
  -1.0455725 0.83070866 0.0031836767,-1.0728106 0.83070866 0,
  -1.1811024 0.83070866 0,-1.1811024 0.83070866 0.078740157,
  -1.0728106 0.83070866 0.078740157,-1.0637313 0.83070866 0.079801383,
  -1.0551414 0.83070866 0.082927849,-1.047504 0.83070866 0.087951006,
  -1.041231 0.83070866 0.094600055,-1.0366604 0.83070866 0.10251654,
  -1.0340387 0.83070866 0.11127369,-1.0021426 0.83070866 0.3059427,
  -0.99427749 0.83070866 0.33221415,-0.98056573 0.83070866 0.35596361,
  -0.96174657 0.83070866 0.37591076,-0.93883455 0.83070866 0.39098023,
  -0.91306487 0.83070866 0.40035963,-0.88582677 0.83070866 0.40354331] }
 coordIndex [
  18,15,16,-1,18,16,17,-1,19,14,15,-1,19,15,18,-1,20,13,14,-1,20,14,19,-1,21,12,13,-1,21,13,20,-1,
  22,12,21,-1,11,22,23,-1,11,12,22,-1,10,11,23,-1,9,23,24,-1,9,10,23,-1,8,24,25,-1,8,9,24,-1,
  7,25,26,-1,7,26,27,-1,7,8,25,-1,6,7,27,-1,28,5,6,-1,28,6,27,-1,29,4,5,-1,29,5,28,-1,
  30,3,4,-1,30,4,29,-1,31,2,3,-1,31,3,30,-1,0,2,31,-1,1,0,31,-1]
  normalPerVertex TRUE
  normal DEF NORM_162 Normal { vector [
  0 1 0,0 1 0,
  0 1 0,0 1 0,
  0 1 0,0 1 0,
  0 1 0,0 1 0,
  0 1 0,0 1 0,
  0 1 0,0 1 0,
  0 1 0,0 1 0,
  0 1 0,0 1 0,
  0 1 0,0 1 0,
  0 1 0,0 1 0,
  0 1 0,0 1 0,
  0 1 0,0 1 0,
  0 1 0,0 1 0,
  0 1 0,0 1 0,
  0 1 0,0 1 0,
  0 1 0,0 1 0] }
}
}
DEF SHAPE_163 Shape {
 appearance USE APP_6
 geometry DEF FACE_163 IndexedFaceSet {
  coord DEF COORD_163 Coordinate { point [
  0.76771654 0.83070866 0.32480315,0.76771654 0.83070866 0.40354331,
  0.88582677 0.83070866 0.32480315,0.89490614 0.83070866 0.32374192,
  0.90349603 0.83070866 0.32061546,0.91113337 0.83070866 0.3155923,
  0.91740642 0.83070866 0.30894325,0.92197701 0.83070866 0.30102676,
  0.92459873 0.83070866 0.29226961,0.95649474 0.83070866 0.097600609,
  0.9643599 0.83070866 0.071329161,0.97807166 0.83070866 0.047579694,
  0.99689082 0.83070866 0.027632546,1.0198028 0.83070866 0.012563074,
  1.0455725 0.83070866 0.0031836767,1.0728106 0.83070866 0,
  1.1811024 0.83070866 0,1.1811024 0.83070866 0.078740157,
  1.0728106 0.83070866 0.078740157,1.0637313 0.83070866 0.079801383,
  1.0551414 0.83070866 0.082927849,1.047504 0.83070866 0.087951006,
  1.041231 0.83070866 0.094600055,1.0366604 0.83070866 0.10251654,
  1.0340387 0.83070866 0.11127369,1.0021426 0.83070866 0.3059427,
  0.99427749 0.83070866 0.33221415,0.98056573 0.83070866 0.35596361,
  0.96174657 0.83070866 0.37591076,0.93883455 0.83070866 0.39098023,
  0.91306487 0.83070866 0.40035963,0.88582677 0.83070866 0.40354331] }
 coordIndex [
  18,16,15,-1,18,17,16,-1,19,15,14,-1,19,18,15,-1,20,14,13,-1,20,19,14,-1,21,13,12,-1,21,20,13,-1,
  22,21,12,-1,11,23,22,-1,11,22,12,-1,10,23,11,-1,9,24,23,-1,9,23,10,-1,8,25,24,-1,8,24,9,-1,
  7,26,25,-1,7,27,26,-1,7,25,8,-1,6,27,7,-1,28,6,5,-1,28,27,6,-1,29,5,4,-1,29,28,5,-1,
  30,4,3,-1,30,29,4,-1,31,3,2,-1,31,30,3,-1,0,31,2,-1,1,31,0,-1]
  normalPerVertex TRUE
  normal DEF NORM_163 Normal { vector [
  0 1 0,0 1 0,
  0 1 0,0 1 0,
  0 1 0,0 1 0,
  0 1 0,0 1 0,
  0 1 0,0 1 0,
  0 1 0,0 1 0,
  0 1 0,0 1 0,
  0 1 0,0 1 0,
  0 1 0,0 1 0,
  0 1 0,0 1 0,
  0 1 0,0 1 0,
  0 1 0,0 1 0,
  0 1 0,0 1 0,
  0 1 0,0 1 0,
  0 1 0,0 1 0,
  0 1 0,0 1 0] }
}
}
DEF SHAPE_164 Shape {
 appearance USE APP_6
 geometry DEF FACE_164 IndexedFaceSet {
  coord DEF COORD_164 Coordinate { point [
  0.88582677 0.83070866 0.32480315,0.88582677 0.66929134 0.32480315,
  0.89490614 0.66929134 0.32374192,0.90349603 0.66929134 0.32061546,
  0.91113337 0.66929134 0.3155923,0.91740642 0.66929134 0.30894325,
  0.92197701 0.66929134 0.30102676,0.92459873 0.66929134 0.29226961,
  0.92459873 0.83070866 0.29226961,0.89490614 0.83070866 0.32374192,
  0.90349603 0.83070866 0.32061546,0.91113337 0.83070866 0.3155923,
  0.91740642 0.83070866 0.30894325,0.92197701 0.83070866 0.30102676] }
 coordIndex [
  9,1,0,-1,9,2,1,-1,10,3,2,-1,10,2,9,-1,11,4,3,-1,11,3,10,-1,12,5,4,-1,12,4,11,-1,
  13,6,5,-1,13,5,12,-1,8,7,6,-1,8,6,13,-1]
  normalPerVertex TRUE
  normal DEF NORM_164 Normal { vector [
  -0.11609291 0 -0.99323836,-0.11609291 0 -0.99323836,
  -0.26832317 0 -0.96332895,-0.48324943 0 -0.87548272,
  -0.67212359 0 -0.74043898,-0.82476339 0 -0.56547798,
  -0.93293998 0 -0.36003192,-0.95798951 0 -0.28680323,
  -0.95798951 0 -0.28680323,-0.1925589 0 -0.98128542,
  -0.41366844 0 -0.9104276,-0.61247701 0 -0.7904884,
  -0.77826678 0 -0.62793377,-0.90209999 0 -0.43152706] }
}
}
DEF SHAPE_165 Shape {
 appearance USE APP_6
 geometry DEF FACE_165 IndexedFaceSet {
  coord DEF COORD_165 Coordinate { point [
  0.76771654 0.66929134 0.32480315,0.76771654 0.66929134 0.40354331,
  0.88582677 0.66929134 0.32480315,0.89490614 0.66929134 0.32374192,
  0.90349603 0.66929134 0.32061546,0.91113337 0.66929134 0.3155923,
  0.91740642 0.66929134 0.30894325,0.92197701 0.66929134 0.30102676,
  0.92459873 0.66929134 0.29226961,0.95649474 0.66929134 0.097600609,
  0.9643599 0.66929134 0.071329161,0.97807166 0.66929134 0.047579694,
  0.99689082 0.66929134 0.027632546,1.0198028 0.66929134 0.012563074,
  1.0455725 0.66929134 0.0031836767,1.0728106 0.66929134 0,
  1.1811024 0.66929134 0,1.1811024 0.66929134 0.078740157,
  1.0728106 0.66929134 0.078740157,1.0637313 0.66929134 0.079801383,
  1.0551414 0.66929134 0.082927849,1.047504 0.66929134 0.087951006,
  1.041231 0.66929134 0.094600055,1.0366604 0.66929134 0.10251654,
  1.0340387 0.66929134 0.11127369,1.0021426 0.66929134 0.3059427,
  0.99427749 0.66929134 0.33221415,0.98056573 0.66929134 0.35596361,
  0.96174657 0.66929134 0.37591076,0.93883455 0.66929134 0.39098023,
  0.91306487 0.66929134 0.40035963,0.88582677 0.66929134 0.40354331] }
 coordIndex [
  18,15,16,-1,18,16,17,-1,19,14,15,-1,19,15,18,-1,20,13,14,-1,20,14,19,-1,21,12,13,-1,21,13,20,-1,
  22,12,21,-1,11,22,23,-1,11,12,22,-1,10,11,23,-1,9,23,24,-1,9,10,23,-1,8,24,25,-1,8,9,24,-1,
  7,25,26,-1,7,26,27,-1,7,8,25,-1,6,7,27,-1,28,5,6,-1,28,6,27,-1,29,4,5,-1,29,5,28,-1,
  30,3,4,-1,30,4,29,-1,31,2,3,-1,31,3,30,-1,0,2,31,-1,1,0,31,-1]
  normalPerVertex TRUE
  normal DEF NORM_165 Normal { vector [
  0 -1 0,0 -1 0,
  0 -1 0,0 -1 0,
  0 -1 0,0 -1 0,
  0 -1 0,0 -1 0,
  0 -1 0,0 -1 0,
  0 -1 0,0 -1 0,
  0 -1 0,0 -1 0,
  0 -1 0,0 -1 0,
  0 -1 0,0 -1 0,
  0 -1 0,0 -1 0,
  0 -1 0,0 -1 0,
  0 -1 0,0 -1 0,
  0 -1 0,0 -1 0,
  0 -1 0,0 -1 0,
  0 -1 0,0 -1 0,
  0 -1 0,0 -1 0] }
}
}
DEF SHAPE_166 Shape {
 appearance USE APP_5
 geometry DEF FACE_166 IndexedFaceSet {
  coord DEF COORD_166 Coordinate { point [
  0.76771654 0.66929134 0.40354331,0.73818898 0.66929134 0.40354331,
  0.76771654 0.33070866 0.40354331,0.73818898 0.33070866 0.40354331] }
 coordIndex [
  2,0,1,-1,2,1,3,-1]
  normalPerVertex TRUE
  normal DEF NORM_166 Normal { vector [
  0 0 1,0 0 1,
  0 0 1,0 0 1] }
}
}
DEF SHAPE_167 Shape {
 appearance USE APP_6
 geometry DEF FACE_167 IndexedFaceSet {
  coord DEF COORD_167 Coordinate { point [
  0.76771654 0.33070866 0.32480315,0.76771654 0.33070866 0.40354331,
  0.88582677 0.33070866 0.32480315,0.89490614 0.33070866 0.32374192,
  0.90349603 0.33070866 0.32061546,0.91113337 0.33070866 0.3155923,
  0.91740642 0.33070866 0.30894325,0.92197701 0.33070866 0.30102676,
  0.92459873 0.33070866 0.29226961,0.95649474 0.33070866 0.097600609,
  0.9643599 0.33070866 0.071329161,0.97807166 0.33070866 0.047579694,
  0.99689082 0.33070866 0.027632546,1.0198028 0.33070866 0.012563074,
  1.0455725 0.33070866 0.0031836767,1.0728106 0.33070866 0,
  1.1811024 0.33070866 0,1.1811024 0.33070866 0.078740157,
  1.0728106 0.33070866 0.078740157,1.0637313 0.33070866 0.079801383,
  1.0551414 0.33070866 0.082927849,1.047504 0.33070866 0.087951006,
  1.041231 0.33070866 0.094600055,1.0366604 0.33070866 0.10251654,
  1.0340387 0.33070866 0.11127369,1.0021426 0.33070866 0.3059427,
  0.99427749 0.33070866 0.33221415,0.98056573 0.33070866 0.35596361,
  0.96174657 0.33070866 0.37591076,0.93883455 0.33070866 0.39098023,
  0.91306487 0.33070866 0.40035963,0.88582677 0.33070866 0.40354331] }
 coordIndex [
  18,16,15,-1,18,17,16,-1,19,15,14,-1,19,18,15,-1,20,14,13,-1,20,19,14,-1,21,13,12,-1,21,20,13,-1,
  22,21,12,-1,11,23,22,-1,11,22,12,-1,10,23,11,-1,9,24,23,-1,9,23,10,-1,8,25,24,-1,8,24,9,-1,
  7,26,25,-1,7,27,26,-1,7,25,8,-1,6,27,7,-1,28,6,5,-1,28,27,6,-1,29,5,4,-1,29,28,5,-1,
  30,4,3,-1,30,29,4,-1,31,3,2,-1,31,30,3,-1,0,31,2,-1,1,31,0,-1]
  normalPerVertex TRUE
  normal DEF NORM_167 Normal { vector [
  0 1 0,0 1 0,
  0 1 0,0 1 0,
  0 1 0,0 1 0,
  0 1 0,0 1 0,
  0 1 0,0 1 0,
  0 1 0,0 1 0,
  0 1 0,0 1 0,
  0 1 0,0 1 0,
  0 1 0,0 1 0,
  0 1 0,0 1 0,
  0 1 0,0 1 0,
  0 1 0,0 1 0,
  0 1 0,0 1 0,
  0 1 0,0 1 0,
  0 1 0,0 1 0,
  0 1 0,0 1 0] }
}
}
DEF SHAPE_168 Shape {
 appearance USE APP_6
 geometry DEF FACE_168 IndexedFaceSet {
  coord DEF COORD_168 Coordinate { point [
  0.88582677 0.33070866 0.32480315,0.88582677 0.16929134 0.32480315,
  0.89490614 0.16929134 0.32374192,0.90349603 0.16929134 0.32061546,
  0.91113337 0.16929134 0.3155923,0.91740642 0.16929134 0.30894325,
  0.92197701 0.16929134 0.30102676,0.92459873 0.16929134 0.29226961,
  0.92459873 0.33070866 0.29226961,0.89490614 0.33070866 0.32374192,
  0.90349603 0.33070866 0.32061546,0.91113337 0.33070866 0.3155923,
  0.91740642 0.33070866 0.30894325,0.92197701 0.33070866 0.30102676] }
 coordIndex [
  9,1,0,-1,9,2,1,-1,10,3,2,-1,10,2,9,-1,11,4,3,-1,11,3,10,-1,12,5,4,-1,12,4,11,-1,
  13,6,5,-1,13,5,12,-1,8,7,6,-1,8,6,13,-1]
  normalPerVertex TRUE
  normal DEF NORM_168 Normal { vector [
  -0.11609291 0 -0.99323836,-0.11609291 0 -0.99323836,
  -0.26832317 0 -0.96332895,-0.48324943 0 -0.87548272,
  -0.67212359 0 -0.74043898,-0.82476339 0 -0.56547798,
  -0.93293998 0 -0.36003192,-0.95798951 0 -0.28680323,
  -0.95798951 0 -0.28680323,-0.1925589 0 -0.98128542,
  -0.41366844 0 -0.9104276,-0.61247701 0 -0.7904884,
  -0.77826678 0 -0.62793377,-0.90209999 0 -0.43152706] }
}
}
DEF SHAPE_169 Shape {
 appearance USE APP_6
 geometry DEF FACE_169 IndexedFaceSet {
  coord DEF COORD_169 Coordinate { point [
  0.76771654 0.16929134 0.32480315,0.76771654 0.16929134 0.40354331,
  0.88582677 0.16929134 0.32480315,0.89490614 0.16929134 0.32374192,
  0.90349603 0.16929134 0.32061546,0.91113337 0.16929134 0.3155923,
  0.91740642 0.16929134 0.30894325,0.92197701 0.16929134 0.30102676,
  0.92459873 0.16929134 0.29226961,0.95649474 0.16929134 0.097600609,
  0.9643599 0.16929134 0.071329161,0.97807166 0.16929134 0.047579694,
  0.99689082 0.16929134 0.027632546,1.0198028 0.16929134 0.012563074,
  1.0455725 0.16929134 0.0031836767,1.0728106 0.16929134 0,
  1.1811024 0.16929134 0,1.1811024 0.16929134 0.078740157,
  1.0728106 0.16929134 0.078740157,1.0637313 0.16929134 0.079801383,
  1.0551414 0.16929134 0.082927849,1.047504 0.16929134 0.087951006,
  1.041231 0.16929134 0.094600055,1.0366604 0.16929134 0.10251654,
  1.0340387 0.16929134 0.11127369,1.0021426 0.16929134 0.3059427,
  0.99427749 0.16929134 0.33221415,0.98056573 0.16929134 0.35596361,
  0.96174657 0.16929134 0.37591076,0.93883455 0.16929134 0.39098023,
  0.91306487 0.16929134 0.40035963,0.88582677 0.16929134 0.40354331] }
 coordIndex [
  18,15,16,-1,18,16,17,-1,19,14,15,-1,19,15,18,-1,20,13,14,-1,20,14,19,-1,21,12,13,-1,21,13,20,-1,
  22,12,21,-1,11,22,23,-1,11,12,22,-1,10,11,23,-1,9,23,24,-1,9,10,23,-1,8,24,25,-1,8,9,24,-1,
  7,25,26,-1,7,26,27,-1,7,8,25,-1,6,7,27,-1,28,5,6,-1,28,6,27,-1,29,4,5,-1,29,5,28,-1,
  30,3,4,-1,30,4,29,-1,31,2,3,-1,31,3,30,-1,0,2,31,-1,1,0,31,-1]
  normalPerVertex TRUE
  normal DEF NORM_169 Normal { vector [
  0 -1 0,0 -1 0,
  0 -1 0,0 -1 0,
  0 -1 0,0 -1 0,
  0 -1 0,0 -1 0,
  0 -1 0,0 -1 0,
  0 -1 0,0 -1 0,
  0 -1 0,0 -1 0,
  0 -1 0,0 -1 0,
  0 -1 0,0 -1 0,
  0 -1 0,0 -1 0,
  0 -1 0,0 -1 0,
  0 -1 0,0 -1 0,
  0 -1 0,0 -1 0,
  0 -1 0,0 -1 0,
  0 -1 0,0 -1 0,
  0 -1 0,0 -1 0] }
}
}
DEF SHAPE_170 Shape {
 appearance USE APP_5
 geometry DEF FACE_170 IndexedFaceSet {
  coord DEF COORD_170 Coordinate { point [
  0.76771654 0.16929134 0.40354331,0.73818898 0.16929134 0.40354331,
  0.76771654 -0.16929134 0.40354331,0.73818898 -0.16929134 0.40354331] }
 coordIndex [
  2,0,1,-1,2,1,3,-1]
  normalPerVertex TRUE
  normal DEF NORM_170 Normal { vector [
  0 0 1,0 0 1,
  0 0 1,0 0 1] }
}
}
DEF SHAPE_171 Shape {
 appearance USE APP_6
 geometry DEF FACE_171 IndexedFaceSet {
  coord DEF COORD_171 Coordinate { point [
  0.76771654 -0.16929134 0.32480315,0.76771654 -0.16929134 0.40354331,
  0.88582677 -0.16929134 0.32480315,0.89490614 -0.16929134 0.32374192,
  0.90349603 -0.16929134 0.32061546,0.91113337 -0.16929134 0.3155923,
  0.91740642 -0.16929134 0.30894325,0.92197701 -0.16929134 0.30102676,
  0.92459873 -0.16929134 0.29226961,0.95649474 -0.16929134 0.097600609,
  0.9643599 -0.16929134 0.071329161,0.97807166 -0.16929134 0.047579694,
  0.99689082 -0.16929134 0.027632546,1.0198028 -0.16929134 0.012563074,
  1.0455725 -0.16929134 0.0031836767,1.0728106 -0.16929134 0,
  1.1811024 -0.16929134 0,1.1811024 -0.16929134 0.078740157,
  1.0728106 -0.16929134 0.078740157,1.0637313 -0.16929134 0.079801383,
  1.0551414 -0.16929134 0.082927849,1.047504 -0.16929134 0.087951006,
  1.041231 -0.16929134 0.094600055,1.0366604 -0.16929134 0.10251654,
  1.0340387 -0.16929134 0.11127369,1.0021426 -0.16929134 0.3059427,
  0.99427749 -0.16929134 0.33221415,0.98056573 -0.16929134 0.35596361,
  0.96174657 -0.16929134 0.37591076,0.93883455 -0.16929134 0.39098023,
  0.91306487 -0.16929134 0.40035963,0.88582677 -0.16929134 0.40354331] }
 coordIndex [
  18,16,15,-1,18,17,16,-1,19,15,14,-1,19,18,15,-1,20,14,13,-1,20,19,14,-1,21,13,12,-1,21,20,13,-1,
  22,21,12,-1,11,23,22,-1,11,22,12,-1,10,23,11,-1,9,24,23,-1,9,23,10,-1,8,25,24,-1,8,24,9,-1,
  7,26,25,-1,7,27,26,-1,7,25,8,-1,6,27,7,-1,28,6,5,-1,28,27,6,-1,29,5,4,-1,29,28,5,-1,
  30,4,3,-1,30,29,4,-1,31,3,2,-1,31,30,3,-1,0,31,2,-1,1,31,0,-1]
  normalPerVertex TRUE
  normal DEF NORM_171 Normal { vector [
  0 1 0,0 1 0,
  0 1 0,0 1 0,
  0 1 0,0 1 0,
  0 1 0,0 1 0,
  0 1 0,0 1 0,
  0 1 0,0 1 0,
  0 1 0,0 1 0,
  0 1 0,0 1 0,
  0 1 0,0 1 0,
  0 1 0,0 1 0,
  0 1 0,0 1 0,
  0 1 0,0 1 0,
  0 1 0,0 1 0,
  0 1 0,0 1 0,
  0 1 0,0 1 0,
  0 1 0,0 1 0] }
}
}
DEF SHAPE_172 Shape {
 appearance USE APP_6
 geometry DEF FACE_172 IndexedFaceSet {
  coord DEF COORD_172 Coordinate { point [
  0.88582677 -0.16929134 0.32480315,0.88582677 -0.33070866 0.32480315,
  0.89490614 -0.33070866 0.32374192,0.90349603 -0.33070866 0.32061546,
  0.91113337 -0.33070866 0.3155923,0.91740642 -0.33070866 0.30894325,
  0.92197701 -0.33070866 0.30102676,0.92459873 -0.33070866 0.29226961,
  0.92459873 -0.16929134 0.29226961,0.89490614 -0.16929134 0.32374192,
  0.90349603 -0.16929134 0.32061546,0.91113337 -0.16929134 0.3155923,
  0.91740642 -0.16929134 0.30894325,0.92197701 -0.16929134 0.30102676] }
 coordIndex [
  9,1,0,-1,9,2,1,-1,10,3,2,-1,10,2,9,-1,11,4,3,-1,11,3,10,-1,12,5,4,-1,12,4,11,-1,
  13,6,5,-1,13,5,12,-1,8,7,6,-1,8,6,13,-1]
  normalPerVertex TRUE
  normal DEF NORM_172 Normal { vector [
  -0.11609291 0 -0.99323836,-0.11609291 0 -0.99323836,
  -0.26832317 0 -0.96332895,-0.48324943 0 -0.87548272,
  -0.67212359 0 -0.74043898,-0.82476339 0 -0.56547798,
  -0.93293998 0 -0.36003192,-0.95798951 0 -0.28680323,
  -0.95798951 0 -0.28680323,-0.1925589 0 -0.98128542,
  -0.41366844 0 -0.9104276,-0.61247701 0 -0.7904884,
  -0.77826678 0 -0.62793377,-0.90209999 0 -0.43152706] }
}
}
DEF SHAPE_173 Shape {
 appearance USE APP_6
 geometry DEF FACE_173 IndexedFaceSet {
  coord DEF COORD_173 Coordinate { point [
  0.76771654 -0.33070866 0.32480315,0.76771654 -0.33070866 0.40354331,
  0.88582677 -0.33070866 0.32480315,0.89490614 -0.33070866 0.32374192,
  0.90349603 -0.33070866 0.32061546,0.91113337 -0.33070866 0.3155923,
  0.91740642 -0.33070866 0.30894325,0.92197701 -0.33070866 0.30102676,
  0.92459873 -0.33070866 0.29226961,0.95649474 -0.33070866 0.097600609,
  0.9643599 -0.33070866 0.071329161,0.97807166 -0.33070866 0.047579694,
  0.99689082 -0.33070866 0.027632546,1.0198028 -0.33070866 0.012563074,
  1.0455725 -0.33070866 0.0031836767,1.0728106 -0.33070866 0,
  1.1811024 -0.33070866 0,1.1811024 -0.33070866 0.078740157,
  1.0728106 -0.33070866 0.078740157,1.0637313 -0.33070866 0.079801383,
  1.0551414 -0.33070866 0.082927849,1.047504 -0.33070866 0.087951006,
  1.041231 -0.33070866 0.094600055,1.0366604 -0.33070866 0.10251654,
  1.0340387 -0.33070866 0.11127369,1.0021426 -0.33070866 0.3059427,
  0.99427749 -0.33070866 0.33221415,0.98056573 -0.33070866 0.35596361,
  0.96174657 -0.33070866 0.37591076,0.93883455 -0.33070866 0.39098023,
  0.91306487 -0.33070866 0.40035963,0.88582677 -0.33070866 0.40354331] }
 coordIndex [
  18,15,16,-1,18,16,17,-1,19,14,15,-1,19,15,18,-1,20,13,14,-1,20,14,19,-1,21,12,13,-1,21,13,20,-1,
  22,12,21,-1,11,22,23,-1,11,12,22,-1,10,11,23,-1,9,23,24,-1,9,10,23,-1,8,24,25,-1,8,9,24,-1,
  7,25,26,-1,7,26,27,-1,7,8,25,-1,6,7,27,-1,28,5,6,-1,28,6,27,-1,29,4,5,-1,29,5,28,-1,
  30,3,4,-1,30,4,29,-1,31,2,3,-1,31,3,30,-1,0,2,31,-1,1,0,31,-1]
  normalPerVertex TRUE
  normal DEF NORM_173 Normal { vector [
  0 -1 0,0 -1 0,
  0 -1 0,0 -1 0,
  0 -1 0,0 -1 0,
  0 -1 0,0 -1 0,
  0 -1 0,0 -1 0,
  0 -1 0,0 -1 0,
  0 -1 0,0 -1 0,
  0 -1 0,0 -1 0,
  0 -1 0,0 -1 0,
  0 -1 0,0 -1 0,
  0 -1 0,0 -1 0,
  0 -1 0,0 -1 0,
  0 -1 0,0 -1 0,
  0 -1 0,0 -1 0,
  0 -1 0,0 -1 0,
  0 -1 0,0 -1 0] }
}
}
DEF SHAPE_174 Shape {
 appearance USE APP_5
 geometry DEF FACE_174 IndexedFaceSet {
  coord DEF COORD_174 Coordinate { point [
  0.76771654 -0.33070866 0.40354331,0.73818898 -0.33070866 0.40354331,
  0.76771654 -0.66929134 0.40354331,0.73818898 -0.66929134 0.40354331] }
 coordIndex [
  2,0,1,-1,2,1,3,-1]
  normalPerVertex TRUE
  normal DEF NORM_174 Normal { vector [
  0 0 1,0 0 1,
  0 0 1,0 0 1] }
}
}
DEF SHAPE_175 Shape {
 appearance USE APP_6
 geometry DEF FACE_175 IndexedFaceSet {
  coord DEF COORD_175 Coordinate { point [
  0.76771654 -0.66929134 0.32480315,0.76771654 -0.66929134 0.40354331,
  0.88582677 -0.66929134 0.32480315,0.89490614 -0.66929134 0.32374192,
  0.90349603 -0.66929134 0.32061546,0.91113337 -0.66929134 0.3155923,
  0.91740642 -0.66929134 0.30894325,0.92197701 -0.66929134 0.30102676,
  0.92459873 -0.66929134 0.29226961,0.95649474 -0.66929134 0.097600609,
  0.9643599 -0.66929134 0.071329161,0.97807166 -0.66929134 0.047579694,
  0.99689082 -0.66929134 0.027632546,1.0198028 -0.66929134 0.012563074,
  1.0455725 -0.66929134 0.0031836767,1.0728106 -0.66929134 0,
  1.1811024 -0.66929134 0,1.1811024 -0.66929134 0.078740157,
  1.0728106 -0.66929134 0.078740157,1.0637313 -0.66929134 0.079801383,
  1.0551414 -0.66929134 0.082927849,1.047504 -0.66929134 0.087951006,
  1.041231 -0.66929134 0.094600055,1.0366604 -0.66929134 0.10251654,
  1.0340387 -0.66929134 0.11127369,1.0021426 -0.66929134 0.3059427,
  0.99427749 -0.66929134 0.33221415,0.98056573 -0.66929134 0.35596361,
  0.96174657 -0.66929134 0.37591076,0.93883455 -0.66929134 0.39098023,
  0.91306487 -0.66929134 0.40035963,0.88582677 -0.66929134 0.40354331] }
 coordIndex [
  18,16,15,-1,18,17,16,-1,19,15,14,-1,19,18,15,-1,20,14,13,-1,20,19,14,-1,21,13,12,-1,21,20,13,-1,
  22,21,12,-1,11,23,22,-1,11,22,12,-1,10,23,11,-1,9,24,23,-1,9,23,10,-1,8,25,24,-1,8,24,9,-1,
  7,26,25,-1,7,27,26,-1,7,25,8,-1,6,27,7,-1,28,6,5,-1,28,27,6,-1,29,5,4,-1,29,28,5,-1,
  30,4,3,-1,30,29,4,-1,31,3,2,-1,31,30,3,-1,0,31,2,-1,1,31,0,-1]
  normalPerVertex TRUE
  normal DEF NORM_175 Normal { vector [
  0 1 0,0 1 0,
  0 1 0,0 1 0,
  0 1 0,0 1 0,
  0 1 0,0 1 0,
  0 1 0,0 1 0,
  0 1 0,0 1 0,
  0 1 0,0 1 0,
  0 1 0,0 1 0,
  0 1 0,0 1 0,
  0 1 0,0 1 0,
  0 1 0,0 1 0,
  0 1 0,0 1 0,
  0 1 0,0 1 0,
  0 1 0,0 1 0,
  0 1 0,0 1 0,
  0 1 0,0 1 0] }
}
}
DEF SHAPE_176 Shape {
 appearance USE APP_6
 geometry DEF FACE_176 IndexedFaceSet {
  coord DEF COORD_176 Coordinate { point [
  0.88582677 -0.66929134 0.32480315,0.88582677 -0.83070866 0.32480315,
  0.89490614 -0.83070866 0.32374192,0.90349603 -0.83070866 0.32061546,
  0.91113337 -0.83070866 0.3155923,0.91740642 -0.83070866 0.30894325,
  0.92197701 -0.83070866 0.30102676,0.92459873 -0.83070866 0.29226961,
  0.92459873 -0.66929134 0.29226961,0.89490614 -0.66929134 0.32374192,
  0.90349603 -0.66929134 0.32061546,0.91113337 -0.66929134 0.3155923,
  0.91740642 -0.66929134 0.30894325,0.92197701 -0.66929134 0.30102676] }
 coordIndex [
  9,1,0,-1,9,2,1,-1,10,3,2,-1,10,2,9,-1,11,4,3,-1,11,3,10,-1,12,5,4,-1,12,4,11,-1,
  13,6,5,-1,13,7,6,-1,13,5,12,-1,8,7,13,-1]
  normalPerVertex TRUE
  normal DEF NORM_176 Normal { vector [
  -0.11609291 0 -0.99323836,-0.11609291 0 -0.99323836,
  -0.26832317 0 -0.96332895,-0.48324943 0 -0.87548272,
  -0.67212359 0 -0.74043898,-0.82476339 0 -0.56547798,
  -0.91821611 0 -0.39607977,-0.95798951 0 -0.28680323,
  -0.95798951 0 -0.28680323,-0.1925589 0 -0.98128542,
  -0.41366844 0 -0.9104276,-0.61247701 0 -0.7904884,
  -0.77826678 0 -0.62793377,-0.91821611 0 -0.39607977] }
}
}
DEF SHAPE_177 Shape {
 appearance USE APP_6
 geometry DEF FACE_177 IndexedFaceSet {
  coord DEF COORD_177 Coordinate { point [
  0.76771654 -0.83070866 0.32480315,0.76771654 -0.83070866 0.40354331,
  0.88582677 -0.83070866 0.32480315,0.89490614 -0.83070866 0.32374192,
  0.90349603 -0.83070866 0.32061546,0.91113337 -0.83070866 0.3155923,
  0.91740642 -0.83070866 0.30894325,0.92197701 -0.83070866 0.30102676,
  0.92459873 -0.83070866 0.29226961,0.95649474 -0.83070866 0.097600609,
  0.9643599 -0.83070866 0.071329161,0.97807166 -0.83070866 0.047579694,
  0.99689082 -0.83070866 0.027632546,1.0198028 -0.83070866 0.012563074,
  1.0455725 -0.83070866 0.0031836767,1.0728106 -0.83070866 0,
  1.1811024 -0.83070866 0,1.1811024 -0.83070866 0.078740157,
  1.0728106 -0.83070866 0.078740157,1.0637313 -0.83070866 0.079801383,
  1.0551414 -0.83070866 0.082927849,1.047504 -0.83070866 0.087951006,
  1.041231 -0.83070866 0.094600055,1.0366604 -0.83070866 0.10251654,
  1.0340387 -0.83070866 0.11127369,1.0021426 -0.83070866 0.3059427,
  0.99427749 -0.83070866 0.33221415,0.98056573 -0.83070866 0.35596361,
  0.96174657 -0.83070866 0.37591076,0.93883455 -0.83070866 0.39098023,
  0.91306487 -0.83070866 0.40035963,0.88582677 -0.83070866 0.40354331] }
 coordIndex [
  18,15,16,-1,18,16,17,-1,19,14,15,-1,19,15,18,-1,20,13,14,-1,20,14,19,-1,21,12,13,-1,21,13,20,-1,
  22,12,21,-1,11,22,23,-1,11,12,22,-1,10,11,23,-1,9,23,24,-1,9,10,23,-1,8,24,25,-1,8,9,24,-1,
  7,25,26,-1,7,26,27,-1,7,8,25,-1,6,7,27,-1,28,5,6,-1,28,6,27,-1,29,4,5,-1,29,5,28,-1,
  30,3,4,-1,30,4,29,-1,31,2,3,-1,31,3,30,-1,0,2,31,-1,1,0,31,-1]
  normalPerVertex TRUE
  normal DEF NORM_177 Normal { vector [
  0 -1 0,0 -1 0,
  0 -1 0,0 -1 0,
  0 -1 0,0 -1 0,
  0 -1 0,0 -1 0,
  0 -1 0,0 -1 0,
  0 -1 0,0 -1 0,
  0 -1 0,0 -1 0,
  0 -1 0,0 -1 0,
  0 -1 0,0 -1 0,
  0 -1 0,0 -1 0,
  0 -1 0,0 -1 0,
  0 -1 0,0 -1 0,
  0 -1 0,0 -1 0,
  0 -1 0,0 -1 0,
  0 -1 0,0 -1 0,
  0 -1 0,0 -1 0] }
}
}
DEF SHAPE_178 Shape {
 appearance USE APP_6
 geometry DEF FACE_178 IndexedFaceSet {
  coord DEF COORD_178 Coordinate { point [
  -1.0021426 0.66929134 0.3059427,-0.99427749 0.66929134 0.33221415,
  -0.98056573 0.66929134 0.35596361,-0.96174657 0.66929134 0.37591076,
  -0.93883455 0.66929134 0.39098023,-0.91306487 0.66929134 0.40035963,
  -0.88582677 0.66929134 0.40354331,-0.88582677 0.83070866 0.40354331,
  -1.0021426 0.83070866 0.3059427,-0.99427749 0.83070866 0.33221415,
  -0.98056573 0.83070866 0.35596361,-0.96174657 0.83070866 0.37591076,
  -0.93883455 0.83070866 0.39098023,-0.91306487 0.83070866 0.40035963] }
 coordIndex [
  5,6,7,-1,5,7,13,-1,4,13,12,-1,4,5,13,-1,3,12,11,-1,3,4,12,-1,2,11,10,-1,2,3,11,-1,
  1,10,9,-1,1,2,10,-1,0,9,8,-1,0,1,9,-1]
  normalPerVertex TRUE
  normal DEF NORM_178 Normal { vector [
  -0.95798951 0 0.28680323,-0.90209999 0 0.43152706,
  -0.77826678 0 0.62793377,-0.61247701 0 0.7904884,
  -0.41366844 0 0.9104276,-0.1925589 0 0.98128542,
  -0.11609291 0 0.99323836,-0.11609291 0 0.99323836,
  -0.95798951 0 0.28680323,-0.93293998 0 0.36003192,
  -0.82476339 0 0.56547798,-0.67212359 0 0.74043898,
  -0.48324943 0 0.87548272,-0.26832317 0 0.96332895] }
}
}
DEF SHAPE_179 Shape {
 appearance USE APP_6
 geometry DEF FACE_179 IndexedFaceSet {
  coord DEF COORD_179 Coordinate { point [
  -0.88582677 -0.83070866 0.40354331,-0.76771654 -0.83070866 0.40354331,
  -0.88582677 -0.66929134 0.40354331,-0.76771654 -0.66929134 0.40354331,
  -0.73818898 -0.66929134 0.40354331,-0.73818898 -0.83070866 0.40354331] }
 coordIndex [
  1,2,0,-1,1,3,2,-1,5,4,3,-1,5,3,1,-1]
  normalPerVertex TRUE
  normal DEF NORM_179 Normal { vector [
  0 0 1,0 0 1,
  0 0 1,0 0 1,
  0 0 1,0 0 1] }
}
}
DEF SHAPE_180 Shape {
 appearance USE APP_6
 geometry DEF FACE_180 IndexedFaceSet {
  coord DEF COORD_180 Coordinate { point [
  -0.88582677 -0.33070866 0.40354331,-0.76771654 -0.33070866 0.40354331,
  -0.88582677 -0.16929134 0.40354331,-0.76771654 -0.16929134 0.40354331,
  -0.73818898 -0.16929134 0.40354331,-0.73818898 -0.33070866 0.40354331] }
 coordIndex [
  1,2,0,-1,1,3,2,-1,5,4,3,-1,5,3,1,-1]
  normalPerVertex TRUE
  normal DEF NORM_180 Normal { vector [
  0 0 1,0 0 1,
  0 0 1,0 0 1,
  0 0 1,0 0 1] }
}
}
DEF SHAPE_181 Shape {
 appearance USE APP_6
 geometry DEF FACE_181 IndexedFaceSet {
  coord DEF COORD_181 Coordinate { point [
  -0.88582677 0.16929134 0.40354331,-0.76771654 0.16929134 0.40354331,
  -0.88582677 0.33070866 0.40354331,-0.76771654 0.33070866 0.40354331,
  -0.73818898 0.33070866 0.40354331,-0.73818898 0.16929134 0.40354331] }
 coordIndex [
  1,2,0,-1,1,3,2,-1,5,4,3,-1,5,3,1,-1]
  normalPerVertex TRUE
  normal DEF NORM_181 Normal { vector [
  0 0 1,0 0 1,
  0 0 1,0 0 1,
  0 0 1,0 0 1] }
}
}
DEF SHAPE_182 Shape {
 appearance USE APP_5
 geometry DEF FACE_182 IndexedFaceSet {
  coord DEF COORD_182 Coordinate { point [
  -0.66145104 0.88983121 0.68897638,0.66145104 0.88983121 0.68897638,
  0.69298082 0.85830143 0.68897638,0.69298082 -0.85830143 0.68897638,
  0.66145104 -0.88983121 0.68897638,-0.66145104 -0.88983121 0.68897638,
  -0.69298082 -0.85830143 0.68897638,-0.69298082 0.85830143 0.68897638,
  -0.43707531 0.51581546 0.68897638,-0.46764449 0.51983997 0.68897638,
  -0.49613043 0.53163924 0.68897638,-0.52059186 0.55040915 0.68897638,
  -0.53936177 0.57487058 0.68897638,-0.55116103 0.60335652 0.68897638,
  -0.55518554 0.6339257 0.68897638,-0.55116103 0.66449488 0.68897638,
  -0.53936177 0.69298082 0.68897638,-0.52059186 0.71744225 0.68897638,
  -0.49613043 0.73621217 0.68897638,-0.46764449 0.74801143 0.68897638,
  -0.43707531 0.75203594 0.68897638,-0.40650613 0.74801143 0.68897638,
  -0.37802019 0.73621217 0.68897638,-0.35355876 0.71744225 0.68897638,
  -0.33478884 0.69298082 0.68897638,-0.32298958 0.66449488 0.68897638,
  -0.31896507 0.6339257 0.68897638,-0.32298958 0.60335652 0.68897638,
  -0.33478884 0.57487058 0.68897638,-0.35355876 0.55040915 0.68897638,
  -0.37802019 0.53163924 0.68897638,-0.40650613 0.51983997 0.68897638] }
 coordIndex [
  21,1,0,-1,20,21,0,-1,22,1,21,-1,19,20,0,-1,23,1,22,-1,18,19,0,-1,24,1,23,-1,17,0,7,-1,
  17,18,0,-1,25,1,24,-1,16,17,7,-1,26,1,25,-1,15,16,7,-1,27,2,1,-1,27,1,26,-1,14,15,7,-1,
  28,2,27,-1,13,14,7,-1,29,2,28,-1,12,13,7,-1,3,29,30,-1,3,2,29,-1,4,3,30,-1,6,8,9,-1,
  6,9,10,-1,6,10,11,-1,6,11,12,-1,6,31,8,-1,6,12,7,-1,5,30,31,-1,5,4,30,-1,5,31,6,-1]
  normalPerVertex TRUE
  normal DEF NORM_182 Normal { vector [
  0 0 1,0 0 1,
  0 0 1,0 0 1,
  0 0 1,0 0 1,
  0 0 1,0 0 1,
  0 0 1,0 0 1,
  0 0 1,0 0 1,
  0 0 1,0 0 1,
  0 0 1,0 0 1,
  0 0 1,0 0 1,
  0 0 1,0 0 1,
  0 0 1,0 0 1,
  0 0 1,0 0 1,
  0 0 1,0 0 1,
  0 0 1,0 0 1,
  0 0 1,0 0 1,
  0 0 1,0 0 1] }
}
}
DEF SHAPE_183 Shape {
 appearance USE APP_5
 geometry DEF FACE_183 IndexedFaceSet {
  coord DEF COORD_183 Coordinate { point [
  -0.68405512 -0.93503937 0.40354331,-0.73818898 -0.88090551 0.40354331,
  -0.69298082 -0.85830143 0.68897638,-0.66145104 -0.88983121 0.68897638] }
 coordIndex [
  2,1,0,-1,2,0,3,-1]
  normalPerVertex TRUE
  normal DEF NORM_183 Normal { vector [
  -0.69733537 -0.69733537 0.16567061,-0.69733537 -0.69733537 0.16567061,
  -0.69733537 -0.69733537 0.16567061,-0.69733537 -0.69733537 0.16567061] }
}
}
DEF SHAPE_184 Shape {
 appearance USE APP_6
 geometry DEF FACE_184 IndexedFaceSet {
  coord DEF COORD_184 Coordinate { point [
  0.88582677 0.33070866 0.40354331,0.76771654 0.33070866 0.40354331,
  0.88582677 0.16929134 0.40354331,0.76771654 0.16929134 0.40354331,
  0.73818898 0.16929134 0.40354331,0.73818898 0.33070866 0.40354331] }
 coordIndex [
  1,2,0,-1,1,3,2,-1,5,4,3,-1,5,3,1,-1]
  normalPerVertex TRUE
  normal DEF NORM_184 Normal { vector [
  0 0 1,0 0 1,
  0 0 1,0 0 1,
  0 0 1,0 0 1] }
}
}
DEF SHAPE_185 Shape {
 appearance USE APP_6
 geometry DEF FACE_185 IndexedFaceSet {
  coord DEF COORD_185 Coordinate { point [
  0.88582677 -0.16929134 0.40354331,0.76771654 -0.16929134 0.40354331,
  0.88582677 -0.33070866 0.40354331,0.76771654 -0.33070866 0.40354331,
  0.73818898 -0.33070866 0.40354331,0.73818898 -0.16929134 0.40354331] }
 coordIndex [
  1,2,0,-1,1,3,2,-1,5,4,3,-1,5,3,1,-1]
  normalPerVertex TRUE
  normal DEF NORM_185 Normal { vector [
  0 0 1,0 0 1,
  0 0 1,0 0 1,
  0 0 1,0 0 1] }
}
}
DEF SHAPE_186 Shape {
 appearance USE APP_6
 geometry DEF FACE_186 IndexedFaceSet {
  coord DEF COORD_186 Coordinate { point [
  0.88582677 -0.66929134 0.40354331,0.76771654 -0.66929134 0.40354331,
  0.88582677 -0.83070866 0.40354331,0.76771654 -0.83070866 0.40354331,
  0.73818898 -0.83070866 0.40354331,0.73818898 -0.66929134 0.40354331] }
 coordIndex [
  1,2,0,-1,1,3,2,-1,5,4,3,-1,5,3,1,-1]
  normalPerVertex TRUE
  normal DEF NORM_186 Normal { vector [
  0 0 1,0 0 1,
  0 0 1,0 0 1,
  0 0 1,0 0 1] }
}
}
DEF SHAPE_187 Shape {
 appearance USE APP_5
 geometry DEF FACE_187 IndexedFaceSet {
  coord DEF COORD_187 Coordinate { point [
  0.73818898 -0.88090551 0.40354331,0.68405512 -0.93503937 0.40354331,
  0.66145104 -0.88983121 0.68897638,0.69298082 -0.85830143 0.68897638] }
 coordIndex [
  2,1,0,-1,2,0,3,-1]
  normalPerVertex TRUE
  normal DEF NORM_187 Normal { vector [
  0.69733537 -0.69733537 0.16567061,0.69733537 -0.69733537 0.16567061,
  0.69733537 -0.69733537 0.16567061,0.69733537 -0.69733537 0.16567061] }
}
}
DEF SHAPE_188 Shape {
 appearance USE APP_6
 geometry DEF FACE_188 IndexedFaceSet {
  coord DEF COORD_188 Coordinate { point [
  1.0021426 0.83070866 0.3059427,0.99427749 0.83070866 0.33221415,
  0.98056573 0.83070866 0.35596361,0.96174657 0.83070866 0.37591076,
  0.93883455 0.83070866 0.39098023,0.91306487 0.83070866 0.40035963,
  0.88582677 0.83070866 0.40354331,0.88582677 0.66929134 0.40354331,
  1.0021426 0.66929134 0.3059427,0.99427749 0.66929134 0.33221415,
  0.98056573 0.66929134 0.35596361,0.96174657 0.66929134 0.37591076,
  0.93883455 0.66929134 0.39098023,0.91306487 0.66929134 0.40035963] }
 coordIndex [
  5,6,7,-1,5,7,13,-1,4,13,12,-1,4,5,13,-1,3,12,11,-1,3,4,12,-1,2,11,10,-1,2,3,11,-1,
  1,10,9,-1,1,2,10,-1,0,9,8,-1,0,1,9,-1]
  normalPerVertex TRUE
  normal DEF NORM_188 Normal { vector [
  0.95798951 0 0.28680323,0.90209999 0 0.43152706,
  0.77826678 0 0.62793377,0.61247701 0 0.7904884,
  0.41366844 0 0.9104276,0.1925589 0 0.98128542,
  0.11609291 0 0.99323836,0.11609291 0 0.99323836,
  0.95798951 0 0.28680323,0.93293998 0 0.36003192,
  0.82476339 0 0.56547798,0.67212359 0 0.74043898,
  0.48324943 0 0.87548272,0.26832317 0 0.96332895] }
}
}
DEF SHAPE_189 Shape {
 appearance USE APP_5
 geometry DEF FACE_189 IndexedFaceSet {
  coord DEF COORD_189 Coordinate { point [
  0.68405512 -0.93503937 0.40354331,-0.68405512 -0.93503937 0.40354331,
  -0.66145104 -0.88983121 0.68897638,0.66145104 -0.88983121 0.68897638] }
 coordIndex [
  2,1,0,-1,2,0,3,-1]
  normalPerVertex TRUE
  normal DEF NORM_189 Normal { vector [
  0 -0.98768834 0.15643447,0 -0.98768834 0.15643447,
  0 -0.98768834 0.15643447,0 -0.98768834 0.15643447] }
}
}
DEF SHAPE_190 Shape {
 appearance USE APP_6
 geometry DEF FACE_190 IndexedFaceSet {
  coord DEF COORD_190 Coordinate { point [
  -1.0021426 -0.83070866 0.3059427,-0.99427749 -0.83070866 0.33221415,
  -0.98056573 -0.83070866 0.35596361,-0.96174657 -0.83070866 0.37591076,
  -0.93883455 -0.83070866 0.39098023,-0.91306487 -0.83070866 0.40035963,
  -0.88582677 -0.83070866 0.40354331,-0.88582677 -0.66929134 0.40354331,
  -1.0021426 -0.66929134 0.3059427,-0.99427749 -0.66929134 0.33221415,
  -0.98056573 -0.66929134 0.35596361,-0.96174657 -0.66929134 0.37591076,
  -0.93883455 -0.66929134 0.39098023,-0.91306487 -0.66929134 0.40035963] }
 coordIndex [
  5,6,7,-1,5,7,13,-1,4,13,12,-1,4,5,13,-1,3,12,11,-1,3,4,12,-1,2,11,10,-1,2,3,11,-1,
  1,10,9,-1,1,2,10,-1,0,9,8,-1,0,1,9,-1]
  normalPerVertex TRUE
  normal DEF NORM_190 Normal { vector [
  -0.95798951 0 0.28680323,-0.90209999 0 0.43152706,
  -0.77826678 0 0.62793377,-0.61247701 0 0.7904884,
  -0.41366844 0 0.9104276,-0.1925589 0 0.98128542,
  -0.11609291 0 0.99323836,-0.11609291 0 0.99323836,
  -0.95798951 0 0.28680323,-0.93293998 0 0.36003192,
  -0.82476339 0 0.56547798,-0.67212359 0 0.74043898,
  -0.48324943 0 0.87548272,-0.26832317 0 0.96332895] }
}
}
DEF SHAPE_191 Shape {
 appearance USE APP_6
 geometry DEF FACE_191 IndexedFaceSet {
  coord DEF COORD_191 Coordinate { point [
  -1.0340387 -0.83070866 0.11127369,-1.0340387 -0.66929134 0.11127369,
  -1.0021426 -0.66929134 0.3059427,-1.0021426 -0.83070866 0.3059427] }
 coordIndex [
  3,1,0,-1,3,2,1,-1]
  normalPerVertex TRUE
  normal DEF NORM_191 Normal { vector [
  -0.98684137 0 0.16169139,-0.98684137 0 0.16169139,
  -0.98684137 0 0.16169139,-0.98684137 0 0.16169139] }
}
}
DEF SHAPE_192 Shape {
 appearance USE APP_6
 geometry DEF FACE_192 IndexedFaceSet {
  coord DEF COORD_192 Coordinate { point [
  -1.0728106 -0.83070866 0.078740157,-1.0728106 -0.66929134 0.078740157,
  -1.0637313 -0.66929134 0.079801383,-1.0551414 -0.66929134 0.082927849,
  -1.047504 -0.66929134 0.087951006,-1.041231 -0.66929134 0.094600055,
  -1.0366604 -0.66929134 0.10251654,-1.0340387 -0.66929134 0.11127369,
  -1.0340387 -0.83070866 0.11127369,-1.0637313 -0.83070866 0.079801383,
  -1.0551414 -0.83070866 0.082927849,-1.047504 -0.83070866 0.087951006,
  -1.041231 -0.83070866 0.094600055,-1.0366604 -0.83070866 0.10251654] }
 coordIndex [
  9,1,0,-1,9,2,1,-1,10,3,2,-1,10,2,9,-1,11,4,3,-1,11,3,10,-1,12,5,4,-1,12,4,11,-1,
  13,6,5,-1,13,5,12,-1,8,7,6,-1,8,6,13,-1]
  normalPerVertex TRUE
  normal DEF NORM_192 Normal { vector [
  -0.11609291 0 0.99323836,-0.11609291 0 0.99323836,
  -0.26832317 0 0.96332895,-0.48324943 0 0.87548272,
  -0.67212359 0 0.74043898,-0.82476339 0 0.56547798,
  -0.93293998 0 0.36003192,-0.95798951 0 0.28680323,
  -0.95798951 0 0.28680323,-0.1925589 0 0.98128542,
  -0.41366844 0 0.9104276,-0.61247701 0 0.7904884,
  -0.77826678 0 0.62793377,-0.90209999 0 0.43152706] }
}
}
DEF SHAPE_193 Shape {
 appearance USE APP_6
 geometry DEF FACE_193 IndexedFaceSet {
  coord DEF COORD_193 Coordinate { point [
  -1.1811024 -0.83070866 0.078740157,-1.1811024 -0.66929134 0.078740157,
  -1.0728106 -0.66929134 0.078740157,-1.0728106 -0.83070866 0.078740157] }
 coordIndex [
  3,1,0,-1,3,2,1,-1]
  normalPerVertex TRUE
  normal DEF NORM_193 Normal { vector [
  0 0 1,0 0 1,
  0 0 1,0 0 1] }
}
}
DEF SHAPE_194 Shape {
 appearance USE APP_6
 geometry DEF FACE_194 IndexedFaceSet {
  coord DEF COORD_194 Coordinate { point [
  -1.1811024 -0.83070866 0,-1.1811024 -0.66929134 0,
  -1.1811024 -0.66929134 0.078740157,-1.1811024 -0.83070866 0.078740157] }
 coordIndex [
  3,1,0,-1,3,2,1,-1]
  normalPerVertex TRUE
  normal DEF NORM_194 Normal { vector [
  -1 0 0,-1 0 0,
  -1 0 0,-1 0 0] }
}
}
DEF SHAPE_195 Shape {
 appearance USE APP_6
 geometry DEF FACE_195 IndexedFaceSet {
  coord DEF COORD_195 Coordinate { point [
  -1.0728106 -0.83070866 0,-1.0728106 -0.66929134 0,
  -1.1811024 -0.66929134 0,-1.1811024 -0.83070866 0] }
 coordIndex [
  3,1,0,-1,3,2,1,-1]
  normalPerVertex TRUE
  normal DEF NORM_195 Normal { vector [
  0 0 -1,0 0 -1,
  0 0 -1,0 0 -1] }
}
}
DEF SHAPE_196 Shape {
 appearance USE APP_6
 geometry DEF FACE_196 IndexedFaceSet {
  coord DEF COORD_196 Coordinate { point [
  -0.95649474 -0.83070866 0.097600609,-0.9643599 -0.83070866 0.071329161,
  -0.97807166 -0.83070866 0.047579694,-0.99689082 -0.83070866 0.027632546,
  -1.0198028 -0.83070866 0.012563074,-1.0455725 -0.83070866 0.0031836767,
  -1.0728106 -0.83070866 0,-1.0728106 -0.66929134 0,
  -0.95649474 -0.66929134 0.097600609,-0.9643599 -0.66929134 0.071329161,
  -0.97807166 -0.66929134 0.047579694,-0.99689082 -0.66929134 0.027632546,
  -1.0198028 -0.66929134 0.012563074,-1.0455725 -0.66929134 0.0031836767] }
 coordIndex [
  5,6,7,-1,5,7,13,-1,4,13,12,-1,4,5,13,-1,3,12,11,-1,3,4,12,-1,2,11,10,-1,2,3,11,-1,
  1,10,9,-1,1,2,10,-1,0,9,8,-1,0,1,9,-1]
  normalPerVertex TRUE
  normal DEF NORM_196 Normal { vector [
  0.95798951 0 -0.28680323,0.90209999 0 -0.43152706,
  0.77826678 0 -0.62793377,0.61247701 0 -0.7904884,
  0.41366844 0 -0.9104276,0.1925589 0 -0.98128542,
  0.11609291 0 -0.99323836,0.11609291 0 -0.99323836,
  0.95798951 0 -0.28680323,0.93293998 0 -0.36003192,
  0.82476339 0 -0.56547798,0.67212359 0 -0.74043898,
  0.48324943 0 -0.87548272,0.26832317 0 -0.96332895] }
}
}
DEF SHAPE_197 Shape {
 appearance USE APP_6
 geometry DEF FACE_197 IndexedFaceSet {
  coord DEF COORD_197 Coordinate { point [
  -0.92459873 -0.83070866 0.29226961,-0.92459873 -0.66929134 0.29226961,
  -0.95649474 -0.66929134 0.097600609,-0.95649474 -0.83070866 0.097600609] }
 coordIndex [
  3,1,0,-1,3,2,1,-1]
  normalPerVertex TRUE
  normal DEF NORM_197 Normal { vector [
  0.98684137 0 -0.16169139,0.98684137 0 -0.16169139,
  0.98684137 0 -0.16169139,0.98684137 0 -0.16169139] }
}
}
DEF SHAPE_198 Shape {
 appearance USE APP_6
 geometry DEF FACE_198 IndexedFaceSet {
  coord DEF COORD_198 Coordinate { point [
  -1.0021426 -0.33070866 0.3059427,-0.99427749 -0.33070866 0.33221415,
  -0.98056573 -0.33070866 0.35596361,-0.96174657 -0.33070866 0.37591076,
  -0.93883455 -0.33070866 0.39098023,-0.91306487 -0.33070866 0.40035963,
  -0.88582677 -0.33070866 0.40354331,-0.88582677 -0.16929134 0.40354331,
  -1.0021426 -0.16929134 0.3059427,-0.99427749 -0.16929134 0.33221415,
  -0.98056573 -0.16929134 0.35596361,-0.96174657 -0.16929134 0.37591076,
  -0.93883455 -0.16929134 0.39098023,-0.91306487 -0.16929134 0.40035963] }
 coordIndex [
  5,6,7,-1,5,7,13,-1,4,13,12,-1,4,5,13,-1,3,12,11,-1,3,4,12,-1,2,11,10,-1,2,3,11,-1,
  1,10,9,-1,1,2,10,-1,0,9,8,-1,0,1,9,-1]
  normalPerVertex TRUE
  normal DEF NORM_198 Normal { vector [
  -0.95798951 0 0.28680323,-0.90209999 0 0.43152706,
  -0.77826678 0 0.62793377,-0.61247701 0 0.7904884,
  -0.41366844 0 0.9104276,-0.1925589 0 0.98128542,
  -0.11609291 0 0.99323836,-0.11609291 0 0.99323836,
  -0.95798951 0 0.28680323,-0.93293998 0 0.36003192,
  -0.82476339 0 0.56547798,-0.67212359 0 0.74043898,
  -0.48324943 0 0.87548272,-0.26832317 0 0.96332895] }
}
}
DEF SHAPE_199 Shape {
 appearance USE APP_6
 geometry DEF FACE_199 IndexedFaceSet {
  coord DEF COORD_199 Coordinate { point [
  -1.0340387 -0.33070866 0.11127369,-1.0340387 -0.16929134 0.11127369,
  -1.0021426 -0.16929134 0.3059427,-1.0021426 -0.33070866 0.3059427] }
 coordIndex [
  3,1,0,-1,3,2,1,-1]
  normalPerVertex TRUE
  normal DEF NORM_199 Normal { vector [
  -0.98684137 0 0.16169139,-0.98684137 0 0.16169139,
  -0.98684137 0 0.16169139,-0.98684137 0 0.16169139] }
}
}
DEF SHAPE_200 Shape {
 appearance USE APP_6
 geometry DEF FACE_200 IndexedFaceSet {
  coord DEF COORD_200 Coordinate { point [
  -1.0728106 -0.33070866 0.078740157,-1.0728106 -0.16929134 0.078740157,
  -1.0637313 -0.16929134 0.079801383,-1.0551414 -0.16929134 0.082927849,
  -1.047504 -0.16929134 0.087951006,-1.041231 -0.16929134 0.094600055,
  -1.0366604 -0.16929134 0.10251654,-1.0340387 -0.16929134 0.11127369,
  -1.0340387 -0.33070866 0.11127369,-1.0637313 -0.33070866 0.079801383,
  -1.0551414 -0.33070866 0.082927849,-1.047504 -0.33070866 0.087951006,
  -1.041231 -0.33070866 0.094600055,-1.0366604 -0.33070866 0.10251654] }
 coordIndex [
  9,1,0,-1,9,2,1,-1,10,3,2,-1,10,2,9,-1,11,4,3,-1,11,3,10,-1,12,5,4,-1,12,4,11,-1,
  13,6,5,-1,13,5,12,-1,8,7,6,-1,8,6,13,-1]
  normalPerVertex TRUE
  normal DEF NORM_200 Normal { vector [
  -0.11609291 0 0.99323836,-0.11609291 0 0.99323836,
  -0.26832317 0 0.96332895,-0.48324943 0 0.87548272,
  -0.67212359 0 0.74043898,-0.82476339 0 0.56547798,
  -0.93293998 0 0.36003192,-0.95798951 0 0.28680323,
  -0.95798951 0 0.28680323,-0.1925589 0 0.98128542,
  -0.41366844 0 0.9104276,-0.61247701 0 0.7904884,
  -0.77826678 0 0.62793377,-0.90209999 0 0.43152706] }
}
}
DEF SHAPE_201 Shape {
 appearance USE APP_6
 geometry DEF FACE_201 IndexedFaceSet {
  coord DEF COORD_201 Coordinate { point [
  -1.1811024 -0.33070866 0.078740157,-1.1811024 -0.16929134 0.078740157,
  -1.0728106 -0.16929134 0.078740157,-1.0728106 -0.33070866 0.078740157] }
 coordIndex [
  3,1,0,-1,3,2,1,-1]
  normalPerVertex TRUE
  normal DEF NORM_201 Normal { vector [
  0 0 1,0 0 1,
  0 0 1,0 0 1] }
}
}
DEF SHAPE_202 Shape {
 appearance USE APP_6
 geometry DEF FACE_202 IndexedFaceSet {
  coord DEF COORD_202 Coordinate { point [
  -1.1811024 -0.33070866 0,-1.1811024 -0.16929134 0,
  -1.1811024 -0.16929134 0.078740157,-1.1811024 -0.33070866 0.078740157] }
 coordIndex [
  3,1,0,-1,3,2,1,-1]
  normalPerVertex TRUE
  normal DEF NORM_202 Normal { vector [
  -1 0 0,-1 0 0,
  -1 0 0,-1 0 0] }
}
}
DEF SHAPE_203 Shape {
 appearance USE APP_6
 geometry DEF FACE_203 IndexedFaceSet {
  coord DEF COORD_203 Coordinate { point [
  -1.0728106 -0.33070866 0,-1.0728106 -0.16929134 0,
  -1.1811024 -0.16929134 0,-1.1811024 -0.33070866 0] }
 coordIndex [
  3,1,0,-1,3,2,1,-1]
  normalPerVertex TRUE
  normal DEF NORM_203 Normal { vector [
  0 0 -1,0 0 -1,
  0 0 -1,0 0 -1] }
}
}
DEF SHAPE_204 Shape {
 appearance USE APP_6
 geometry DEF FACE_204 IndexedFaceSet {
  coord DEF COORD_204 Coordinate { point [
  -0.95649474 -0.33070866 0.097600609,-0.9643599 -0.33070866 0.071329161,
  -0.97807166 -0.33070866 0.047579694,-0.99689082 -0.33070866 0.027632546,
  -1.0198028 -0.33070866 0.012563074,-1.0455725 -0.33070866 0.0031836767,
  -1.0728106 -0.33070866 0,-1.0728106 -0.16929134 0,
  -0.95649474 -0.16929134 0.097600609,-0.9643599 -0.16929134 0.071329161,
  -0.97807166 -0.16929134 0.047579694,-0.99689082 -0.16929134 0.027632546,
  -1.0198028 -0.16929134 0.012563074,-1.0455725 -0.16929134 0.0031836767] }
 coordIndex [
  5,6,7,-1,5,7,13,-1,4,13,12,-1,4,5,13,-1,3,12,11,-1,3,4,12,-1,2,11,10,-1,2,3,11,-1,
  1,10,9,-1,1,2,10,-1,0,9,8,-1,0,1,9,-1]
  normalPerVertex TRUE
  normal DEF NORM_204 Normal { vector [
  0.95798951 0 -0.28680323,0.90209999 0 -0.43152706,
  0.77826678 0 -0.62793377,0.61247701 0 -0.7904884,
  0.41366844 0 -0.9104276,0.1925589 0 -0.98128542,
  0.11609291 0 -0.99323836,0.11609291 0 -0.99323836,
  0.95798951 0 -0.28680323,0.93293998 0 -0.36003192,
  0.82476339 0 -0.56547798,0.67212359 0 -0.74043898,
  0.48324943 0 -0.87548272,0.26832317 0 -0.96332895] }
}
}
DEF SHAPE_205 Shape {
 appearance USE APP_6
 geometry DEF FACE_205 IndexedFaceSet {
  coord DEF COORD_205 Coordinate { point [
  -0.92459873 -0.33070866 0.29226961,-0.92459873 -0.16929134 0.29226961,
  -0.95649474 -0.16929134 0.097600609,-0.95649474 -0.33070866 0.097600609] }
 coordIndex [
  3,1,0,-1,3,2,1,-1]
  normalPerVertex TRUE
  normal DEF NORM_205 Normal { vector [
  0.98684137 0 -0.16169139,0.98684137 0 -0.16169139,
  0.98684137 0 -0.16169139,0.98684137 0 -0.16169139] }
}
}
DEF SHAPE_206 Shape {
 appearance USE APP_6
 geometry DEF FACE_206 IndexedFaceSet {
  coord DEF COORD_206 Coordinate { point [
  -1.0021426 0.16929134 0.3059427,-0.99427749 0.16929134 0.33221415,
  -0.98056573 0.16929134 0.35596361,-0.96174657 0.16929134 0.37591076,
  -0.93883455 0.16929134 0.39098023,-0.91306487 0.16929134 0.40035963,
  -0.88582677 0.16929134 0.40354331,-0.88582677 0.33070866 0.40354331,
  -1.0021426 0.33070866 0.3059427,-0.99427749 0.33070866 0.33221415,
  -0.98056573 0.33070866 0.35596361,-0.96174657 0.33070866 0.37591076,
  -0.93883455 0.33070866 0.39098023,-0.91306487 0.33070866 0.40035963] }
 coordIndex [
  5,6,7,-1,5,7,13,-1,4,13,12,-1,4,5,13,-1,3,12,11,-1,3,4,12,-1,2,11,10,-1,2,3,11,-1,
  1,10,9,-1,1,2,10,-1,0,9,8,-1,0,1,9,-1]
  normalPerVertex TRUE
  normal DEF NORM_206 Normal { vector [
  -0.95798951 0 0.28680323,-0.90209999 0 0.43152706,
  -0.77826678 0 0.62793377,-0.61247701 0 0.7904884,
  -0.41366844 0 0.9104276,-0.1925589 0 0.98128542,
  -0.11609291 0 0.99323836,-0.11609291 0 0.99323836,
  -0.95798951 0 0.28680323,-0.93293998 0 0.36003192,
  -0.82476339 0 0.56547798,-0.67212359 0 0.74043898,
  -0.48324943 0 0.87548272,-0.26832317 0 0.96332895] }
}
}
DEF SHAPE_207 Shape {
 appearance USE APP_6
 geometry DEF FACE_207 IndexedFaceSet {
  coord DEF COORD_207 Coordinate { point [
  -1.0340387 0.16929134 0.11127369,-1.0340387 0.33070866 0.11127369,
  -1.0021426 0.33070866 0.3059427,-1.0021426 0.16929134 0.3059427] }
 coordIndex [
  3,1,0,-1,3,2,1,-1]
  normalPerVertex TRUE
  normal DEF NORM_207 Normal { vector [
  -0.98684137 0 0.16169139,-0.98684137 0 0.16169139,
  -0.98684137 0 0.16169139,-0.98684137 0 0.16169139] }
}
}
DEF SHAPE_208 Shape {
 appearance USE APP_6
 geometry DEF FACE_208 IndexedFaceSet {
  coord DEF COORD_208 Coordinate { point [
  -1.0728106 0.16929134 0.078740157,-1.0728106 0.33070866 0.078740157,
  -1.0637313 0.33070866 0.079801383,-1.0551414 0.33070866 0.082927849,
  -1.047504 0.33070866 0.087951006,-1.041231 0.33070866 0.094600055,
  -1.0366604 0.33070866 0.10251654,-1.0340387 0.33070866 0.11127369,
  -1.0340387 0.16929134 0.11127369,-1.0637313 0.16929134 0.079801383,
  -1.0551414 0.16929134 0.082927849,-1.047504 0.16929134 0.087951006,
  -1.041231 0.16929134 0.094600055,-1.0366604 0.16929134 0.10251654] }
 coordIndex [
  9,1,0,-1,9,2,1,-1,10,3,2,-1,10,2,9,-1,11,4,3,-1,11,3,10,-1,12,5,4,-1,12,4,11,-1,
  13,6,5,-1,13,5,12,-1,8,7,6,-1,8,6,13,-1]
  normalPerVertex TRUE
  normal DEF NORM_208 Normal { vector [
  -0.11609291 0 0.99323836,-0.11609291 0 0.99323836,
  -0.26832317 0 0.96332895,-0.48324943 0 0.87548272,
  -0.67212359 0 0.74043898,-0.82476339 0 0.56547798,
  -0.93293998 0 0.36003192,-0.95798951 0 0.28680323,
  -0.95798951 0 0.28680323,-0.1925589 0 0.98128542,
  -0.41366844 0 0.9104276,-0.61247701 0 0.7904884,
  -0.77826678 0 0.62793377,-0.90209999 0 0.43152706] }
}
}
DEF SHAPE_209 Shape {
 appearance USE APP_6
 geometry DEF FACE_209 IndexedFaceSet {
  coord DEF COORD_209 Coordinate { point [
  -1.1811024 0.16929134 0.078740157,-1.1811024 0.33070866 0.078740157,
  -1.0728106 0.33070866 0.078740157,-1.0728106 0.16929134 0.078740157] }
 coordIndex [
  3,1,0,-1,3,2,1,-1]
  normalPerVertex TRUE
  normal DEF NORM_209 Normal { vector [
  0 0 1,0 0 1,
  0 0 1,0 0 1] }
}
}
DEF SHAPE_210 Shape {
 appearance USE APP_6
 geometry DEF FACE_210 IndexedFaceSet {
  coord DEF COORD_210 Coordinate { point [
  -1.1811024 0.16929134 0,-1.1811024 0.33070866 0,
  -1.1811024 0.33070866 0.078740157,-1.1811024 0.16929134 0.078740157] }
 coordIndex [
  3,1,0,-1,3,2,1,-1]
  normalPerVertex TRUE
  normal DEF NORM_210 Normal { vector [
  -1 0 0,-1 0 0,
  -1 0 0,-1 0 0] }
}
}
DEF SHAPE_211 Shape {
 appearance USE APP_6
 geometry DEF FACE_211 IndexedFaceSet {
  coord DEF COORD_211 Coordinate { point [
  -1.0728106 0.16929134 0,-1.0728106 0.33070866 0,
  -1.1811024 0.33070866 0,-1.1811024 0.16929134 0] }
 coordIndex [
  3,1,0,-1,3,2,1,-1]
  normalPerVertex TRUE
  normal DEF NORM_211 Normal { vector [
  0 0 -1,0 0 -1,
  0 0 -1,0 0 -1] }
}
}
DEF SHAPE_212 Shape {
 appearance USE APP_6
 geometry DEF FACE_212 IndexedFaceSet {
  coord DEF COORD_212 Coordinate { point [
  -0.95649474 0.16929134 0.097600609,-0.9643599 0.16929134 0.071329161,
  -0.97807166 0.16929134 0.047579694,-0.99689082 0.16929134 0.027632546,
  -1.0198028 0.16929134 0.012563074,-1.0455725 0.16929134 0.0031836767,
  -1.0728106 0.16929134 0,-1.0728106 0.33070866 0,
  -0.95649474 0.33070866 0.097600609,-0.9643599 0.33070866 0.071329161,
  -0.97807166 0.33070866 0.047579694,-0.99689082 0.33070866 0.027632546,
  -1.0198028 0.33070866 0.012563074,-1.0455725 0.33070866 0.0031836767] }
 coordIndex [
  5,6,7,-1,5,7,13,-1,4,13,12,-1,4,5,13,-1,3,12,11,-1,3,4,12,-1,2,11,10,-1,2,3,11,-1,
  1,10,9,-1,1,2,10,-1,0,9,8,-1,0,1,9,-1]
  normalPerVertex TRUE
  normal DEF NORM_212 Normal { vector [
  0.95798951 0 -0.28680323,0.90209999 0 -0.43152706,
  0.77826678 0 -0.62793377,0.61247701 0 -0.7904884,
  0.41366844 0 -0.9104276,0.1925589 0 -0.98128542,
  0.11609291 0 -0.99323836,0.11609291 0 -0.99323836,
  0.95798951 0 -0.28680323,0.93293998 0 -0.36003192,
  0.82476339 0 -0.56547798,0.67212359 0 -0.74043898,
  0.48324943 0 -0.87548272,0.26832317 0 -0.96332895] }
}
}
DEF SHAPE_213 Shape {
 appearance USE APP_6
 geometry DEF FACE_213 IndexedFaceSet {
  coord DEF COORD_213 Coordinate { point [
  -0.92459873 0.16929134 0.29226961,-0.92459873 0.33070866 0.29226961,
  -0.95649474 0.33070866 0.097600609,-0.95649474 0.16929134 0.097600609] }
 coordIndex [
  3,1,0,-1,3,2,1,-1]
  normalPerVertex TRUE
  normal DEF NORM_213 Normal { vector [
  0.98684137 0 -0.16169139,0.98684137 0 -0.16169139,
  0.98684137 0 -0.16169139,0.98684137 0 -0.16169139] }
}
}
DEF SHAPE_214 Shape {
 appearance USE APP_6
 geometry DEF FACE_214 IndexedFaceSet {
  coord DEF COORD_214 Coordinate { point [
  -1.0340387 0.66929134 0.11127369,-1.0340387 0.83070866 0.11127369,
  -1.0021426 0.83070866 0.3059427,-1.0021426 0.66929134 0.3059427] }
 coordIndex [
  3,1,0,-1,3,2,1,-1]
  normalPerVertex TRUE
  normal DEF NORM_214 Normal { vector [
  -0.98684137 0 0.16169139,-0.98684137 0 0.16169139,
  -0.98684137 0 0.16169139,-0.98684137 0 0.16169139] }
}
}
DEF SHAPE_215 Shape {
 appearance USE APP_6
 geometry DEF FACE_215 IndexedFaceSet {
  coord DEF COORD_215 Coordinate { point [
  -1.0728106 0.66929134 0.078740157,-1.0728106 0.83070866 0.078740157,
  -1.0637313 0.83070866 0.079801383,-1.0551414 0.83070866 0.082927849,
  -1.047504 0.83070866 0.087951006,-1.041231 0.83070866 0.094600055,
  -1.0366604 0.83070866 0.10251654,-1.0340387 0.83070866 0.11127369,
  -1.0340387 0.66929134 0.11127369,-1.0637313 0.66929134 0.079801383,
  -1.0551414 0.66929134 0.082927849,-1.047504 0.66929134 0.087951006,
  -1.041231 0.66929134 0.094600055,-1.0366604 0.66929134 0.10251654] }
 coordIndex [
  9,1,0,-1,9,2,1,-1,10,3,2,-1,10,2,9,-1,11,4,3,-1,11,3,10,-1,12,5,4,-1,12,4,11,-1,
  13,6,5,-1,13,5,12,-1,8,7,6,-1,8,6,13,-1]
  normalPerVertex TRUE
  normal DEF NORM_215 Normal { vector [
  -0.11609291 0 0.99323836,-0.11609291 0 0.99323836,
  -0.26832317 0 0.96332895,-0.48324943 0 0.87548272,
  -0.67212359 0 0.74043898,-0.82476339 0 0.56547798,
  -0.93293998 0 0.36003192,-0.95798951 0 0.28680323,
  -0.95798951 0 0.28680323,-0.1925589 0 0.98128542,
  -0.41366844 0 0.9104276,-0.61247701 0 0.7904884,
  -0.77826678 0 0.62793377,-0.90209999 0 0.43152706] }
}
}
DEF SHAPE_216 Shape {
 appearance USE APP_6
 geometry DEF FACE_216 IndexedFaceSet {
  coord DEF COORD_216 Coordinate { point [
  -1.1811024 0.66929134 0.078740157,-1.1811024 0.83070866 0.078740157,
  -1.0728106 0.83070866 0.078740157,-1.0728106 0.66929134 0.078740157] }
 coordIndex [
  3,1,0,-1,3,2,1,-1]
  normalPerVertex TRUE
  normal DEF NORM_216 Normal { vector [
  0 0 1,0 0 1,
  0 0 1,0 0 1] }
}
}
DEF SHAPE_217 Shape {
 appearance USE APP_6
 geometry DEF FACE_217 IndexedFaceSet {
  coord DEF COORD_217 Coordinate { point [
  -1.1811024 0.66929134 0,-1.1811024 0.83070866 0,
  -1.1811024 0.83070866 0.078740157,-1.1811024 0.66929134 0.078740157] }
 coordIndex [
  3,1,0,-1,3,2,1,-1]
  normalPerVertex TRUE
  normal DEF NORM_217 Normal { vector [
  -1 0 0,-1 0 0,
  -1 0 0,-1 0 0] }
}
}
DEF SHAPE_218 Shape {
 appearance USE APP_6
 geometry DEF FACE_218 IndexedFaceSet {
  coord DEF COORD_218 Coordinate { point [
  -1.0728106 0.66929134 0,-1.0728106 0.83070866 0,
  -1.1811024 0.83070866 0,-1.1811024 0.66929134 0] }
 coordIndex [
  3,1,0,-1,3,2,1,-1]
  normalPerVertex TRUE
  normal DEF NORM_218 Normal { vector [
  0 0 -1,0 0 -1,
  0 0 -1,0 0 -1] }
}
}
DEF SHAPE_219 Shape {
 appearance USE APP_6
 geometry DEF FACE_219 IndexedFaceSet {
  coord DEF COORD_219 Coordinate { point [
  -0.95649474 0.66929134 0.097600609,-0.9643599 0.66929134 0.071329161,
  -0.97807166 0.66929134 0.047579694,-0.99689082 0.66929134 0.027632546,
  -1.0198028 0.66929134 0.012563074,-1.0455725 0.66929134 0.0031836767,
  -1.0728106 0.66929134 0,-1.0728106 0.83070866 0,
  -0.95649474 0.83070866 0.097600609,-0.9643599 0.83070866 0.071329161,
  -0.97807166 0.83070866 0.047579694,-0.99689082 0.83070866 0.027632546,
  -1.0198028 0.83070866 0.012563074,-1.0455725 0.83070866 0.0031836767] }
 coordIndex [
  5,6,7,-1,5,7,13,-1,4,13,12,-1,4,5,13,-1,3,12,11,-1,3,4,12,-1,2,11,10,-1,2,3,11,-1,
  1,10,9,-1,1,2,10,-1,0,9,8,-1,0,1,9,-1]
  normalPerVertex TRUE
  normal DEF NORM_219 Normal { vector [
  0.95798951 0 -0.28680323,0.90209999 0 -0.43152706,
  0.77826678 0 -0.62793377,0.61247701 0 -0.7904884,
  0.41366844 0 -0.9104276,0.1925589 0 -0.98128542,
  0.11609291 0 -0.99323836,0.11609291 0 -0.99323836,
  0.95798951 0 -0.28680323,0.93293998 0 -0.36003192,
  0.82476339 0 -0.56547798,0.67212359 0 -0.74043898,
  0.48324943 0 -0.87548272,0.26832317 0 -0.96332895] }
}
}
DEF SHAPE_220 Shape {
 appearance USE APP_6
 geometry DEF FACE_220 IndexedFaceSet {
  coord DEF COORD_220 Coordinate { point [
  -0.92459873 0.66929134 0.29226961,-0.92459873 0.83070866 0.29226961,
  -0.95649474 0.83070866 0.097600609,-0.95649474 0.66929134 0.097600609] }
 coordIndex [
  3,1,0,-1,3,2,1,-1]
  normalPerVertex TRUE
  normal DEF NORM_220 Normal { vector [
  0.98684137 0 -0.16169139,0.98684137 0 -0.16169139,
  0.98684137 0 -0.16169139,0.98684137 0 -0.16169139] }
}
}
DEF SHAPE_221 Shape {
 appearance USE APP_6
 geometry DEF FACE_221 IndexedFaceSet {
  coord DEF COORD_221 Coordinate { point [
  1.0340387 0.83070866 0.11127369,1.0340387 0.66929134 0.11127369,
  1.0021426 0.66929134 0.3059427,1.0021426 0.83070866 0.3059427] }
 coordIndex [
  3,1,0,-1,3,2,1,-1]
  normalPerVertex TRUE
  normal DEF NORM_221 Normal { vector [
  0.98684137 0 0.16169139,0.98684137 0 0.16169139,
  0.98684137 0 0.16169139,0.98684137 0 0.16169139] }
}
}
DEF SHAPE_222 Shape {
 appearance USE APP_6
 geometry DEF FACE_222 IndexedFaceSet {
  coord DEF COORD_222 Coordinate { point [
  1.0728106 0.83070866 0.078740157,1.0728106 0.66929134 0.078740157,
  1.0637313 0.66929134 0.079801383,1.0551414 0.66929134 0.082927849,
  1.047504 0.66929134 0.087951006,1.041231 0.66929134 0.094600055,
  1.0366604 0.66929134 0.10251654,1.0340387 0.66929134 0.11127369,
  1.0340387 0.83070866 0.11127369,1.0637313 0.83070866 0.079801383,
  1.0551414 0.83070866 0.082927849,1.047504 0.83070866 0.087951006,
  1.041231 0.83070866 0.094600055,1.0366604 0.83070866 0.10251654] }
 coordIndex [
  9,1,0,-1,9,2,1,-1,10,3,2,-1,10,2,9,-1,11,4,3,-1,11,3,10,-1,12,5,4,-1,12,4,11,-1,
  13,6,5,-1,13,5,12,-1,8,7,6,-1,8,6,13,-1]
  normalPerVertex TRUE
  normal DEF NORM_222 Normal { vector [
  0.11609291 0 0.99323836,0.11609291 0 0.99323836,
  0.26832317 0 0.96332895,0.48324943 0 0.87548272,
  0.67212359 0 0.74043898,0.82476339 0 0.56547798,
  0.93293998 0 0.36003192,0.95798951 0 0.28680323,
  0.95798951 0 0.28680323,0.1925589 0 0.98128542,
  0.41366844 0 0.9104276,0.61247701 0 0.7904884,
  0.77826678 0 0.62793377,0.90209999 0 0.43152706] }
}
}
DEF SHAPE_223 Shape {
 appearance USE APP_6
 geometry DEF FACE_223 IndexedFaceSet {
  coord DEF COORD_223 Coordinate { point [
  1.1811024 0.83070866 0.078740157,1.1811024 0.66929134 0.078740157,
  1.0728106 0.66929134 0.078740157,1.0728106 0.83070866 0.078740157] }
 coordIndex [
  3,1,0,-1,3,2,1,-1]
  normalPerVertex TRUE
  normal DEF NORM_223 Normal { vector [
  0 0 1,0 0 1,
  0 0 1,0 0 1] }
}
}
DEF SHAPE_224 Shape {
 appearance USE APP_6
 geometry DEF FACE_224 IndexedFaceSet {
  coord DEF COORD_224 Coordinate { point [
  1.1811024 0.83070866 0,1.1811024 0.66929134 0,
  1.1811024 0.66929134 0.078740157,1.1811024 0.83070866 0.078740157] }
 coordIndex [
  3,1,0,-1,3,2,1,-1]
  normalPerVertex TRUE
  normal DEF NORM_224 Normal { vector [
  1 0 0,1 0 0,
  1 0 0,1 0 0] }
}
}
DEF SHAPE_225 Shape {
 appearance USE APP_6
 geometry DEF FACE_225 IndexedFaceSet {
  coord DEF COORD_225 Coordinate { point [
  1.0728106 0.83070866 0,1.0728106 0.66929134 0,
  1.1811024 0.66929134 0,1.1811024 0.83070866 0] }
 coordIndex [
  3,1,0,-1,3,2,1,-1]
  normalPerVertex TRUE
  normal DEF NORM_225 Normal { vector [
  0 0 -1,0 0 -1,
  0 0 -1,0 0 -1] }
}
}
DEF SHAPE_226 Shape {
 appearance USE APP_6
 geometry DEF FACE_226 IndexedFaceSet {
  coord DEF COORD_226 Coordinate { point [
  0.95649474 0.83070866 0.097600609,0.9643599 0.83070866 0.071329161,
  0.97807166 0.83070866 0.047579694,0.99689082 0.83070866 0.027632546,
  1.0198028 0.83070866 0.012563074,1.0455725 0.83070866 0.0031836767,
  1.0728106 0.83070866 0,1.0728106 0.66929134 0,
  0.95649474 0.66929134 0.097600609,0.9643599 0.66929134 0.071329161,
  0.97807166 0.66929134 0.047579694,0.99689082 0.66929134 0.027632546,
  1.0198028 0.66929134 0.012563074,1.0455725 0.66929134 0.0031836767] }
 coordIndex [
  5,6,7,-1,5,7,13,-1,4,13,12,-1,4,5,13,-1,3,12,11,-1,3,4,12,-1,2,11,10,-1,2,3,11,-1,
  1,10,9,-1,1,2,10,-1,0,9,8,-1,0,1,9,-1]
  normalPerVertex TRUE
  normal DEF NORM_226 Normal { vector [
  -0.95798951 0 -0.28680323,-0.90209999 0 -0.43152706,
  -0.77826678 0 -0.62793377,-0.61247701 0 -0.7904884,
  -0.41366844 0 -0.9104276,-0.1925589 0 -0.98128542,
  -0.11609291 0 -0.99323836,-0.11609291 0 -0.99323836,
  -0.95798951 0 -0.28680323,-0.93293998 0 -0.36003192,
  -0.82476339 0 -0.56547798,-0.67212359 0 -0.74043898,
  -0.48324943 0 -0.87548272,-0.26832317 0 -0.96332895] }
}
}
DEF SHAPE_227 Shape {
 appearance USE APP_6
 geometry DEF FACE_227 IndexedFaceSet {
  coord DEF COORD_227 Coordinate { point [
  0.92459873 0.83070866 0.29226961,0.92459873 0.66929134 0.29226961,
  0.95649474 0.66929134 0.097600609,0.95649474 0.83070866 0.097600609] }
 coordIndex [
  3,1,0,-1,3,2,1,-1]
  normalPerVertex TRUE
  normal DEF NORM_227 Normal { vector [
  -0.98684137 0 -0.16169139,-0.98684137 0 -0.16169139,
  -0.98684137 0 -0.16169139,-0.98684137 0 -0.16169139] }
}
}
DEF SHAPE_228 Shape {
 appearance USE APP_6
 geometry DEF FACE_228 IndexedFaceSet {
  coord DEF COORD_228 Coordinate { point [
  1.0021426 0.33070866 0.3059427,0.99427749 0.33070866 0.33221415,
  0.98056573 0.33070866 0.35596361,0.96174657 0.33070866 0.37591076,
  0.93883455 0.33070866 0.39098023,0.91306487 0.33070866 0.40035963,
  0.88582677 0.33070866 0.40354331,0.88582677 0.16929134 0.40354331,
  1.0021426 0.16929134 0.3059427,0.99427749 0.16929134 0.33221415,
  0.98056573 0.16929134 0.35596361,0.96174657 0.16929134 0.37591076,
  0.93883455 0.16929134 0.39098023,0.91306487 0.16929134 0.40035963] }
 coordIndex [
  5,6,7,-1,5,7,13,-1,4,13,12,-1,4,5,13,-1,3,12,11,-1,3,4,12,-1,2,11,10,-1,2,3,11,-1,
  1,10,9,-1,1,2,10,-1,0,9,8,-1,0,1,9,-1]
  normalPerVertex TRUE
  normal DEF NORM_228 Normal { vector [
  0.95798951 0 0.28680323,0.90209999 0 0.43152706,
  0.77826678 0 0.62793377,0.61247701 0 0.7904884,
  0.41366844 0 0.9104276,0.1925589 0 0.98128542,
  0.11609291 0 0.99323836,0.11609291 0 0.99323836,
  0.95798951 0 0.28680323,0.93293998 0 0.36003192,
  0.82476339 0 0.56547798,0.67212359 0 0.74043898,
  0.48324943 0 0.87548272,0.26832317 0 0.96332895] }
}
}
DEF SHAPE_229 Shape {
 appearance USE APP_6
 geometry DEF FACE_229 IndexedFaceSet {
  coord DEF COORD_229 Coordinate { point [
  1.0340387 0.33070866 0.11127369,1.0340387 0.16929134 0.11127369,
  1.0021426 0.16929134 0.3059427,1.0021426 0.33070866 0.3059427] }
 coordIndex [
  3,1,0,-1,3,2,1,-1]
  normalPerVertex TRUE
  normal DEF NORM_229 Normal { vector [
  0.98684137 0 0.16169139,0.98684137 0 0.16169139,
  0.98684137 0 0.16169139,0.98684137 0 0.16169139] }
}
}
DEF SHAPE_230 Shape {
 appearance USE APP_6
 geometry DEF FACE_230 IndexedFaceSet {
  coord DEF COORD_230 Coordinate { point [
  1.0728106 0.33070866 0.078740157,1.0728106 0.16929134 0.078740157,
  1.0637313 0.16929134 0.079801383,1.0551414 0.16929134 0.082927849,
  1.047504 0.16929134 0.087951006,1.041231 0.16929134 0.094600055,
  1.0366604 0.16929134 0.10251654,1.0340387 0.16929134 0.11127369,
  1.0340387 0.33070866 0.11127369,1.0637313 0.33070866 0.079801383,
  1.0551414 0.33070866 0.082927849,1.047504 0.33070866 0.087951006,
  1.041231 0.33070866 0.094600055,1.0366604 0.33070866 0.10251654] }
 coordIndex [
  9,1,0,-1,9,2,1,-1,10,3,2,-1,10,2,9,-1,11,4,3,-1,11,3,10,-1,12,5,4,-1,12,4,11,-1,
  13,6,5,-1,13,5,12,-1,8,7,6,-1,8,6,13,-1]
  normalPerVertex TRUE
  normal DEF NORM_230 Normal { vector [
  0.11609291 0 0.99323836,0.11609291 0 0.99323836,
  0.26832317 0 0.96332895,0.48324943 0 0.87548272,
  0.67212359 0 0.74043898,0.82476339 0 0.56547798,
  0.93293998 0 0.36003192,0.95798951 0 0.28680323,
  0.95798951 0 0.28680323,0.1925589 0 0.98128542,
  0.41366844 0 0.9104276,0.61247701 0 0.7904884,
  0.77826678 0 0.62793377,0.90209999 0 0.43152706] }
}
}
DEF SHAPE_231 Shape {
 appearance USE APP_6
 geometry DEF FACE_231 IndexedFaceSet {
  coord DEF COORD_231 Coordinate { point [
  1.1811024 0.33070866 0.078740157,1.1811024 0.16929134 0.078740157,
  1.0728106 0.16929134 0.078740157,1.0728106 0.33070866 0.078740157] }
 coordIndex [
  3,1,0,-1,3,2,1,-1]
  normalPerVertex TRUE
  normal DEF NORM_231 Normal { vector [
  0 0 1,0 0 1,
  0 0 1,0 0 1] }
}
}
DEF SHAPE_232 Shape {
 appearance USE APP_6
 geometry DEF FACE_232 IndexedFaceSet {
  coord DEF COORD_232 Coordinate { point [
  1.1811024 0.33070866 0,1.1811024 0.16929134 0,
  1.1811024 0.16929134 0.078740157,1.1811024 0.33070866 0.078740157] }
 coordIndex [
  3,1,0,-1,3,2,1,-1]
  normalPerVertex TRUE
  normal DEF NORM_232 Normal { vector [
  1 0 0,1 0 0,
  1 0 0,1 0 0] }
}
}
DEF SHAPE_233 Shape {
 appearance USE APP_6
 geometry DEF FACE_233 IndexedFaceSet {
  coord DEF COORD_233 Coordinate { point [
  1.0728106 0.33070866 0,1.0728106 0.16929134 0,
  1.1811024 0.16929134 0,1.1811024 0.33070866 0] }
 coordIndex [
  3,1,0,-1,3,2,1,-1]
  normalPerVertex TRUE
  normal DEF NORM_233 Normal { vector [
  0 0 -1,0 0 -1,
  0 0 -1,0 0 -1] }
}
}
DEF SHAPE_234 Shape {
 appearance USE APP_6
 geometry DEF FACE_234 IndexedFaceSet {
  coord DEF COORD_234 Coordinate { point [
  0.95649474 0.33070866 0.097600609,0.9643599 0.33070866 0.071329161,
  0.97807166 0.33070866 0.047579694,0.99689082 0.33070866 0.027632546,
  1.0198028 0.33070866 0.012563074,1.0455725 0.33070866 0.0031836767,
  1.0728106 0.33070866 0,1.0728106 0.16929134 0,
  0.95649474 0.16929134 0.097600609,0.9643599 0.16929134 0.071329161,
  0.97807166 0.16929134 0.047579694,0.99689082 0.16929134 0.027632546,
  1.0198028 0.16929134 0.012563074,1.0455725 0.16929134 0.0031836767] }
 coordIndex [
  5,6,7,-1,5,7,13,-1,4,13,12,-1,4,5,13,-1,3,12,11,-1,3,4,12,-1,2,11,10,-1,2,3,11,-1,
  1,10,9,-1,1,2,10,-1,0,9,8,-1,0,1,9,-1]
  normalPerVertex TRUE
  normal DEF NORM_234 Normal { vector [
  -0.95798951 0 -0.28680323,-0.90209999 0 -0.43152706,
  -0.77826678 0 -0.62793377,-0.61247701 0 -0.7904884,
  -0.41366844 0 -0.9104276,-0.1925589 0 -0.98128542,
  -0.11609291 0 -0.99323836,-0.11609291 0 -0.99323836,
  -0.95798951 0 -0.28680323,-0.93293998 0 -0.36003192,
  -0.82476339 0 -0.56547798,-0.67212359 0 -0.74043898,
  -0.48324943 0 -0.87548272,-0.26832317 0 -0.96332895] }
}
}
DEF SHAPE_235 Shape {
 appearance USE APP_6
 geometry DEF FACE_235 IndexedFaceSet {
  coord DEF COORD_235 Coordinate { point [
  0.92459873 0.33070866 0.29226961,0.92459873 0.16929134 0.29226961,
  0.95649474 0.16929134 0.097600609,0.95649474 0.33070866 0.097600609] }
 coordIndex [
  3,1,0,-1,3,2,1,-1]
  normalPerVertex TRUE
  normal DEF NORM_235 Normal { vector [
  -0.98684137 0 -0.16169139,-0.98684137 0 -0.16169139,
  -0.98684137 0 -0.16169139,-0.98684137 0 -0.16169139] }
}
}
DEF SHAPE_236 Shape {
 appearance USE APP_6
 geometry DEF FACE_236 IndexedFaceSet {
  coord DEF COORD_236 Coordinate { point [
  1.0021426 -0.16929134 0.3059427,0.99427749 -0.16929134 0.33221415,
  0.98056573 -0.16929134 0.35596361,0.96174657 -0.16929134 0.37591076,
  0.93883455 -0.16929134 0.39098023,0.91306487 -0.16929134 0.40035963,
  0.88582677 -0.16929134 0.40354331,0.88582677 -0.33070866 0.40354331,
  1.0021426 -0.33070866 0.3059427,0.99427749 -0.33070866 0.33221415,
  0.98056573 -0.33070866 0.35596361,0.96174657 -0.33070866 0.37591076,
  0.93883455 -0.33070866 0.39098023,0.91306487 -0.33070866 0.40035963] }
 coordIndex [
  5,6,7,-1,5,7,13,-1,4,13,12,-1,4,5,13,-1,3,12,11,-1,3,4,12,-1,2,11,10,-1,2,3,11,-1,
  1,10,9,-1,1,2,10,-1,0,9,8,-1,0,1,9,-1]
  normalPerVertex TRUE
  normal DEF NORM_236 Normal { vector [
  0.95798951 0 0.28680323,0.90209999 0 0.43152706,
  0.77826678 0 0.62793377,0.61247701 0 0.7904884,
  0.41366844 0 0.9104276,0.1925589 0 0.98128542,
  0.11609291 0 0.99323836,0.11609291 0 0.99323836,
  0.95798951 0 0.28680323,0.93293998 0 0.36003192,
  0.82476339 0 0.56547798,0.67212359 0 0.74043898,
  0.48324943 0 0.87548272,0.26832317 0 0.96332895] }
}
}
DEF SHAPE_237 Shape {
 appearance USE APP_6
 geometry DEF FACE_237 IndexedFaceSet {
  coord DEF COORD_237 Coordinate { point [
  1.0340387 -0.16929134 0.11127369,1.0340387 -0.33070866 0.11127369,
  1.0021426 -0.33070866 0.3059427,1.0021426 -0.16929134 0.3059427] }
 coordIndex [
  3,1,0,-1,3,2,1,-1]
  normalPerVertex TRUE
  normal DEF NORM_237 Normal { vector [
  0.98684137 0 0.16169139,0.98684137 0 0.16169139,
  0.98684137 0 0.16169139,0.98684137 0 0.16169139] }
}
}
DEF SHAPE_238 Shape {
 appearance USE APP_6
 geometry DEF FACE_238 IndexedFaceSet {
  coord DEF COORD_238 Coordinate { point [
  1.0728106 -0.16929134 0.078740157,1.0728106 -0.33070866 0.078740157,
  1.0637313 -0.33070866 0.079801383,1.0551414 -0.33070866 0.082927849,
  1.047504 -0.33070866 0.087951006,1.041231 -0.33070866 0.094600055,
  1.0366604 -0.33070866 0.10251654,1.0340387 -0.33070866 0.11127369,
  1.0340387 -0.16929134 0.11127369,1.0637313 -0.16929134 0.079801383,
  1.0551414 -0.16929134 0.082927849,1.047504 -0.16929134 0.087951006,
  1.041231 -0.16929134 0.094600055,1.0366604 -0.16929134 0.10251654] }
 coordIndex [
  9,1,0,-1,9,2,1,-1,10,3,2,-1,10,2,9,-1,11,4,3,-1,11,3,10,-1,12,5,4,-1,12,4,11,-1,
  13,6,5,-1,13,5,12,-1,8,7,6,-1,8,6,13,-1]
  normalPerVertex TRUE
  normal DEF NORM_238 Normal { vector [
  0.11609291 0 0.99323836,0.11609291 0 0.99323836,
  0.26832317 0 0.96332895,0.48324943 0 0.87548272,
  0.67212359 0 0.74043898,0.82476339 0 0.56547798,
  0.93293998 0 0.36003192,0.95798951 0 0.28680323,
  0.95798951 0 0.28680323,0.1925589 0 0.98128542,
  0.41366844 0 0.9104276,0.61247701 0 0.7904884,
  0.77826678 0 0.62793377,0.90209999 0 0.43152706] }
}
}
DEF SHAPE_239 Shape {
 appearance USE APP_6
 geometry DEF FACE_239 IndexedFaceSet {
  coord DEF COORD_239 Coordinate { point [
  1.1811024 -0.16929134 0.078740157,1.1811024 -0.33070866 0.078740157,
  1.0728106 -0.33070866 0.078740157,1.0728106 -0.16929134 0.078740157] }
 coordIndex [
  3,1,0,-1,3,2,1,-1]
  normalPerVertex TRUE
  normal DEF NORM_239 Normal { vector [
  0 0 1,0 0 1,
  0 0 1,0 0 1] }
}
}
DEF SHAPE_240 Shape {
 appearance USE APP_6
 geometry DEF FACE_240 IndexedFaceSet {
  coord DEF COORD_240 Coordinate { point [
  1.1811024 -0.16929134 0,1.1811024 -0.33070866 0,
  1.1811024 -0.33070866 0.078740157,1.1811024 -0.16929134 0.078740157] }
 coordIndex [
  3,1,0,-1,3,2,1,-1]
  normalPerVertex TRUE
  normal DEF NORM_240 Normal { vector [
  1 0 0,1 0 0,
  1 0 0,1 0 0] }
}
}
DEF SHAPE_241 Shape {
 appearance USE APP_6
 geometry DEF FACE_241 IndexedFaceSet {
  coord DEF COORD_241 Coordinate { point [
  1.0728106 -0.16929134 0,1.0728106 -0.33070866 0,
  1.1811024 -0.33070866 0,1.1811024 -0.16929134 0] }
 coordIndex [
  3,1,0,-1,3,2,1,-1]
  normalPerVertex TRUE
  normal DEF NORM_241 Normal { vector [
  0 0 -1,0 0 -1,
  0 0 -1,0 0 -1] }
}
}
DEF SHAPE_242 Shape {
 appearance USE APP_6
 geometry DEF FACE_242 IndexedFaceSet {
  coord DEF COORD_242 Coordinate { point [
  0.95649474 -0.16929134 0.097600609,0.9643599 -0.16929134 0.071329161,
  0.97807166 -0.16929134 0.047579694,0.99689082 -0.16929134 0.027632546,
  1.0198028 -0.16929134 0.012563074,1.0455725 -0.16929134 0.0031836767,
  1.0728106 -0.16929134 0,1.0728106 -0.33070866 0,
  0.95649474 -0.33070866 0.097600609,0.9643599 -0.33070866 0.071329161,
  0.97807166 -0.33070866 0.047579694,0.99689082 -0.33070866 0.027632546,
  1.0198028 -0.33070866 0.012563074,1.0455725 -0.33070866 0.0031836767] }
 coordIndex [
  5,6,7,-1,5,7,13,-1,4,13,12,-1,4,5,13,-1,3,12,11,-1,3,4,12,-1,2,11,10,-1,2,3,11,-1,
  1,10,9,-1,1,2,10,-1,0,9,8,-1,0,1,9,-1]
  normalPerVertex TRUE
  normal DEF NORM_242 Normal { vector [
  -0.95798951 0 -0.28680323,-0.90209999 0 -0.43152706,
  -0.77826678 0 -0.62793377,-0.61247701 0 -0.7904884,
  -0.41366844 0 -0.9104276,-0.1925589 0 -0.98128542,
  -0.11609291 0 -0.99323836,-0.11609291 0 -0.99323836,
  -0.95798951 0 -0.28680323,-0.93293998 0 -0.36003192,
  -0.82476339 0 -0.56547798,-0.67212359 0 -0.74043898,
  -0.48324943 0 -0.87548272,-0.26832317 0 -0.96332895] }
}
}
DEF SHAPE_243 Shape {
 appearance USE APP_6
 geometry DEF FACE_243 IndexedFaceSet {
  coord DEF COORD_243 Coordinate { point [
  0.92459873 -0.16929134 0.29226961,0.92459873 -0.33070866 0.29226961,
  0.95649474 -0.33070866 0.097600609,0.95649474 -0.16929134 0.097600609] }
 coordIndex [
  3,1,0,-1,3,2,1,-1]
  normalPerVertex TRUE
  normal DEF NORM_243 Normal { vector [
  -0.98684137 0 -0.16169139,-0.98684137 0 -0.16169139,
  -0.98684137 0 -0.16169139,-0.98684137 0 -0.16169139] }
}
}
DEF SHAPE_244 Shape {
 appearance USE APP_6
 geometry DEF FACE_244 IndexedFaceSet {
  coord DEF COORD_244 Coordinate { point [
  1.0021426 -0.66929134 0.3059427,0.99427749 -0.66929134 0.33221415,
  0.98056573 -0.66929134 0.35596361,0.96174657 -0.66929134 0.37591076,
  0.93883455 -0.66929134 0.39098023,0.91306487 -0.66929134 0.40035963,
  0.88582677 -0.66929134 0.40354331,0.88582677 -0.83070866 0.40354331,
  1.0021426 -0.83070866 0.3059427,0.99427749 -0.83070866 0.33221415,
  0.98056573 -0.83070866 0.35596361,0.96174657 -0.83070866 0.37591076,
  0.93883455 -0.83070866 0.39098023,0.91306487 -0.83070866 0.40035963] }
 coordIndex [
  5,6,7,-1,5,7,13,-1,4,13,12,-1,4,5,13,-1,3,12,11,-1,3,4,12,-1,2,11,10,-1,2,3,11,-1,
  1,10,9,-1,1,2,10,-1,0,9,8,-1,0,1,9,-1]
  normalPerVertex TRUE
  normal DEF NORM_244 Normal { vector [
  0.95798951 0 0.28680323,0.90209999 0 0.43152706,
  0.77826678 0 0.62793377,0.61247701 0 0.7904884,
  0.41366844 0 0.9104276,0.1925589 0 0.98128542,
  0.11609291 0 0.99323836,0.11609291 0 0.99323836,
  0.95798951 0 0.28680323,0.93293998 0 0.36003192,
  0.82476339 0 0.56547798,0.67212359 0 0.74043898,
  0.48324943 0 0.87548272,0.26832317 0 0.96332895] }
}
}
DEF SHAPE_245 Shape {
 appearance USE APP_6
 geometry DEF FACE_245 IndexedFaceSet {
  coord DEF COORD_245 Coordinate { point [
  1.0340387 -0.66929134 0.11127369,1.0340387 -0.83070866 0.11127369,
  1.0021426 -0.83070866 0.3059427,1.0021426 -0.66929134 0.3059427] }
 coordIndex [
  3,1,0,-1,3,2,1,-1]
  normalPerVertex TRUE
  normal DEF NORM_245 Normal { vector [
  0.98684137 0 0.16169139,0.98684137 0 0.16169139,
  0.98684137 0 0.16169139,0.98684137 0 0.16169139] }
}
}
DEF SHAPE_246 Shape {
 appearance USE APP_6
 geometry DEF FACE_246 IndexedFaceSet {
  coord DEF COORD_246 Coordinate { point [
  1.0728106 -0.66929134 0.078740157,1.0728106 -0.83070866 0.078740157,
  1.0637313 -0.83070866 0.079801383,1.0551414 -0.83070866 0.082927849,
  1.047504 -0.83070866 0.087951006,1.041231 -0.83070866 0.094600055,
  1.0366604 -0.83070866 0.10251654,1.0340387 -0.83070866 0.11127369,
  1.0340387 -0.66929134 0.11127369,1.0637313 -0.66929134 0.079801383,
  1.0551414 -0.66929134 0.082927849,1.047504 -0.66929134 0.087951006,
  1.041231 -0.66929134 0.094600055,1.0366604 -0.66929134 0.10251654] }
 coordIndex [
  9,1,0,-1,9,2,1,-1,10,3,2,-1,10,2,9,-1,11,4,3,-1,11,3,10,-1,12,5,4,-1,12,4,11,-1,
  13,6,5,-1,13,5,12,-1,8,7,6,-1,8,6,13,-1]
  normalPerVertex TRUE
  normal DEF NORM_246 Normal { vector [
  0.11609291 0 0.99323836,0.11609291 0 0.99323836,
  0.26832317 0 0.96332895,0.48324943 0 0.87548272,
  0.67212359 0 0.74043898,0.82476339 0 0.56547798,
  0.93293998 0 0.36003192,0.95798951 0 0.28680323,
  0.95798951 0 0.28680323,0.1925589 0 0.98128542,
  0.41366844 0 0.9104276,0.61247701 0 0.7904884,
  0.77826678 0 0.62793377,0.90209999 0 0.43152706] }
}
}
DEF SHAPE_247 Shape {
 appearance USE APP_6
 geometry DEF FACE_247 IndexedFaceSet {
  coord DEF COORD_247 Coordinate { point [
  1.1811024 -0.66929134 0.078740157,1.1811024 -0.83070866 0.078740157,
  1.0728106 -0.83070866 0.078740157,1.0728106 -0.66929134 0.078740157] }
 coordIndex [
  3,1,0,-1,3,2,1,-1]
  normalPerVertex TRUE
  normal DEF NORM_247 Normal { vector [
  0 0 1,0 0 1,
  0 0 1,0 0 1] }
}
}
DEF SHAPE_248 Shape {
 appearance USE APP_6
 geometry DEF FACE_248 IndexedFaceSet {
  coord DEF COORD_248 Coordinate { point [
  1.1811024 -0.66929134 0,1.1811024 -0.83070866 0,
  1.1811024 -0.83070866 0.078740157,1.1811024 -0.66929134 0.078740157] }
 coordIndex [
  3,1,0,-1,3,2,1,-1]
  normalPerVertex TRUE
  normal DEF NORM_248 Normal { vector [
  1 0 0,1 0 0,
  1 0 0,1 0 0] }
}
}
DEF SHAPE_249 Shape {
 appearance USE APP_6
 geometry DEF FACE_249 IndexedFaceSet {
  coord DEF COORD_249 Coordinate { point [
  1.0728106 -0.66929134 0,1.0728106 -0.83070866 0,
  1.1811024 -0.83070866 0,1.1811024 -0.66929134 0] }
 coordIndex [
  3,1,0,-1,3,2,1,-1]
  normalPerVertex TRUE
  normal DEF NORM_249 Normal { vector [
  0 0 -1,0 0 -1,
  0 0 -1,0 0 -1] }
}
}
DEF SHAPE_250 Shape {
 appearance USE APP_6
 geometry DEF FACE_250 IndexedFaceSet {
  coord DEF COORD_250 Coordinate { point [
  0.95649474 -0.66929134 0.097600609,0.9643599 -0.66929134 0.071329161,
  0.97807166 -0.66929134 0.047579694,0.99689082 -0.66929134 0.027632546,
  1.0198028 -0.66929134 0.012563074,1.0455725 -0.66929134 0.0031836767,
  1.0728106 -0.66929134 0,1.0728106 -0.83070866 0,
  0.95649474 -0.83070866 0.097600609,0.9643599 -0.83070866 0.071329161,
  0.97807166 -0.83070866 0.047579694,0.99689082 -0.83070866 0.027632546,
  1.0198028 -0.83070866 0.012563074,1.0455725 -0.83070866 0.0031836767] }
 coordIndex [
  5,6,7,-1,5,7,13,-1,4,13,12,-1,4,5,13,-1,3,12,11,-1,3,4,12,-1,2,11,10,-1,2,3,11,-1,
  1,10,9,-1,1,2,10,-1,0,9,8,-1,0,1,9,-1]
  normalPerVertex TRUE
  normal DEF NORM_250 Normal { vector [
  -0.95798951 0 -0.28680323,-0.90209999 0 -0.43152706,
  -0.77826678 0 -0.62793377,-0.61247701 0 -0.7904884,
  -0.41366844 0 -0.9104276,-0.1925589 0 -0.98128542,
  -0.11609291 0 -0.99323836,-0.11609291 0 -0.99323836,
  -0.95798951 0 -0.28680323,-0.93293998 0 -0.36003192,
  -0.82476339 0 -0.56547798,-0.67212359 0 -0.74043898,
  -0.48324943 0 -0.87548272,-0.26832317 0 -0.96332895] }
}
}
DEF SHAPE_251 Shape {
 appearance USE APP_6
 geometry DEF FACE_251 IndexedFaceSet {
  coord DEF COORD_251 Coordinate { point [
  0.92459873 -0.66929134 0.29226961,0.92459873 -0.83070866 0.29226961,
  0.95649474 -0.83070866 0.097600609,0.95649474 -0.66929134 0.097600609] }
 coordIndex [
  3,1,0,-1,3,2,1,-1]
  normalPerVertex TRUE
  normal DEF NORM_251 Normal { vector [
  -0.98684137 0 -0.16169139,-0.98684137 0 -0.16169139,
  -0.98684137 0 -0.16169139,-0.98684137 0 -0.16169139] }
}
}
DEF SHAPE_252 Shape {
 appearance DEF APP_7 Appearance {
  material Material {
   ambientIntensity 0.1503807
   diffuseColor 0.69099998 0.66400003 0.59799999
   emissiveColor 0 0 0
   shininess 0.1
   specularColor 0.12 0.12 0.12
   transparency 0
} }
 geometry DEF FACE_252 IndexedFaceSet {
  coord DEF COORD_252 Coordinate { point [
  -0.43707531 0.51581546 0.68897638,-0.46764449 0.51983997 0.68897638,
  -0.49613043 0.53163924 0.68897638,-0.52059186 0.55040915 0.68897638,
  -0.53936177 0.57487058 0.68897638,-0.55116103 0.60335652 0.68897638,
  -0.55518554 0.6339257 0.68897638,-0.55116103 0.66449488 0.68897638,
  -0.53936177 0.69298082 0.68897638,-0.52059186 0.71744225 0.68897638,
  -0.49613043 0.73621217 0.68897638,-0.46764449 0.74801143 0.68897638,
  -0.43707531 0.75203594 0.68897638,-0.40650613 0.74801143 0.68897638,
  -0.37802019 0.73621217 0.68897638,-0.35355876 0.71744225 0.68897638,
  -0.33478884 0.69298082 0.68897638,-0.32298958 0.66449488 0.68897638,
  -0.31896507 0.6339257 0.68897638,-0.32298958 0.60335652 0.68897638,
  -0.33478884 0.57487058 0.68897638,-0.35355876 0.55040915 0.68897638,
  -0.37802019 0.53163924 0.68897638,-0.40650613 0.51983997 0.68897638] }
 coordIndex [
  0,23,22,-1,3,1,0,-1,3,2,1,-1,3,5,4,-1,3,6,5,-1,3,7,6,-1,3,8,7,-1,3,9,8,-1,
  3,10,9,-1,3,11,10,-1,3,12,11,-1,3,13,12,-1,3,14,13,-1,3,15,14,-1,3,16,15,-1,3,17,16,-1,
  3,18,17,-1,3,19,18,-1,3,20,19,-1,3,21,20,-1,3,22,21,-1,3,0,22,-1]
  normalPerVertex TRUE
  normal DEF NORM_252 Normal { vector [
  0 0 1,0 0 1,
  0 0 1,0 0 1,
  0 0 1,0 0 1,
  0 0 1,0 0 1,
  0 0 1,0 0 1,
  0 0 1,0 0 1,
  0 0 1,0 0 1,
  0 0 1,0 0 1,
  0 0 1,0 0 1,
  0 0 1,0 0 1,
  0 0 1,0 0 1,
  0 0 1,0 0 1] }
}
}
] }
] }
] }
] }
DEF TXFM_17 Transform {
  center 0 0 0
  rotation 0 0 1 0
  scale 1 1 1
  scaleOrientation 0 0 1 0
  translation 65.009843 -47.387795 0.31496063
 children [
USE TXFM_7
] }
DEF TXFM_18 Transform {
  center 0 0 0
  rotation 0 0 1 1.5707963
  scale 1 1 1
  scaleOrientation 0 0 1 0
  translation 53.403543 -43.462598 0.31496063
 children [
DEF TXFM_19 Transform {
  center 0 0 0
  rotation 0 0 1 0
  scale 1 1 1
  scaleOrientation 0 0 1 0
  translation 0 0 0
 children [
DEF TXFM_20 Transform {
  center 0 0 0
  rotation 0 0 1 0
  scale 1 1 1
  scaleOrientation 0 0 1 0
  translation 0 0 0
 children [
DEF TXFM_21 Transform {
  center 0 0 0
  rotation 0 0 1 0
  scale 1 1 1
  scaleOrientation 0 0 1 0
  translation 0 0 0
 children [
DEF SHAPE_253 Shape {
 appearance DEF APP_8 Appearance {
  material Material {
   ambientIntensity 0.686634
   diffuseColor 0.148 0.145 0.145
   emissiveColor 0 0 0
   shininess 0.1
   specularColor 0.12 0.12 0.12
   transparency 0
} }
 geometry DEF FACE_253 IndexedFaceSet {
  coord DEF COORD_253 Coordinate { point [
  -0.4 1 0.2992126,-0.4 1 1.2992126,
  -0.5 0.9 1.2992126,-0.5 0.9 0.2992126] }
 coordIndex [
  3,1,0,-1,3,2,1,-1]
  normalPerVertex TRUE
  normal DEF NORM_253 Normal { vector [
  -0.70710678 0.70710678 0,-0.70710678 0.70710678 0,
  -0.70710678 0.70710678 0,-0.70710678 0.70710678 0] }
}
}
DEF SHAPE_254 Shape {
 appearance USE APP_8
 geometry DEF FACE_254 IndexedFaceSet {
  coord DEF COORD_254 Coordinate { point [
  0.4 1 0.2992126,0.4 1 1.2992126,
  -0.4 1 1.2992126,-0.4 1 0.2992126] }
 coordIndex [
  3,1,0,-1,3,2,1,-1]
  normalPerVertex TRUE
  normal DEF NORM_254 Normal { vector [
  0 1 0,0 1 0,
  0 1 0,0 1 0] }
}
}
DEF SHAPE_255 Shape {
 appearance USE APP_8
 geometry DEF FACE_255 IndexedFaceSet {
  coord DEF COORD_255 Coordinate { point [
  -0.5 0.9 0.2992126,-0.5 0.9 1.2992126,
  -0.5 0.1 1.2992126,-0.5 0.1 0.2992126] }
 coordIndex [
  3,1,0,-1,3,2,1,-1]
  normalPerVertex TRUE
  normal DEF NORM_255 Normal { vector [
  -1 0 0,-1 0 0,
  -1 0 0,-1 0 0] }
}
}
DEF SHAPE_256 Shape {
 appearance USE APP_8
 geometry DEF FACE_256 IndexedFaceSet {
  coord DEF COORD_256 Coordinate { point [
  -0.4 1 0.2992126,-0.5 0.9 0.2992126,
  -0.5 0.1 0.2992126,-0.4 0 0.2992126,
  -0.5 -0.1 0.2992126,-0.5 -0.9 0.2992126,
  -0.4 -1 0.2992126,0.4 -1 0.2992126,
  0.5 -0.9 0.2992126,0.5 -0.1 0.2992126,
  0.4 0 0.2992126,0.5 0.1 0.2992126,
  0.5 0.9 0.2992126,0.4 1 0.2992126,
  0.12598425 -0.62598425 0.2992126,0.12598425 -0.37401575 0.2992126,
  -0.12598425 -0.62598425 0.2992126,-0.12598425 -0.37401575 0.2992126,
  -0.12598425 0.37401575 0.2992126,0.12598425 0.37401575 0.2992126,
  -0.12598425 0.62598425 0.2992126,0.12598425 0.62598425 0.2992126] }
 coordIndex [
  16,6,5,-1,14,7,6,-1,14,6,16,-1,17,5,4,-1,17,16,5,-1,8,7,14,-1,3,17,4,-1,18,3,2,-1,
  18,17,3,-1,9,14,15,-1,9,8,14,-1,9,15,10,-1,19,15,17,-1,19,17,18,-1,19,10,15,-1,20,2,1,-1,
  20,18,2,-1,11,10,19,-1,0,20,1,-1,12,19,21,-1,12,11,19,-1,13,21,20,-1,13,12,21,-1,13,20,0,-1]
  normalPerVertex TRUE
  normal DEF NORM_256 Normal { vector [
  0 0 -1,0 0 -1,
  0 0 -1,0 0 -1,
  0 0 -1,0 0 -1,
  0 0 -1,0 0 -1,
  0 0 -1,0 0 -1,
  0 0 -1,0 0 -1,
  0 0 -1,0 0 -1,
  0 0 -1,0 0 -1,
  0 0 -1,0 0 -1,
  0 0 -1,0 0 -1,
  0 0 -1,0 0 -1] }
}
}
DEF SHAPE_257 Shape {
 appearance USE APP_8
 geometry DEF FACE_257 IndexedFaceSet {
  coord DEF COORD_257 Coordinate { point [
  -0.4 1 1.2992126,-0.5 0.9 1.2992126,
  -0.5 0.1 1.2992126,-0.4 0 1.2992126,
  -0.5 -0.1 1.2992126,-0.5 -0.9 1.2992126,
  -0.4 -1 1.2992126,0.4 -1 1.2992126,
  0.5 -0.9 1.2992126,0.5 -0.1 1.2992126,
  0.4 0 1.2992126,0.5 0.1 1.2992126,
  0.5 0.9 1.2992126,0.4 1 1.2992126,
  0.12598425 -0.62598425 1.2992126,0.12598425 -0.37401575 1.2992126,
  -0.12598425 -0.62598425 1.2992126,-0.12598425 -0.37401575 1.2992126,
  -0.12598425 0.37401575 1.2992126,0.12598425 0.37401575 1.2992126,
  -0.12598425 0.62598425 1.2992126,0.12598425 0.62598425 1.2992126] }
 coordIndex [
  16,5,6,-1,14,6,7,-1,14,16,6,-1,17,4,5,-1,17,5,16,-1,8,14,7,-1,3,4,17,-1,18,2,3,-1,
  18,3,17,-1,9,15,14,-1,9,14,8,-1,9,10,15,-1,19,17,15,-1,19,18,17,-1,19,15,10,-1,20,1,2,-1,
  20,2,18,-1,11,19,10,-1,0,1,20,-1,12,21,19,-1,12,19,11,-1,13,20,21,-1,13,21,12,-1,13,0,20,-1]
  normalPerVertex TRUE
  normal DEF NORM_257 Normal { vector [
  0 0 1,0 0 1,
  0 0 1,0 0 1,
  0 0 1,0 0 1,
  0 0 1,0 0 1,
  0 0 1,0 0 1,
  0 0 1,0 0 1,
  0 0 1,0 0 1,
  0 0 1,0 0 1,
  0 0 1,0 0 1,
  0 0 1,0 0 1,
  0 0 1,0 0 1] }
}
}
DEF SHAPE_258 Shape {
 appearance USE APP_8
 geometry DEF FACE_258 IndexedFaceSet {
  coord DEF COORD_258 Coordinate { point [
  0.5 0.9 0.2992126,0.5 0.9 1.2992126,
  0.4 1 1.2992126,0.4 1 0.2992126] }
 coordIndex [
  3,1,0,-1,3,2,1,-1]
  normalPerVertex TRUE
  normal DEF NORM_258 Normal { vector [
  0.70710678 0.70710678 0,0.70710678 0.70710678 0,
  0.70710678 0.70710678 0,0.70710678 0.70710678 0] }
}
}
DEF SHAPE_259 Shape {
 appearance USE APP_8
 geometry DEF FACE_259 IndexedFaceSet {
  coord DEF COORD_259 Coordinate { point [
  -0.5 0.1 0.2992126,-0.5 0.1 1.2992126,
  -0.4 0 1.2992126,-0.4 0 0.2992126] }
 coordIndex [
  3,1,0,-1,3,2,1,-1]
  normalPerVertex TRUE
  normal DEF NORM_259 Normal { vector [
  -0.70710678 -0.70710678 0,-0.70710678 -0.70710678 0,
  -0.70710678 -0.70710678 0,-0.70710678 -0.70710678 0] }
}
}
DEF SHAPE_260 Shape {
 appearance USE APP_8
 geometry DEF FACE_260 IndexedFaceSet {
  coord DEF COORD_260 Coordinate { point [
  0.5 0.1 0.2992126,0.5 0.1 1.2992126,
  0.5 0.9 1.2992126,0.5 0.9 0.2992126] }
 coordIndex [
  3,1,0,-1,3,2,1,-1]
  normalPerVertex TRUE
  normal DEF NORM_260 Normal { vector [
  1 0 0,1 0 0,
  1 0 0,1 0 0] }
}
}
DEF SHAPE_261 Shape {
 appearance USE APP_8
 geometry DEF FACE_261 IndexedFaceSet {
  coord DEF COORD_261 Coordinate { point [
  -0.4 0 0.2992126,-0.4 0 1.2992126,
  -0.5 -0.1 1.2992126,-0.5 -0.1 0.2992126] }
 coordIndex [
  3,1,0,-1,3,2,1,-1]
  normalPerVertex TRUE
  normal DEF NORM_261 Normal { vector [
  -0.70710678 0.70710678 0,-0.70710678 0.70710678 0,
  -0.70710678 0.70710678 0,-0.70710678 0.70710678 0] }
}
}
DEF SHAPE_262 Shape {
 appearance USE APP_8
 geometry DEF FACE_262 IndexedFaceSet {
  coord DEF COORD_262 Coordinate { point [
  0.4 0 0.2992126,0.4 0 1.2992126,
  0.5 0.1 1.2992126,0.5 0.1 0.2992126] }
 coordIndex [
  3,1,0,-1,3,2,1,-1]
  normalPerVertex TRUE
  normal DEF NORM_262 Normal { vector [
  0.70710678 -0.70710678 0,0.70710678 -0.70710678 0,
  0.70710678 -0.70710678 0,0.70710678 -0.70710678 0] }
}
}
DEF SHAPE_263 Shape {
 appearance USE APP_8
 geometry DEF FACE_263 IndexedFaceSet {
  coord DEF COORD_263 Coordinate { point [
  -0.5 -0.1 0.2992126,-0.5 -0.1 1.2992126,
  -0.5 -0.9 1.2992126,-0.5 -0.9 0.2992126] }
 coordIndex [
  3,1,0,-1,3,2,1,-1]
  normalPerVertex TRUE
  normal DEF NORM_263 Normal { vector [
  -1 0 0,-1 0 0,
  -1 0 0,-1 0 0] }
}
}
DEF SHAPE_264 Shape {
 appearance USE APP_8
 geometry DEF FACE_264 IndexedFaceSet {
  coord DEF COORD_264 Coordinate { point [
  0.5 -0.1 0.2992126,0.5 -0.1 1.2992126,
  0.4 0 1.2992126,0.4 0 0.2992126] }
 coordIndex [
  3,1,0,-1,3,2,1,-1]
  normalPerVertex TRUE
  normal DEF NORM_264 Normal { vector [
  0.70710678 0.70710678 0,0.70710678 0.70710678 0,
  0.70710678 0.70710678 0,0.70710678 0.70710678 0] }
}
}
DEF SHAPE_265 Shape {
 appearance USE APP_8
 geometry DEF FACE_265 IndexedFaceSet {
  coord DEF COORD_265 Coordinate { point [
  -0.5 -0.9 0.2992126,-0.5 -0.9 1.2992126,
  -0.4 -1 1.2992126,-0.4 -1 0.2992126] }
 coordIndex [
  3,1,0,-1,3,2,1,-1]
  normalPerVertex TRUE
  normal DEF NORM_265 Normal { vector [
  -0.70710678 -0.70710678 0,-0.70710678 -0.70710678 0,
  -0.70710678 -0.70710678 0,-0.70710678 -0.70710678 0] }
}
}
DEF SHAPE_266 Shape {
 appearance USE APP_8
 geometry DEF FACE_266 IndexedFaceSet {
  coord DEF COORD_266 Coordinate { point [
  0.5 -0.9 0.2992126,0.5 -0.9 1.2992126,
  0.5 -0.1 1.2992126,0.5 -0.1 0.2992126] }
 coordIndex [
  3,1,0,-1,3,2,1,-1]
  normalPerVertex TRUE
  normal DEF NORM_266 Normal { vector [
  1 0 0,1 0 0,
  1 0 0,1 0 0] }
}
}
DEF SHAPE_267 Shape {
 appearance USE APP_8
 geometry DEF FACE_267 IndexedFaceSet {
  coord DEF COORD_267 Coordinate { point [
  -0.4 -1 0.2992126,-0.4 -1 1.2992126,
  0.4 -1 1.2992126,0.4 -1 0.2992126] }
 coordIndex [
  3,1,0,-1,3,2,1,-1]
  normalPerVertex TRUE
  normal DEF NORM_267 Normal { vector [
  0 -1 0,0 -1 0,
  0 -1 0,0 -1 0] }
}
}
DEF SHAPE_268 Shape {
 appearance USE APP_8
 geometry DEF FACE_268 IndexedFaceSet {
  coord DEF COORD_268 Coordinate { point [
  0.4 -1 0.2992126,0.4 -1 1.2992126,
  0.5 -0.9 1.2992126,0.5 -0.9 0.2992126] }
 coordIndex [
  3,1,0,-1,3,2,1,-1]
  normalPerVertex TRUE
  normal DEF NORM_268 Normal { vector [
  0.70710678 -0.70710678 0,0.70710678 -0.70710678 0,
  0.70710678 -0.70710678 0,0.70710678 -0.70710678 0] }
}
}
DEF SHAPE_269 Shape {
 appearance DEF APP_9 Appearance {
  material Material {
   ambientIntensity 0.13400008
   diffuseColor 0.85900003 0.73799998 0.49599999
   emissiveColor 0 0 0
   shininess 0.1
   specularColor 0.12 0.12 0.12
   transparency 0
} }
 geometry DEF FACE_269 IndexedFaceSet {
  coord DEF COORD_269 Coordinate { point [
  0.12598425 -0.37401575 0.2992126,0.12598425 -0.37401575 0.2519685,
  0.12598425 -0.62598425 0.2992126,0.12598425 -0.62598425 0.2519685] }
 coordIndex [
  1,0,2,-1,1,2,3,-1]
  normalPerVertex TRUE
  normal DEF NORM_269 Normal { vector [
  1 0 0,1 0 0,
  1 0 0,1 0 0] }
}
}
DEF SHAPE_270 Shape {
 appearance USE APP_9
 geometry DEF FACE_270 IndexedFaceSet {
  coord DEF COORD_270 Coordinate { point [
  0.92125984 -0.37401575 0.2519685,0.92125984 -0.37401575 0,
  0.12598425 -0.37401575 0,0.060770004 -0.37401575 0.0085856186,
  0 -0.37401575 0.033757379,-0.052184386 -0.37401575 0.073799866,
  -0.092226873 -0.37401575 0.12598425,-0.11739863 -0.37401575 0.18675426,
  -0.12598425 -0.37401575 0.2519685,-0.12598425 -0.37401575 0.2992126,
  0.12598425 -0.37401575 0.2992126,0.12598425 -0.37401575 0.2519685] }
 coordIndex [
  11,5,6,-1,11,6,7,-1,11,7,8,-1,11,8,9,-1,11,9,10,-1,4,5,11,-1,3,4,11,-1,2,3,11,-1,
  1,11,0,-1,1,2,11,-1]
  normalPerVertex TRUE
  normal DEF NORM_270 Normal { vector [
  0 1 0,0 1 0,
  0 1 0,0 1 0,
  0 1 0,0 1 0,
  0 1 0,0 1 0,
  0 1 0,0 1 0,
  0 1 0,0 1 0] }
}
}
DEF SHAPE_271 Shape {
 appearance USE APP_9
 geometry DEF FACE_271 IndexedFaceSet {
  coord DEF COORD_271 Coordinate { point [
  -0.12598425 -0.37401575 0.2519685,-0.12598425 -0.37401575 0.2992126,
  -0.12598425 -0.62598425 0.2519685,-0.12598425 -0.62598425 0.2992126] }
 coordIndex [
  1,0,2,-1,1,2,3,-1]
  normalPerVertex TRUE
  normal DEF NORM_271 Normal { vector [
  -1 0 0,-1 0 0,
  -1 0 0,-1 0 0] }
}
}
DEF SHAPE_272 Shape {
 appearance USE APP_9
 geometry DEF FACE_272 IndexedFaceSet {
  coord DEF COORD_272 Coordinate { point [
  0.92125984 -0.62598425 0.2519685,0.92125984 -0.62598425 0,
  0.12598425 -0.62598425 0,0.060770004 -0.62598425 0.0085856186,
  0 -0.62598425 0.033757379,-0.052184386 -0.62598425 0.073799866,
  -0.092226873 -0.62598425 0.12598425,-0.11739863 -0.62598425 0.18675426,
  -0.12598425 -0.62598425 0.2519685,-0.12598425 -0.62598425 0.2992126,
  0.12598425 -0.62598425 0.2992126,0.12598425 -0.62598425 0.2519685] }
 coordIndex [
  11,6,5,-1,11,7,6,-1,11,8,7,-1,11,9,8,-1,11,10,9,-1,4,11,5,-1,3,11,4,-1,2,11,3,-1,
  1,0,11,-1,1,11,2,-1]
  normalPerVertex TRUE
  normal DEF NORM_272 Normal { vector [
  0 -1 0,0 -1 0,
  0 -1 0,0 -1 0,
  0 -1 0,0 -1 0,
  0 -1 0,0 -1 0,
  0 -1 0,0 -1 0,
  0 -1 0,0 -1 0] }
}
}
DEF SHAPE_273 Shape {
 appearance USE APP_9
 geometry DEF FACE_273 IndexedFaceSet {
  coord DEF COORD_273 Coordinate { point [
  -0.92125984 0.37401575 0.2519685,-0.92125984 0.37401575 0,
  -0.12598425 0.37401575 0,-0.060770004 0.37401575 0.0085856186,
  0 0.37401575 0.033757379,0.052184386 0.37401575 0.073799866,
  0.092226873 0.37401575 0.12598425,0.11739863 0.37401575 0.18675426,
  0.12598425 0.37401575 0.2519685,0.12598425 0.37401575 0.2992126,
  -0.12598425 0.37401575 0.2992126,-0.12598425 0.37401575 0.2519685] }
 coordIndex [
  11,5,6,-1,11,6,7,-1,11,7,8,-1,11,8,9,-1,11,9,10,-1,4,5,11,-1,3,4,11,-1,2,3,11,-1,
  1,11,0,-1,1,2,11,-1]
  normalPerVertex TRUE
  normal DEF NORM_273 Normal { vector [
  0 -1 0,0 -1 0,
  0 -1 0,0 -1 0,
  0 -1 0,0 -1 0,
  0 -1 0,0 -1 0,
  0 -1 0,0 -1 0,
  0 -1 0,0 -1 0] }
}
}
DEF SHAPE_274 Shape {
 appearance USE APP_9
 geometry DEF FACE_274 IndexedFaceSet {
  coord DEF COORD_274 Coordinate { point [
  0.12598425 0.62598425 0.2519685,0.12598425 0.62598425 0.2992126,
  0.12598425 0.37401575 0.2519685,0.12598425 0.37401575 0.2992126] }
 coordIndex [
  1,2,0,-1,1,3,2,-1]
  normalPerVertex TRUE
  normal DEF NORM_274 Normal { vector [
  1 0 0,1 0 0,
  1 0 0,1 0 0] }
}
}
DEF SHAPE_275 Shape {
 appearance USE APP_9
 geometry DEF FACE_275 IndexedFaceSet {
  coord DEF COORD_275 Coordinate { point [
  -0.92125984 0.62598425 0.2519685,-0.92125984 0.62598425 0,
  -0.12598425 0.62598425 0,-0.060770004 0.62598425 0.0085856186,
  0 0.62598425 0.033757379,0.052184386 0.62598425 0.073799866,
  0.092226873 0.62598425 0.12598425,0.11739863 0.62598425 0.18675426,
  0.12598425 0.62598425 0.2519685,0.12598425 0.62598425 0.2992126,
  -0.12598425 0.62598425 0.2992126,-0.12598425 0.62598425 0.2519685] }
 coordIndex [
  11,6,5,-1,11,7,6,-1,11,8,7,-1,11,9,8,-1,11,10,9,-1,4,11,5,-1,3,11,4,-1,2,11,3,-1,
  1,0,11,-1,1,11,2,-1]
  normalPerVertex TRUE
  normal DEF NORM_275 Normal { vector [
  0 1 0,0 1 0,
  0 1 0,0 1 0,
  0 1 0,0 1 0,
  0 1 0,0 1 0,
  0 1 0,0 1 0,
  0 1 0,0 1 0] }
}
}
DEF SHAPE_276 Shape {
 appearance USE APP_9
 geometry DEF FACE_276 IndexedFaceSet {
  coord DEF COORD_276 Coordinate { point [
  -0.12598425 0.62598425 0.2992126,-0.12598425 0.62598425 0.2519685,
  -0.12598425 0.37401575 0.2992126,-0.12598425 0.37401575 0.2519685] }
 coordIndex [
  1,2,0,-1,1,3,2,-1]
  normalPerVertex TRUE
  normal DEF NORM_276 Normal { vector [
  -1 0 0,-1 0 0,
  -1 0 0,-1 0 0] }
}
}
DEF SHAPE_277 Shape {
 appearance USE APP_9
 geometry DEF FACE_277 IndexedFaceSet {
  coord DEF COORD_277 Coordinate { point [
  0.12598425 -0.37401575 3.5984252,0.12598425 -0.37401575 1.2992126,
  0.12598425 -0.62598425 3.5984252,0.12598425 -0.62598425 1.2992126] }
 coordIndex [
  1,0,2,-1,1,2,3,-1]
  normalPerVertex TRUE
  normal DEF NORM_277 Normal { vector [
  1 0 0,1 0 0,
  1 0 0,1 0 0] }
}
}
DEF SHAPE_278 Shape {
 appearance USE APP_9
 geometry DEF FACE_278 IndexedFaceSet {
  coord DEF COORD_278 Coordinate { point [
  0.12598425 -0.37401575 1.2992126,-0.12598425 -0.37401575 1.2992126,
  -0.12598425 -0.37401575 3.5984252,0.12598425 -0.37401575 3.5984252] }
 coordIndex [
  0,1,2,-1,0,2,3,-1]
  normalPerVertex TRUE
  normal DEF NORM_278 Normal { vector [
  0 1 0,0 1 0,
  0 1 0,0 1 0] }
}
}
DEF SHAPE_279 Shape {
 appearance USE APP_9
 geometry DEF FACE_279 IndexedFaceSet {
  coord DEF COORD_279 Coordinate { point [
  -0.12598425 -0.37401575 1.2992126,-0.12598425 -0.37401575 3.5984252,
  -0.12598425 -0.62598425 1.2992126,-0.12598425 -0.62598425 3.5984252] }
 coordIndex [
  1,0,2,-1,1,2,3,-1]
  normalPerVertex TRUE
  normal DEF NORM_279 Normal { vector [
  -1 0 0,-1 0 0,
  -1 0 0,-1 0 0] }
}
}
DEF SHAPE_280 Shape {
 appearance USE APP_9
 geometry DEF FACE_280 IndexedFaceSet {
  coord DEF COORD_280 Coordinate { point [
  0.12598425 -0.62598425 1.2992126,-0.12598425 -0.62598425 1.2992126,
  -0.12598425 -0.62598425 3.5984252,0.12598425 -0.62598425 3.5984252] }
 coordIndex [
  0,2,1,-1,0,3,2,-1]
  normalPerVertex TRUE
  normal DEF NORM_280 Normal { vector [
  0 -1 0,0 -1 0,
  0 -1 0,0 -1 0] }
}
}
DEF SHAPE_281 Shape {
 appearance USE APP_9
 geometry DEF FACE_281 IndexedFaceSet {
  coord DEF COORD_281 Coordinate { point [
  -0.12598425 0.37401575 1.2992126,0.12598425 0.37401575 1.2992126,
  0.12598425 0.37401575 3.5984252,-0.12598425 0.37401575 3.5984252] }
 coordIndex [
  0,1,2,-1,0,2,3,-1]
  normalPerVertex TRUE
  normal DEF NORM_281 Normal { vector [
  0 -1 0,0 -1 0,
  0 -1 0,0 -1 0] }
}
}
DEF SHAPE_282 Shape {
 appearance USE APP_9
 geometry DEF FACE_282 IndexedFaceSet {
  coord DEF COORD_282 Coordinate { point [
  0.12598425 0.62598425 1.2992126,0.12598425 0.62598425 3.5984252,
  0.12598425 0.37401575 1.2992126,0.12598425 0.37401575 3.5984252] }
 coordIndex [
  1,2,0,-1,1,3,2,-1]
  normalPerVertex TRUE
  normal DEF NORM_282 Normal { vector [
  1 0 0,1 0 0,
  1 0 0,1 0 0] }
}
}
DEF SHAPE_283 Shape {
 appearance USE APP_9
 geometry DEF FACE_283 IndexedFaceSet {
  coord DEF COORD_283 Coordinate { point [
  -0.12598425 0.62598425 1.2992126,0.12598425 0.62598425 1.2992126,
  0.12598425 0.62598425 3.5984252,-0.12598425 0.62598425 3.5984252] }
 coordIndex [
  0,2,1,-1,0,3,2,-1]
  normalPerVertex TRUE
  normal DEF NORM_283 Normal { vector [
  0 1 0,0 1 0,
  0 1 0,0 1 0] }
}
}
DEF SHAPE_284 Shape {
 appearance USE APP_9
 geometry DEF FACE_284 IndexedFaceSet {
  coord DEF COORD_284 Coordinate { point [
  -0.12598425 0.62598425 3.5984252,-0.12598425 0.62598425 1.2992126,
  -0.12598425 0.37401575 3.5984252,-0.12598425 0.37401575 1.2992126] }
 coordIndex [
  1,2,0,-1,1,3,2,-1]
  normalPerVertex TRUE
  normal DEF NORM_284 Normal { vector [
  -1 0 0,-1 0 0,
  -1 0 0,-1 0 0] }
}
}
DEF SHAPE_285 Shape {
 appearance USE APP_9
 geometry DEF FACE_285 IndexedFaceSet {
  coord DEF COORD_285 Coordinate { point [
  0.12598425 -0.37401575 0.2519685,0.92125984 -0.37401575 0.2519685,
  0.12598425 -0.62598425 0.2519685,0.92125984 -0.62598425 0.2519685] }
 coordIndex [
  1,0,2,-1,1,2,3,-1]
  normalPerVertex TRUE
  normal DEF NORM_285 Normal { vector [
  0 0 1,0 0 1,
  0 0 1,0 0 1] }
}
}
DEF SHAPE_286 Shape {
 appearance USE APP_9
 geometry DEF FACE_286 IndexedFaceSet {
  coord DEF COORD_286 Coordinate { point [
  0.98425197 -0.43700787 0.18897638,0.98425197 -0.43700787 0.062992126,
  0.92125984 -0.37401575 0,0.92125984 -0.37401575 0.2519685] }
 coordIndex [
  0,1,2,-1,0,2,3,-1]
  normalPerVertex TRUE
  normal DEF NORM_286 Normal { vector [
  0.70710678 0.70710678 0,0.70710678 0.70710678 0,
  0.70710678 0.70710678 0,0.70710678 0.70710678 0] }
}
}
DEF SHAPE_287 Shape {
 appearance USE APP_9
 geometry DEF FACE_287 IndexedFaceSet {
  coord DEF COORD_287 Coordinate { point [
  0.12598425 -0.37401575 0,0.12598425 -0.62598425 0,
  0.060770004 -0.62598425 0.0085856186,0 -0.62598425 0.033757379,
  -0.052184386 -0.62598425 0.073799866,-0.092226873 -0.62598425 0.12598425,
  -0.11739863 -0.62598425 0.18675426,-0.12598425 -0.62598425 0.2519685,
  -0.12598425 -0.37401575 0.2519685,0.060770004 -0.37401575 0.0085856186,
  0 -0.37401575 0.033757379,-0.052184386 -0.37401575 0.073799866,
  -0.092226873 -0.37401575 0.12598425,-0.11739863 -0.37401575 0.18675426] }
 coordIndex [
  6,7,8,-1,6,8,13,-1,5,13,12,-1,5,6,13,-1,4,12,11,-1,4,5,12,-1,3,11,10,-1,3,4,11,-1,
  2,9,0,-1,2,10,9,-1,2,3,10,-1,1,2,0,-1]
  normalPerVertex TRUE
  normal DEF NORM_287 Normal { vector [
  -0.13052619 0 -0.99144486,-0.13052619 0 -0.99144486,
  -0.25881905 0 -0.96592583,-0.5374875 0 -0.84327172,
  -0.73742784 0 -0.67542593,-0.88711369 0 -0.46155098,
  -0.9763442 0 -0.21622209,-0.99144486 0 -0.13052619,
  -0.99144486 0 -0.13052619,-0.25881905 0 -0.96592583,
  -0.46155098 0 -0.88711369,-0.67542593 0 -0.73742784,
  -0.84327172 0 -0.5374875,-0.95364993 0 -0.30091828] }
}
}
DEF SHAPE_288 Shape {
 appearance USE APP_9
 geometry DEF FACE_288 IndexedFaceSet {
  coord DEF COORD_288 Coordinate { point [
  0.92125984 -0.37401575 0,0.12598425 -0.37401575 0,
  0.92125984 -0.62598425 0,0.12598425 -0.62598425 0] }
 coordIndex [
  1,0,2,-1,1,2,3,-1]
  normalPerVertex TRUE
  normal DEF NORM_288 Normal { vector [
  0 0 -1,0 0 -1,
  0 0 -1,0 0 -1] }
}
}
DEF SHAPE_289 Shape {
 appearance USE APP_9
 geometry DEF FACE_289 IndexedFaceSet {
  coord DEF COORD_289 Coordinate { point [
  0.92125984 -0.62598425 0.2519685,0.98425197 -0.56299213 0.18897638,
  0.98425197 -0.56299213 0.062992126,0.92125984 -0.62598425 0] }
 coordIndex [
  3,1,0,-1,3,2,1,-1]
  normalPerVertex TRUE
  normal DEF NORM_289 Normal { vector [
  0.70710678 -0.70710678 0,0.70710678 -0.70710678 0,
  0.70710678 -0.70710678 0,0.70710678 -0.70710678 0] }
}
}
DEF SHAPE_290 Shape {
 appearance USE APP_9
 geometry DEF FACE_290 IndexedFaceSet {
  coord DEF COORD_290 Coordinate { point [
  -0.92125984 0.37401575 0.2519685,-0.92125984 0.37401575 0,
  -0.98425197 0.43700787 0.062992126,-0.98425197 0.43700787 0.18897638] }
 coordIndex [
  0,2,1,-1,0,3,2,-1]
  normalPerVertex TRUE
  normal DEF NORM_290 Normal { vector [
  -0.70710678 -0.70710678 0,-0.70710678 -0.70710678 0,
  -0.70710678 -0.70710678 0,-0.70710678 -0.70710678 0] }
}
}
DEF SHAPE_291 Shape {
 appearance USE APP_9
 geometry DEF FACE_291 IndexedFaceSet {
  coord DEF COORD_291 Coordinate { point [
  -0.12598425 0.62598425 0.2519685,-0.92125984 0.62598425 0.2519685,
  -0.12598425 0.37401575 0.2519685,-0.92125984 0.37401575 0.2519685] }
 coordIndex [
  1,2,0,-1,1,3,2,-1]
  normalPerVertex TRUE
  normal DEF NORM_291 Normal { vector [
  0 0 1,0 0 1,
  0 0 1,0 0 1] }
}
}
DEF SHAPE_292 Shape {
 appearance USE APP_9
 geometry DEF FACE_292 IndexedFaceSet {
  coord DEF COORD_292 Coordinate { point [
  -0.12598425 0.62598425 0,-0.060770004 0.62598425 0.0085856186,
  0 0.62598425 0.033757379,0.052184386 0.62598425 0.073799866,
  0.092226873 0.62598425 0.12598425,0.11739863 0.62598425 0.18675426,
  0.12598425 0.62598425 0.2519685,0.12598425 0.37401575 0.2519685,
  -0.12598425 0.37401575 0,-0.060770004 0.37401575 0.0085856186,
  0 0.37401575 0.033757379,0.052184386 0.37401575 0.073799866,
  0.092226873 0.37401575 0.12598425,0.11739863 0.37401575 0.18675426] }
 coordIndex [
  9,0,1,-1,9,8,0,-1,10,1,2,-1,10,9,1,-1,11,2,3,-1,11,10,2,-1,12,3,4,-1,12,11,3,-1,
  13,4,5,-1,13,12,4,-1,7,5,6,-1,7,13,5,-1]
  normalPerVertex TRUE
  normal DEF NORM_292 Normal { vector [
  0.13052619 0 -0.99144486,0.30091828 0 -0.95364993,
  0.5374875 0 -0.84327172,0.73742784 0 -0.67542593,
  0.88711369 0 -0.46155098,0.9763442 0 -0.21622209,
  0.99144486 0 -0.13052619,0.99144486 0 -0.13052619,
  0.13052619 0 -0.99144486,0.21622209 0 -0.9763442,
  0.46155098 0 -0.88711369,0.67542593 0 -0.73742784,
  0.84327172 0 -0.5374875,0.95364993 0 -0.30091828] }
}
}
DEF SHAPE_293 Shape {
 appearance USE APP_9
 geometry DEF FACE_293 IndexedFaceSet {
  coord DEF COORD_293 Coordinate { point [
  -0.92125984 0.62598425 0,-0.12598425 0.62598425 0,
  -0.92125984 0.37401575 0,-0.12598425 0.37401575 0] }
 coordIndex [
  1,2,0,-1,1,3,2,-1]
  normalPerVertex TRUE
  normal DEF NORM_293 Normal { vector [
  0 0 -1,0 0 -1,
  0 0 -1,0 0 -1] }
}
}
DEF SHAPE_294 Shape {
 appearance USE APP_9
 geometry DEF FACE_294 IndexedFaceSet {
  coord DEF COORD_294 Coordinate { point [
  -0.92125984 0.62598425 0.2519685,-0.98425197 0.56299213 0.18897638,
  -0.92125984 0.62598425 0,-0.98425197 0.56299213 0.062992126] }
 coordIndex [
  3,1,0,-1,3,0,2,-1]
  normalPerVertex TRUE
  normal DEF NORM_294 Normal { vector [
  -0.70710678 0.70710678 0,-0.70710678 0.70710678 0,
  -0.70710678 0.70710678 0,-0.70710678 0.70710678 0] }
}
}
DEF SHAPE_295 Shape {
 appearance USE APP_9
 geometry DEF FACE_295 IndexedFaceSet {
  coord DEF COORD_295 Coordinate { point [
  0.12598425 -0.37401575 3.5984252,0.062992126 -0.43700787 3.6614173,
  0.062992126 -0.56299213 3.6614173,0.12598425 -0.62598425 3.5984252] }
 coordIndex [
  2,0,1,-1,3,0,2,-1]
  normalPerVertex TRUE
  normal DEF NORM_295 Normal { vector [
  0.70710678 0 0.70710678,0.70710678 0 0.70710678,
  0.70710678 0 0.70710678,0.70710678 0 0.70710678] }
}
}
DEF SHAPE_296 Shape {
 appearance USE APP_9
 geometry DEF FACE_296 IndexedFaceSet {
  coord DEF COORD_296 Coordinate { point [
  -0.062992126 -0.43700787 3.6614173,0.062992126 -0.43700787 3.6614173,
  0.12598425 -0.37401575 3.5984252,-0.12598425 -0.37401575 3.5984252] }
 coordIndex [
  0,1,2,-1,0,2,3,-1]
  normalPerVertex TRUE
  normal DEF NORM_296 Normal { vector [
  0 0.70710678 0.70710678,0 0.70710678 0.70710678,
  0 0.70710678 0.70710678,0 0.70710678 0.70710678] }
}
}
DEF SHAPE_297 Shape {
 appearance USE APP_9
 geometry DEF FACE_297 IndexedFaceSet {
  coord DEF COORD_297 Coordinate { point [
  -0.12598425 -0.37401575 3.5984252,-0.062992126 -0.43700787 3.6614173,
  -0.12598425 -0.62598425 3.5984252,-0.062992126 -0.56299213 3.6614173] }
 coordIndex [
  3,1,0,-1,3,0,2,-1]
  normalPerVertex TRUE
  normal DEF NORM_297 Normal { vector [
  -0.70710678 0 0.70710678,-0.70710678 0 0.70710678,
  -0.70710678 0 0.70710678,-0.70710678 0 0.70710678] }
}
}
DEF SHAPE_298 Shape {
 appearance USE APP_9
 geometry DEF FACE_298 IndexedFaceSet {
  coord DEF COORD_298 Coordinate { point [
  -0.062992126 -0.56299213 3.6614173,0.062992126 -0.56299213 3.6614173,
  0.12598425 -0.62598425 3.5984252,-0.12598425 -0.62598425 3.5984252] }
 coordIndex [
  0,2,1,-1,0,3,2,-1]
  normalPerVertex TRUE
  normal DEF NORM_298 Normal { vector [
  0 -0.70710678 0.70710678,0 -0.70710678 0.70710678,
  0 -0.70710678 0.70710678,0 -0.70710678 0.70710678] }
}
}
DEF SHAPE_299 Shape {
 appearance USE APP_9
 geometry DEF FACE_299 IndexedFaceSet {
  coord DEF COORD_299 Coordinate { point [
  0.12598425 0.37401575 3.5984252,0.062992126 0.43700787 3.6614173,
  -0.12598425 0.37401575 3.5984252,-0.062992126 0.43700787 3.6614173] }
 coordIndex [
  3,0,1,-1,3,2,0,-1]
  normalPerVertex TRUE
  normal DEF NORM_299 Normal { vector [
  0 -0.70710678 0.70710678,0 -0.70710678 0.70710678,
  0 -0.70710678 0.70710678,0 -0.70710678 0.70710678] }
}
}
DEF SHAPE_300 Shape {
 appearance USE APP_9
 geometry DEF FACE_300 IndexedFaceSet {
  coord DEF COORD_300 Coordinate { point [
  0.062992126 0.56299213 3.6614173,0.062992126 0.43700787 3.6614173,
  0.12598425 0.37401575 3.5984252,0.12598425 0.62598425 3.5984252] }
 coordIndex [
  0,1,2,-1,0,2,3,-1]
  normalPerVertex TRUE
  normal DEF NORM_300 Normal { vector [
  0.70710678 0 0.70710678,0.70710678 0 0.70710678,
  0.70710678 0 0.70710678,0.70710678 0 0.70710678] }
}
}
DEF SHAPE_301 Shape {
 appearance USE APP_9
 geometry DEF FACE_301 IndexedFaceSet {
  coord DEF COORD_301 Coordinate { point [
  0.12598425 0.62598425 3.5984252,0.062992126 0.56299213 3.6614173,
  -0.12598425 0.62598425 3.5984252,-0.062992126 0.56299213 3.6614173] }
 coordIndex [
  3,1,0,-1,3,0,2,-1]
  normalPerVertex TRUE
  normal DEF NORM_301 Normal { vector [
  0 0.70710678 0.70710678,0 0.70710678 0.70710678,
  0 0.70710678 0.70710678,0 0.70710678 0.70710678] }
}
}
DEF SHAPE_302 Shape {
 appearance USE APP_9
 geometry DEF FACE_302 IndexedFaceSet {
  coord DEF COORD_302 Coordinate { point [
  -0.12598425 0.62598425 3.5984252,-0.12598425 0.37401575 3.5984252,
  -0.062992126 0.43700787 3.6614173,-0.062992126 0.56299213 3.6614173] }
 coordIndex [
  3,1,2,-1,0,1,3,-1]
  normalPerVertex TRUE
  normal DEF NORM_302 Normal { vector [
  -0.70710678 0 0.70710678,-0.70710678 0 0.70710678,
  -0.70710678 0 0.70710678,-0.70710678 0 0.70710678] }
}
}
DEF SHAPE_303 Shape {
 appearance USE APP_9
 geometry DEF FACE_303 IndexedFaceSet {
  coord DEF COORD_303 Coordinate { point [
  0.92125984 -0.37401575 0.2519685,0.98425197 -0.43700787 0.18897638,
  0.92125984 -0.62598425 0.2519685,0.98425197 -0.56299213 0.18897638] }
 coordIndex [
  3,1,0,-1,3,0,2,-1]
  normalPerVertex TRUE
  normal DEF NORM_303 Normal { vector [
  0.70710678 0 0.70710678,0.70710678 0 0.70710678,
  0.70710678 0 0.70710678,0.70710678 0 0.70710678] }
}
}
DEF SHAPE_304 Shape {
 appearance USE APP_9
 geometry DEF FACE_304 IndexedFaceSet {
  coord DEF COORD_304 Coordinate { point [
  0.98425197 -0.43700787 0.18897638,0.98425197 -0.56299213 0.18897638,
  0.98425197 -0.56299213 0.062992126,0.98425197 -0.43700787 0.062992126] }
 coordIndex [
  3,0,1,-1,3,1,2,-1]
  normalPerVertex TRUE
  normal DEF NORM_304 Normal { vector [
  1 0 0,1 0 0,
  1 0 0,1 0 0] }
}
}
DEF SHAPE_305 Shape {
 appearance USE APP_9
 geometry DEF FACE_305 IndexedFaceSet {
  coord DEF COORD_305 Coordinate { point [
  0.98425197 -0.43700787 0.062992126,0.98425197 -0.56299213 0.062992126,
  0.92125984 -0.62598425 0,0.92125984 -0.37401575 0] }
 coordIndex [
  0,1,2,-1,0,2,3,-1]
  normalPerVertex TRUE
  normal DEF NORM_305 Normal { vector [
  0.70710678 0 -0.70710678,0.70710678 0 -0.70710678,
  0.70710678 0 -0.70710678,0.70710678 0 -0.70710678] }
}
}
DEF SHAPE_306 Shape {
 appearance USE APP_9
 geometry DEF FACE_306 IndexedFaceSet {
  coord DEF COORD_306 Coordinate { point [
  -0.98425197 0.56299213 0.18897638,-0.98425197 0.43700787 0.18897638,
  -0.92125984 0.37401575 0.2519685,-0.92125984 0.62598425 0.2519685] }
 coordIndex [
  0,1,2,-1,0,2,3,-1]
  normalPerVertex TRUE
  normal DEF NORM_306 Normal { vector [
  -0.70710678 0 0.70710678,-0.70710678 0 0.70710678,
  -0.70710678 0 0.70710678,-0.70710678 0 0.70710678] }
}
}
DEF SHAPE_307 Shape {
 appearance USE APP_9
 geometry DEF FACE_307 IndexedFaceSet {
  coord DEF COORD_307 Coordinate { point [
  -0.98425197 0.56299213 0.18897638,-0.98425197 0.43700787 0.18897638,
  -0.98425197 0.43700787 0.062992126,-0.98425197 0.56299213 0.062992126] }
 coordIndex [
  3,1,0,-1,3,2,1,-1]
  normalPerVertex TRUE
  normal DEF NORM_307 Normal { vector [
  -1 0 0,-1 0 0,
  -1 0 0,-1 0 0] }
}
}
DEF SHAPE_308 Shape {
 appearance USE APP_9
 geometry DEF FACE_308 IndexedFaceSet {
  coord DEF COORD_308 Coordinate { point [
  -0.92125984 0.62598425 0,-0.98425197 0.56299213 0.062992126,
  -0.92125984 0.37401575 0,-0.98425197 0.43700787 0.062992126] }
 coordIndex [
  3,1,0,-1,3,0,2,-1]
  normalPerVertex TRUE
  normal DEF NORM_308 Normal { vector [
  -0.70710678 0 -0.70710678,-0.70710678 0 -0.70710678,
  -0.70710678 0 -0.70710678,-0.70710678 0 -0.70710678] }
}
}
DEF SHAPE_309 Shape {
 appearance USE APP_9
 geometry DEF FACE_309 IndexedFaceSet {
  coord DEF COORD_309 Coordinate { point [
  -0.062992126 -0.43700787 3.6614173,-0.062992126 -0.56299213 3.6614173,
  0.062992126 -0.56299213 3.6614173,0.062992126 -0.43700787 3.6614173] }
 coordIndex [
  3,0,1,-1,3,1,2,-1]
  normalPerVertex TRUE
  normal DEF NORM_309 Normal { vector [
  0 0 1,0 0 1,
  0 0 1,0 0 1] }
}
}
DEF SHAPE_310 Shape {
 appearance USE APP_9
 geometry DEF FACE_310 IndexedFaceSet {
  coord DEF COORD_310 Coordinate { point [
  0.062992126 0.56299213 3.6614173,0.062992126 0.43700787 3.6614173,
  -0.062992126 0.43700787 3.6614173,-0.062992126 0.56299213 3.6614173] }
 coordIndex [
  3,1,0,-1,3,2,1,-1]
  normalPerVertex TRUE
  normal DEF NORM_310 Normal { vector [
  0 0 1,0 0 1,
  0 0 1,0 0 1] }
}
}
] }
] }
] }
] }
DEF TXFM_22 Transform {
  center 0 0 0
  rotation 0 0 1 0
  scale 1 1 1
  scaleOrientation 0 0 1 0
  translation 57.145669 -47.637795 0.31496063
 children [
USE TXFM_14
] }
DEF TXFM_23 Transform {
  center 0 0 0
  rotation 0 0 1 0
  scale 1 1 1
  scaleOrientation 0 0 1 0
  translation 0 0 0
 children [
DEF SHAPE_311 Shape {
 appearance DEF APP_10 Appearance {
  material Material {
   ambientIntensity 1
   diffuseColor 0 0 0
   emissiveColor 0 0 0
   shininess 0.0099999998
   specularColor 0.1 0.1 0.1
   transparency 0
} }
 geometry DEF FACE_311 IndexedFaceSet {
  coord DEF COORD_311 Coordinate { point [
  53.848425 -41.958661 0.31003937,53.851987 -41.938463 0.31003937,
  53.862241 -41.920702 0.31003937,53.877953 -41.907518 0.31003937,
  53.897226 -41.900503 0.31003937,53.917735 -41.900503 0.31003937,
  53.937008 -41.907518 0.31003937,53.952719 -41.920702 0.31003937,
  53.962974 -41.938463 0.31003937,53.966535 -41.958661 0.31003937,
  53.962974 -41.978859 0.31003937,53.952719 -41.996621 0.31003937,
  53.937008 -42.009805 0.31003937,53.917735 -42.016819 0.31003937,
  53.897226 -42.016819 0.31003937,53.877953 -42.009805 0.31003937,
  53.862241 -41.996621 0.31003937,53.851987 -41.978859 0.31003937,
  52.962598 -44.96063 0.31003937,52.959037 -44.980828 0.31003937,
  52.948782 -44.99859 0.31003937,52.933071 -45.011773 0.31003937,
  52.913798 -45.018788 0.31003937,52.893288 -45.018788 0.31003937,
  52.874016 -45.011773 0.31003937,52.858304 -44.99859 0.31003937,
  52.84805 -44.980828 0.31003937,52.844488 -44.96063 0.31003937,
  52.84805 -44.940432 0.31003937,52.858304 -44.92267 0.31003937,
  52.874016 -44.909487 0.31003937,52.893288 -44.902472 0.31003937,
  52.913798 -44.902472 0.31003937,52.933071 -44.909487 0.31003937,
  52.948782 -44.92267 0.31003937,52.959037 -44.940432 0.31003937,
  39.370079 -39.370079 0.31003937,39.370079 -59.055118 0.31003937,
  66.929134 -59.055118 0.31003937,66.929134 -39.370079 0.31003937,
  48.267717 -44.891732 0.31003937,48.271278 -44.871534 0.31003937,
  48.281533 -44.853772 0.31003937,48.297244 -44.840589 0.31003937,
  48.316517 -44.833574 0.31003937,48.337026 -44.833574 0.31003937,
  48.356299 -44.840589 0.31003937,48.37201 -44.853772 0.31003937,
  48.382265 -44.871534 0.31003937,48.385827 -44.891732 0.31003937,
  48.382265 -44.91193 0.31003937,48.37201 -44.929692 0.31003937,
  48.356299 -44.942876 0.31003937,48.337026 -44.94989 0.31003937,
  48.316517 -44.94989 0.31003937,48.297244 -44.942876 0.31003937,
  48.281533 -44.929692 0.31003937,48.271278 -44.91193 0.31003937,
  58.267717 -44.92126 0.31003937,58.264155 -44.941458 0.31003937,
  58.2539 -44.95922 0.31003937,58.238189 -44.972403 0.31003937,
  58.218916 -44.979418 0.31003937,58.198407 -44.979418 0.31003937,
  58.179134 -44.972403 0.31003937,58.163423 -44.95922 0.31003937,
  58.153168 -44.941458 0.31003937,58.149606 -44.92126 0.31003937,
  58.153168 -44.901062 0.31003937,58.163423 -44.8833 0.31003937,
  58.179134 -44.870117 0.31003937,58.198407 -44.863102 0.31003937,
  58.218916 -44.863102 0.31003937,58.238189 -44.870117 0.31003937,
  58.2539 -44.8833 0.31003937,58.264155 -44.901062 0.31003937,
  49.675197 -46.141732 0.31003937,49.678758 -46.121534 0.31003937,
  49.689013 -46.103772 0.31003937,49.704724 -46.090589 0.31003937,
  49.723997 -46.083574 0.31003937,49.744507 -46.083574 0.31003937,
  49.76378 -46.090589 0.31003937,49.779491 -46.103772 0.31003937,
  49.789746 -46.121534 0.31003937,49.793307 -46.141732 0.31003937,
  49.789746 -46.16193 0.31003937,49.779491 -46.179692 0.31003937,
  49.76378 -46.192876 0.31003937,49.744507 -46.19989 0.31003937,
  49.723997 -46.19989 0.31003937,49.704724 -46.192876 0.31003937,
  49.689013 -46.179692 0.31003937,49.678758 -46.16193 0.31003937,
  56.692913 -46.161417 0.31003937,56.696475 -46.141219 0.31003937,
  56.70673 -46.123457 0.31003937,56.722441 -46.110274 0.31003937,
  56.741714 -46.103259 0.31003937,56.762223 -46.103259 0.31003937,
  56.781496 -46.110274 0.31003937,56.797207 -46.123457 0.31003937,
  56.807462 -46.141219 0.31003937,56.811024 -46.161417 0.31003937,
  56.807462 -46.181615 0.31003937,56.797207 -46.199377 0.31003937,
  56.781496 -46.212561 0.31003937,56.762223 -46.219575 0.31003937,
  56.741714 -46.219575 0.31003937,56.722441 -46.212561 0.31003937,
  56.70673 -46.199377 0.31003937,56.696475 -46.181615 0.31003937,
  53.848425 -41.958661 -0.31003937,53.851987 -41.938463 -0.31003937,
  53.862241 -41.920702 -0.31003937,53.877953 -41.907518 -0.31003937,
  53.897226 -41.900503 -0.31003937,53.917735 -41.900503 -0.31003937,
  53.937008 -41.907518 -0.31003937,53.952719 -41.920702 -0.31003937,
  53.962974 -41.938463 -0.31003937,53.966535 -41.958661 -0.31003937,
  53.962974 -41.978859 -0.31003937,53.952719 -41.996621 -0.31003937,
  53.937008 -42.009805 -0.31003937,53.917735 -42.016819 -0.31003937,
  53.897226 -42.016819 -0.31003937,53.877953 -42.009805 -0.31003937,
  53.862241 -41.996621 -0.31003937,53.851987 -41.978859 -0.31003937,
  52.962598 -44.96063 -0.31003937,52.959037 -44.980828 -0.31003937,
  52.948782 -44.99859 -0.31003937,52.933071 -45.011773 -0.31003937,
  52.913798 -45.018788 -0.31003937,52.893288 -45.018788 -0.31003937,
  52.874016 -45.011773 -0.31003937,52.858304 -44.99859 -0.31003937,
  52.84805 -44.980828 -0.31003937,52.844488 -44.96063 -0.31003937,
  52.84805 -44.940432 -0.31003937,52.858304 -44.92267 -0.31003937,
  52.874016 -44.909487 -0.31003937,52.893288 -44.902472 -0.31003937,
  52.913798 -44.902472 -0.31003937,52.933071 -44.909487 -0.31003937,
  52.948782 -44.92267 -0.31003937,52.959037 -44.940432 -0.31003937,
  39.370079 -39.370079 -0.31003937,39.370079 -59.055118 -0.31003937,
  66.929134 -59.055118 -0.31003937,66.929134 -39.370079 -0.31003937,
  48.267717 -44.891732 -0.31003937,48.271278 -44.871534 -0.31003937,
  48.281533 -44.853772 -0.31003937,48.297244 -44.840589 -0.31003937,
  48.316517 -44.833574 -0.31003937,48.337026 -44.833574 -0.31003937,
  48.356299 -44.840589 -0.31003937,48.37201 -44.853772 -0.31003937,
  48.382265 -44.871534 -0.31003937,48.385827 -44.891732 -0.31003937,
  48.382265 -44.91193 -0.31003937,48.37201 -44.929692 -0.31003937,
  48.356299 -44.942876 -0.31003937,48.337026 -44.94989 -0.31003937,
  48.316517 -44.94989 -0.31003937,48.297244 -44.942876 -0.31003937,
  48.281533 -44.929692 -0.31003937,48.271278 -44.91193 -0.31003937,
  58.267717 -44.92126 -0.31003937,58.264155 -44.941458 -0.31003937,
  58.2539 -44.95922 -0.31003937,58.238189 -44.972403 -0.31003937,
  58.218916 -44.979418 -0.31003937,58.198407 -44.979418 -0.31003937,
  58.179134 -44.972403 -0.31003937,58.163423 -44.95922 -0.31003937,
  58.153168 -44.941458 -0.31003937,58.149606 -44.92126 -0.31003937,
  58.153168 -44.901062 -0.31003937,58.163423 -44.8833 -0.31003937,
  58.179134 -44.870117 -0.31003937,58.198407 -44.863102 -0.31003937,
  58.218916 -44.863102 -0.31003937,58.238189 -44.870117 -0.31003937,
  58.2539 -44.8833 -0.31003937,58.264155 -44.901062 -0.31003937,
  49.675197 -46.141732 -0.31003937,49.678758 -46.121534 -0.31003937,
  49.689013 -46.103772 -0.31003937,49.704724 -46.090589 -0.31003937,
  49.723997 -46.083574 -0.31003937,49.744507 -46.083574 -0.31003937,
  49.76378 -46.090589 -0.31003937,49.779491 -46.103772 -0.31003937,
  49.789746 -46.121534 -0.31003937,49.793307 -46.141732 -0.31003937,
  49.789746 -46.16193 -0.31003937,49.779491 -46.179692 -0.31003937,
  49.76378 -46.192876 -0.31003937,49.744507 -46.19989 -0.31003937,
  49.723997 -46.19989 -0.31003937,49.704724 -46.192876 -0.31003937,
  49.689013 -46.179692 -0.31003937,49.678758 -46.16193 -0.31003937,
  56.692913 -46.161417 -0.31003937,56.696475 -46.141219 -0.31003937,
  56.70673 -46.123457 -0.31003937,56.722441 -46.110274 -0.31003937,
  56.741714 -46.103259 -0.31003937,56.762223 -46.103259 -0.31003937,
  56.781496 -46.110274 -0.31003937,56.797207 -46.123457 -0.31003937,
  56.807462 -46.141219 -0.31003937,56.811024 -46.161417 -0.31003937,
  56.807462 -46.181615 -0.31003937,56.797207 -46.199377 -0.31003937,
  56.781496 -46.212561 -0.31003937,56.762223 -46.219575 -0.31003937,
  56.741714 -46.219575 -0.31003937,56.722441 -46.212561 -0.31003937,
  56.70673 -46.199377 -0.31003937,56.696475 -46.181615 -0.31003937] }
 coordIndex [
  38,39,58,-1,38,58,59,-1,38,59,60,-1,38,60,61,-1,38,61,62,-1,38,62,63,-1,38,63,64,-1,38,64,65,-1,
  38,65,103,-1,38,103,104,-1,38,104,105,-1,38,105,106,-1,38,106,107,-1,38,107,108,-1,38,108,109,-1,38,109,110,-1,
  38,110,18,-1,38,18,19,-1,38,19,20,-1,38,20,21,-1,38,21,22,-1,38,22,23,-1,38,23,24,-1,38,24,25,-1,
  38,25,85,-1,38,85,86,-1,38,86,87,-1,38,87,88,-1,38,88,89,-1,38,89,90,-1,38,90,91,-1,38,91,36,-1,
  38,36,37,-1,39,36,4,-1,39,4,5,-1,39,5,6,-1,39,6,7,-1,39,7,8,-1,39,8,9,-1,39,9,70,-1,
  39,70,71,-1,39,71,72,-1,39,72,73,-1,39,73,74,-1,39,74,75,-1,39,75,58,-1,103,65,66,-1,103,66,67,-1,
  103,67,68,-1,103,68,69,-1,103,69,102,-1,69,70,9,-1,69,9,96,-1,69,96,97,-1,69,97,98,-1,69,98,99,-1,
  69,99,100,-1,69,100,101,-1,69,101,102,-1,9,10,110,-1,9,110,111,-1,9,111,94,-1,9,94,95,-1,9,95,96,-1,
  1,2,85,-1,1,85,28,-1,1,28,29,-1,1,29,30,-1,1,30,31,-1,1,31,32,-1,1,32,33,-1,1,33,34,-1,
  1,34,35,-1,1,35,18,-1,1,18,0,-1,85,25,26,-1,85,26,27,-1,85,27,28,-1,2,3,49,-1,2,49,78,-1,
  2,78,79,-1,2,79,80,-1,2,80,81,-1,2,81,82,-1,2,82,83,-1,2,83,84,-1,2,84,85,-1,49,50,92,-1,
  49,92,93,-1,49,93,76,-1,49,76,77,-1,49,77,78,-1,3,4,36,-1,3,36,43,-1,3,43,44,-1,3,44,45,-1,
  3,45,46,-1,3,46,47,-1,3,47,48,-1,3,48,49,-1,36,91,92,-1,36,92,56,-1,36,56,57,-1,36,57,40,-1,
  36,40,41,-1,36,41,42,-1,36,42,43,-1,110,10,11,-1,110,11,12,-1,110,12,13,-1,110,13,14,-1,110,14,15,-1,
  110,15,16,-1,110,16,18,-1,18,16,17,-1,18,17,0,-1,92,50,51,-1,92,51,52,-1,92,52,53,-1,92,53,54,-1,
  92,54,55,-1,92,55,56,-1,151,150,170,-1,170,150,171,-1,171,150,172,-1,172,150,173,-1,173,150,174,-1,174,150,175,-1,
  175,150,176,-1,176,150,177,-1,177,150,215,-1,215,150,216,-1,216,150,217,-1,217,150,218,-1,218,150,219,-1,219,150,220,-1,
  220,150,221,-1,221,150,222,-1,222,150,130,-1,130,150,131,-1,131,150,132,-1,132,150,133,-1,133,150,134,-1,134,150,135,-1,
  135,150,136,-1,136,150,137,-1,137,150,197,-1,197,150,198,-1,198,150,199,-1,199,150,200,-1,200,150,201,-1,201,150,202,-1,
  202,150,203,-1,203,150,148,-1,148,150,149,-1,148,151,116,-1,116,151,117,-1,117,151,118,-1,118,151,119,-1,119,151,120,-1,
  120,151,121,-1,121,151,182,-1,182,151,183,-1,183,151,184,-1,184,151,185,-1,185,151,186,-1,186,151,187,-1,187,151,170,-1,
  177,215,178,-1,178,215,179,-1,179,215,180,-1,180,215,181,-1,181,215,214,-1,182,181,121,-1,121,181,208,-1,208,181,209,-1,
  209,181,210,-1,210,181,211,-1,211,181,212,-1,212,181,213,-1,213,181,214,-1,122,121,222,-1,222,121,223,-1,223,121,206,-1,
  206,121,207,-1,207,121,208,-1,114,113,197,-1,197,113,140,-1,140,113,141,-1,141,113,142,-1,142,113,143,-1,143,113,144,-1,
  144,113,145,-1,145,113,146,-1,146,113,147,-1,147,113,130,-1,130,113,112,-1,137,197,138,-1,138,197,139,-1,139,197,140,-1,
  115,114,161,-1,161,114,190,-1,190,114,191,-1,191,114,192,-1,192,114,193,-1,193,114,194,-1,194,114,195,-1,195,114,196,-1,
  196,114,197,-1,162,161,204,-1,204,161,205,-1,205,161,188,-1,188,161,189,-1,189,161,190,-1,116,115,148,-1,148,115,155,-1,
  155,115,156,-1,156,115,157,-1,157,115,158,-1,158,115,159,-1,159,115,160,-1,160,115,161,-1,203,148,204,-1,204,148,168,-1,
  168,148,169,-1,169,148,152,-1,152,148,153,-1,153,148,154,-1,154,148,155,-1,122,222,123,-1,123,222,124,-1,124,222,125,-1,
  125,222,126,-1,126,222,127,-1,127,222,128,-1,128,222,130,-1,128,130,129,-1,129,130,112,-1,162,204,163,-1,163,204,164,-1,
  164,204,165,-1,165,204,166,-1,166,204,167,-1,167,204,168,-1]
  normalPerVertex TRUE
  normal DEF NORM_311 Normal { vector [
  0 0 1,0 0 1,
  0 0 1,0 0 1,
  0 0 1,0 0 1,
  0 0 1,0 0 1,
  0 0 1,0 0 1,
  0 0 1,0 0 1,
  0 0 1,0 0 1,
  0 0 1,0 0 1,
  0 0 1,0 0 1,
  0 0 1,0 0 1,
  0 0 1,0 0 1,
  0 0 1,0 0 1,
  0 0 1,0 0 1,
  0 0 1,0 0 1,
  0 0 1,0 0 1,
  0 0 1,0 0 1,
  0 0 1,0 0 1,
  0 0 1,0 0 1,
  0 0 1,0 0 1,
  0 0 1,0 0 1,
  0 0 1,0 0 1,
  0 0 1,0 0 1,
  0 0 1,0 0 1,
  0 0 1,0 0 1,
  0 0 1,0 0 1,
  0 0 1,0 0 1,
  0 0 1,0 0 1,
  0 0 1,0 0 1,
  0 0 1,0 0 1,
  0 0 1,0 0 1,
  0 0 1,0 0 1,
  0 0 1,0 0 1,
  0 0 1,0 0 1,
  0 0 1,0 0 1,
  0 0 1,0 0 1,
  0 0 1,0 0 1,
  0 0 1,0 0 1,
  0 0 1,0 0 1,
  0 0 1,0 0 1,
  0 0 1,0 0 1,
  0 0 1,0 0 1,
  0 0 1,0 0 1,
  0 0 1,0 0 1,
  0 0 1,0 0 1,
  0 0 1,0 0 1,
  0 0 1,0 0 1,
  0 0 1,0 0 1,
  0 0 1,0 0 1,
  0 0 1,0 0 1,
  0 0 1,0 0 1,
  0 0 1,0 0 1,
  0 0 1,0 0 1,
  0 0 1,0 0 1,
  0 0 1,0 0 1,
  0 0 1,0 0 1,
  0 0 1,0 0 1,
  0 0 -1,0 0 -1,
  0 0 -1,0 0 -1,
  0 0 -1,0 0 -1,
  0 0 -1,0 0 -1,
  0 0 -1,0 0 -1,
  0 0 -1,0 0 -1,
  0 0 -1,0 0 -1,
  0 0 -1,0 0 -1,
  0 0 -1,0 0 -1,
  0 0 -1,0 0 -1,
  0 0 -1,0 0 -1,
  0 0 -1,0 0 -1,
  0 0 -1,0 0 -1,
  0 0 -1,0 0 -1,
  0 0 -1,0 0 -1,
  0 0 -1,0 0 -1,
  0 0 -1,0 0 -1,
  0 0 -1,0 0 -1,
  0 0 -1,0 0 -1,
  0 0 -1,0 0 -1,
  0 0 -1,0 0 -1,
  0 0 -1,0 0 -1,
  0 0 -1,0 0 -1,
  0 0 -1,0 0 -1,
  0 0 -1,0 0 -1,
  0 0 -1,0 0 -1,
  0 0 -1,0 0 -1,
  0 0 -1,0 0 -1,
  0 0 -1,0 0 -1,
  0 0 -1,0 0 -1,
  0 0 -1,0 0 -1,
  0 0 -1,0 0 -1,
  0 0 -1,0 0 -1,
  0 0 -1,0 0 -1,
  0 0 -1,0 0 -1,
  0 0 -1,0 0 -1,
  0 0 -1,0 0 -1,
  0 0 -1,0 0 -1,
  0 0 -1,0 0 -1,
  0 0 -1,0 0 -1,
  0 0 -1,0 0 -1,
  0 0 -1,0 0 -1,
  0 0 -1,0 0 -1,
  0 0 -1,0 0 -1,
  0 0 -1,0 0 -1,
  0 0 -1,0 0 -1,
  0 0 -1,0 0 -1,
  0 0 -1,0 0 -1,
  0 0 -1,0 0 -1,
  0 0 -1,0 0 -1,
  0 0 -1,0 0 -1,
  0 0 -1,0 0 -1,
  0 0 -1,0 0 -1,
  0 0 -1,0 0 -1,
  0 0 -1,0 0 -1,
  0 0 -1,0 0 -1] }
}
}
DEF SHAPE_312 Shape {
 appearance USE APP_10
 geometry DEF FACE_312 IndexedFaceSet {
  coord DEF COORD_312 Coordinate { point [
  53.851987 -41.938463 0.31003937,53.848425 -41.958661 0.31003937,
  53.851987 -41.938463 -0.31003937,53.851987 -41.938463 -0.31003937,
  53.848425 -41.958661 0.31003937,53.848425 -41.958661 -0.31003937,
  53.862241 -41.920702 0.31003937,53.851987 -41.938463 0.31003937,
  53.862241 -41.920702 -0.31003937,53.862241 -41.920702 -0.31003937,
  53.851987 -41.938463 0.31003937,53.851987 -41.938463 -0.31003937,
  53.877953 -41.907518 0.31003937,53.862241 -41.920702 0.31003937,
  53.877953 -41.907518 -0.31003937,53.877953 -41.907518 -0.31003937,
  53.862241 -41.920702 0.31003937,53.862241 -41.920702 -0.31003937,
  53.897226 -41.900503 0.31003937,53.877953 -41.907518 0.31003937,
  53.897226 -41.900503 -0.31003937,53.897226 -41.900503 -0.31003937,
  53.877953 -41.907518 0.31003937,53.877953 -41.907518 -0.31003937,
  53.917735 -41.900503 0.31003937,53.897226 -41.900503 0.31003937,
  53.917735 -41.900503 -0.31003937,53.917735 -41.900503 -0.31003937,
  53.897226 -41.900503 0.31003937,53.897226 -41.900503 -0.31003937,
  53.937008 -41.907518 0.31003937,53.917735 -41.900503 0.31003937,
  53.937008 -41.907518 -0.31003937,53.937008 -41.907518 -0.31003937,
  53.917735 -41.900503 0.31003937,53.917735 -41.900503 -0.31003937,
  53.952719 -41.920702 0.31003937,53.937008 -41.907518 0.31003937,
  53.952719 -41.920702 -0.31003937,53.952719 -41.920702 -0.31003937,
  53.937008 -41.907518 0.31003937,53.937008 -41.907518 -0.31003937,
  53.962974 -41.938463 0.31003937,53.952719 -41.920702 0.31003937,
  53.962974 -41.938463 -0.31003937,53.962974 -41.938463 -0.31003937,
  53.952719 -41.920702 0.31003937,53.952719 -41.920702 -0.31003937,
  53.966535 -41.958661 0.31003937,53.962974 -41.938463 0.31003937,
  53.966535 -41.958661 -0.31003937,53.966535 -41.958661 -0.31003937,
  53.962974 -41.938463 0.31003937,53.962974 -41.938463 -0.31003937,
  53.962974 -41.978859 0.31003937,53.966535 -41.958661 0.31003937,
  53.962974 -41.978859 -0.31003937,53.962974 -41.978859 -0.31003937,
  53.966535 -41.958661 0.31003937,53.966535 -41.958661 -0.31003937,
  53.952719 -41.996621 0.31003937,53.962974 -41.978859 0.31003937,
  53.952719 -41.996621 -0.31003937,53.952719 -41.996621 -0.31003937,
  53.962974 -41.978859 0.31003937,53.962974 -41.978859 -0.31003937,
  53.937008 -42.009805 0.31003937,53.952719 -41.996621 0.31003937,
  53.937008 -42.009805 -0.31003937,53.937008 -42.009805 -0.31003937,
  53.952719 -41.996621 0.31003937,53.952719 -41.996621 -0.31003937,
  53.917735 -42.016819 0.31003937,53.937008 -42.009805 0.31003937,
  53.917735 -42.016819 -0.31003937,53.917735 -42.016819 -0.31003937,
  53.937008 -42.009805 0.31003937,53.937008 -42.009805 -0.31003937,
  53.897226 -42.016819 0.31003937,53.917735 -42.016819 0.31003937,
  53.897226 -42.016819 -0.31003937,53.897226 -42.016819 -0.31003937,
  53.917735 -42.016819 0.31003937,53.917735 -42.016819 -0.31003937,
  53.877953 -42.009805 0.31003937,53.897226 -42.016819 0.31003937,
  53.877953 -42.009805 -0.31003937,53.877953 -42.009805 -0.31003937,
  53.897226 -42.016819 0.31003937,53.897226 -42.016819 -0.31003937,
  53.862241 -41.996621 0.31003937,53.877953 -42.009805 0.31003937,
  53.862241 -41.996621 -0.31003937,53.862241 -41.996621 -0.31003937,
  53.877953 -42.009805 0.31003937,53.877953 -42.009805 -0.31003937,
  53.851987 -41.978859 0.31003937,53.862241 -41.996621 0.31003937,
  53.851987 -41.978859 -0.31003937,53.851987 -41.978859 -0.31003937,
  53.862241 -41.996621 0.31003937,53.862241 -41.996621 -0.31003937,
  53.848425 -41.958661 0.31003937,53.851987 -41.978859 0.31003937,
  53.848425 -41.958661 -0.31003937,53.848425 -41.958661 -0.31003937,
  53.851987 -41.978859 0.31003937,53.851987 -41.978859 -0.31003937,
  52.959037 -44.980828 0.31003937,52.962598 -44.96063 0.31003937,
  52.959037 -44.980828 -0.31003937,52.959037 -44.980828 -0.31003937,
  52.962598 -44.96063 0.31003937,52.962598 -44.96063 -0.31003937,
  52.948782 -44.99859 0.31003937,52.959037 -44.980828 0.31003937,
  52.948782 -44.99859 -0.31003937,52.948782 -44.99859 -0.31003937,
  52.959037 -44.980828 0.31003937,52.959037 -44.980828 -0.31003937,
  52.933071 -45.011773 0.31003937,52.948782 -44.99859 0.31003937,
  52.933071 -45.011773 -0.31003937,52.933071 -45.011773 -0.31003937,
  52.948782 -44.99859 0.31003937,52.948782 -44.99859 -0.31003937,
  52.913798 -45.018788 0.31003937,52.933071 -45.011773 0.31003937,
  52.913798 -45.018788 -0.31003937,52.913798 -45.018788 -0.31003937,
  52.933071 -45.011773 0.31003937,52.933071 -45.011773 -0.31003937,
  52.893288 -45.018788 0.31003937,52.913798 -45.018788 0.31003937,
  52.893288 -45.018788 -0.31003937,52.893288 -45.018788 -0.31003937,
  52.913798 -45.018788 0.31003937,52.913798 -45.018788 -0.31003937,
  52.874016 -45.011773 0.31003937,52.893288 -45.018788 0.31003937,
  52.874016 -45.011773 -0.31003937,52.874016 -45.011773 -0.31003937,
  52.893288 -45.018788 0.31003937,52.893288 -45.018788 -0.31003937,
  52.858304 -44.99859 0.31003937,52.874016 -45.011773 0.31003937,
  52.858304 -44.99859 -0.31003937,52.858304 -44.99859 -0.31003937,
  52.874016 -45.011773 0.31003937,52.874016 -45.011773 -0.31003937,
  52.84805 -44.980828 0.31003937,52.858304 -44.99859 0.31003937,
  52.84805 -44.980828 -0.31003937,52.84805 -44.980828 -0.31003937,
  52.858304 -44.99859 0.31003937,52.858304 -44.99859 -0.31003937,
  52.844488 -44.96063 0.31003937,52.84805 -44.980828 0.31003937,
  52.844488 -44.96063 -0.31003937,52.844488 -44.96063 -0.31003937,
  52.84805 -44.980828 0.31003937,52.84805 -44.980828 -0.31003937,
  52.84805 -44.940432 0.31003937,52.844488 -44.96063 0.31003937,
  52.84805 -44.940432 -0.31003937,52.84805 -44.940432 -0.31003937,
  52.844488 -44.96063 0.31003937,52.844488 -44.96063 -0.31003937,
  52.858304 -44.92267 0.31003937,52.84805 -44.940432 0.31003937,
  52.858304 -44.92267 -0.31003937,52.858304 -44.92267 -0.31003937,
  52.84805 -44.940432 0.31003937,52.84805 -44.940432 -0.31003937,
  52.874016 -44.909487 0.31003937,52.858304 -44.92267 0.31003937,
  52.874016 -44.909487 -0.31003937,52.874016 -44.909487 -0.31003937,
  52.858304 -44.92267 0.31003937,52.858304 -44.92267 -0.31003937,
  52.893288 -44.902472 0.31003937,52.874016 -44.909487 0.31003937,
  52.893288 -44.902472 -0.31003937,52.893288 -44.902472 -0.31003937,
  52.874016 -44.909487 0.31003937,52.874016 -44.909487 -0.31003937,
  52.913798 -44.902472 0.31003937,52.893288 -44.902472 0.31003937,
  52.913798 -44.902472 -0.31003937,52.913798 -44.902472 -0.31003937,
  52.893288 -44.902472 0.31003937,52.893288 -44.902472 -0.31003937,
  52.933071 -44.909487 0.31003937,52.913798 -44.902472 0.31003937,
  52.933071 -44.909487 -0.31003937,52.933071 -44.909487 -0.31003937,
  52.913798 -44.902472 0.31003937,52.913798 -44.902472 -0.31003937,
  52.948782 -44.92267 0.31003937,52.933071 -44.909487 0.31003937,
  52.948782 -44.92267 -0.31003937,52.948782 -44.92267 -0.31003937,
  52.933071 -44.909487 0.31003937,52.933071 -44.909487 -0.31003937,
  52.959037 -44.940432 0.31003937,52.948782 -44.92267 0.31003937,
  52.959037 -44.940432 -0.31003937,52.959037 -44.940432 -0.31003937,
  52.948782 -44.92267 0.31003937,52.948782 -44.92267 -0.31003937,
  52.962598 -44.96063 0.31003937,52.959037 -44.940432 0.31003937,
  52.962598 -44.96063 -0.31003937,52.962598 -44.96063 -0.31003937,
  52.959037 -44.940432 0.31003937,52.959037 -44.940432 -0.31003937,
  39.370079 -59.055118 0.31003937,39.370079 -39.370079 0.31003937,
  39.370079 -59.055118 -0.31003937,39.370079 -59.055118 -0.31003937,
  39.370079 -39.370079 0.31003937,39.370079 -39.370079 -0.31003937,
  66.929134 -59.055118 0.31003937,39.370079 -59.055118 0.31003937,
  66.929134 -59.055118 -0.31003937,66.929134 -59.055118 -0.31003937,
  39.370079 -59.055118 0.31003937,39.370079 -59.055118 -0.31003937,
  66.929134 -39.370079 0.31003937,66.929134 -59.055118 0.31003937,
  66.929134 -39.370079 -0.31003937,66.929134 -39.370079 -0.31003937,
  66.929134 -59.055118 0.31003937,66.929134 -59.055118 -0.31003937,
  39.370079 -39.370079 0.31003937,66.929134 -39.370079 0.31003937,
  39.370079 -39.370079 -0.31003937,39.370079 -39.370079 -0.31003937,
  66.929134 -39.370079 0.31003937,66.929134 -39.370079 -0.31003937,
  48.271278 -44.871534 0.31003937,48.267717 -44.891732 0.31003937,
  48.271278 -44.871534 -0.31003937,48.271278 -44.871534 -0.31003937,
  48.267717 -44.891732 0.31003937,48.267717 -44.891732 -0.31003937,
  48.281533 -44.853772 0.31003937,48.271278 -44.871534 0.31003937,
  48.281533 -44.853772 -0.31003937,48.281533 -44.853772 -0.31003937,
  48.271278 -44.871534 0.31003937,48.271278 -44.871534 -0.31003937,
  48.297244 -44.840589 0.31003937,48.281533 -44.853772 0.31003937,
  48.297244 -44.840589 -0.31003937,48.297244 -44.840589 -0.31003937,
  48.281533 -44.853772 0.31003937,48.281533 -44.853772 -0.31003937,
  48.316517 -44.833574 0.31003937,48.297244 -44.840589 0.31003937,
  48.316517 -44.833574 -0.31003937,48.316517 -44.833574 -0.31003937,
  48.297244 -44.840589 0.31003937,48.297244 -44.840589 -0.31003937,
  48.337026 -44.833574 0.31003937,48.316517 -44.833574 0.31003937,
  48.337026 -44.833574 -0.31003937,48.337026 -44.833574 -0.31003937,
  48.316517 -44.833574 0.31003937,48.316517 -44.833574 -0.31003937,
  48.356299 -44.840589 0.31003937,48.337026 -44.833574 0.31003937,
  48.356299 -44.840589 -0.31003937,48.356299 -44.840589 -0.31003937,
  48.337026 -44.833574 0.31003937,48.337026 -44.833574 -0.31003937,
  48.37201 -44.853772 0.31003937,48.356299 -44.840589 0.31003937,
  48.37201 -44.853772 -0.31003937,48.37201 -44.853772 -0.31003937,
  48.356299 -44.840589 0.31003937,48.356299 -44.840589 -0.31003937,
  48.382265 -44.871534 0.31003937,48.37201 -44.853772 0.31003937,
  48.382265 -44.871534 -0.31003937,48.382265 -44.871534 -0.31003937,
  48.37201 -44.853772 0.31003937,48.37201 -44.853772 -0.31003937,
  48.385827 -44.891732 0.31003937,48.382265 -44.871534 0.31003937,
  48.385827 -44.891732 -0.31003937,48.385827 -44.891732 -0.31003937,
  48.382265 -44.871534 0.31003937,48.382265 -44.871534 -0.31003937,
  48.382265 -44.91193 0.31003937,48.385827 -44.891732 0.31003937,
  48.382265 -44.91193 -0.31003937,48.382265 -44.91193 -0.31003937,
  48.385827 -44.891732 0.31003937,48.385827 -44.891732 -0.31003937,
  48.37201 -44.929692 0.31003937,48.382265 -44.91193 0.31003937,
  48.37201 -44.929692 -0.31003937,48.37201 -44.929692 -0.31003937,
  48.382265 -44.91193 0.31003937,48.382265 -44.91193 -0.31003937,
  48.356299 -44.942876 0.31003937,48.37201 -44.929692 0.31003937,
  48.356299 -44.942876 -0.31003937,48.356299 -44.942876 -0.31003937,
  48.37201 -44.929692 0.31003937,48.37201 -44.929692 -0.31003937,
  48.337026 -44.94989 0.31003937,48.356299 -44.942876 0.31003937,
  48.337026 -44.94989 -0.31003937,48.337026 -44.94989 -0.31003937,
  48.356299 -44.942876 0.31003937,48.356299 -44.942876 -0.31003937,
  48.316517 -44.94989 0.31003937,48.337026 -44.94989 0.31003937,
  48.316517 -44.94989 -0.31003937,48.316517 -44.94989 -0.31003937,
  48.337026 -44.94989 0.31003937,48.337026 -44.94989 -0.31003937,
  48.297244 -44.942876 0.31003937,48.316517 -44.94989 0.31003937,
  48.297244 -44.942876 -0.31003937,48.297244 -44.942876 -0.31003937,
  48.316517 -44.94989 0.31003937,48.316517 -44.94989 -0.31003937,
  48.281533 -44.929692 0.31003937,48.297244 -44.942876 0.31003937,
  48.281533 -44.929692 -0.31003937,48.281533 -44.929692 -0.31003937,
  48.297244 -44.942876 0.31003937,48.297244 -44.942876 -0.31003937,
  48.271278 -44.91193 0.31003937,48.281533 -44.929692 0.31003937,
  48.271278 -44.91193 -0.31003937,48.271278 -44.91193 -0.31003937,
  48.281533 -44.929692 0.31003937,48.281533 -44.929692 -0.31003937,
  48.267717 -44.891732 0.31003937,48.271278 -44.91193 0.31003937,
  48.267717 -44.891732 -0.31003937,48.267717 -44.891732 -0.31003937,
  48.271278 -44.91193 0.31003937,48.271278 -44.91193 -0.31003937,
  58.264155 -44.941458 0.31003937,58.267717 -44.92126 0.31003937,
  58.264155 -44.941458 -0.31003937,58.264155 -44.941458 -0.31003937,
  58.267717 -44.92126 0.31003937,58.267717 -44.92126 -0.31003937,
  58.2539 -44.95922 0.31003937,58.264155 -44.941458 0.31003937,
  58.2539 -44.95922 -0.31003937,58.2539 -44.95922 -0.31003937,
  58.264155 -44.941458 0.31003937,58.264155 -44.941458 -0.31003937,
  58.238189 -44.972403 0.31003937,58.2539 -44.95922 0.31003937,
  58.238189 -44.972403 -0.31003937,58.238189 -44.972403 -0.31003937,
  58.2539 -44.95922 0.31003937,58.2539 -44.95922 -0.31003937,
  58.218916 -44.979418 0.31003937,58.238189 -44.972403 0.31003937,
  58.218916 -44.979418 -0.31003937,58.218916 -44.979418 -0.31003937,
  58.238189 -44.972403 0.31003937,58.238189 -44.972403 -0.31003937,
  58.198407 -44.979418 0.31003937,58.218916 -44.979418 0.31003937,
  58.198407 -44.979418 -0.31003937,58.198407 -44.979418 -0.31003937,
  58.218916 -44.979418 0.31003937,58.218916 -44.979418 -0.31003937,
  58.179134 -44.972403 0.31003937,58.198407 -44.979418 0.31003937,
  58.179134 -44.972403 -0.31003937,58.179134 -44.972403 -0.31003937,
  58.198407 -44.979418 0.31003937,58.198407 -44.979418 -0.31003937,
  58.163423 -44.95922 0.31003937,58.179134 -44.972403 0.31003937,
  58.163423 -44.95922 -0.31003937,58.163423 -44.95922 -0.31003937,
  58.179134 -44.972403 0.31003937,58.179134 -44.972403 -0.31003937,
  58.153168 -44.941458 0.31003937,58.163423 -44.95922 0.31003937,
  58.153168 -44.941458 -0.31003937,58.153168 -44.941458 -0.31003937,
  58.163423 -44.95922 0.31003937,58.163423 -44.95922 -0.31003937,
  58.149606 -44.92126 0.31003937,58.153168 -44.941458 0.31003937,
  58.149606 -44.92126 -0.31003937,58.149606 -44.92126 -0.31003937,
  58.153168 -44.941458 0.31003937,58.153168 -44.941458 -0.31003937,
  58.153168 -44.901062 0.31003937,58.149606 -44.92126 0.31003937,
  58.153168 -44.901062 -0.31003937,58.153168 -44.901062 -0.31003937,
  58.149606 -44.92126 0.31003937,58.149606 -44.92126 -0.31003937,
  58.163423 -44.8833 0.31003937,58.153168 -44.901062 0.31003937,
  58.163423 -44.8833 -0.31003937,58.163423 -44.8833 -0.31003937,
  58.153168 -44.901062 0.31003937,58.153168 -44.901062 -0.31003937,
  58.179134 -44.870117 0.31003937,58.163423 -44.8833 0.31003937,
  58.179134 -44.870117 -0.31003937,58.179134 -44.870117 -0.31003937,
  58.163423 -44.8833 0.31003937,58.163423 -44.8833 -0.31003937,
  58.198407 -44.863102 0.31003937,58.179134 -44.870117 0.31003937,
  58.198407 -44.863102 -0.31003937,58.198407 -44.863102 -0.31003937,
  58.179134 -44.870117 0.31003937,58.179134 -44.870117 -0.31003937,
  58.218916 -44.863102 0.31003937,58.198407 -44.863102 0.31003937,
  58.218916 -44.863102 -0.31003937,58.218916 -44.863102 -0.31003937,
  58.198407 -44.863102 0.31003937,58.198407 -44.863102 -0.31003937,
  58.238189 -44.870117 0.31003937,58.218916 -44.863102 0.31003937,
  58.238189 -44.870117 -0.31003937,58.238189 -44.870117 -0.31003937,
  58.218916 -44.863102 0.31003937,58.218916 -44.863102 -0.31003937,
  58.2539 -44.8833 0.31003937,58.238189 -44.870117 0.31003937,
  58.2539 -44.8833 -0.31003937,58.2539 -44.8833 -0.31003937,
  58.238189 -44.870117 0.31003937,58.238189 -44.870117 -0.31003937,
  58.264155 -44.901062 0.31003937,58.2539 -44.8833 0.31003937,
  58.264155 -44.901062 -0.31003937,58.264155 -44.901062 -0.31003937,
  58.2539 -44.8833 0.31003937,58.2539 -44.8833 -0.31003937,
  58.267717 -44.92126 0.31003937,58.264155 -44.901062 0.31003937,
  58.267717 -44.92126 -0.31003937,58.267717 -44.92126 -0.31003937,
  58.264155 -44.901062 0.31003937,58.264155 -44.901062 -0.31003937,
  49.678758 -46.121534 0.31003937,49.675197 -46.141732 0.31003937,
  49.678758 -46.121534 -0.31003937,49.678758 -46.121534 -0.31003937,
  49.675197 -46.141732 0.31003937,49.675197 -46.141732 -0.31003937,
  49.689013 -46.103772 0.31003937,49.678758 -46.121534 0.31003937,
  49.689013 -46.103772 -0.31003937,49.689013 -46.103772 -0.31003937,
  49.678758 -46.121534 0.31003937,49.678758 -46.121534 -0.31003937,
  49.704724 -46.090589 0.31003937,49.689013 -46.103772 0.31003937,
  49.704724 -46.090589 -0.31003937,49.704724 -46.090589 -0.31003937,
  49.689013 -46.103772 0.31003937,49.689013 -46.103772 -0.31003937,
  49.723997 -46.083574 0.31003937,49.704724 -46.090589 0.31003937,
  49.723997 -46.083574 -0.31003937,49.723997 -46.083574 -0.31003937,
  49.704724 -46.090589 0.31003937,49.704724 -46.090589 -0.31003937,
  49.744507 -46.083574 0.31003937,49.723997 -46.083574 0.31003937,
  49.744507 -46.083574 -0.31003937,49.744507 -46.083574 -0.31003937,
  49.723997 -46.083574 0.31003937,49.723997 -46.083574 -0.31003937,
  49.76378 -46.090589 0.31003937,49.744507 -46.083574 0.31003937,
  49.76378 -46.090589 -0.31003937,49.76378 -46.090589 -0.31003937,
  49.744507 -46.083574 0.31003937,49.744507 -46.083574 -0.31003937,
  49.779491 -46.103772 0.31003937,49.76378 -46.090589 0.31003937,
  49.779491 -46.103772 -0.31003937,49.779491 -46.103772 -0.31003937,
  49.76378 -46.090589 0.31003937,49.76378 -46.090589 -0.31003937,
  49.789746 -46.121534 0.31003937,49.779491 -46.103772 0.31003937,
  49.789746 -46.121534 -0.31003937,49.789746 -46.121534 -0.31003937,
  49.779491 -46.103772 0.31003937,49.779491 -46.103772 -0.31003937,
  49.793307 -46.141732 0.31003937,49.789746 -46.121534 0.31003937,
  49.793307 -46.141732 -0.31003937,49.793307 -46.141732 -0.31003937,
  49.789746 -46.121534 0.31003937,49.789746 -46.121534 -0.31003937,
  49.789746 -46.16193 0.31003937,49.793307 -46.141732 0.31003937,
  49.789746 -46.16193 -0.31003937,49.789746 -46.16193 -0.31003937,
  49.793307 -46.141732 0.31003937,49.793307 -46.141732 -0.31003937,
  49.779491 -46.179692 0.31003937,49.789746 -46.16193 0.31003937,
  49.779491 -46.179692 -0.31003937,49.779491 -46.179692 -0.31003937,
  49.789746 -46.16193 0.31003937,49.789746 -46.16193 -0.31003937,
  49.76378 -46.192876 0.31003937,49.779491 -46.179692 0.31003937,
  49.76378 -46.192876 -0.31003937,49.76378 -46.192876 -0.31003937,
  49.779491 -46.179692 0.31003937,49.779491 -46.179692 -0.31003937,
  49.744507 -46.19989 0.31003937,49.76378 -46.192876 0.31003937,
  49.744507 -46.19989 -0.31003937,49.744507 -46.19989 -0.31003937,
  49.76378 -46.192876 0.31003937,49.76378 -46.192876 -0.31003937,
  49.723997 -46.19989 0.31003937,49.744507 -46.19989 0.31003937,
  49.723997 -46.19989 -0.31003937,49.723997 -46.19989 -0.31003937,
  49.744507 -46.19989 0.31003937,49.744507 -46.19989 -0.31003937,
  49.704724 -46.192876 0.31003937,49.723997 -46.19989 0.31003937,
  49.704724 -46.192876 -0.31003937,49.704724 -46.192876 -0.31003937,
  49.723997 -46.19989 0.31003937,49.723997 -46.19989 -0.31003937,
  49.689013 -46.179692 0.31003937,49.704724 -46.192876 0.31003937,
  49.689013 -46.179692 -0.31003937,49.689013 -46.179692 -0.31003937,
  49.704724 -46.192876 0.31003937,49.704724 -46.192876 -0.31003937,
  49.678758 -46.16193 0.31003937,49.689013 -46.179692 0.31003937,
  49.678758 -46.16193 -0.31003937,49.678758 -46.16193 -0.31003937,
  49.689013 -46.179692 0.31003937,49.689013 -46.179692 -0.31003937,
  49.675197 -46.141732 0.31003937,49.678758 -46.16193 0.31003937,
  49.675197 -46.141732 -0.31003937,49.675197 -46.141732 -0.31003937,
  49.678758 -46.16193 0.31003937,49.678758 -46.16193 -0.31003937,
  56.696475 -46.141219 0.31003937,56.692913 -46.161417 0.31003937,
  56.696475 -46.141219 -0.31003937,56.696475 -46.141219 -0.31003937,
  56.692913 -46.161417 0.31003937,56.692913 -46.161417 -0.31003937,
  56.70673 -46.123457 0.31003937,56.696475 -46.141219 0.31003937,
  56.70673 -46.123457 -0.31003937,56.70673 -46.123457 -0.31003937,
  56.696475 -46.141219 0.31003937,56.696475 -46.141219 -0.31003937,
  56.722441 -46.110274 0.31003937,56.70673 -46.123457 0.31003937,
  56.722441 -46.110274 -0.31003937,56.722441 -46.110274 -0.31003937,
  56.70673 -46.123457 0.31003937,56.70673 -46.123457 -0.31003937,
  56.741714 -46.103259 0.31003937,56.722441 -46.110274 0.31003937,
  56.741714 -46.103259 -0.31003937,56.741714 -46.103259 -0.31003937,
  56.722441 -46.110274 0.31003937,56.722441 -46.110274 -0.31003937,
  56.762223 -46.103259 0.31003937,56.741714 -46.103259 0.31003937,
  56.762223 -46.103259 -0.31003937,56.762223 -46.103259 -0.31003937,
  56.741714 -46.103259 0.31003937,56.741714 -46.103259 -0.31003937,
  56.781496 -46.110274 0.31003937,56.762223 -46.103259 0.31003937,
  56.781496 -46.110274 -0.31003937,56.781496 -46.110274 -0.31003937,
  56.762223 -46.103259 0.31003937,56.762223 -46.103259 -0.31003937,
  56.797207 -46.123457 0.31003937,56.781496 -46.110274 0.31003937,
  56.797207 -46.123457 -0.31003937,56.797207 -46.123457 -0.31003937,
  56.781496 -46.110274 0.31003937,56.781496 -46.110274 -0.31003937,
  56.807462 -46.141219 0.31003937,56.797207 -46.123457 0.31003937,
  56.807462 -46.141219 -0.31003937,56.807462 -46.141219 -0.31003937,
  56.797207 -46.123457 0.31003937,56.797207 -46.123457 -0.31003937,
  56.811024 -46.161417 0.31003937,56.807462 -46.141219 0.31003937,
  56.811024 -46.161417 -0.31003937,56.811024 -46.161417 -0.31003937,
  56.807462 -46.141219 0.31003937,56.807462 -46.141219 -0.31003937,
  56.807462 -46.181615 0.31003937,56.811024 -46.161417 0.31003937,
  56.807462 -46.181615 -0.31003937,56.807462 -46.181615 -0.31003937,
  56.811024 -46.161417 0.31003937,56.811024 -46.161417 -0.31003937,
  56.797207 -46.199377 0.31003937,56.807462 -46.181615 0.31003937,
  56.797207 -46.199377 -0.31003937,56.797207 -46.199377 -0.31003937,
  56.807462 -46.181615 0.31003937,56.807462 -46.181615 -0.31003937,
  56.781496 -46.212561 0.31003937,56.797207 -46.199377 0.31003937,
  56.781496 -46.212561 -0.31003937,56.781496 -46.212561 -0.31003937,
  56.797207 -46.199377 0.31003937,56.797207 -46.199377 -0.31003937,
  56.762223 -46.219575 0.31003937,56.781496 -46.212561 0.31003937,
  56.762223 -46.219575 -0.31003937,56.762223 -46.219575 -0.31003937,
  56.781496 -46.212561 0.31003937,56.781496 -46.212561 -0.31003937,
  56.741714 -46.219575 0.31003937,56.762223 -46.219575 0.31003937,
  56.741714 -46.219575 -0.31003937,56.741714 -46.219575 -0.31003937,
  56.762223 -46.219575 0.31003937,56.762223 -46.219575 -0.31003937,
  56.722441 -46.212561 0.31003937,56.741714 -46.219575 0.31003937,
  56.722441 -46.212561 -0.31003937,56.722441 -46.212561 -0.31003937,
  56.741714 -46.219575 0.31003937,56.741714 -46.219575 -0.31003937,
  56.70673 -46.199377 0.31003937,56.722441 -46.212561 0.31003937,
  56.70673 -46.199377 -0.31003937,56.70673 -46.199377 -0.31003937,
  56.722441 -46.212561 0.31003937,56.722441 -46.212561 -0.31003937,
  56.696475 -46.181615 0.31003937,56.70673 -46.199377 0.31003937,
  56.696475 -46.181615 -0.31003937,56.696475 -46.181615 -0.31003937,
  56.70673 -46.199377 0.31003937,56.70673 -46.199377 -0.31003937,
  56.692913 -46.161417 0.31003937,56.696475 -46.181615 0.31003937,
  56.692913 -46.161417 -0.31003937,56.692913 -46.161417 -0.31003937,
  56.696475 -46.181615 0.31003937,56.696475 -46.181615 -0.31003937] }
 coordIndex [
  0,1,2,-1,3,4,5,-1,6,7,8,-1,9,10,11,-1,12,13,14,-1,15,16,17,-1,18,19,20,-1,21,22,23,-1,
  24,25,26,-1,27,28,29,-1,30,31,32,-1,33,34,35,-1,36,37,38,-1,39,40,41,-1,42,43,44,-1,45,46,47,-1,
  48,49,50,-1,51,52,53,-1,54,55,56,-1,57,58,59,-1,60,61,62,-1,63,64,65,-1,66,67,68,-1,69,70,71,-1,
  72,73,74,-1,75,76,77,-1,78,79,80,-1,81,82,83,-1,84,85,86,-1,87,88,89,-1,90,91,92,-1,93,94,95,-1,
  96,97,98,-1,99,100,101,-1,102,103,104,-1,105,106,107,-1,108,109,110,-1,111,112,113,-1,114,115,116,-1,117,118,119,-1,
  120,121,122,-1,123,124,125,-1,126,127,128,-1,129,130,131,-1,132,133,134,-1,135,136,137,-1,138,139,140,-1,141,142,143,-1,
  144,145,146,-1,147,148,149,-1,150,151,152,-1,153,154,155,-1,156,157,158,-1,159,160,161,-1,162,163,164,-1,165,166,167,-1,
  168,169,170,-1,171,172,173,-1,174,175,176,-1,177,178,179,-1,180,181,182,-1,183,184,185,-1,186,187,188,-1,189,190,191,-1,
  192,193,194,-1,195,196,197,-1,198,199,200,-1,201,202,203,-1,204,205,206,-1,207,208,209,-1,210,211,212,-1,213,214,215,-1,
  216,217,218,-1,219,220,221,-1,222,223,224,-1,225,226,227,-1,228,229,230,-1,231,232,233,-1,234,235,236,-1,237,238,239,-1,
  240,241,242,-1,243,244,245,-1,246,247,248,-1,249,250,251,-1,252,253,254,-1,255,256,257,-1,258,259,260,-1,261,262,263,-1,
  264,265,266,-1,267,268,269,-1,270,271,272,-1,273,274,275,-1,276,277,278,-1,279,280,281,-1,282,283,284,-1,285,286,287,-1,
  288,289,290,-1,291,292,293,-1,294,295,296,-1,297,298,299,-1,300,301,302,-1,303,304,305,-1,306,307,308,-1,309,310,311,-1,
  312,313,314,-1,315,316,317,-1,318,319,320,-1,321,322,323,-1,324,325,326,-1,327,328,329,-1,330,331,332,-1,333,334,335,-1,
  336,337,338,-1,339,340,341,-1,342,343,344,-1,345,346,347,-1,348,349,350,-1,351,352,353,-1,354,355,356,-1,357,358,359,-1,
  360,361,362,-1,363,364,365,-1,366,367,368,-1,369,370,371,-1,372,373,374,-1,375,376,377,-1,378,379,380,-1,381,382,383,-1,
  384,385,386,-1,387,388,389,-1,390,391,392,-1,393,394,395,-1,396,397,398,-1,399,400,401,-1,402,403,404,-1,405,406,407,-1,
  408,409,410,-1,411,412,413,-1,414,415,416,-1,417,418,419,-1,420,421,422,-1,423,424,425,-1,426,427,428,-1,429,430,431,-1,
  432,433,434,-1,435,436,437,-1,438,439,440,-1,441,442,443,-1,444,445,446,-1,447,448,449,-1,450,451,452,-1,453,454,455,-1,
  456,457,458,-1,459,460,461,-1,462,463,464,-1,465,466,467,-1,468,469,470,-1,471,472,473,-1,474,475,476,-1,477,478,479,-1,
  480,481,482,-1,483,484,485,-1,486,487,488,-1,489,490,491,-1,492,493,494,-1,495,496,497,-1,498,499,500,-1,501,502,503,-1,
  504,505,506,-1,507,508,509,-1,510,511,512,-1,513,514,515,-1,516,517,518,-1,519,520,521,-1,522,523,524,-1,525,526,527,-1,
  528,529,530,-1,531,532,533,-1,534,535,536,-1,537,538,539,-1,540,541,542,-1,543,544,545,-1,546,547,548,-1,549,550,551,-1,
  552,553,554,-1,555,556,557,-1,558,559,560,-1,561,562,563,-1,564,565,566,-1,567,568,569,-1,570,571,572,-1,573,574,575,-1,
  576,577,578,-1,579,580,581,-1,582,583,584,-1,585,586,587,-1,588,589,590,-1,591,592,593,-1,594,595,596,-1,597,598,599,-1,
  600,601,602,-1,603,604,605,-1,606,607,608,-1,609,610,611,-1,612,613,614,-1,615,616,617,-1,618,619,620,-1,621,622,623,-1,
  624,625,626,-1,627,628,629,-1,630,631,632,-1,633,634,635,-1,636,637,638,-1,639,640,641,-1,642,643,644,-1,645,646,647,-1,
  648,649,650,-1,651,652,653,-1,654,655,656,-1,657,658,659,-1,660,661,662,-1,663,664,665,-1,666,667,668,-1,669,670,671,-1]
  normalPerVertex TRUE
  normal DEF NORM_312 Normal { vector [
  0.98480775 -0.17364818 0,0.98480775 -0.17364818 0,
  0.98480775 -0.17364818 0,0.98480775 -0.17364818 0,
  0.98480775 -0.17364818 0,0.98480775 -0.17364818 0,
  0.8660254 -0.5 0,0.8660254 -0.5 0,
  0.8660254 -0.5 0,0.8660254 -0.5 0,
  0.8660254 -0.5 0,0.8660254 -0.5 0,
  0.64278761 -0.76604444 0,0.64278761 -0.76604444 0,
  0.64278761 -0.76604444 0,0.64278761 -0.76604444 0,
  0.64278761 -0.76604444 0,0.64278761 -0.76604444 0,
  0.34202014 -0.93969262 0,0.34202014 -0.93969262 0,
  0.34202014 -0.93969262 0,0.34202014 -0.93969262 0,
  0.34202014 -0.93969262 0,0.34202014 -0.93969262 0,
  0 -1 0,0 -1 0,
  0 -1 0,0 -1 0,
  0 -1 0,0 -1 0,
  -0.34202014 -0.93969262 0,-0.34202014 -0.93969262 0,
  -0.34202014 -0.93969262 0,-0.34202014 -0.93969262 0,
  -0.34202014 -0.93969262 0,-0.34202014 -0.93969262 0,
  -0.64278761 -0.76604444 0,-0.64278761 -0.76604444 0,
  -0.64278761 -0.76604444 0,-0.64278761 -0.76604444 0,
  -0.64278761 -0.76604444 0,-0.64278761 -0.76604444 0,
  -0.8660254 -0.5 0,-0.8660254 -0.5 0,
  -0.8660254 -0.5 0,-0.8660254 -0.5 0,
  -0.8660254 -0.5 0,-0.8660254 -0.5 0,
  -0.98480775 -0.17364818 0,-0.98480775 -0.17364818 0,
  -0.98480775 -0.17364818 0,-0.98480775 -0.17364818 0,
  -0.98480775 -0.17364818 0,-0.98480775 -0.17364818 0,
  -0.98480775 0.17364818 0,-0.98480775 0.17364818 0,
  -0.98480775 0.17364818 0,-0.98480775 0.17364818 0,
  -0.98480775 0.17364818 0,-0.98480775 0.17364818 0,
  -0.8660254 0.5 0,-0.8660254 0.5 0,
  -0.8660254 0.5 0,-0.8660254 0.5 0,
  -0.8660254 0.5 0,-0.8660254 0.5 0,
  -0.64278761 0.76604444 0,-0.64278761 0.76604444 0,
  -0.64278761 0.76604444 0,-0.64278761 0.76604444 0,
  -0.64278761 0.76604444 0,-0.64278761 0.76604444 0,
  -0.34202014 0.93969262 0,-0.34202014 0.93969262 0,
  -0.34202014 0.93969262 0,-0.34202014 0.93969262 0,
  -0.34202014 0.93969262 0,-0.34202014 0.93969262 0,
  0 1 0,0 1 0,
  0 1 0,0 1 0,
  0 1 0,0 1 0,
  0.34202014 0.93969262 0,0.34202014 0.93969262 0,
  0.34202014 0.93969262 0,0.34202014 0.93969262 0,
  0.34202014 0.93969262 0,0.34202014 0.93969262 0,
  0.64278761 0.76604444 0,0.64278761 0.76604444 0,
  0.64278761 0.76604444 0,0.64278761 0.76604444 0,
  0.64278761 0.76604444 0,0.64278761 0.76604444 0,
  0.8660254 0.5 0,0.8660254 0.5 0,
  0.8660254 0.5 0,0.8660254 0.5 0,
  0.8660254 0.5 0,0.8660254 0.5 0,
  0.98480775 0.17364818 0,0.98480775 0.17364818 0,
  0.98480775 0.17364818 0,0.98480775 0.17364818 0,
  0.98480775 0.17364818 0,0.98480775 0.17364818 0,
  -0.98480775 0.17364818 0,-0.98480775 0.17364818 0,
  -0.98480775 0.17364818 0,-0.98480775 0.17364818 0,
  -0.98480775 0.17364818 0,-0.98480775 0.17364818 0,
  -0.8660254 0.5 0,-0.8660254 0.5 0,
  -0.8660254 0.5 0,-0.8660254 0.5 0,
  -0.8660254 0.5 0,-0.8660254 0.5 0,
  -0.64278761 0.76604444 0,-0.64278761 0.76604444 0,
  -0.64278761 0.76604444 0,-0.64278761 0.76604444 0,
  -0.64278761 0.76604444 0,-0.64278761 0.76604444 0,
  -0.34202014 0.93969262 0,-0.34202014 0.93969262 0,
  -0.34202014 0.93969262 0,-0.34202014 0.93969262 0,
  -0.34202014 0.93969262 0,-0.34202014 0.93969262 0,
  0 1 0,0 1 0,
  0 1 0,0 1 0,
  0 1 0,0 1 0,
  0.34202014 0.93969262 0,0.34202014 0.93969262 0,
  0.34202014 0.93969262 0,0.34202014 0.93969262 0,
  0.34202014 0.93969262 0,0.34202014 0.93969262 0,
  0.64278761 0.76604444 0,0.64278761 0.76604444 0,
  0.64278761 0.76604444 0,0.64278761 0.76604444 0,
  0.64278761 0.76604444 0,0.64278761 0.76604444 0,
  0.8660254 0.5 0,0.8660254 0.5 0,
  0.8660254 0.5 0,0.8660254 0.5 0,
  0.8660254 0.5 0,0.8660254 0.5 0,
  0.98480775 0.17364818 0,0.98480775 0.17364818 0,
  0.98480775 0.17364818 0,0.98480775 0.17364818 0,
  0.98480775 0.17364818 0,0.98480775 0.17364818 0,
  0.98480775 -0.17364818 0,0.98480775 -0.17364818 0,
  0.98480775 -0.17364818 0,0.98480775 -0.17364818 0,
  0.98480775 -0.17364818 0,0.98480775 -0.17364818 0,
  0.8660254 -0.5 0,0.8660254 -0.5 0,
  0.8660254 -0.5 0,0.8660254 -0.5 0,
  0.8660254 -0.5 0,0.8660254 -0.5 0,
  0.64278761 -0.76604444 0,0.64278761 -0.76604444 0,
  0.64278761 -0.76604444 0,0.64278761 -0.76604444 0,
  0.64278761 -0.76604444 0,0.64278761 -0.76604444 0,
  0.34202014 -0.93969262 0,0.34202014 -0.93969262 0,
  0.34202014 -0.93969262 0,0.34202014 -0.93969262 0,
  0.34202014 -0.93969262 0,0.34202014 -0.93969262 0,
  0 -1 0,0 -1 0,
  0 -1 0,0 -1 0,
  0 -1 0,0 -1 0,
  -0.34202014 -0.93969262 0,-0.34202014 -0.93969262 0,
  -0.34202014 -0.93969262 0,-0.34202014 -0.93969262 0,
  -0.34202014 -0.93969262 0,-0.34202014 -0.93969262 0,
  -0.64278761 -0.76604444 0,-0.64278761 -0.76604444 0,
  -0.64278761 -0.76604444 0,-0.64278761 -0.76604444 0,
  -0.64278761 -0.76604444 0,-0.64278761 -0.76604444 0,
  -0.8660254 -0.5 0,-0.8660254 -0.5 0,
  -0.8660254 -0.5 0,-0.8660254 -0.5 0,
  -0.8660254 -0.5 0,-0.8660254 -0.5 0,
  -0.98480775 -0.17364818 0,-0.98480775 -0.17364818 0,
  -0.98480775 -0.17364818 0,-0.98480775 -0.17364818 0,
  -0.98480775 -0.17364818 0,-0.98480775 -0.17364818 0,
  -1 0 0,-1 0 0,
  -1 0 0,-1 0 0,
  -1 0 0,-1 0 0,
  0 -1 0,0 -1 0,
  0 -1 0,0 -1 0,
  0 -1 0,0 -1 0,
  1 0 0,1 0 0,
  1 0 0,1 0 0,
  1 0 0,1 0 0,
  0 1 0,0 1 0,
  0 1 0,0 1 0,
  0 1 0,0 1 0,
  0.98480775 -0.17364818 0,0.98480775 -0.17364818 0,
  0.98480775 -0.17364818 0,0.98480775 -0.17364818 0,
  0.98480775 -0.17364818 0,0.98480775 -0.17364818 0,
  0.8660254 -0.5 0,0.8660254 -0.5 0,
  0.8660254 -0.5 0,0.8660254 -0.5 0,
  0.8660254 -0.5 0,0.8660254 -0.5 0,
  0.64278761 -0.76604444 0,0.64278761 -0.76604444 0,
  0.64278761 -0.76604444 0,0.64278761 -0.76604444 0,
  0.64278761 -0.76604444 0,0.64278761 -0.76604444 0,
  0.34202014 -0.93969262 0,0.34202014 -0.93969262 0,
  0.34202014 -0.93969262 0,0.34202014 -0.93969262 0,
  0.34202014 -0.93969262 0,0.34202014 -0.93969262 0,
  0 -1 0,0 -1 0,
  0 -1 0,0 -1 0,
  0 -1 0,0 -1 0,
  -0.34202014 -0.93969262 0,-0.34202014 -0.93969262 0,
  -0.34202014 -0.93969262 0,-0.34202014 -0.93969262 0,
  -0.34202014 -0.93969262 0,-0.34202014 -0.93969262 0,
  -0.64278761 -0.76604444 0,-0.64278761 -0.76604444 0,
  -0.64278761 -0.76604444 0,-0.64278761 -0.76604444 0,
  -0.64278761 -0.76604444 0,-0.64278761 -0.76604444 0,
  -0.8660254 -0.5 0,-0.8660254 -0.5 0,
  -0.8660254 -0.5 0,-0.8660254 -0.5 0,
  -0.8660254 -0.5 0,-0.8660254 -0.5 0,
  -0.98480775 -0.17364818 0,-0.98480775 -0.17364818 0,
  -0.98480775 -0.17364818 0,-0.98480775 -0.17364818 0,
  -0.98480775 -0.17364818 0,-0.98480775 -0.17364818 0,
  -0.98480775 0.17364818 0,-0.98480775 0.17364818 0,
  -0.98480775 0.17364818 0,-0.98480775 0.17364818 0,
  -0.98480775 0.17364818 0,-0.98480775 0.17364818 0,
  -0.8660254 0.5 0,-0.8660254 0.5 0,
  -0.8660254 0.5 0,-0.8660254 0.5 0,
  -0.8660254 0.5 0,-0.8660254 0.5 0,
  -0.64278761 0.76604444 0,-0.64278761 0.76604444 0,
  -0.64278761 0.76604444 0,-0.64278761 0.76604444 0,
  -0.64278761 0.76604444 0,-0.64278761 0.76604444 0,
  -0.34202014 0.93969262 0,-0.34202014 0.93969262 0,
  -0.34202014 0.93969262 0,-0.34202014 0.93969262 0,
  -0.34202014 0.93969262 0,-0.34202014 0.93969262 0,
  0 1 0,0 1 0,
  0 1 0,0 1 0,
  0 1 0,0 1 0,
  0.34202014 0.93969262 0,0.34202014 0.93969262 0,
  0.34202014 0.93969262 0,0.34202014 0.93969262 0,
  0.34202014 0.93969262 0,0.34202014 0.93969262 0,
  0.64278761 0.76604444 0,0.64278761 0.76604444 0,
  0.64278761 0.76604444 0,0.64278761 0.76604444 0,
  0.64278761 0.76604444 0,0.64278761 0.76604444 0,
  0.8660254 0.5 0,0.8660254 0.5 0,
  0.8660254 0.5 0,0.8660254 0.5 0,
  0.8660254 0.5 0,0.8660254 0.5 0,
  0.98480775 0.17364818 0,0.98480775 0.17364818 0,
  0.98480775 0.17364818 0,0.98480775 0.17364818 0,
  0.98480775 0.17364818 0,0.98480775 0.17364818 0,
  -0.98480775 0.17364818 0,-0.98480775 0.17364818 0,
  -0.98480775 0.17364818 0,-0.98480775 0.17364818 0,
  -0.98480775 0.17364818 0,-0.98480775 0.17364818 0,
  -0.8660254 0.5 0,-0.8660254 0.5 0,
  -0.8660254 0.5 0,-0.8660254 0.5 0,
  -0.8660254 0.5 0,-0.8660254 0.5 0,
  -0.64278761 0.76604444 0,-0.64278761 0.76604444 0,
  -0.64278761 0.76604444 0,-0.64278761 0.76604444 0,
  -0.64278761 0.76604444 0,-0.64278761 0.76604444 0,
  -0.34202014 0.93969262 0,-0.34202014 0.93969262 0,
  -0.34202014 0.93969262 0,-0.34202014 0.93969262 0,
  -0.34202014 0.93969262 0,-0.34202014 0.93969262 0,
  0 1 0,0 1 0,
  0 1 0,0 1 0,
  0 1 0,0 1 0,
  0.34202014 0.93969262 0,0.34202014 0.93969262 0,
  0.34202014 0.93969262 0,0.34202014 0.93969262 0,
  0.34202014 0.93969262 0,0.34202014 0.93969262 0,
  0.64278761 0.76604444 0,0.64278761 0.76604444 0,
  0.64278761 0.76604444 0,0.64278761 0.76604444 0,
  0.64278761 0.76604444 0,0.64278761 0.76604444 0,
  0.8660254 0.5 0,0.8660254 0.5 0,
  0.8660254 0.5 0,0.8660254 0.5 0,
  0.8660254 0.5 0,0.8660254 0.5 0,
  0.98480775 0.17364818 0,0.98480775 0.17364818 0,
  0.98480775 0.17364818 0,0.98480775 0.17364818 0,
  0.98480775 0.17364818 0,0.98480775 0.17364818 0,
  0.98480775 -0.17364818 0,0.98480775 -0.17364818 0,
  0.98480775 -0.17364818 0,0.98480775 -0.17364818 0,
  0.98480775 -0.17364818 0,0.98480775 -0.17364818 0,
  0.8660254 -0.5 0,0.8660254 -0.5 0,
  0.8660254 -0.5 0,0.8660254 -0.5 0,
  0.8660254 -0.5 0,0.8660254 -0.5 0,
  0.64278761 -0.76604444 0,0.64278761 -0.76604444 0,
  0.64278761 -0.76604444 0,0.64278761 -0.76604444 0,
  0.64278761 -0.76604444 0,0.64278761 -0.76604444 0,
  0.34202014 -0.93969262 0,0.34202014 -0.93969262 0,
  0.34202014 -0.93969262 0,0.34202014 -0.93969262 0,
  0.34202014 -0.93969262 0,0.34202014 -0.93969262 0,
  0 -1 0,0 -1 0,
  0 -1 0,0 -1 0,
  0 -1 0,0 -1 0,
  -0.34202014 -0.93969262 0,-0.34202014 -0.93969262 0,
  -0.34202014 -0.93969262 0,-0.34202014 -0.93969262 0,
  -0.34202014 -0.93969262 0,-0.34202014 -0.93969262 0,
  -0.64278761 -0.76604444 0,-0.64278761 -0.76604444 0,
  -0.64278761 -0.76604444 0,-0.64278761 -0.76604444 0,
  -0.64278761 -0.76604444 0,-0.64278761 -0.76604444 0,
  -0.8660254 -0.5 0,-0.8660254 -0.5 0,
  -0.8660254 -0.5 0,-0.8660254 -0.5 0,
  -0.8660254 -0.5 0,-0.8660254 -0.5 0,
  -0.98480775 -0.17364818 0,-0.98480775 -0.17364818 0,
  -0.98480775 -0.17364818 0,-0.98480775 -0.17364818 0,
  -0.98480775 -0.17364818 0,-0.98480775 -0.17364818 0,
  0.98480775 -0.17364818 0,0.98480775 -0.17364818 0,
  0.98480775 -0.17364818 0,0.98480775 -0.17364818 0,
  0.98480775 -0.17364818 0,0.98480775 -0.17364818 0,
  0.8660254 -0.5 0,0.8660254 -0.5 0,
  0.8660254 -0.5 0,0.8660254 -0.5 0,
  0.8660254 -0.5 0,0.8660254 -0.5 0,
  0.64278761 -0.76604444 0,0.64278761 -0.76604444 0,
  0.64278761 -0.76604444 0,0.64278761 -0.76604444 0,
  0.64278761 -0.76604444 0,0.64278761 -0.76604444 0,
  0.34202014 -0.93969262 0,0.34202014 -0.93969262 0,
  0.34202014 -0.93969262 0,0.34202014 -0.93969262 0,
  0.34202014 -0.93969262 0,0.34202014 -0.93969262 0,
  0 -1 0,0 -1 0,
  0 -1 0,0 -1 0,
  0 -1 0,0 -1 0,
  -0.34202014 -0.93969262 0,-0.34202014 -0.93969262 0,
  -0.34202014 -0.93969262 0,-0.34202014 -0.93969262 0,
  -0.34202014 -0.93969262 0,-0.34202014 -0.93969262 0,
  -0.64278761 -0.76604444 0,-0.64278761 -0.76604444 0,
  -0.64278761 -0.76604444 0,-0.64278761 -0.76604444 0,
  -0.64278761 -0.76604444 0,-0.64278761 -0.76604444 0,
  -0.8660254 -0.5 0,-0.8660254 -0.5 0,
  -0.8660254 -0.5 0,-0.8660254 -0.5 0,
  -0.8660254 -0.5 0,-0.8660254 -0.5 0,
  -0.98480775 -0.17364818 0,-0.98480775 -0.17364818 0,
  -0.98480775 -0.17364818 0,-0.98480775 -0.17364818 0,
  -0.98480775 -0.17364818 0,-0.98480775 -0.17364818 0,
  -0.98480775 0.17364818 0,-0.98480775 0.17364818 0,
  -0.98480775 0.17364818 0,-0.98480775 0.17364818 0,
  -0.98480775 0.17364818 0,-0.98480775 0.17364818 0,
  -0.8660254 0.5 0,-0.8660254 0.5 0,
  -0.8660254 0.5 0,-0.8660254 0.5 0,
  -0.8660254 0.5 0,-0.8660254 0.5 0,
  -0.64278761 0.76604444 0,-0.64278761 0.76604444 0,
  -0.64278761 0.76604444 0,-0.64278761 0.76604444 0,
  -0.64278761 0.76604444 0,-0.64278761 0.76604444 0,
  -0.34202014 0.93969262 0,-0.34202014 0.93969262 0,
  -0.34202014 0.93969262 0,-0.34202014 0.93969262 0,
  -0.34202014 0.93969262 0,-0.34202014 0.93969262 0,
  0 1 0,0 1 0,
  0 1 0,0 1 0,
  0 1 0,0 1 0,
  0.34202014 0.93969262 0,0.34202014 0.93969262 0,
  0.34202014 0.93969262 0,0.34202014 0.93969262 0,
  0.34202014 0.93969262 0,0.34202014 0.93969262 0,
  0.64278761 0.76604444 0,0.64278761 0.76604444 0,
  0.64278761 0.76604444 0,0.64278761 0.76604444 0,
  0.64278761 0.76604444 0,0.64278761 0.76604444 0,
  0.8660254 0.5 0,0.8660254 0.5 0,
  0.8660254 0.5 0,0.8660254 0.5 0,
  0.8660254 0.5 0,0.8660254 0.5 0,
  0.98480775 0.17364818 0,0.98480775 0.17364818 0,
  0.98480775 0.17364818 0,0.98480775 0.17364818 0,
  0.98480775 0.17364818 0,0.98480775 0.17364818 0,
  0.98480775 -0.17364818 0,0.98480775 -0.17364818 0,
  0.98480775 -0.17364818 0,0.98480775 -0.17364818 0,
  0.98480775 -0.17364818 0,0.98480775 -0.17364818 0,
  0.8660254 -0.5 0,0.8660254 -0.5 0,
  0.8660254 -0.5 0,0.8660254 -0.5 0,
  0.8660254 -0.5 0,0.8660254 -0.5 0,
  0.64278761 -0.76604444 0,0.64278761 -0.76604444 0,
  0.64278761 -0.76604444 0,0.64278761 -0.76604444 0,
  0.64278761 -0.76604444 0,0.64278761 -0.76604444 0,
  0.34202014 -0.93969262 0,0.34202014 -0.93969262 0,
  0.34202014 -0.93969262 0,0.34202014 -0.93969262 0,
  0.34202014 -0.93969262 0,0.34202014 -0.93969262 0,
  0 -1 0,0 -1 0,
  0 -1 0,0 -1 0,
  0 -1 0,0 -1 0,
  -0.34202014 -0.93969262 0,-0.34202014 -0.93969262 0,
  -0.34202014 -0.93969262 0,-0.34202014 -0.93969262 0,
  -0.34202014 -0.93969262 0,-0.34202014 -0.93969262 0,
  -0.64278761 -0.76604444 0,-0.64278761 -0.76604444 0,
  -0.64278761 -0.76604444 0,-0.64278761 -0.76604444 0,
  -0.64278761 -0.76604444 0,-0.64278761 -0.76604444 0,
  -0.8660254 -0.5 0,-0.8660254 -0.5 0,
  -0.8660254 -0.5 0,-0.8660254 -0.5 0,
  -0.8660254 -0.5 0,-0.8660254 -0.5 0,
  -0.98480775 -0.17364818 0,-0.98480775 -0.17364818 0,
  -0.98480775 -0.17364818 0,-0.98480775 -0.17364818 0,
  -0.98480775 -0.17364818 0,-0.98480775 -0.17364818 0,
  -0.98480775 0.17364818 0,-0.98480775 0.17364818 0,
  -0.98480775 0.17364818 0,-0.98480775 0.17364818 0,
  -0.98480775 0.17364818 0,-0.98480775 0.17364818 0,
  -0.8660254 0.5 0,-0.8660254 0.5 0,
  -0.8660254 0.5 0,-0.8660254 0.5 0,
  -0.8660254 0.5 0,-0.8660254 0.5 0,
  -0.64278761 0.76604444 0,-0.64278761 0.76604444 0,
  -0.64278761 0.76604444 0,-0.64278761 0.76604444 0,
  -0.64278761 0.76604444 0,-0.64278761 0.76604444 0,
  -0.34202014 0.93969262 0,-0.34202014 0.93969262 0,
  -0.34202014 0.93969262 0,-0.34202014 0.93969262 0,
  -0.34202014 0.93969262 0,-0.34202014 0.93969262 0,
  0 1 0,0 1 0,
  0 1 0,0 1 0,
  0 1 0,0 1 0,
  0.34202014 0.93969262 0,0.34202014 0.93969262 0,
  0.34202014 0.93969262 0,0.34202014 0.93969262 0,
  0.34202014 0.93969262 0,0.34202014 0.93969262 0,
  0.64278761 0.76604444 0,0.64278761 0.76604444 0,
  0.64278761 0.76604444 0,0.64278761 0.76604444 0,
  0.64278761 0.76604444 0,0.64278761 0.76604444 0,
  0.8660254 0.5 0,0.8660254 0.5 0,
  0.8660254 0.5 0,0.8660254 0.5 0,
  0.8660254 0.5 0,0.8660254 0.5 0,
  0.98480775 0.17364818 0,0.98480775 0.17364818 0,
  0.98480775 0.17364818 0,0.98480775 0.17364818 0,
  0.98480775 0.17364818 0,0.98480775 0.17364818 0] }
}
}
] }
DEF TXFM_24 Transform {
  center 0 0 0
  rotation 0 0 1 0
  scale 1 1 1
  scaleOrientation 0 0 1 0
  translation 0 0 0
 children [
DEF SHAPE_313 Shape {
 appearance DEF APP_11 Appearance {
  material Material {
   ambientIntensity 1
   diffuseColor 0.75 0.61000001 0.23
   emissiveColor 0 0 0
   shininess 0.89999998
   specularColor 0.89999998 0.84399998 0.69199997
   transparency 0
} }
 geometry DEF FACE_313 IndexedFaceSet {
  coord DEF COORD_313 Coordinate { point [
  50.767717 -48.32874 0.31496063,50.763221 -48.306141 0.31496063,
  50.75042 -48.286982 0.31496063,50.731261 -48.27418 0.31496063,
  50.708661 -48.269685 0.31496063,50.059055 -48.269685 0.31496063,
  50.036456 -48.27418 0.31496063,50.017297 -48.286982 0.31496063,
  50.004495 -48.306141 0.31496063,50 -48.32874 0.31496063,
  50 -48.44685 0.31496063,50.004495 -48.46945 0.31496063,
  50.017297 -48.488609 0.31496063,50.036456 -48.50141 0.31496063,
  50.059055 -48.505906 0.31496063,50.708661 -48.505906 0.31496063,
  50.731261 -48.50141 0.31496063,50.75042 -48.488609 0.31496063,
  50.763221 -48.46945 0.31496063,50.767717 -48.44685 0.31496063,
  56.555118 -48.32874 0.31496063,56.550623 -48.306141 0.31496063,
  56.537821 -48.286982 0.31496063,56.518663 -48.27418 0.31496063,
  56.496063 -48.269685 0.31496063,55.846457 -48.269685 0.31496063,
  55.823857 -48.27418 0.31496063,55.804698 -48.286982 0.31496063,
  55.791897 -48.306141 0.31496063,55.787402 -48.32874 0.31496063,
  55.787402 -48.44685 0.31496063,55.791897 -48.46945 0.31496063,
  55.804698 -48.488609 0.31496063,55.823857 -48.50141 0.31496063,
  55.846457 -48.505906 0.31496063,56.496063 -48.505906 0.31496063,
  56.518663 -48.50141 0.31496063,56.537821 -48.488609 0.31496063,
  56.550623 -48.46945 0.31496063,56.555118 -48.44685 0.31496063,
  50.767717 -47.82874 0.31496063,50.763221 -47.806141 0.31496063,
  50.75042 -47.786982 0.31496063,50.731261 -47.77418 0.31496063,
  50.708661 -47.769685 0.31496063,50.059055 -47.769685 0.31496063,
  50.036456 -47.77418 0.31496063,50.017297 -47.786982 0.31496063,
  50.004495 -47.806141 0.31496063,50 -47.82874 0.31496063,
  50 -47.94685 0.31496063,50.004495 -47.96945 0.31496063,
  50.017297 -47.988609 0.31496063,50.036456 -48.00141 0.31496063,
  50.059055 -48.005906 0.31496063,50.708661 -48.005906 0.31496063,
  50.731261 -48.00141 0.31496063,50.75042 -47.988609 0.31496063,
  50.763221 -47.96945 0.31496063,50.767717 -47.94685 0.31496063,
  56.555118 -47.82874 0.31496063,56.550623 -47.806141 0.31496063,
  56.537821 -47.786982 0.31496063,56.518663 -47.77418 0.31496063,
  56.496063 -47.769685 0.31496063,55.846457 -47.769685 0.31496063,
  55.823857 -47.77418 0.31496063,55.804698 -47.786982 0.31496063,
  55.791897 -47.806141 0.31496063,55.787402 -47.82874 0.31496063,
  55.787402 -47.94685 0.31496063,55.791897 -47.96945 0.31496063,
  55.804698 -47.988609 0.31496063,55.823857 -48.00141 0.31496063,
  55.846457 -48.005906 0.31496063,56.496063 -48.005906 0.31496063,
  56.518663 -48.00141 0.31496063,56.537821 -47.988609 0.31496063,
  56.550623 -47.96945 0.31496063,56.555118 -47.94685 0.31496063,
  50.767717 -47.358268 0.31496063,50.767717 -47.32874 0.31496063,
  50.763221 -47.306141 0.31496063,50.75042 -47.286982 0.31496063,
  50.731261 -47.27418 0.31496063,50.708661 -47.269685 0.31496063,
  50.059055 -47.269685 0.31496063,50.036456 -47.27418 0.31496063,
  50.017297 -47.286982 0.31496063,50.004495 -47.306141 0.31496063,
  50 -47.32874 0.31496063,50 -47.44685 0.31496063,
  50.004495 -47.46945 0.31496063,50.017297 -47.488609 0.31496063,
  50.036456 -47.50141 0.31496063,50.059055 -47.505906 0.31496063,
  50.708661 -47.505906 0.31496063,50.731261 -47.50141 0.31496063,
  50.75042 -47.488609 0.31496063,50.763221 -47.46945 0.31496063,
  50.767717 -47.44685 0.31496063,50.767717 -47.417323 0.31496063,
  50.959646 -47.417323 0.31496063,50.965407 -47.416756 0.31496063,
  50.976051 -47.412346 0.31496063,50.980525 -47.408674 0.31496063,
  51.162822 -47.226378 0.31496063,55.392296 -47.226378 0.31496063,
  55.574593 -47.408674 0.31496063,55.579068 -47.412347 0.31496063,
  55.585303 -47.414929 0.31496063,55.589711 -47.416756 0.31496063,
  55.595472 -47.417323 0.31496063,55.787402 -47.417323 0.31496063,
  55.787402 -47.44685 0.31496063,55.791897 -47.46945 0.31496063,
  55.804698 -47.488609 0.31496063,55.823857 -47.50141 0.31496063,
  55.846457 -47.505906 0.31496063,56.496063 -47.505906 0.31496063,
  56.518663 -47.50141 0.31496063,56.537821 -47.488609 0.31496063,
  56.550623 -47.46945 0.31496063,56.555118 -47.44685 0.31496063,
  56.555118 -47.32874 0.31496063,56.550623 -47.306141 0.31496063,
  56.537821 -47.286982 0.31496063,56.518663 -47.27418 0.31496063,
  56.496063 -47.269685 0.31496063,55.846457 -47.269685 0.31496063,
  55.823857 -47.27418 0.31496063,55.804698 -47.286982 0.31496063,
  55.791897 -47.306141 0.31496063,55.787402 -47.32874 0.31496063,
  55.787402 -47.358268 0.31496063,55.607703 -47.358268 0.31496063,
  55.425406 -47.175971 0.31496063,55.420932 -47.172299 0.31496063,
  55.416647 -47.170524 0.31496063,55.410288 -47.16789 0.31496063,
  55.404527 -47.167323 0.31496063,51.150591 -47.167323 0.31496063,
  51.14483 -47.16789 0.31496063,51.140422 -47.169716 0.31496063,
  51.134187 -47.172299 0.31496063,51.129712 -47.175971 0.31496063,
  50.947415 -47.358268 0.31496063,50.767717 -46.858268 0.31496063,
  50.767717 -46.82874 0.31496063,50.763221 -46.806141 0.31496063,
  50.75042 -46.786982 0.31496063,50.731261 -46.77418 0.31496063,
  50.708661 -46.769685 0.31496063,50.059055 -46.769685 0.31496063,
  50.036456 -46.77418 0.31496063,50.017297 -46.786982 0.31496063,
  50.004495 -46.806141 0.31496063,50 -46.82874 0.31496063,
  50 -46.94685 0.31496063,50.004495 -46.96945 0.31496063,
  50.017297 -46.988609 0.31496063,50.036456 -47.00141 0.31496063,
  50.059055 -47.005906 0.31496063,50.708661 -47.005906 0.31496063,
  50.731261 -47.00141 0.31496063,50.75042 -46.988609 0.31496063,
  50.763221 -46.96945 0.31496063,50.767717 -46.94685 0.31496063,
  50.767717 -46.917323 0.31496063,50.947415 -46.917323 0.31496063,
  51.129712 -47.099619 0.31496063,51.134187 -47.103292 0.31496063,
  51.140422 -47.105874 0.31496063,51.14483 -47.1077 0.31496063,
  51.150591 -47.108268 0.31496063,55.404527 -47.108268 0.31496063,
  55.410288 -47.1077 0.31496063,55.420932 -47.103291 0.31496063,
  55.425406 -47.099619 0.31496063,55.607703 -46.917323 0.31496063,
  55.787402 -46.917323 0.31496063,55.787402 -46.94685 0.31496063,
  55.791897 -46.96945 0.31496063,55.804698 -46.988609 0.31496063,
  55.823857 -47.00141 0.31496063,55.846457 -47.005906 0.31496063,
  56.496063 -47.005906 0.31496063,56.518663 -47.00141 0.31496063,
  56.537821 -46.988609 0.31496063,56.550623 -46.96945 0.31496063,
  56.555118 -46.94685 0.31496063,56.555118 -46.82874 0.31496063,
  56.550623 -46.806141 0.31496063,56.537821 -46.786982 0.31496063,
  56.518663 -46.77418 0.31496063,56.496063 -46.769685 0.31496063,
  55.846457 -46.769685 0.31496063,55.823857 -46.77418 0.31496063,
  55.804698 -46.786982 0.31496063,55.791897 -46.806141 0.31496063,
  55.787402 -46.82874 0.31496063,55.787402 -46.858268 0.31496063,
  55.595472 -46.858268 0.31496063,55.589711 -46.858835 0.31496063,
  55.585802 -46.860454 0.31496063,55.579068 -46.863244 0.31496063,
  55.574593 -46.866916 0.31496063,55.392296 -47.049213 0.31496063,
  51.162822 -47.049213 0.31496063,50.980525 -46.866916 0.31496063,
  50.976051 -46.863244 0.31496063,50.969316 -46.860454 0.31496063,
  50.965407 -46.858835 0.31496063,50.959646 -46.858268 0.31496063,
  48.818898 -47.82874 0.31496063,48.814402 -47.806141 0.31496063,
  48.801601 -47.786982 0.31496063,48.782442 -47.77418 0.31496063,
  48.759843 -47.769685 0.31496063,48.110236 -47.769685 0.31496063,
  48.087637 -47.77418 0.31496063,48.068478 -47.786982 0.31496063,
  48.055676 -47.806141 0.31496063,48.051181 -47.82874 0.31496063,
  48.051181 -47.94685 0.31496063,48.055676 -47.96945 0.31496063,
  48.068478 -47.988609 0.31496063,48.087637 -48.00141 0.31496063,
  48.110236 -48.005906 0.31496063,48.759843 -48.005906 0.31496063,
  48.782442 -48.00141 0.31496063,48.801601 -47.988609 0.31496063,
  48.814402 -47.96945 0.31496063,48.818898 -47.94685 0.31496063,
  48.051181 -47.352362 0.31496063,41.726298 -47.352362 0.31496063,
  41.713682 -47.288939 0.31496063,41.688135 -47.227261 0.31496063,
  41.651045 -47.171752 0.31496063,41.603839 -47.124546 0.31496063,
  41.54833 -47.087456 0.31496063,41.486652 -47.061908 0.31496063,
  41.421175 -47.048884 0.31496063,41.354415 -47.048884 0.31496063,
  41.288939 -47.061908 0.31496063,41.227261 -47.087456 0.31496063,
  41.171752 -47.124546 0.31496063,41.124546 -47.171752 0.31496063,
  41.087456 -47.227261 0.31496063,41.061908 -47.288939 0.31496063,
  41.048884 -47.354415 0.31496063,41.048884 -47.421175 0.31496063,
  41.061908 -47.486652 0.31496063,41.087456 -47.54833 0.31496063,
  41.124546 -47.603839 0.31496063,41.171752 -47.651045 0.31496063,
  41.227261 -47.688135 0.31496063,41.288939 -47.713682 0.31496063,
  41.354415 -47.726707 0.31496063,41.421175 -47.726707 0.31496063,
  41.486652 -47.713682 0.31496063,41.54833 -47.688135 0.31496063,
  41.603839 -47.651045 0.31496063,41.651045 -47.603839 0.31496063,
  41.688135 -47.54833 0.31496063,41.713682 -47.486652 0.31496063,
  41.726298 -47.423228 0.31496063,48.051181 -47.423228 0.31496063,
  48.051181 -47.44685 0.31496063,48.055676 -47.46945 0.31496063,
  48.068478 -47.488609 0.31496063,48.087637 -47.50141 0.31496063,
  48.110236 -47.505906 0.31496063,48.759843 -47.505906 0.31496063,
  48.782442 -47.50141 0.31496063,48.801601 -47.488609 0.31496063,
  48.814402 -47.46945 0.31496063,48.818898 -47.44685 0.31496063,
  48.818898 -47.32874 0.31496063,48.814402 -47.306141 0.31496063,
  48.801601 -47.286982 0.31496063,48.782442 -47.27418 0.31496063,
  48.759843 -47.269685 0.31496063,48.110236 -47.269685 0.31496063,
  48.087637 -47.27418 0.31496063,48.068478 -47.286982 0.31496063,
  48.055676 -47.306141 0.31496063,48.051181 -47.32874 0.31496063,
  58.021654 -48.505906 0.31496063,58.021654 -48.702756 0.31496063,
  57.769435 -48.702756 0.31496063,57.769429 -48.702756 0.31496063,
  57.754925 -48.701614 0.31496063,57.754923 -48.701614 0.31496063,
  57.692837 -48.683576 0.31496063,57.692836 -48.683576 0.31496063,
  57.637184 -48.650663 0.31496063,57.63718 -48.650661 0.31496063,
  57.591465 -48.604945 0.31496063,57.591462 -48.604942 0.31496063,
  57.55855 -48.549291 0.31496063,57.540511 -48.487199 0.31496063,
  57.540435 -48.486221 0.31496063,57.540435 -48.48622 0.31496063,
  57.751922 -48.48622 0.31496063,57.753517 -48.488609 0.31496063,
  57.772676 -48.50141 0.31496063,57.795276 -48.505906 0.31496063,
  58.218504 -48.702756 0.31496063,58.218504 -48.505906 0.31496063,
  58.444882 -48.505906 0.31496063,58.467481 -48.50141 0.31496063,
  58.48664 -48.488609 0.31496063,58.488236 -48.48622 0.31496063,
  58.699722 -48.48622 0.31496063,58.699722 -48.486221 0.31496063,
  58.699646 -48.487199 0.31496063,58.681607 -48.549291 0.31496063,
  58.648695 -48.604942 0.31496063,58.648692 -48.604945 0.31496063,
  58.602977 -48.650661 0.31496063,58.602973 -48.650663 0.31496063,
  58.547321 -48.683576 0.31496063,58.54732 -48.683576 0.31496063,
  58.485234 -48.701614 0.31496063,58.485232 -48.701614 0.31496063,
  58.470728 -48.702756 0.31496063,58.470722 -48.702756 0.31496063,
  58.690944 -45.295287 0.31496063,58.690944 -45.314961 0.31496063,
  58.494094 -45.314961 0.31496063,58.486602 -45.277295 0.31496063,
  58.465267 -45.245363 0.31496063,58.433335 -45.224028 0.31496063,
  58.395669 -45.216535 0.31496063,58.307087 -45.216535 0.31496063,
  58.307087 -45.019685 0.31496063,58.415349 -45.019685 0.31496063,
  58.455783 -45.023816 0.31496063,58.455786 -45.023817 0.31496063,
  58.521307 -45.045528 0.31496063,58.521309 -45.045529 0.31496063,
  58.580057 -45.081765 0.31496063,58.628864 -45.130572 0.31496063,
  58.665101 -45.189321 0.31496063,58.665102 -45.189323 0.31496063,
  58.686813 -45.254843 0.31496063,58.690944 -45.295281 0.31496063,
  58.267717 -44.92126 0.31496063,58.264155 -44.941458 0.31496063,
  58.2539 -44.95922 0.31496063,58.238189 -44.972403 0.31496063,
  58.218916 -44.979418 0.31496063,58.198407 -44.979418 0.31496063,
  58.179134 -44.972403 0.31496063,58.163423 -44.95922 0.31496063,
  58.153168 -44.941458 0.31496063,58.149606 -44.92126 0.31496063,
  58.153168 -44.901062 0.31496063,58.163423 -44.8833 0.31496063,
  58.179134 -44.870117 0.31496063,58.198407 -44.863102 0.31496063,
  58.218916 -44.863102 0.31496063,58.238189 -44.870117 0.31496063,
  58.2539 -44.8833 0.31496063,58.264155 -44.901062 0.31496063,
  58.578168 -45.82805 0.31496063,58.578875 -45.828836 0.31496063,
  58.58018 -45.829641 0.31496063,58.62902 -45.878482 0.31496063,
  58.665281 -45.93727 0.31496063,58.687007 -46.002836 0.31496063,
  58.691141 -46.043304 0.31496063,58.691142 -46.279531 0.31496063,
  58.687007 -46.319999 0.31496063,58.665281 -46.385565 0.31496063,
  58.62902 -46.444353 0.31496063,58.58018 -46.493194 0.31496063,
  58.551281 -46.511018 0.31496063,58.538854 -46.52199 0.31496063,
  58.528364 -46.547419 0.31496063,58.533287 -46.574483 0.31496063,
  58.552059 -46.594588 0.31496063,58.553963 -46.595714 0.31496063,
  58.603095 -46.62477 0.31496063,58.603098 -46.624773 0.31496063,
  58.648849 -46.670523 0.31496063,58.64885 -46.670525 0.31496063,
  58.648851 -46.670526 0.31496063,58.681789 -46.726221 0.31496063,
  58.699842 -46.788359 0.31496063,58.700984 -46.802876 0.31496063,
  58.700984 -46.972714 0.31496063,58.699842 -46.987232 0.31496063,
  58.681789 -47.049369 0.31496063,58.665753 -47.076485 0.31496063,
  58.662701 -47.081645 0.31496063,58.6564 -47.099548 0.31496063,
  58.660315 -47.126776 0.31496063,58.678328 -47.147565 0.31496063,
  58.704722 -47.155315 0.31496063,64.49502 -47.155315 0.31496063,
  64.51963 -47.148658 0.31496063,64.538518 -47.128659 0.31496063,
  64.550047 -47.106032 0.31496063,64.591215 -47.049369 0.31496063,
  64.599785 -47.037574 0.31496063,64.599786 -47.037573 0.31496063,
  64.599786 -47.037572 0.31496063,64.65962 -46.977739 0.31496063,
  64.65962 -46.977739 0.31496063,64.659621 -46.977738 0.31496063,
  64.689021 -46.956377 0.31496063,64.728079 -46.928 0.31496063,
  64.803476 -46.889583 0.31496063,64.803477 -46.889583 0.31496063,
  64.883953 -46.863435 0.31496063,64.883954 -46.863435 0.31496063,
  64.939673 -46.854609 0.31496063,64.967533 -46.850197 0.31496063,
  65.052152 -46.850197 0.31496063,65.080011 -46.854609 0.31496063,
  65.135731 -46.863435 0.31496063,65.216207 -46.889583 0.31496063,
  65.216209 -46.889583 0.31496063,65.291606 -46.928 0.31496063,
  65.360064 -46.977738 0.31496063,65.4199 -47.037574 0.31496063,
  65.469638 -47.106032 0.31496063,65.477141 -47.120758 0.31496063,
  65.508054 -47.181429 0.31496063,65.508055 -47.18143 0.31496063,
  65.534203 -47.261906 0.31496063,65.534203 -47.261906 0.31496063,
  65.534203 -47.261907 0.31496063,65.547441 -47.345485 0.31496063,
  65.547441 -47.430105 0.31496063,65.534203 -47.513683 0.31496063,
  65.508054 -47.594161 0.31496063,65.469638 -47.669558 0.31496063,
  65.4199 -47.738017 0.31496063,65.360064 -47.797852 0.31496063,
  65.291606 -47.847591 0.31496063,65.216209 -47.886007 0.31496063,
  65.216207 -47.886007 0.31496063,65.135732 -47.912156 0.31496063,
  65.135731 -47.912156 0.31496063,65.13573 -47.912156 0.31496063,
  65.052152 -47.925394 0.31496063,65.052152 -47.925394 0.31496063,
  64.967533 -47.925394 0.31496063,64.967533 -47.925394 0.31496063,
  64.883955 -47.912156 0.31496063,64.878541 -47.910397 0.31496063,
  64.803477 -47.886007 0.31496063,64.803476 -47.886007 0.31496063,
  64.765059 -47.866433 0.31496063,64.72808 -47.847591 0.31496063,
  64.659621 -47.797852 0.31496063,64.599785 -47.738017 0.31496063,
  64.550047 -47.669558 0.31496063,64.538518 -47.646931 0.31496063,
  64.521413 -47.628026 0.31496063,64.49502 -47.620276 0.31496063,
  58.704722 -47.620276 0.31496063,58.686104 -47.623965 0.31496063,
  58.664661 -47.641194 0.31496063,58.655936 -47.667282 0.31496063,
  58.662701 -47.693945 0.31496063,58.681789 -47.726221 0.31496063,
  58.699842 -47.788359 0.31496063,58.700984 -47.802876 0.31496063,
  58.700984 -47.972714 0.31496063,58.699842 -47.987232 0.31496063,
  58.681789 -48.049369 0.31496063,58.648851 -48.105065 0.31496063,
  58.648849 -48.105066 0.31496063,58.646969 -48.107491 0.31496063,
  58.647581 -48.107965 0.31496063,58.639271 -48.120898 0.31496063,
  58.637324 -48.148337 0.31496063,58.647782 -48.167466 0.31496063,
  58.646811 -48.16822 0.31496063,58.648695 -48.170648 0.31496063,
  58.681607 -48.2263 0.31496063,58.699646 -48.288391 0.31496063,
  58.699722 -48.289369 0.31496063,58.699722 -48.28937 0.31496063,
  58.488236 -48.28937 0.31496063,58.48664 -48.286982 0.31496063,
  58.467481 -48.27418 0.31496063,58.444882 -48.269685 0.31496063,
  57.795276 -48.269685 0.31496063,57.772676 -48.27418 0.31496063,
  57.753517 -48.286982 0.31496063,57.751922 -48.28937 0.31496063,
  57.540435 -48.28937 0.31496063,57.540435 -48.289369 0.31496063,
  57.540511 -48.288391 0.31496063,57.55855 -48.2263 0.31496063,
  57.591462 -48.170649 0.31496063,57.593345 -48.168222 0.31496063,
  57.592705 -48.167725 0.31496063,57.600876 -48.154995 0.31496063,
  57.602839 -48.127557 0.31496063,57.592271 -48.108205 0.31496063,
  57.59319 -48.107493 0.31496063,57.591306 -48.105064 0.31496063,
  57.558368 -48.049369 0.31496063,57.558368 -48.049367 0.31496063,
  57.540316 -47.987233 0.31496063,57.540315 -47.987231 0.31496063,
  57.539173 -47.972717 0.31496063,57.539173 -47.802873 0.31496063,
  57.540315 -47.788359 0.31496063,57.540316 -47.788357 0.31496063,
  57.558368 -47.726223 0.31496063,57.558368 -47.726222 0.31496063,
  57.591306 -47.670526 0.31496063,57.59319 -47.668098 0.31496063,
  57.592547 -47.6676 0.31496063,57.600737 -47.654856 0.31496063,
  57.6027 -47.627418 0.31496063,57.592227 -47.608239 0.31496063,
  57.59319 -47.607493 0.31496063,57.591306 -47.605064 0.31496063,
  57.558368 -47.549369 0.31496063,57.558368 -47.549367 0.31496063,
  57.540316 -47.487233 0.31496063,57.540315 -47.487231 0.31496063,
  57.539173 -47.472717 0.31496063,57.539173 -47.302873 0.31496063,
  57.540315 -47.288359 0.31496063,57.540316 -47.288357 0.31496063,
  57.558368 -47.226223 0.31496063,57.558368 -47.226222 0.31496063,
  57.591306 -47.170526 0.31496063,57.59319 -47.168098 0.31496063,
  57.592547 -47.1676 0.31496063,57.600737 -47.154856 0.31496063,
  57.6027 -47.127418 0.31496063,57.592227 -47.108239 0.31496063,
  57.59319 -47.107493 0.31496063,57.591306 -47.105064 0.31496063,
  57.558368 -47.049369 0.31496063,57.558368 -47.049367 0.31496063,
  57.540316 -46.987233 0.31496063,57.540315 -46.987231 0.31496063,
  57.539173 -46.972717 0.31496063,57.539173 -46.802873 0.31496063,
  57.540315 -46.788359 0.31496063,57.540316 -46.788357 0.31496063,
  57.558368 -46.726223 0.31496063,57.558368 -46.726222 0.31496063,
  57.591306 -46.670526 0.31496063,57.591308 -46.670523 0.31496063,
  57.639233 -46.622599 0.31496063,57.638505 -46.621872 0.31496063,
  57.650317 -46.606413 0.31496063,57.653293 -46.579066 0.31496063,
  57.641012 -46.554452 0.31496063,57.617373 -46.540385 0.31496063,
  57.589883 -46.54133 0.31496063,57.560156 -46.551181 0.31496063,
  57.541851 -46.55305 0.31496063,57.519693 -46.555314 0.31496063,
  57.519691 -46.555314 0.31496063,57.519688 -46.555315 0.31496063,
  57.106296 -46.555315 0.31496063,57.065828 -46.551181 0.31496063,
  57.000262 -46.529454 0.31496063,56.941474 -46.493194 0.31496063,
  56.915644 -46.467364 0.31496063,56.91439 -46.466154 0.31496063,
  56.889792 -46.453841 0.31496063,56.862442 -46.456781 0.31496063,
  56.843896 -46.464463 0.31496063,56.78301 -46.476574 0.31496063,
  56.783009 -46.476575 0.31496063,56.720928 -46.476575 0.31496063,
  56.720928 -46.476575 0.31496063,56.720926 -46.476574 0.31496063,
  56.660041 -46.464463 0.31496063,56.641756 -46.45689 0.31496063,
  56.602688 -46.440707 0.31496063,56.602683 -46.440705 0.31496063,
  56.551067 -46.406216 0.31496063,56.551066 -46.406215 0.31496063,
  56.50717 -46.36232 0.31496063,56.507169 -46.362318 0.31496063,
  56.472681 -46.310703 0.31496063,56.472678 -46.310698 0.31496063,
  56.448923 -46.253347 0.31496063,56.448922 -46.253342 0.31496063,
  56.436811 -46.192459 0.31496063,56.436811 -46.130375 0.31496063,
  56.448922 -46.069492 0.31496063,56.448923 -46.069487 0.31496063,
  56.472678 -46.012137 0.31496063,56.472681 -46.012131 0.31496063,
  56.507169 -45.960516 0.31496063,56.50717 -45.960515 0.31496063,
  56.551066 -45.916619 0.31496063,56.551067 -45.916618 0.31496063,
  56.602683 -45.88213 0.31496063,56.602688 -45.882127 0.31496063,
  56.660039 -45.858372 0.31496063,56.660043 -45.85837 0.31496063,
  56.720927 -45.84626 0.31496063,56.720928 -45.84626 0.31496063,
  56.783009 -45.84626 0.31496063,56.78301 -45.84626 0.31496063,
  56.843893 -45.85837 0.31496063,56.843895 -45.858371 0.31496063,
  56.843896 -45.858371 0.31496063,56.862443 -45.866053 0.31496063,
  56.864063 -45.866691 0.31496063,56.8915 -45.868654 0.31496063,
  56.915644 -45.85547 0.31496063,56.941473 -45.829641 0.31496063,
  56.941476 -45.829639 0.31496063,56.94278 -45.828835 0.31496063,
  56.95463 -45.818567 0.31496063,56.965591 -45.793338 0.31496063,
  56.961174 -45.766187 0.31496063,56.943772 -45.746841 0.31496063,
  56.943828 -45.746771 0.31496063,56.943417 -45.746446 0.31496063,
  56.942778 -45.745735 0.31496063,56.941598 -45.745007 0.31496063,
  56.941596 -45.745006 0.31496063,56.892789 -45.696199 0.31496063,
  56.856552 -45.63745 0.31496063,56.856552 -45.637448 0.31496063,
  56.83484 -45.571928 0.31496063,56.830709 -45.531491 0.31496063,
  56.830709 -45.511811 0.31496063,57.027559 -45.511811 0.31496063,
  57.035051 -45.549477 0.31496063,57.056387 -45.581408 0.31496063,
  57.088319 -45.602744 0.31496063,57.125984 -45.610236 0.31496063,
  57.5 -45.610236 0.31496063,57.537666 -45.602744 0.31496063,
  57.569597 -45.581408 0.31496063,57.590933 -45.549477 0.31496063,
  57.598425 -45.511811 0.31496063,57.923228 -45.511811 0.31496063,
  57.93072 -45.549477 0.31496063,57.952056 -45.581408 0.31496063,
  57.983988 -45.602744 0.31496063,58.021654 -45.610236 0.31496063,
  58.395669 -45.610236 0.31496063,58.433335 -45.602744 0.31496063,
  58.465267 -45.581408 0.31496063,58.486602 -45.549477 0.31496063,
  58.494094 -45.511811 0.31496063,58.690945 -45.511811 0.31496063,
  58.690945 -45.531485 0.31496063,58.690944 -45.531491 0.31496063,
  58.686813 -45.571925 0.31496063,58.686813 -45.571928 0.31496063,
  58.665102 -45.637448 0.31496063,58.665101 -45.63745 0.31496063,
  58.628864 -45.696199 0.31496063,58.580056 -45.745007 0.31496063,
  58.578877 -45.745734 0.31496063,58.567024 -45.756005 0.31496063,
  58.556062 -45.781234 0.31496063,58.56048 -45.808385 0.31496063,
  58.577978 -45.827839 0.31496063,58.577948 -45.827877 0.31496063,
  58.503937 -47.352362 0.31496063,58.503937 -47.32874 0.31496063,
  58.499442 -47.306141 0.31496063,58.48664 -47.286982 0.31496063,
  58.467481 -47.27418 0.31496063,58.444882 -47.269685 0.31496063,
  57.795276 -47.269685 0.31496063,57.772676 -47.27418 0.31496063,
  57.753517 -47.286982 0.31496063,57.740716 -47.306141 0.31496063,
  57.73622 -47.32874 0.31496063,57.73622 -47.44685 0.31496063,
  57.740716 -47.46945 0.31496063,57.753517 -47.488609 0.31496063,
  57.772676 -47.50141 0.31496063,57.795276 -47.505906 0.31496063,
  58.444882 -47.505906 0.31496063,58.467481 -47.50141 0.31496063,
  58.48664 -47.488609 0.31496063,58.499442 -47.46945 0.31496063,
  58.503937 -47.44685 0.31496063,58.503937 -47.423228 0.31496063,
  64.671339 -47.423228 0.31496063,64.683956 -47.486652 0.31496063,
  64.709503 -47.54833 0.31496063,64.746593 -47.603839 0.31496063,
  64.793799 -47.651045 0.31496063,64.849308 -47.688135 0.31496063,
  64.910986 -47.713682 0.31496063,64.976463 -47.726707 0.31496063,
  65.043222 -47.726707 0.31496063,65.108699 -47.713682 0.31496063,
  65.170377 -47.688135 0.31496063,65.225886 -47.651045 0.31496063,
  65.273092 -47.603839 0.31496063,65.310182 -47.54833 0.31496063,
  65.33573 -47.486652 0.31496063,65.348754 -47.421175 0.31496063,
  65.348754 -47.354415 0.31496063,65.33573 -47.288939 0.31496063,
  65.310182 -47.227261 0.31496063,65.273092 -47.171752 0.31496063,
  65.225886 -47.124546 0.31496063,65.170377 -47.087456 0.31496063,
  65.108699 -47.061908 0.31496063,65.043222 -47.048884 0.31496063,
  64.976463 -47.048884 0.31496063,64.910986 -47.061908 0.31496063,
  64.849308 -47.087456 0.31496063,64.793799 -47.124546 0.31496063,
  64.746593 -47.171752 0.31496063,64.709503 -47.227261 0.31496063,
  64.683956 -47.288939 0.31496063,64.671339 -47.352362 0.31496063,
  57.411417 -45.216535 0.31496063,57.411417 -45.019685 0.31496063,
  57.51968 -45.019685 0.31496063,57.560114 -45.023816 0.31496063,
  57.560117 -45.023817 0.31496063,57.625637 -45.045528 0.31496063,
  57.625639 -45.045529 0.31496063,57.684388 -45.081765 0.31496063,
  57.726307 -45.123684 0.31496063,57.743766 -45.134905 0.31496063,
  57.771204 -45.136867 0.31496063,57.795347 -45.123684 0.31496063,
  57.837265 -45.081765 0.31496063,57.896014 -45.045529 0.31496063,
  57.896016 -45.045528 0.31496063,57.961536 -45.023817 0.31496063,
  58.001973 -45.019685 0.31496063,58.00198 -45.019685 0.31496063,
  58.110236 -45.019685 0.31496063,58.110236 -45.216535 0.31496063,
  58.021654 -45.216535 0.31496063,57.983988 -45.224028 0.31496063,
  57.952056 -45.245363 0.31496063,57.93072 -45.277295 0.31496063,
  57.923228 -45.314961 0.31496063,57.598425 -45.314961 0.31496063,
  57.590933 -45.277295 0.31496063,57.569597 -45.245363 0.31496063,
  57.537666 -45.224028 0.31496063,57.5 -45.216535 0.31496063,
  57.214567 -45.019685 0.31496063,57.214567 -45.216535 0.31496063,
  57.125984 -45.216535 0.31496063,57.088319 -45.224028 0.31496063,
  57.056387 -45.245363 0.31496063,57.035051 -45.277295 0.31496063,
  57.027559 -45.314961 0.31496063,56.830709 -45.314961 0.31496063,
  56.830709 -45.295281 0.31496063,56.83484 -45.254846 0.31496063,
  56.83484 -45.254843 0.31496063,56.856552 -45.189323 0.31496063,
  56.856552 -45.189321 0.31496063,56.892789 -45.130572 0.31496063,
  56.941596 -45.081765 0.31496063,57.000344 -45.045529 0.31496063,
  57.000346 -45.045528 0.31496063,57.065867 -45.023817 0.31496063,
  57.106304 -45.019685 0.31496063,57.106311 -45.019685 0.31496063,
  58.503937 -47.82874 0.31496063,58.499442 -47.806141 0.31496063,
  58.48664 -47.786982 0.31496063,58.467481 -47.77418 0.31496063,
  58.444882 -47.769685 0.31496063,57.795276 -47.769685 0.31496063,
  57.772676 -47.77418 0.31496063,57.753517 -47.786982 0.31496063,
  57.740716 -47.806141 0.31496063,57.73622 -47.82874 0.31496063,
  57.73622 -47.94685 0.31496063,57.740716 -47.96945 0.31496063,
  57.753517 -47.988609 0.31496063,57.772676 -48.00141 0.31496063,
  57.795276 -48.005906 0.31496063,58.444882 -48.005906 0.31496063,
  58.467481 -48.00141 0.31496063,58.48664 -47.988609 0.31496063,
  58.499442 -47.96945 0.31496063,58.503937 -47.94685 0.31496063,
  53.966535 -41.958661 0.31496063,53.962974 -41.978859 0.31496063,
  53.952719 -41.996621 0.31496063,53.937008 -42.009805 0.31496063,
  53.917735 -42.016819 0.31496063,53.897226 -42.016819 0.31496063,
  53.877953 -42.009805 0.31496063,53.862241 -41.996621 0.31496063,
  53.851987 -41.978859 0.31496063,53.848425 -41.958661 0.31496063,
  53.851987 -41.938463 0.31496063,53.862241 -41.920702 0.31496063,
  53.877953 -41.907518 0.31496063,53.897226 -41.900503 0.31496063,
  53.917735 -41.900503 0.31496063,53.937008 -41.907518 0.31496063,
  53.952719 -41.920702 0.31496063,53.962974 -41.938463 0.31496063,
  53.509843 -42.712598 0.31496063,53.509843 -42.298093 0.31496063,
  53.512363 -42.274656 0.31496063,53.512363 -42.274654 0.31496063,
  53.532144 -42.221619 0.31496063,53.532145 -42.221617 0.31496063,
  53.566067 -42.176304 0.31496063,53.566068 -42.176303 0.31496063,
  53.61138 -42.142381 0.31496063,53.611383 -42.14238 0.31496063,
  53.664417 -42.1226 0.31496063,53.66442 -42.122599 0.31496063,
  53.687856 -42.120079 0.31496063,53.805118 -42.120079 0.31496063,
  53.805118 -42.316929 0.31496063,53.706693 -42.316929 0.31496063,
  53.706693 -42.712598 0.31496063,48.336614 -48.505906 0.31496063,
  48.336614 -48.702756 0.31496063,48.084396 -48.702756 0.31496063,
  48.08439 -48.702756 0.31496063,48.069886 -48.701614 0.31496063,
  48.069883 -48.701614 0.31496063,48.007798 -48.683576 0.31496063,
  48.007796 -48.683576 0.31496063,47.952144 -48.650663 0.31496063,
  47.952141 -48.650661 0.31496063,47.906426 -48.604945 0.31496063,
  47.906423 -48.604942 0.31496063,47.873511 -48.549291 0.31496063,
  47.855472 -48.487199 0.31496063,47.855395 -48.486221 0.31496063,
  47.855396 -48.48622 0.31496063,48.066882 -48.48622 0.31496063,
  48.068478 -48.488609 0.31496063,48.087637 -48.50141 0.31496063,
  48.110236 -48.505906 0.31496063,48.533465 -48.702756 0.31496063,
  48.533465 -48.505906 0.31496063,48.759843 -48.505906 0.31496063,
  48.782442 -48.50141 0.31496063,48.801601 -48.488609 0.31496063,
  48.803196 -48.48622 0.31496063,49.014683 -48.48622 0.31496063,
  49.014683 -48.486221 0.31496063,49.014606 -48.487199 0.31496063,
  48.996567 -48.549291 0.31496063,48.963656 -48.604942 0.31496063,
  48.963653 -48.604945 0.31496063,48.917937 -48.650661 0.31496063,
  48.917934 -48.650663 0.31496063,48.862282 -48.683576 0.31496063,
  48.862281 -48.683576 0.31496063,48.800195 -48.701614 0.31496063,
  48.800193 -48.701614 0.31496063,48.785689 -48.702756 0.31496063,
  48.785683 -48.702756 0.31496063,49.291339 -45.19685 0.31496063,
  49.291339 -45 0.31496063,49.399601 -45 0.31496063,
  49.440035 -45.004131 0.31496063,49.440038 -45.004131 0.31496063,
  49.505559 -45.025843 0.31496063,49.505561 -45.025844 0.31496063,
  49.564309 -45.06208 0.31496063,49.613116 -45.110887 0.31496063,
  49.649353 -45.169636 0.31496063,49.649354 -45.169638 0.31496063,
  49.671065 -45.235158 0.31496063,49.675196 -45.275596 0.31496063,
  49.675196 -45.275602 0.31496063,49.675196 -45.295276 0.31496063,
  49.478346 -45.295276 0.31496063,49.470854 -45.25761 0.31496063,
  49.449519 -45.225678 0.31496063,49.417587 -45.204343 0.31496063,
  49.379921 -45.19685 0.31496063,48.385827 -44.891732 0.31496063,
  48.382265 -44.91193 0.31496063,48.37201 -44.929692 0.31496063,
  48.356299 -44.942876 0.31496063,48.337026 -44.94989 0.31496063,
  48.316517 -44.94989 0.31496063,48.297244 -44.942876 0.31496063,
  48.281533 -44.929692 0.31496063,48.271278 -44.91193 0.31496063,
  48.267717 -44.891732 0.31496063,48.271278 -44.871534 0.31496063,
  48.281533 -44.853772 0.31496063,48.297244 -44.840589 0.31496063,
  48.316517 -44.833574 0.31496063,48.337026 -44.833574 0.31496063,
  48.356299 -44.840589 0.31496063,48.37201 -44.853772 0.31496063,
  48.382265 -44.871534 0.31496063,48.425197 -45.206693 0.31496063,
  48.425197 -45.009843 0.31496063,48.533459 -45.009843 0.31496063,
  48.573894 -45.013974 0.31496063,48.573896 -45.013974 0.31496063,
  48.639417 -45.035685 0.31496063,48.639419 -45.035686 0.31496063,
  48.698167 -45.071923 0.31496063,48.720401 -45.094156 0.31496063,
  48.73786 -45.105377 0.31496063,48.765298 -45.10734 0.31496063,
  48.789441 -45.094157 0.31496063,48.821517 -45.06208 0.31496063,
  48.880266 -45.025844 0.31496063,48.880268 -45.025843 0.31496063,
  48.945788 -45.004131 0.31496063,48.986225 -45 0.31496063,
  48.986232 -45 0.31496063,49.094488 -45 0.31496063,
  49.094488 -45.19685 0.31496063,49.005906 -45.19685 0.31496063,
  48.96824 -45.204343 0.31496063,48.936308 -45.225678 0.31496063,
  48.914972 -45.25761 0.31496063,48.90748 -45.295276 0.31496063,
  48.689513 -45.295276 0.31496063,48.689465 -45.295281 0.31496063,
  48.679135 -45.296391 0.31496063,48.663154 -45.305118 0.31496063,
  48.612205 -45.305118 0.31496063,48.604713 -45.267452 0.31496063,
  48.583377 -45.235521 0.31496063,48.551445 -45.214185 0.31496063,
  48.51378 -45.206693 0.31496063,39.537205 -39.488386 0.31496063,
  39.516925 -39.492798 0.31496063,39.496136 -39.510811 0.31496063,
  39.488386 -39.537205 0.31496063,39.488386 -42.298093 0.31496063,
  39.488386 -43.323954 0.31496063,39.488386 -43.601234 0.31496063,
  39.488386 -45.285438 0.31496063,39.488386 -47.345486 0.31496063,
  39.488386 -48.486221 0.31496063,39.488386 -58.887992 0.31496063,
  39.492798 -58.908272 0.31496063,39.510811 -58.929061 0.31496063,
  39.537205 -58.936811 0.31496063,66.762008 -58.936811 0.31496063,
  66.782288 -58.932399 0.31496063,66.803077 -58.914385 0.31496063,
  66.810827 -58.887992 0.31496063,66.810827 -39.537205 0.31496063,
  66.806415 -39.516925 0.31496063,66.788401 -39.496136 0.31496063,
  66.762008 -39.488386 0.31496063,50.734525 -46.572638 0.31496063,
  50.734528 -46.572638 0.31496063,50.749042 -46.57378 0.31496063,
  50.749044 -46.57378 0.31496063,50.811178 -46.591832 0.31496063,
  50.81118 -46.591833 0.31496063,50.81118 -46.591833 0.31496063,
  50.81118 -46.591833 0.31496063,50.817742 -46.595714 0.31496063,
  50.863203 -46.622599 0.31496063,50.866876 -46.624771 0.31496063,
  50.889028 -46.646923 0.31496063,50.897153 -46.65347 0.31496063,
  50.923546 -46.66122 0.31496063,50.989475 -46.66122 0.31496063,
  50.989475 -46.66122 0.31496063,51.018288 -46.668941 0.31496063,
  51.047101 -46.676661 0.31496063,51.072933 -46.691576 0.31496063,
  51.098766 -46.70649 0.31496063,51.098767 -46.706491 0.31496063,
  51.230143 -46.837867 0.31496063,51.238269 -46.844415 0.31496063,
  51.264663 -46.852165 0.31496063,55.290456 -46.852165 0.31496063,
  55.300833 -46.85105 0.31496063,55.324976 -46.837867 0.31496063,
  55.456351 -46.706491 0.31496063,55.456352 -46.70649 0.31496063,
  55.508017 -46.676661 0.31496063,55.565643 -46.66122 0.31496063,
  55.631572 -46.66122 0.31496063,55.641949 -46.660105 0.31496063,
  55.666091 -46.646922 0.31496063,55.677167 -46.635846 0.31496063,
  55.688241 -46.624772 0.31496063,55.688243 -46.62477 0.31496063,
  55.743938 -46.591833 0.31496063,55.743939 -46.591832 0.31496063,
  55.806073 -46.57378 0.31496063,55.806076 -46.57378 0.31496063,
  55.82059 -46.572638 0.31496063,55.820593 -46.572638 0.31496063,
  56.521927 -46.572638 0.31496063,56.52193 -46.572638 0.31496063,
  56.536444 -46.57378 0.31496063,56.536446 -46.57378 0.31496063,
  56.59858 -46.591832 0.31496063,56.598581 -46.591833 0.31496063,
  56.598581 -46.591833 0.31496063,56.598582 -46.591833 0.31496063,
  56.605144 -46.595714 0.31496063,56.654276 -46.62477 0.31496063,
  56.65428 -46.624773 0.31496063,56.70003 -46.670523 0.31496063,
  56.700031 -46.670525 0.31496063,56.700032 -46.670526 0.31496063,
  56.73297 -46.726221 0.31496063,56.751023 -46.788359 0.31496063,
  56.752165 -46.802876 0.31496063,56.752165 -46.972714 0.31496063,
  56.751023 -46.987232 0.31496063,56.73297 -47.049369 0.31496063,
  56.700032 -47.105065 0.31496063,56.70003 -47.105067 0.31496063,
  56.698149 -47.107493 0.31496063,56.698795 -47.107994 0.31496063,
  56.690592 -47.120758 0.31496063,56.688644 -47.148197 0.31496063,
  56.699114 -47.167349 0.31496063,56.698149 -47.168098 0.31496063,
  56.700031 -47.170524 0.31496063,56.700032 -47.170526 0.31496063,
  56.73297 -47.226221 0.31496063,56.73297 -47.226222 0.31496063,
  56.73297 -47.226223 0.31496063,56.743338 -47.261907 0.31496063,
  56.751023 -47.288359 0.31496063,56.752165 -47.302876 0.31496063,
  56.752165 -47.472714 0.31496063,56.751023 -47.487232 0.31496063,
  56.73297 -47.549369 0.31496063,56.700032 -47.605065 0.31496063,
  56.70003 -47.605067 0.31496063,56.698149 -47.607493 0.31496063,
  56.698795 -47.607994 0.31496063,56.690592 -47.620758 0.31496063,
  56.688644 -47.648197 0.31496063,56.699114 -47.667349 0.31496063,
  56.698149 -47.668098 0.31496063,56.700031 -47.670524 0.31496063,
  56.700032 -47.670526 0.31496063,56.73297 -47.726221 0.31496063,
  56.751023 -47.788359 0.31496063,56.752165 -47.802876 0.31496063,
  56.752165 -47.972714 0.31496063,56.751023 -47.987232 0.31496063,
  56.73297 -48.049369 0.31496063,56.700032 -48.105065 0.31496063,
  56.70003 -48.105067 0.31496063,56.698149 -48.107493 0.31496063,
  56.698795 -48.107994 0.31496063,56.690592 -48.120758 0.31496063,
  56.688644 -48.148197 0.31496063,56.699114 -48.167349 0.31496063,
  56.698149 -48.168098 0.31496063,56.700031 -48.170524 0.31496063,
  56.700032 -48.170526 0.31496063,56.73297 -48.226221 0.31496063,
  56.751023 -48.288359 0.31496063,56.752165 -48.302876 0.31496063,
  56.752165 -48.472714 0.31496063,56.751102 -48.486221 0.31496063,
  56.751023 -48.487232 0.31496063,56.73297 -48.549369 0.31496063,
  56.700032 -48.605065 0.31496063,56.654278 -48.650819 0.31496063,
  56.598582 -48.683757 0.31496063,56.552831 -48.697049 0.31496063,
  56.536446 -48.70181 0.31496063,56.536445 -48.70181 0.31496063,
  56.536444 -48.70181 0.31496063,56.521927 -48.702953 0.31496063,
  56.521924 -48.702953 0.31496063,55.820596 -48.702953 0.31496063,
  55.820593 -48.702953 0.31496063,55.806075 -48.70181 0.31496063,
  55.806074 -48.70181 0.31496063,55.806073 -48.70181 0.31496063,
  55.760324 -48.688518 0.31496063,55.743938 -48.683757 0.31496063,
  55.688242 -48.650819 0.31496063,55.688241 -48.650819 0.31496063,
  55.68824 -48.650817 0.31496063,55.642489 -48.605067 0.31496063,
  55.642487 -48.605064 0.31496063,55.609549 -48.549369 0.31496063,
  55.609549 -48.549367 0.31496063,55.591497 -48.487233 0.31496063,
  55.591496 -48.487231 0.31496063,55.590354 -48.472717 0.31496063,
  55.590354 -48.302873 0.31496063,55.591496 -48.288359 0.31496063,
  55.591497 -48.288357 0.31496063,55.609549 -48.226223 0.31496063,
  55.609549 -48.226222 0.31496063,55.642487 -48.170526 0.31496063,
  55.644371 -48.168098 0.31496063,55.643728 -48.1676 0.31496063,
  55.651919 -48.154856 0.31496063,55.653881 -48.127418 0.31496063,
  55.643408 -48.108239 0.31496063,55.644371 -48.107493 0.31496063,
  55.642487 -48.105064 0.31496063,55.609549 -48.049369 0.31496063,
  55.609549 -48.049367 0.31496063,55.591497 -47.987233 0.31496063,
  55.591496 -47.987231 0.31496063,55.590354 -47.972717 0.31496063,
  55.590354 -47.802873 0.31496063,55.591496 -47.788359 0.31496063,
  55.591497 -47.788357 0.31496063,55.609549 -47.726223 0.31496063,
  55.609549 -47.726222 0.31496063,55.63213 -47.68804 0.31496063,
  55.638431 -47.670137 0.31496063,55.634517 -47.642909 0.31496063,
  55.616503 -47.62212 0.31496063,55.590109 -47.61437 0.31496063,
  55.565643 -47.61437 0.31496063,55.508017 -47.59893 0.31496063,
  55.456352 -47.5691 0.31496063,55.414167 -47.526915 0.31496063,
  55.324976 -47.437724 0.31496063,55.316849 -47.431175 0.31496063,
  55.290456 -47.423425 0.31496063,51.264663 -47.423425 0.31496063,
  51.254285 -47.424541 0.31496063,51.230143 -47.437724 0.31496063,
  51.098766 -47.5691 0.31496063,51.047101 -47.59893 0.31496063,
  50.989475 -47.61437 0.31496063,50.989474 -47.61437 0.31496063,
  50.965009 -47.61437 0.31496063,50.946391 -47.618059 0.31496063,
  50.924948 -47.635289 0.31496063,50.916223 -47.661377 0.31496063,
  50.922988 -47.68804 0.31496063,50.945569 -47.726221 0.31496063,
  50.963621 -47.788359 0.31496063,50.964764 -47.802876 0.31496063,
  50.964764 -47.972714 0.31496063,50.963621 -47.987232 0.31496063,
  50.945569 -48.049369 0.31496063,50.91263 -48.105065 0.31496063,
  50.912628 -48.105067 0.31496063,50.910747 -48.107493 0.31496063,
  50.911394 -48.107994 0.31496063,50.903191 -48.120758 0.31496063,
  50.901242 -48.148197 0.31496063,50.911713 -48.167349 0.31496063,
  50.910747 -48.168098 0.31496063,50.912629 -48.170524 0.31496063,
  50.91263 -48.170526 0.31496063,50.945569 -48.226221 0.31496063,
  50.963621 -48.288359 0.31496063,50.964764 -48.302876 0.31496063,
  50.964764 -48.472714 0.31496063,50.963621 -48.487232 0.31496063,
  50.945569 -48.549369 0.31496063,50.91263 -48.605065 0.31496063,
  50.866876 -48.650819 0.31496063,50.81118 -48.683757 0.31496063,
  50.76543 -48.697049 0.31496063,50.749044 -48.70181 0.31496063,
  50.749044 -48.70181 0.31496063,50.749043 -48.70181 0.31496063,
  50.734525 -48.702953 0.31496063,50.734522 -48.702953 0.31496063,
  50.033194 -48.702953 0.31496063,50.033191 -48.702953 0.31496063,
  50.018674 -48.70181 0.31496063,50.018673 -48.70181 0.31496063,
  50.018672 -48.70181 0.31496063,49.972923 -48.688518 0.31496063,
  49.956536 -48.683757 0.31496063,49.900841 -48.650819 0.31496063,
  49.90084 -48.650819 0.31496063,49.900838 -48.650817 0.31496063,
  49.855088 -48.605067 0.31496063,49.855085 -48.605064 0.31496063,
  49.822148 -48.549369 0.31496063,49.822147 -48.549367 0.31496063,
  49.804095 -48.487233 0.31496063,49.804095 -48.487231 0.31496063,
  49.802953 -48.472717 0.31496063,49.802953 -48.302873 0.31496063,
  49.804095 -48.288359 0.31496063,49.804095 -48.288357 0.31496063,
  49.822147 -48.226223 0.31496063,49.822148 -48.226222 0.31496063,
  49.855085 -48.170526 0.31496063,49.856969 -48.168098 0.31496063,
  49.856326 -48.1676 0.31496063,49.864517 -48.154856 0.31496063,
  49.866479 -48.127418 0.31496063,49.856006 -48.108239 0.31496063,
  49.856969 -48.107493 0.31496063,49.855085 -48.105064 0.31496063,
  49.822148 -48.049369 0.31496063,49.822147 -48.049367 0.31496063,
  49.804095 -47.987233 0.31496063,49.804095 -47.987231 0.31496063,
  49.802953 -47.972717 0.31496063,49.802953 -47.802873 0.31496063,
  49.804095 -47.788359 0.31496063,49.804095 -47.788357 0.31496063,
  49.822147 -47.726223 0.31496063,49.822148 -47.726222 0.31496063,
  49.855085 -47.670526 0.31496063,49.856969 -47.668098 0.31496063,
  49.856326 -47.6676 0.31496063,49.864517 -47.654856 0.31496063,
  49.866479 -47.627418 0.31496063,49.856006 -47.608239 0.31496063,
  49.856969 -47.607493 0.31496063,49.855085 -47.605064 0.31496063,
  49.822148 -47.549369 0.31496063,49.822147 -47.549367 0.31496063,
  49.804095 -47.487233 0.31496063,49.804095 -47.487231 0.31496063,
  49.802953 -47.472717 0.31496063,49.802953 -47.302873 0.31496063,
  49.804095 -47.288359 0.31496063,49.804095 -47.288357 0.31496063,
  49.822147 -47.226223 0.31496063,49.822148 -47.226222 0.31496063,
  49.855085 -47.170526 0.31496063,49.856969 -47.168098 0.31496063,
  49.856326 -47.1676 0.31496063,49.864517 -47.154856 0.31496063,
  49.866479 -47.127418 0.31496063,49.856006 -47.108239 0.31496063,
  49.856969 -47.107493 0.31496063,49.855085 -47.105064 0.31496063,
  49.822148 -47.049369 0.31496063,49.822147 -47.049367 0.31496063,
  49.804095 -46.987233 0.31496063,49.804095 -46.987231 0.31496063,
  49.802953 -46.972717 0.31496063,49.802953 -46.802873 0.31496063,
  49.804095 -46.788359 0.31496063,49.804095 -46.788357 0.31496063,
  49.822147 -46.726223 0.31496063,49.822148 -46.726222 0.31496063,
  49.855085 -46.670526 0.31496063,49.855088 -46.670523 0.31496063,
  49.900838 -46.624773 0.31496063,49.900841 -46.62477 0.31496063,
  49.956537 -46.591833 0.31496063,49.956538 -46.591832 0.31496063,
  50.018672 -46.57378 0.31496063,50.018674 -46.57378 0.31496063,
  50.033188 -46.572638 0.31496063,50.033191 -46.572638 0.31496063,
  53.509843 -43.323954 0.31496063,53.509843 -42.909449 0.31496063,
  53.706693 -42.909449 0.31496063,53.706693 -43.305118 0.31496063,
  53.805118 -43.305118 0.31496063,53.805118 -43.501969 0.31496063,
  53.687863 -43.501969 0.31496063,53.687856 -43.501968 0.31496063,
  53.66442 -43.499448 0.31496063,53.664417 -43.499447 0.31496063,
  53.611383 -43.479667 0.31496063,53.61138 -43.479665 0.31496063,
  53.566068 -43.445744 0.31496063,53.566067 -43.445743 0.31496063,
  53.532145 -43.40043 0.31496063,53.532144 -43.400428 0.31496063,
  53.512363 -43.347393 0.31496063,53.512363 -43.347391 0.31496063,
  54.297244 -42.712598 0.31496063,54.100394 -42.712598 0.31496063,
  54.100394 -42.316929 0.31496063,54.001969 -42.316929 0.31496063,
  54.001969 -42.120079 0.31496063,54.11923 -42.120079 0.31496063,
  54.142666 -42.122599 0.31496063,54.142669 -42.1226 0.31496063,
  54.195703 -42.14238 0.31496063,54.195706 -42.142381 0.31496063,
  54.241019 -42.176303 0.31496063,54.24102 -42.176304 0.31496063,
  54.274941 -42.221617 0.31496063,54.274943 -42.221619 0.31496063,
  54.294723 -42.274654 0.31496063,54.294724 -42.274656 0.31496063,
  54.297244 -42.298093 0.31496063,54.297244 -42.298099 0.31496063,
  54.297244 -42.909449 0.31496063,54.297244 -43.323948 0.31496063,
  54.297244 -43.323954 0.31496063,54.294724 -43.347391 0.31496063,
  54.294723 -43.347393 0.31496063,54.274943 -43.400428 0.31496063,
  54.274941 -43.40043 0.31496063,54.24102 -43.445743 0.31496063,
  54.241019 -43.445744 0.31496063,54.195706 -43.479665 0.31496063,
  54.195703 -43.479667 0.31496063,54.142669 -43.499447 0.31496063,
  54.142666 -43.499448 0.31496063,54.11923 -43.501968 0.31496063,
  54.119224 -43.501969 0.31496063,54.001969 -43.501969 0.31496063,
  54.001969 -43.305118 0.31496063,54.100394 -43.305118 0.31496063,
  54.100394 -42.909449 0.31496063,53.195798 -43.445355 0.31496063,
  53.195801 -43.445357 0.31496063,53.241159 -43.479312 0.31496063,
  53.24116 -43.479313 0.31496063,53.275115 -43.524671 0.31496063,
  53.275116 -43.524672 0.31496063,53.275117 -43.524673 0.31496063,
  53.294918 -43.577763 0.31496063,53.297441 -43.601231 0.31496063,
  53.297441 -44.627115 0.31496063,53.294918 -44.650584 0.31496063,
  53.275117 -44.703674 0.31496063,53.24116 -44.749034 0.31496063,
  53.207291 -44.774388 0.31496063,53.200821 -44.7802 0.31496063,
  53.188508 -44.804798 0.31496063,53.191448 -44.832148 0.31496063,
  53.206589 -44.868702 0.31496063,53.20659 -44.868705 0.31496063,
  53.2187 -44.929588 0.31496063,53.218701 -44.929589 0.31496063,
  53.218701 -44.92959 0.31496063,53.218701 -44.99167 0.31496063,
  53.206589 -45.052558 0.31496063,53.182832 -45.109913 0.31496063,
  53.148342 -45.161531 0.31496063,53.104444 -45.205429 0.31496063,
  53.052826 -45.239919 0.31496063,53.052824 -45.23992 0.31496063,
  53.052824 -45.23992 0.31496063,53.031052 -45.248938 0.31496063,
  53.016795 -45.254843 0.31496063,52.995471 -45.263676 0.31496063,
  52.934585 -45.275787 0.31496063,52.934584 -45.275787 0.31496063,
  52.872503 -45.275787 0.31496063,52.872502 -45.275787 0.31496063,
  52.872501 -45.275787 0.31496063,52.871539 -45.275596 0.31496063,
  52.811615 -45.263676 0.31496063,52.811613 -45.263675 0.31496063,
  52.754263 -45.23992 0.31496063,52.754257 -45.239917 0.31496063,
  52.702642 -45.205429 0.31496063,52.702641 -45.205428 0.31496063,
  52.658745 -45.161532 0.31496063,52.658744 -45.161531 0.31496063,
  52.624256 -45.109915 0.31496063,52.624253 -45.10991 0.31496063,
  52.600498 -45.052559 0.31496063,52.600496 -45.052555 0.31496063,
  52.588386 -44.991672 0.31496063,52.588386 -44.929588 0.31496063,
  52.600496 -44.868705 0.31496063,52.600497 -44.868702 0.31496063,
  52.615638 -44.832148 0.31496063,52.618238 -44.823844 0.31496063,
  52.616276 -44.796406 0.31496063,52.599792 -44.774385 0.31496063,
  52.565927 -44.749034 0.31496063,52.559196 -44.740043 0.31496063,
  52.531971 -44.703675 0.31496063,52.531969 -44.703672 0.31496063,
  52.512169 -44.650584 0.31496063,52.509646 -44.627117 0.31496063,
  52.509646 -44.627114 0.31496063,52.509646 -43.601234 0.31496063,
  52.509646 -43.60123 0.31496063,52.509646 -43.601227 0.31496063,
  52.512169 -43.577763 0.31496063,52.531969 -43.524674 0.31496063,
  52.531971 -43.524671 0.31496063,52.565926 -43.479313 0.31496063,
  52.565927 -43.479312 0.31496063,52.611285 -43.445357 0.31496063,
  52.611288 -43.445355 0.31496063,52.664376 -43.425554 0.31496063,
  52.687844 -43.423032 0.31496063,52.687846 -43.423031 0.31496063,
  53.119238 -43.423031 0.31496063,53.119241 -43.423031 0.31496063,
  53.119244 -43.423031 0.31496063,53.119245 -43.423032 0.31496063,
  53.14271 -43.425554 0.31496063,53.142709 -43.425554 0.31496063,
  47.844488 -45.305118 0.31496063,47.844488 -45.285438 0.31496063,
  47.848619 -45.245004 0.31496063,47.84862 -45.245001 0.31496063,
  47.870331 -45.17948 0.31496063,47.870332 -45.179478 0.31496063,
  47.906569 -45.12073 0.31496063,47.955376 -45.071923 0.31496063,
  48.014124 -45.035686 0.31496063,48.014126 -45.035685 0.31496063,
  48.079646 -45.013974 0.31496063,48.120083 -45.009843 0.31496063,
  48.12009 -45.009843 0.31496063,48.228346 -45.009843 0.31496063,
  48.228346 -45.206693 0.31496063,48.139764 -45.206693 0.31496063,
  48.102098 -45.214185 0.31496063,48.070167 -45.235521 0.31496063,
  48.048831 -45.267452 0.31496063,48.041339 -45.305118 0.31496063,
  47.844291 -46.269685 0.31496063,47.844291 -46.033458 0.31496063,
  47.848425 -45.992994 0.31496063,47.848426 -45.992994 0.31496063,
  47.848426 -45.992993 0.31496063,47.859193 -45.9605 0.31496063,
  47.870152 -45.927428 0.31496063,47.870152 -45.927426 0.31496063,
  47.906413 -45.868639 0.31496063,47.955253 -45.819798 0.31496063,
  47.955256 -45.819796 0.31496063,47.956559 -45.818993 0.31496063,
  47.968409 -45.808725 0.31496063,47.979371 -45.783496 0.31496063,
  47.974953 -45.756345 0.31496063,47.957552 -45.736998 0.31496063,
  47.957607 -45.736928 0.31496063,47.957196 -45.736603 0.31496063,
  47.956557 -45.735893 0.31496063,47.955378 -45.735165 0.31496063,
  47.955376 -45.735164 0.31496063,47.906569 -45.686356 0.31496063,
  47.870332 -45.627608 0.31496063,47.870331 -45.627606 0.31496063,
  47.84862 -45.562085 0.31496063,47.844489 -45.521648 0.31496063,
  47.844489 -45.501969 0.31496063,48.041339 -45.501969 0.31496063,
  48.048831 -45.539634 0.31496063,48.070167 -45.571566 0.31496063,
  48.102098 -45.592902 0.31496063,48.139764 -45.600394 0.31496063,
  48.51378 -45.600394 0.31496063,48.551445 -45.592902 0.31496063,
  48.583377 -45.571566 0.31496063,48.604713 -45.539634 0.31496063,
  48.612205 -45.501969 0.31496063,48.830172 -45.501969 0.31496063,
  48.84055 -45.500853 0.31496063,48.856531 -45.492126 0.31496063,
  48.90748 -45.492126 0.31496063,48.914972 -45.529792 0.31496063,
  48.936308 -45.561723 0.31496063,48.96824 -45.583059 0.31496063,
  49.005906 -45.590551 0.31496063,49.379921 -45.590551 0.31496063,
  49.417587 -45.583059 0.31496063,49.449519 -45.561723 0.31496063,
  49.470854 -45.529792 0.31496063,49.478346 -45.492126 0.31496063,
  49.675197 -45.492126 0.31496063,49.675197 -45.5118 0.31496063,
  49.675196 -45.511806 0.31496063,49.671065 -45.55224 0.31496063,
  49.671065 -45.552243 0.31496063,49.649354 -45.617763 0.31496063,
  49.649353 -45.617765 0.31496063,49.613116 -45.676514 0.31496063,
  49.564308 -45.725322 0.31496063,49.563129 -45.726049 0.31496063,
  49.551276 -45.73632 0.31496063,49.540314 -45.761549 0.31496063,
  49.544731 -45.7887 0.31496063,49.56223 -45.808154 0.31496063,
  49.5622 -45.808192 0.31496063,49.56242 -45.808365 0.31496063,
  49.563127 -45.809151 0.31496063,49.564431 -45.809956 0.31496063,
  49.564432 -45.809956 0.31496063,49.584495 -45.83002 0.31496063,
  49.585748 -45.831229 0.31496063,49.610346 -45.843543 0.31496063,
  49.637696 -45.840603 0.31496063,49.642323 -45.838686 0.31496063,
  49.642325 -45.838685 0.31496063,49.703211 -45.826575 0.31496063,
  49.703212 -45.826575 0.31496063,49.765292 -45.826575 0.31496063,
  49.765293 -45.826575 0.31496063,49.826177 -45.838685 0.31496063,
  49.826181 -45.838687 0.31496063,49.883532 -45.862442 0.31496063,
  49.883537 -45.862444 0.31496063,49.935153 -45.896933 0.31496063,
  49.935154 -45.896934 0.31496063,49.97905 -45.94083 0.31496063,
  49.979051 -45.940831 0.31496063,50.013539 -45.992446 0.31496063,
  50.013542 -45.992452 0.31496063,50.037297 -46.049802 0.31496063,
  50.037298 -46.049804 0.31496063,50.041214 -46.069492 0.31496063,
  50.049409 -46.11069 0.31496063,50.049409 -46.110691 0.31496063,
  50.049409 -46.110692 0.31496063,50.049409 -46.130375 0.31496063,
  50.049409 -46.172772 0.31496063,50.037298 -46.23366 0.31496063,
  50.013541 -46.291015 0.31496063,49.979051 -46.342633 0.31496063,
  49.935153 -46.386531 0.31496063,49.883535 -46.421021 0.31496063,
  49.82618 -46.444778 0.31496063,49.765293 -46.456889 0.31496063,
  49.765293 -46.45689 0.31496063,49.703212 -46.45689 0.31496063,
  49.703211 -46.45689 0.31496063,49.70321 -46.456889 0.31496063,
  49.642327 -46.444779 0.31496063,49.642326 -46.444778 0.31496063,
  49.642324 -46.444778 0.31496063,49.637685 -46.442857 0.31496063,
  49.636075 -46.442223 0.31496063,49.608637 -46.440261 0.31496063,
  49.584496 -46.453444 0.31496063,49.564431 -46.473509 0.31496063,
  49.505643 -46.509769 0.31496063,49.440078 -46.531496 0.31496063,
  49.421772 -46.533365 0.31496063,49.399614 -46.535629 0.31496063,
  49.399613 -46.535629 0.31496063,49.399609 -46.53563 0.31496063,
  48.986217 -46.53563 0.31496063,48.945749 -46.531496 0.31496063,
  48.945749 -46.531495 0.31496063,48.943098 -46.531225 0.31496063,
  48.942992 -46.532258 0.31496063,48.922288 -46.533414 0.31496063,
  48.899715 -46.549134 0.31496063,48.889224 -46.574563 0.31496063,
  48.894147 -46.601627 0.31496063,48.912919 -46.621733 0.31496063,
  48.918057 -46.624771 0.31496063,48.918057 -46.624772 0.31496063,
  48.918059 -46.624773 0.31496063,48.963809 -46.670523 0.31496063,
  48.963811 -46.670525 0.31496063,48.963811 -46.670526 0.31496063,
  48.99675 -46.726221 0.31496063,49.014802 -46.788359 0.31496063,
  49.015944 -46.802873 0.31496063,49.015945 -46.802876 0.31496063,
  49.015945 -46.972714 0.31496063,49.014802 -46.987232 0.31496063,
  48.99675 -47.049369 0.31496063,48.963811 -47.105065 0.31496063,
  48.963809 -47.105067 0.31496063,48.961928 -47.107493 0.31496063,
  48.962575 -47.107994 0.31496063,48.954372 -47.120758 0.31496063,
  48.952423 -47.148197 0.31496063,48.962894 -47.167349 0.31496063,
  48.961928 -47.168098 0.31496063,48.96381 -47.170524 0.31496063,
  48.963811 -47.170526 0.31496063,48.99675 -47.226221 0.31496063,
  48.99675 -47.226222 0.31496063,48.99675 -47.226223 0.31496063,
  49.007117 -47.261907 0.31496063,49.014802 -47.288359 0.31496063,
  49.015945 -47.302876 0.31496063,49.015945 -47.472714 0.31496063,
  49.014802 -47.487232 0.31496063,48.99675 -47.549369 0.31496063,
  48.963811 -47.605065 0.31496063,48.963809 -47.605067 0.31496063,
  48.961928 -47.607493 0.31496063,48.962575 -47.607994 0.31496063,
  48.954372 -47.620758 0.31496063,48.952423 -47.648197 0.31496063,
  48.962894 -47.667349 0.31496063,48.961928 -47.668098 0.31496063,
  48.96381 -47.670524 0.31496063,48.963811 -47.670526 0.31496063,
  48.99675 -47.726221 0.31496063,49.014802 -47.788359 0.31496063,
  49.015945 -47.802876 0.31496063,49.015945 -47.972714 0.31496063,
  49.014802 -47.987232 0.31496063,48.99675 -48.049369 0.31496063,
  48.963811 -48.105065 0.31496063,48.96381 -48.105066 0.31496063,
  48.96193 -48.107491 0.31496063,48.962542 -48.107965 0.31496063,
  48.954232 -48.120898 0.31496063,48.952284 -48.148337 0.31496063,
  48.962743 -48.167466 0.31496063,48.961772 -48.16822 0.31496063,
  48.963656 -48.170648 0.31496063,48.996567 -48.2263 0.31496063,
  49.014606 -48.288391 0.31496063,49.014683 -48.289369 0.31496063,
  49.014683 -48.28937 0.31496063,48.803196 -48.28937 0.31496063,
  48.801601 -48.286982 0.31496063,48.782442 -48.27418 0.31496063,
  48.759843 -48.269685 0.31496063,48.110236 -48.269685 0.31496063,
  48.087637 -48.27418 0.31496063,48.068478 -48.286982 0.31496063,
  48.066882 -48.28937 0.31496063,47.855396 -48.28937 0.31496063,
  47.855395 -48.289369 0.31496063,47.855472 -48.288391 0.31496063,
  47.873511 -48.2263 0.31496063,47.906422 -48.170649 0.31496063,
  47.908306 -48.168222 0.31496063,47.907665 -48.167725 0.31496063,
  47.915837 -48.154995 0.31496063,47.917799 -48.127557 0.31496063,
  47.907232 -48.108205 0.31496063,47.90815 -48.107493 0.31496063,
  47.906267 -48.105064 0.31496063,47.873329 -48.049369 0.31496063,
  47.873328 -48.049367 0.31496063,47.855276 -47.987233 0.31496063,
  47.855276 -47.987231 0.31496063,47.854134 -47.972717 0.31496063,
  47.854134 -47.802873 0.31496063,47.855276 -47.788359 0.31496063,
  47.855276 -47.788357 0.31496063,47.873328 -47.726223 0.31496063,
  47.873329 -47.726222 0.31496063,47.892417 -47.693945 0.31496063,
  47.898719 -47.676042 0.31496063,47.894804 -47.648815 0.31496063,
  47.87679 -47.628026 0.31496063,47.850396 -47.620276 0.31496063,
  41.902618 -47.620276 0.31496063,41.878007 -47.626933 0.31496063,
  41.85912 -47.646931 0.31496063,41.847591 -47.669558 0.31496063,
  41.797852 -47.738017 0.31496063,41.738017 -47.797852 0.31496063,
  41.669558 -47.847591 0.31496063,41.594161 -47.886007 0.31496063,
  41.59416 -47.886007 0.31496063,41.513685 -47.912156 0.31496063,
  41.513684 -47.912156 0.31496063,41.513683 -47.912156 0.31496063,
  41.430105 -47.925394 0.31496063,41.430105 -47.925394 0.31496063,
  41.345486 -47.925394 0.31496063,41.345485 -47.925394 0.31496063,
  41.261907 -47.912156 0.31496063,41.256494 -47.910397 0.31496063,
  41.18143 -47.886007 0.31496063,41.181429 -47.886007 0.31496063,
  41.143012 -47.866433 0.31496063,41.106032 -47.847591 0.31496063,
  41.037574 -47.797852 0.31496063,40.977738 -47.738017 0.31496063,
  40.928 -47.669558 0.31496063,40.92684 -47.667282 0.31496063,
  40.889583 -47.594161 0.31496063,40.889583 -47.59416 0.31496063,
  40.863435 -47.513685 0.31496063,40.863435 -47.513683 0.31496063,
  40.850197 -47.430104 0.31496063,40.850197 -47.345486 0.31496063,
  40.863435 -47.261907 0.31496063,40.863435 -47.261906 0.31496063,
  40.889583 -47.18143 0.31496063,40.889583 -47.181429 0.31496063,
  40.928 -47.106032 0.31496063,40.969168 -47.049369 0.31496063,
  40.977738 -47.037574 0.31496063,40.977739 -47.037573 0.31496063,
  40.977739 -47.037572 0.31496063,41.037572 -46.977739 0.31496063,
  41.037573 -46.977739 0.31496063,41.037574 -46.977738 0.31496063,
  41.066974 -46.956377 0.31496063,41.106032 -46.928 0.31496063,
  41.181429 -46.889583 0.31496063,41.18143 -46.889583 0.31496063,
  41.261906 -46.863435 0.31496063,41.261907 -46.863435 0.31496063,
  41.317626 -46.854609 0.31496063,41.345485 -46.850197 0.31496063,
  41.430105 -46.850197 0.31496063,41.457964 -46.854609 0.31496063,
  41.513684 -46.863435 0.31496063,41.59416 -46.889583 0.31496063,
  41.594161 -46.889583 0.31496063,41.669558 -46.928 0.31496063,
  41.738017 -46.977738 0.31496063,41.797852 -47.037574 0.31496063,
  41.847591 -47.106032 0.31496063,41.855094 -47.120758 0.31496063,
  41.85912 -47.128659 0.31496063,41.876224 -47.147565 0.31496063,
  41.902618 -47.155315 0.31496063,47.850396 -47.155315 0.31496063,
  47.869014 -47.151626 0.31496063,47.890457 -47.134396 0.31496063,
  47.899182 -47.108308 0.31496063,47.892417 -47.081645 0.31496063,
  47.873329 -47.049369 0.31496063,47.873328 -47.049367 0.31496063,
  47.855276 -46.987233 0.31496063,47.855276 -46.987231 0.31496063,
  47.854134 -46.972717 0.31496063,47.854134 -46.802873 0.31496063,
  47.855276 -46.788359 0.31496063,47.855276 -46.788357 0.31496063,
  47.873328 -46.726223 0.31496063,47.873329 -46.726222 0.31496063,
  47.906267 -46.670526 0.31496063,47.906269 -46.670523 0.31496063,
  47.952019 -46.624773 0.31496063,47.952023 -46.62477 0.31496063,
  48.001155 -46.595714 0.31496063,48.013785 -46.584974 0.31496063,
  48.024746 -46.559745 0.31496063,48.020328 -46.532594 0.31496063,
  48.001932 -46.512143 0.31496063,47.955254 -46.483351 0.31496063,
  47.906413 -46.43451 0.31496063,47.870152 -46.375722 0.31496063,
  47.870152 -46.375721 0.31496063,47.848426 -46.310157 0.31496063,
  47.848425 -46.310156 0.31496063,47.844292 -46.269693 0.31496063,
  56.680068 -46.067714 0.31496063,56.658265 -46.089517 0.31496063,
  56.642849 -46.116219 0.31496063,56.634869 -46.146001 0.31496063,
  56.634869 -46.176834 0.31496063,56.642849 -46.206616 0.31496063,
  56.658265 -46.233318 0.31496063,56.680068 -46.25512 0.31496063,
  56.70677 -46.270537 0.31496063,56.736552 -46.278517 0.31496063,
  56.767385 -46.278517 0.31496063,56.797167 -46.270537 0.31496063,
  56.823869 -46.25512 0.31496063,56.845672 -46.233318 0.31496063,
  56.858771 -46.21063 0.31496063,57.027559 -46.21063 0.31496063,
  57.027559 -46.259843 0.31496063,57.035051 -46.297508 0.31496063,
  57.056387 -46.32944 0.31496063,57.088319 -46.350776 0.31496063,
  57.125984 -46.358268 0.31496063,57.5 -46.358268 0.31496063,
  57.537666 -46.350776 0.31496063,57.569597 -46.32944 0.31496063,
  57.590933 -46.297508 0.31496063,57.598425 -46.259843 0.31496063,
  57.598425 -46.21063 0.31496063,57.923228 -46.21063 0.31496063,
  57.923228 -46.259843 0.31496063,57.93072 -46.297508 0.31496063,
  57.952056 -46.32944 0.31496063,57.983988 -46.350776 0.31496063,
  58.021654 -46.358268 0.31496063,58.159449 -46.358268 0.31496063,
  58.159449 -46.769685 0.31496063,57.795276 -46.769685 0.31496063,
  57.772676 -46.77418 0.31496063,57.753517 -46.786982 0.31496063,
  57.740716 -46.806141 0.31496063,57.73622 -46.82874 0.31496063,
  57.73622 -46.94685 0.31496063,57.740716 -46.96945 0.31496063,
  57.753517 -46.988609 0.31496063,57.772676 -47.00141 0.31496063,
  57.795276 -47.005906 0.31496063,58.444882 -47.005906 0.31496063,
  58.467481 -47.00141 0.31496063,58.48664 -46.988609 0.31496063,
  58.499442 -46.96945 0.31496063,58.503937 -46.94685 0.31496063,
  58.503937 -46.82874 0.31496063,58.499442 -46.806141 0.31496063,
  58.48664 -46.786982 0.31496063,58.467481 -46.77418 0.31496063,
  58.444882 -46.769685 0.31496063,58.257874 -46.769685 0.31496063,
  58.257874 -46.358268 0.31496063,58.395669 -46.358268 0.31496063,
  58.433335 -46.350776 0.31496063,58.465267 -46.32944 0.31496063,
  58.486602 -46.297508 0.31496063,58.494094 -46.259843 0.31496063,
  58.494094 -46.062992 0.31496063,58.486602 -46.025326 0.31496063,
  58.465267 -45.993395 0.31496063,58.433335 -45.972059 0.31496063,
  58.395669 -45.964567 0.31496063,58.021654 -45.964567 0.31496063,
  57.983988 -45.972059 0.31496063,57.952056 -45.993395 0.31496063,
  57.93072 -46.025326 0.31496063,57.923228 -46.062992 0.31496063,
  57.923228 -46.112205 0.31496063,57.598425 -46.112205 0.31496063,
  57.598425 -46.062992 0.31496063,57.590933 -46.025326 0.31496063,
  57.569597 -45.993395 0.31496063,57.537666 -45.972059 0.31496063,
  57.5 -45.964567 0.31496063,57.125984 -45.964567 0.31496063,
  57.088319 -45.972059 0.31496063,57.056387 -45.993395 0.31496063,
  57.035051 -46.025326 0.31496063,57.027559 -46.062992 0.31496063,
  57.027559 -46.112205 0.31496063,56.858771 -46.112205 0.31496063,
  56.845672 -46.089517 0.31496063,56.823869 -46.067714 0.31496063,
  56.797167 -46.052298 0.31496063,56.767385 -46.044318 0.31496063,
  56.736552 -46.044318 0.31496063,56.70677 -46.052298 0.31496063,
  56.692913 -46.161417 0.31496063,56.696475 -46.141219 0.31496063,
  56.70673 -46.123457 0.31496063,56.722441 -46.110274 0.31496063,
  56.741714 -46.103259 0.31496063,56.762223 -46.103259 0.31496063,
  56.781496 -46.110274 0.31496063,56.797207 -46.123457 0.31496063,
  56.807462 -46.141219 0.31496063,56.811024 -46.161417 0.31496063,
  56.807462 -46.181615 0.31496063,56.797207 -46.199377 0.31496063,
  56.781496 -46.212561 0.31496063,56.762223 -46.219575 0.31496063,
  56.741714 -46.219575 0.31496063,56.722441 -46.212561 0.31496063,
  56.70673 -46.199377 0.31496063,56.696475 -46.181615 0.31496063,
  49.662351 -46.048029 0.31496063,49.640549 -46.069831 0.31496063,
  49.62745 -46.09252 0.31496063,49.478346 -46.09252 0.31496063,
  49.478346 -46.043307 0.31496063,49.470854 -46.005641 0.31496063,
  49.449519 -45.97371 0.31496063,49.417587 -45.952374 0.31496063,
  49.379921 -45.944882 0.31496063,49.005906 -45.944882 0.31496063,
  48.96824 -45.952374 0.31496063,48.936308 -45.97371 0.31496063,
  48.914972 -46.005641 0.31496063,48.90748 -46.043307 0.31496063,
  48.90748 -46.102362 0.31496063,48.612205 -46.102362 0.31496063,
  48.612205 -46.05315 0.31496063,48.604713 -46.015484 0.31496063,
  48.583377 -45.983552 0.31496063,48.551445 -45.962217 0.31496063,
  48.51378 -45.954724 0.31496063,48.139764 -45.954724 0.31496063,
  48.102098 -45.962217 0.31496063,48.070167 -45.983552 0.31496063,
  48.048831 -46.015484 0.31496063,48.041339 -46.05315 0.31496063,
  48.041339 -46.25 0.31496063,48.048831 -46.287666 0.31496063,
  48.070167 -46.319597 0.31496063,48.102098 -46.340933 0.31496063,
  48.139764 -46.348425 0.31496063,48.277559 -46.348425 0.31496063,
  48.277559 -46.769685 0.31496063,48.110236 -46.769685 0.31496063,
  48.087637 -46.77418 0.31496063,48.068478 -46.786982 0.31496063,
  48.055676 -46.806141 0.31496063,48.051181 -46.82874 0.31496063,
  48.051181 -46.94685 0.31496063,48.055676 -46.96945 0.31496063,
  48.068478 -46.988609 0.31496063,48.087637 -47.00141 0.31496063,
  48.110236 -47.005906 0.31496063,48.759843 -47.005906 0.31496063,
  48.782442 -47.00141 0.31496063,48.801601 -46.988609 0.31496063,
  48.814402 -46.96945 0.31496063,48.818898 -46.94685 0.31496063,
  48.818898 -46.82874 0.31496063,48.814402 -46.806141 0.31496063,
  48.801601 -46.786982 0.31496063,48.782442 -46.77418 0.31496063,
  48.759843 -46.769685 0.31496063,48.386526 -46.769685 0.31496063,
  48.375984 -46.759143 0.31496063,48.375984 -46.348425 0.31496063,
  48.51378 -46.348425 0.31496063,48.551445 -46.340933 0.31496063,
  48.583377 -46.319597 0.31496063,48.604713 -46.287666 0.31496063,
  48.612205 -46.25 0.31496063,48.612205 -46.200787 0.31496063,
  48.90748 -46.200787 0.31496063,48.90748 -46.240157 0.31496063,
  48.914972 -46.277823 0.31496063,48.936308 -46.309755 0.31496063,
  48.96824 -46.331091 0.31496063,49.005906 -46.338583 0.31496063,
  49.379921 -46.338583 0.31496063,49.417587 -46.331091 0.31496063,
  49.449519 -46.309755 0.31496063,49.470854 -46.277823 0.31496063,
  49.478346 -46.240157 0.31496063,49.478346 -46.190945 0.31496063,
  49.62745 -46.190945 0.31496063,49.640549 -46.213633 0.31496063,
  49.662351 -46.235435 0.31496063,49.689053 -46.250852 0.31496063,
  49.718835 -46.258832 0.31496063,49.749669 -46.258832 0.31496063,
  49.779451 -46.250852 0.31496063,49.806153 -46.235435 0.31496063,
  49.827955 -46.213633 0.31496063,49.843372 -46.186931 0.31496063,
  49.851352 -46.157149 0.31496063,49.851352 -46.126316 0.31496063,
  49.843372 -46.096533 0.31496063,49.827955 -46.069831 0.31496063,
  49.806153 -46.048029 0.31496063,49.779451 -46.032613 0.31496063,
  49.749669 -46.024633 0.31496063,49.718835 -46.024633 0.31496063,
  49.689053 -46.032613 0.31496063,49.675197 -46.141732 0.31496063,
  49.678758 -46.121534 0.31496063,49.689013 -46.103772 0.31496063,
  49.704724 -46.090589 0.31496063,49.723997 -46.083574 0.31496063,
  49.744507 -46.083574 0.31496063,49.76378 -46.090589 0.31496063,
  49.779491 -46.103772 0.31496063,49.789746 -46.121534 0.31496063,
  49.793307 -46.141732 0.31496063,49.789746 -46.16193 0.31496063,
  49.779491 -46.179692 0.31496063,49.76378 -46.192876 0.31496063,
  49.744507 -46.19989 0.31496063,49.723997 -46.19989 0.31496063,
  49.704724 -46.192876 0.31496063,49.689013 -46.179692 0.31496063,
  49.678758 -46.16193 0.31496063,52.831643 -44.866927 0.31496063,
  52.80984 -44.888729 0.31496063,52.794424 -44.915431 0.31496063,
  52.786444 -44.945213 0.31496063,52.786444 -44.976046 0.31496063,
  52.794424 -45.005829 0.31496063,52.80984 -45.032531 0.31496063,
  52.831643 -45.054333 0.31496063,52.858344 -45.06975 0.31496063,
  52.888127 -45.07773 0.31496063,52.91896 -45.07773 0.31496063,
  52.948742 -45.06975 0.31496063,52.975444 -45.054333 0.31496063,
  52.997246 -45.032531 0.31496063,53.012663 -45.005829 0.31496063,
  53.020643 -44.976046 0.31496063,53.020643 -44.945213 0.31496063,
  53.012663 -44.915431 0.31496063,52.997246 -44.888729 0.31496063,
  52.975444 -44.866927 0.31496063,52.952756 -44.853828 0.31496063,
  52.952756 -44.608268 0.31496063,53.100394 -44.608268 0.31496063,
  53.100394 -43.620079 0.31496063,52.706693 -43.620079 0.31496063,
  52.706693 -44.608268 0.31496063,52.854331 -44.608268 0.31496063,
  52.854331 -44.853828 0.31496063,52.844488 -44.96063 0.31496063,
  52.84805 -44.940432 0.31496063,52.858304 -44.92267 0.31496063,
  52.874016 -44.909487 0.31496063,52.893288 -44.902472 0.31496063,
  52.913798 -44.902472 0.31496063,52.933071 -44.909487 0.31496063,
  52.948782 -44.92267 0.31496063,52.959037 -44.940432 0.31496063,
  52.962598 -44.96063 0.31496063,52.959037 -44.980828 0.31496063,
  52.948782 -44.99859 0.31496063,52.933071 -45.011773 0.31496063,
  52.913798 -45.018788 0.31496063,52.893288 -45.018788 0.31496063,
  52.874016 -45.011773 0.31496063,52.858304 -44.99859 0.31496063,
  52.84805 -44.980828 0.31496063] }
 coordIndex [
  9,11,8,-1,8,11,12,-1,8,12,7,-1,7,12,13,-1,7,13,6,-1,6,13,14,-1,6,14,5,-1,5,14,15,-1,
  5,15,4,-1,4,15,16,-1,4,16,3,-1,3,16,17,-1,3,17,2,-1,2,17,18,-1,2,18,1,-1,1,18,19,-1,
  1,19,0,-1,29,31,28,-1,28,31,32,-1,28,32,27,-1,27,32,33,-1,27,33,26,-1,26,33,34,-1,26,34,25,-1,
  25,34,35,-1,25,35,24,-1,24,35,36,-1,24,36,23,-1,23,36,37,-1,23,37,22,-1,22,37,38,-1,22,38,21,-1,
  21,38,39,-1,21,39,20,-1,49,51,48,-1,48,51,52,-1,48,52,47,-1,47,52,53,-1,47,53,46,-1,46,53,54,-1,
  46,54,45,-1,45,54,55,-1,45,55,44,-1,44,55,56,-1,44,56,43,-1,43,56,57,-1,43,57,42,-1,42,57,58,-1,
  42,58,41,-1,41,58,59,-1,41,59,40,-1,69,71,68,-1,68,71,72,-1,68,72,67,-1,67,72,73,-1,67,73,66,-1,
  66,73,74,-1,66,74,65,-1,65,74,75,-1,65,75,64,-1,64,75,76,-1,64,76,63,-1,63,76,77,-1,63,77,62,-1,
  62,77,78,-1,62,78,61,-1,61,78,79,-1,61,79,60,-1,145,146,102,-1,102,146,80,-1,102,80,101,-1,101,80,81,-1,
  101,81,100,-1,100,81,82,-1,100,82,99,-1,99,82,83,-1,99,83,98,-1,98,83,84,-1,98,84,97,-1,97,84,85,-1,
  97,85,96,-1,96,85,86,-1,96,86,95,-1,95,86,87,-1,95,87,94,-1,94,87,88,-1,94,88,93,-1,93,88,89,-1,
  93,89,92,-1,92,89,90,-1,92,90,91,-1,135,136,108,-1,135,108,109,-1,135,109,110,-1,135,110,111,-1,135,111,112,-1,
  135,112,113,-1,135,113,134,-1,108,136,137,-1,108,137,138,-1,108,138,139,-1,108,139,140,-1,108,140,107,-1,106,107,140,-1,
  106,140,141,-1,106,141,142,-1,106,142,143,-1,106,143,144,-1,106,144,145,-1,106,145,105,-1,145,102,103,-1,145,103,104,-1,
  145,104,105,-1,133,115,132,-1,132,115,116,-1,132,116,131,-1,131,116,117,-1,131,117,130,-1,130,117,118,-1,130,118,129,-1,
  129,118,119,-1,129,119,128,-1,128,119,120,-1,128,120,127,-1,127,120,121,-1,127,121,126,-1,126,121,122,-1,126,122,125,-1,
  125,122,123,-1,125,123,124,-1,115,133,134,-1,115,134,113,-1,115,113,114,-1,211,212,170,-1,170,212,213,-1,170,213,169,-1,
  169,213,147,-1,169,147,168,-1,168,147,148,-1,168,148,167,-1,167,148,149,-1,167,149,166,-1,166,149,150,-1,166,150,165,-1,
  165,150,151,-1,165,151,164,-1,164,151,152,-1,164,152,163,-1,163,152,153,-1,163,153,162,-1,162,153,154,-1,162,154,161,-1,
  161,154,155,-1,161,155,160,-1,160,155,156,-1,160,156,159,-1,159,156,157,-1,159,157,158,-1,1132,1128,1129,-1,1132,1129,1131,-1,
  1131,1129,1130,-1,1105,1124,1133,-1,1133,1124,1125,-1,1133,1125,1132,-1,1132,1126,1127,-1,1115,1116,1113,-1,1113,1116,1118,-1,1113,1118,1111,-1,
  1111,1118,1119,-1,1111,1119,1110,-1,1109,1120,1121,-1,1109,1121,1108,-1,1107,1122,1123,-1,1107,1123,1106,-1,1106,1123,1124,-1,1106,1124,1105,-1,
  1069,1070,1071,-1,1069,1071,1064,-1,1069,1064,1066,-1,1069,1066,1067,-1,1069,1067,1068,-1,1053,1054,1055,-1,1053,1055,1048,-1,1053,1048,1050,-1,
  1053,1050,1051,-1,1053,1051,1052,-1,1034,1035,1036,-1,1034,1036,1029,-1,1034,1029,1031,-1,1034,1031,1032,-1,1034,1032,1033,-1,1028,1037,1038,-1,
  1028,1038,1027,-1,1027,1040,1026,-1,1026,1040,1041,-1,1026,1041,1042,-1,1063,1072,1073,-1,1063,1073,1062,-1,1062,1073,1074,-1,1062,1074,1061,-1,
  1061,1074,1075,-1,1061,1075,1060,-1,1060,1075,957,-1,1060,957,1059,-1,1059,957,298,-1,1024,1025,300,-1,300,1025,1043,-1,300,1043,299,-1,
  299,1043,1044,-1,299,1044,1059,-1,1059,1044,1045,-1,1059,1045,1058,-1,1058,1045,1046,-1,1058,1046,1057,-1,1057,1046,1047,-1,1057,1047,1056,-1,
  1026,1042,1043,-1,1026,1043,1025,-1,578,579,1022,-1,578,1022,1023,-1,578,1023,1024,-1,578,1024,300,-1,581,1021,1022,-1,582,1018,1019,-1,
  582,1019,581,-1,583,584,1016,-1,583,1016,1017,-1,583,1017,582,-1,585,586,1012,-1,585,1015,1016,-1,587,588,1008,-1,587,1009,1010,-1,
  587,1011,1012,-1,1008,589,590,-1,1008,591,592,-1,1008,593,1007,-1,1007,593,594,-1,1007,594,595,-1,1007,595,596,-1,1007,597,598,-1,
  1007,598,768,-1,1007,768,769,-1,179,180,201,-1,179,201,202,-1,179,202,203,-1,179,203,204,-1,179,204,205,-1,179,205,206,-1,
  179,206,178,-1,206,207,175,-1,206,175,176,-1,206,176,177,-1,206,177,178,-1,208,209,170,-1,208,170,171,-1,208,171,172,-1,
  208,172,173,-1,208,173,174,-1,208,174,175,-1,208,175,207,-1,210,211,170,-1,210,170,209,-1,200,182,199,-1,199,182,183,-1,
  199,183,198,-1,198,183,184,-1,198,184,197,-1,197,184,185,-1,197,185,196,-1,196,185,186,-1,196,186,195,-1,195,186,187,-1,
  195,187,194,-1,194,187,188,-1,194,188,193,-1,193,188,189,-1,193,189,192,-1,192,189,190,-1,192,190,191,-1,182,200,201,-1,
  182,201,180,-1,182,180,181,-1,223,225,222,-1,222,225,226,-1,222,226,221,-1,221,226,227,-1,221,227,220,-1,220,227,228,-1,
  220,228,219,-1,219,228,229,-1,219,229,218,-1,218,229,230,-1,218,230,217,-1,217,230,231,-1,217,231,216,-1,216,231,232,-1,
  216,232,215,-1,215,232,233,-1,215,233,214,-1,286,287,269,-1,269,287,234,-1,269,234,267,-1,267,234,235,-1,267,235,266,-1,
  266,235,236,-1,266,236,265,-1,265,236,237,-1,265,237,264,-1,264,237,238,-1,264,238,263,-1,263,238,239,-1,263,239,262,-1,
  262,239,240,-1,262,240,261,-1,261,240,241,-1,261,241,260,-1,260,241,242,-1,260,242,259,-1,259,242,243,-1,259,243,258,-1,
  258,243,244,-1,258,244,257,-1,257,244,245,-1,257,245,256,-1,256,245,246,-1,256,246,255,-1,255,246,247,-1,255,247,254,-1,
  254,247,248,-1,254,248,253,-1,253,248,249,-1,253,249,252,-1,252,249,250,-1,252,250,251,-1,286,270,285,-1,285,270,271,-1,
  285,271,284,-1,284,271,272,-1,284,272,283,-1,283,272,273,-1,283,273,282,-1,282,273,274,-1,282,274,281,-1,281,274,275,-1,
  281,275,280,-1,280,275,276,-1,280,276,279,-1,279,276,277,-1,279,277,278,-1,507,508,499,-1,507,499,500,-1,507,500,505,-1,
  507,505,506,-1,509,510,497,-1,509,497,498,-1,509,498,499,-1,510,302,497,-1,496,303,304,-1,496,304,495,-1,495,304,305,-1,
  495,305,494,-1,494,305,306,-1,494,306,493,-1,493,306,307,-1,493,307,492,-1,492,307,288,-1,492,288,491,-1,491,288,309,-1,
  491,309,310,-1,627,628,621,-1,627,621,622,-1,627,622,625,-1,627,625,626,-1,525,526,518,-1,525,518,520,-1,525,520,523,-1,
  525,523,524,-1,543,544,536,-1,543,536,538,-1,543,538,541,-1,543,541,542,-1,522,523,520,-1,522,520,521,-1,540,541,538,-1,
  540,538,539,-1,502,503,504,-1,502,504,505,-1,502,505,500,-1,502,500,501,-1,561,555,557,-1,561,557,560,-1,560,557,558,-1,
  560,558,559,-1,785,787,784,-1,784,787,788,-1,784,788,783,-1,783,788,789,-1,783,789,782,-1,782,789,790,-1,782,790,781,-1,
  781,790,791,-1,781,791,780,-1,780,791,792,-1,780,792,779,-1,779,792,793,-1,779,793,778,-1,778,793,794,-1,778,794,777,-1,
  777,794,795,-1,777,795,776,-1,563,553,554,-1,563,554,562,-1,562,554,561,-1,564,565,549,-1,564,549,550,-1,564,551,552,-1,
  564,552,563,-1,536,544,535,-1,534,545,546,-1,534,546,533,-1,532,547,548,-1,532,548,531,-1,531,548,549,-1,531,549,530,-1,
  530,549,513,-1,530,513,514,-1,513,549,512,-1,512,549,565,-1,512,565,302,-1,530,514,529,-1,528,515,516,-1,528,516,527,-1,
  526,517,518,-1,624,625,622,-1,624,622,623,-1,630,620,621,-1,629,621,628,-1,616,617,631,-1,631,617,618,-1,631,618,630,-1,
  630,618,619,-1,615,616,631,-1,615,631,632,-1,615,633,614,-1,633,634,612,-1,635,636,763,-1,635,763,611,-1,635,611,612,-1,
  635,612,634,-1,682,684,681,-1,681,684,685,-1,681,685,680,-1,680,685,686,-1,680,686,679,-1,679,686,687,-1,679,687,678,-1,
  678,687,688,-1,678,688,677,-1,677,688,689,-1,677,689,676,-1,676,689,690,-1,676,690,675,-1,675,690,691,-1,675,691,674,-1,
  674,691,692,-1,674,692,673,-1,673,692,693,-1,673,693,672,-1,672,693,694,-1,672,694,725,-1,725,694,695,-1,725,695,724,-1,
  724,695,696,-1,724,696,723,-1,723,696,697,-1,723,697,722,-1,722,697,698,-1,722,698,721,-1,721,698,699,-1,721,699,720,-1,
  720,699,700,-1,720,700,719,-1,719,700,701,-1,719,701,718,-1,718,701,702,-1,718,702,717,-1,717,702,703,-1,717,703,716,-1,
  716,703,704,-1,716,704,715,-1,715,704,705,-1,715,705,714,-1,714,705,706,-1,714,706,713,-1,713,706,707,-1,713,707,712,-1,
  712,707,708,-1,712,708,711,-1,711,708,709,-1,711,709,710,-1,491,311,490,-1,490,311,312,-1,490,312,489,-1,489,312,313,-1,
  489,313,488,-1,488,313,314,-1,488,314,487,-1,487,314,957,-1,486,957,473,-1,486,473,485,-1,485,473,474,-1,485,474,484,-1,
  484,474,475,-1,957,327,308,-1,957,308,288,-1,288,308,309,-1,476,477,478,-1,476,478,481,-1,476,481,483,-1,476,483,484,-1,
  467,468,466,-1,466,468,469,-1,466,469,465,-1,465,469,470,-1,465,470,464,-1,464,470,471,-1,464,471,957,-1,957,471,472,-1,
  957,472,473,-1,435,957,964,-1,964,957,958,-1,964,958,963,-1,963,958,959,-1,963,959,962,-1,962,959,960,-1,962,960,961,-1,
  964,943,809,-1,964,809,810,-1,964,810,811,-1,964,811,812,-1,964,812,813,-1,964,813,796,-1,964,796,1292,-1,964,1292,1293,-1,
  964,1293,1294,-1,964,1295,1296,-1,964,1297,1298,-1,964,1299,1300,-1,964,1301,1302,-1,964,1303,1304,-1,964,1305,771,-1,964,772,773,-1,
  964,773,774,-1,964,775,756,-1,964,756,727,-1,964,727,728,-1,964,728,729,-1,964,730,731,-1,964,732,733,-1,964,733,734,-1,
  964,734,735,-1,964,735,738,-1,964,738,739,-1,964,740,360,-1,964,360,361,-1,964,361,362,-1,964,362,363,-1,964,363,364,-1,
  964,364,365,-1,964,365,348,-1,964,348,336,-1,964,336,337,-1,964,337,338,-1,964,339,340,-1,964,341,342,-1,964,342,343,-1,
  964,343,344,-1,964,345,346,-1,964,346,347,-1,964,328,657,-1,964,657,372,-1,964,372,373,-1,964,373,390,-1,964,390,391,-1,
  964,391,400,-1,964,400,401,-1,964,401,402,-1,964,402,403,-1,964,403,404,-1,964,404,405,-1,964,405,406,-1,964,408,409,-1,
  964,411,412,-1,964,412,413,-1,964,413,414,-1,964,415,416,-1,964,417,418,-1,964,418,419,-1,964,419,420,-1,964,420,421,-1,
  964,421,422,-1,964,422,423,-1,964,424,425,-1,964,425,426,-1,964,426,427,-1,964,427,428,-1,964,428,429,-1,964,429,430,-1,
  964,431,432,-1,964,434,435,-1,335,336,348,-1,335,348,349,-1,335,349,350,-1,335,350,351,-1,335,351,652,-1,335,652,334,-1,
  356,357,744,-1,744,357,358,-1,744,358,743,-1,743,358,359,-1,742,359,741,-1,360,740,741,-1,360,741,359,-1,738,735,736,-1,
  738,736,737,-1,744,745,652,-1,652,745,746,-1,652,746,651,-1,651,746,747,-1,651,747,650,-1,650,747,748,-1,650,748,649,-1,
  649,748,749,-1,649,749,648,-1,648,749,750,-1,648,750,647,-1,647,750,751,-1,647,751,646,-1,646,751,752,-1,646,752,645,-1,
  645,752,753,-1,645,753,644,-1,644,753,754,-1,644,754,643,-1,643,754,755,-1,643,755,642,-1,642,755,726,-1,642,726,756,-1,
  756,726,727,-1,764,765,609,-1,764,609,610,-1,764,611,763,-1,766,767,605,-1,766,605,606,-1,766,607,608,-1,601,602,768,-1,
  767,603,604,-1,768,599,600,-1,769,770,1305,-1,769,1305,989,-1,769,989,990,-1,769,990,991,-1,769,991,992,-1,769,993,994,-1,
  769,994,995,-1,769,995,996,-1,769,996,997,-1,769,997,998,-1,769,998,999,-1,769,999,1000,-1,769,1001,1002,-1,769,1003,1004,-1,
  769,1005,1006,-1,796,1321,1292,-1,1292,1321,1322,-1,1292,1322,1291,-1,1291,1322,1323,-1,1291,1323,1290,-1,1290,1323,1324,-1,1290,1324,1289,-1,
  1289,1324,1306,-1,1289,1306,1288,-1,1288,1306,989,-1,1288,989,1305,-1,803,804,1321,-1,1321,804,805,-1,1321,805,827,-1,827,805,806,-1,
  827,806,826,-1,826,806,807,-1,826,807,825,-1,807,808,884,-1,807,884,1480,-1,807,1480,821,-1,807,821,822,-1,807,823,824,-1,
  828,829,1274,-1,1274,829,830,-1,1274,830,1272,-1,1272,830,814,-1,1272,814,1271,-1,1271,814,815,-1,1271,815,1270,-1,1270,815,1334,-1,
  1270,1334,1287,-1,1331,1332,816,-1,816,1332,1333,-1,816,1333,815,-1,815,1333,1334,-1,816,1408,1325,-1,816,1326,1327,-1,816,1328,1329,-1,
  817,818,1403,-1,817,1403,1404,-1,817,1407,1408,-1,819,820,1400,-1,819,1400,1401,-1,819,1401,1402,-1,820,1510,1511,-1,820,1512,1513,-1,
  820,1514,1515,-1,820,1516,1517,-1,820,1518,1519,-1,820,1520,1521,-1,820,1521,1522,-1,820,1523,1397,-1,820,1398,1399,-1,1391,988,1390,-1,
  1390,988,1388,-1,986,987,1395,-1,1395,987,988,-1,1395,988,1394,-1,1394,988,1393,-1,1395,968,969,-1,1395,972,973,-1,1395,973,974,-1,
  1395,974,975,-1,1395,975,976,-1,1395,976,977,-1,1395,977,978,-1,1395,978,979,-1,1395,980,981,-1,1395,981,982,-1,1395,982,983,-1,
  1395,983,984,-1,1395,985,986,-1,1396,1397,1523,-1,1396,1523,965,-1,1396,966,967,-1,821,1480,1505,-1,821,1506,1507,-1,821,1508,1509,-1,
  808,809,943,-1,808,943,1704,-1,808,1705,1706,-1,808,1707,1708,-1,808,1708,1709,-1,808,1709,1710,-1,808,1710,1711,-1,808,1711,1712,-1,
  808,1712,1713,-1,808,1714,1715,-1,808,1715,1716,-1,808,1716,1717,-1,808,1717,1718,-1,808,1718,1719,-1,808,1719,1720,-1,808,1720,1721,-1,
  808,1721,1722,-1,808,1722,903,-1,808,903,904,-1,808,904,905,-1,808,905,906,-1,808,906,907,-1,808,907,908,-1,808,908,891,-1,
  808,891,910,-1,808,910,911,-1,808,911,912,-1,808,913,914,-1,808,915,916,-1,808,916,917,-1,808,917,918,-1,808,918,921,-1,
  808,921,922,-1,808,923,924,-1,808,924,925,-1,808,926,927,-1,808,927,872,-1,808,872,873,-1,808,873,874,-1,808,875,876,-1,
  808,877,878,-1,808,878,879,-1,808,879,880,-1,808,881,882,-1,808,882,883,-1,884,885,1480,-1,1480,885,886,-1,1480,886,1479,-1,
  1479,886,887,-1,1479,887,1478,-1,1478,887,888,-1,1478,888,1477,-1,1477,888,889,-1,1477,889,1476,-1,1476,889,890,-1,1476,890,1475,-1,
  1475,890,871,-1,1475,871,927,-1,927,871,872,-1,921,918,919,-1,921,919,920,-1,909,910,891,-1,909,891,892,-1,909,892,893,-1,
  909,893,894,-1,909,894,1462,-1,909,1462,942,-1,899,900,1423,-1,1423,900,901,-1,1423,901,1422,-1,1422,901,902,-1,1421,902,1420,-1,
  903,1722,1417,-1,903,1417,1418,-1,903,1419,1420,-1,903,1420,902,-1,1752,1753,1723,-1,1723,1430,1722,-1,1722,1430,1431,-1,1722,1431,1411,-1,
  1411,1431,1410,-1,1722,1411,1412,-1,1722,1413,1414,-1,1722,1415,1416,-1,1722,1416,1417,-1,1699,1702,943,-1,943,1702,1703,-1,943,1703,1704,-1,
  1698,1699,943,-1,1698,943,1694,-1,1698,1694,1695,-1,1689,1691,943,-1,1689,943,1688,-1,1688,943,1686,-1,943,1691,1692,-1,943,1693,1694,-1,
  957,435,436,-1,957,436,437,-1,957,437,438,-1,957,438,439,-1,957,439,440,-1,957,440,441,-1,957,441,442,-1,957,442,443,-1,
  957,444,445,-1,957,447,448,-1,957,449,450,-1,957,451,452,-1,957,452,453,-1,957,453,454,-1,957,455,456,-1,957,456,457,-1,
  957,457,458,-1,957,458,459,-1,957,459,460,-1,957,460,461,-1,957,461,462,-1,957,462,463,-1,957,463,464,-1,957,315,316,-1,
  957,316,317,-1,957,317,318,-1,957,319,320,-1,957,321,322,-1,957,323,324,-1,957,325,326,-1,957,288,289,-1,957,289,290,-1,
  957,291,292,-1,957,293,294,-1,957,295,296,-1,957,297,298,-1,511,512,302,-1,568,569,301,-1,568,301,302,-1,568,302,567,-1,
  569,570,301,-1,301,570,571,-1,301,571,300,-1,300,571,572,-1,300,572,573,-1,300,573,574,-1,300,574,575,-1,300,575,576,-1,
  300,576,577,-1,957,1075,1076,-1,957,1076,1077,-1,957,1077,1078,-1,957,1078,1079,-1,957,1079,1080,-1,957,1080,1081,-1,957,1081,1082,-1,
  957,1082,1083,-1,957,1083,1084,-1,957,1086,1087,-1,957,1088,1089,-1,957,1090,1091,-1,957,1093,1094,-1,957,1094,1095,-1,957,1095,1096,-1,
  957,1098,1141,-1,957,1141,1142,-1,957,1142,1143,-1,957,1143,1144,-1,957,1144,1145,-1,957,1145,1146,-1,957,1147,1148,-1,957,1148,1155,-1,
  957,1155,1156,-1,957,1156,1171,-1,957,1171,1172,-1,957,1172,1173,-1,957,1173,1174,-1,957,1174,1175,-1,957,1175,1176,-1,957,1176,1177,-1,
  957,1177,1178,-1,957,1178,1179,-1,957,1181,1182,-1,957,1183,1184,-1,957,1185,1186,-1,957,1188,1189,-1,957,1189,1190,-1,957,1190,1191,-1,
  957,1191,1621,-1,957,1622,857,-1,957,858,859,-1,957,859,860,-1,957,860,861,-1,957,862,863,-1,957,864,865,-1,957,866,867,-1,
  957,868,869,-1,957,870,851,-1,957,851,832,-1,957,832,833,-1,957,834,835,-1,957,836,837,-1,957,838,1658,-1,957,1658,1659,-1,
  957,1659,1660,-1,957,1660,1661,-1,957,1661,1662,-1,957,1662,1663,-1,957,1663,1664,-1,957,1664,1665,-1,957,1666,1667,-1,957,1669,1670,-1,
  957,1671,1672,-1,957,1673,1674,-1,957,1674,1675,-1,957,1675,1676,-1,957,1677,956,-1,1133,1134,1105,-1,1105,1134,1135,-1,1105,1135,1104,-1,
  1104,1135,1136,-1,1104,1136,1137,-1,1103,1137,1138,-1,1103,1138,1139,-1,1103,1139,1140,-1,1103,1140,1141,-1,1103,1141,1102,-1,1141,1098,1099,-1,
  1141,1100,1101,-1,1193,1194,1606,-1,1193,1606,1607,-1,1210,1211,1208,-1,1208,1211,1213,-1,1208,1213,1206,-1,1206,1213,1214,-1,1206,1214,1205,-1,
  1204,1215,1216,-1,1204,1216,1203,-1,1202,1217,1218,-1,1202,1218,1201,-1,1201,1218,1255,-1,1201,1255,1200,-1,1200,1255,1533,-1,1200,1534,1535,-1,
  1200,1537,1538,-1,1200,1538,1199,-1,1199,1540,1541,-1,1199,1541,1542,-1,1199,1542,1543,-1,1199,1543,1544,-1,1199,1544,1545,-1,1199,1545,1546,-1,
  1199,1546,1547,-1,1198,1547,1548,-1,1198,1548,1549,-1,1198,1551,1571,-1,1198,1571,1197,-1,1588,1589,1573,-1,1573,1589,1590,-1,1573,1590,1572,-1,
  1572,1590,1196,-1,1572,1196,1571,-1,1594,1603,1604,-1,1594,1604,1593,-1,1593,1604,1605,-1,1593,1605,1592,-1,1592,1605,1606,-1,1592,1606,1591,-1,
  1591,1606,1195,-1,1591,1195,1590,-1,1590,1195,1196,-1,1608,1609,1620,-1,1608,1620,1621,-1,1608,1621,1191,-1,1608,1191,1607,-1,831,832,851,-1,
  831,851,852,-1,831,852,1626,-1,831,1626,1627,-1,831,1627,850,-1,850,1628,849,-1,849,1628,1629,-1,849,1629,848,-1,848,1629,1630,-1,
  848,1630,847,-1,847,1630,1631,-1,847,1631,846,-1,845,1632,1645,-1,845,1646,1647,-1,845,1647,1657,-1,845,1657,1658,-1,845,1658,844,-1,
  1658,838,839,-1,1658,840,841,-1,1658,842,843,-1,1658,843,844,-1,1679,1680,956,-1,1679,956,1677,-1,1679,1677,1678,-1,956,1680,1681,-1,
  956,1681,1682,-1,956,1682,1683,-1,956,1683,1684,-1,956,1685,1686,-1,956,1686,943,-1,956,943,944,-1,956,944,955,-1,945,946,954,-1,
  945,954,955,-1,945,955,944,-1,954,946,947,-1,954,947,948,-1,954,948,949,-1,954,949,950,-1,954,950,951,-1,954,951,952,-1,
  954,952,953,-1,400,391,392,-1,400,392,393,-1,400,393,394,-1,400,394,399,-1,397,398,396,-1,396,398,399,-1,396,399,395,-1,
  395,399,394,-1,375,388,389,-1,375,389,374,-1,374,389,390,-1,374,390,373,-1,376,385,386,-1,376,386,375,-1,377,378,382,-1,
  377,382,383,-1,377,383,384,-1,377,384,376,-1,379,380,381,-1,379,381,382,-1,379,382,378,-1,657,658,372,-1,372,659,371,-1,
  371,659,660,-1,370,371,661,-1,370,661,662,-1,370,663,369,-1,664,665,368,-1,664,368,369,-1,664,369,663,-1,666,667,670,-1,
  666,670,366,-1,666,366,367,-1,666,367,368,-1,666,368,665,-1,667,668,669,-1,667,669,670,-1,328,329,657,-1,657,329,330,-1,
  657,330,656,-1,656,330,331,-1,656,331,655,-1,655,331,332,-1,655,332,654,-1,654,332,333,-1,654,333,653,-1,653,333,334,-1,
  653,334,652,-1,652,351,352,-1,652,352,353,-1,652,353,354,-1,652,354,355,-1,652,355,356,-1,652,356,744,-1,636,637,762,-1,
  762,637,638,-1,762,638,761,-1,761,638,639,-1,761,639,760,-1,760,639,640,-1,760,640,759,-1,759,640,641,-1,759,641,758,-1,
  758,641,642,-1,758,642,757,-1,757,642,756,-1,479,480,481,-1,479,481,478,-1,1642,1643,1634,-1,1642,1634,1635,-1,1642,1635,1640,-1,
  1642,1640,1641,-1,1644,1645,1632,-1,1644,1632,1633,-1,1644,1633,1634,-1,1600,1601,1602,-1,1600,1602,1595,-1,1600,1595,1597,-1,1600,1597,1598,-1,
  1600,1598,1599,-1,1581,1582,1583,-1,1581,1583,1576,-1,1581,1576,1578,-1,1581,1578,1579,-1,1581,1579,1580,-1,1588,1573,1587,-1,1587,1573,1574,-1,
  1585,1574,1575,-1,1585,1575,1584,-1,852,853,1626,-1,1626,853,854,-1,1626,854,1625,-1,1625,854,855,-1,1625,855,1624,-1,1624,855,856,-1,
  1624,856,1623,-1,1623,856,857,-1,1623,857,1622,-1,1619,1620,1609,-1,1619,1609,1610,-1,1619,1611,1618,-1,1616,1617,1618,-1,1616,1618,1611,-1,
  1616,1611,1613,-1,1616,1613,1614,-1,1616,1614,1615,-1,1551,1552,1568,-1,1551,1568,1569,-1,1551,1569,1570,-1,1552,1553,1565,-1,1552,1567,1568,-1,
  1565,1554,1555,-1,1565,1555,1556,-1,1565,1556,1557,-1,1565,1557,1564,-1,1557,1558,1561,-1,1557,1561,1562,-1,1558,1559,1560,-1,1558,1560,1561,-1,
  1505,1480,1481,-1,1505,1482,1483,-1,1505,1484,1485,-1,1505,1486,1504,-1,1500,1501,1487,-1,1487,1501,1502,-1,1487,1502,1486,-1,1486,1502,1503,-1,
  1487,1488,1497,-1,1487,1498,1499,-1,1487,1499,1500,-1,1489,1490,1493,-1,1489,1493,1495,-1,1489,1495,1496,-1,1489,1496,1497,-1,1489,1497,1488,-1,
  1490,1491,1492,-1,1490,1492,1493,-1,1469,1470,933,-1,933,1470,1471,-1,933,1471,932,-1,932,1471,1472,-1,932,1472,931,-1,931,1472,1473,-1,
  931,1473,930,-1,930,1473,1474,-1,930,1474,929,-1,929,1474,1475,-1,929,1475,928,-1,928,1475,927,-1,933,934,1467,-1,933,1467,1468,-1,
  933,1468,1469,-1,1467,934,935,-1,1467,935,936,-1,1467,936,937,-1,1467,937,938,-1,1467,938,1466,-1,942,1463,941,-1,941,1463,1464,-1,
  941,1464,940,-1,940,1464,1465,-1,940,1465,939,-1,939,1465,1466,-1,939,1466,938,-1,1462,894,895,-1,1462,895,896,-1,1462,896,897,-1,
  1462,897,898,-1,1462,898,899,-1,1462,899,1423,-1,1462,1423,1424,-1,1462,1424,1425,-1,1462,1425,1461,-1,1456,1457,1429,-1,1429,1457,1458,-1,
  1429,1458,1428,-1,1428,1458,1459,-1,1428,1459,1427,-1,1427,1459,1460,-1,1427,1460,1426,-1,1426,1460,1461,-1,1426,1461,1425,-1,1455,1456,1410,-1,
  1455,1410,1431,-1,1455,1431,1432,-1,1455,1432,1454,-1,1165,1166,1167,-1,1165,1167,1160,-1,1165,1160,1162,-1,1165,1162,1163,-1,1165,1163,1164,-1,
  1159,1168,1169,-1,1159,1169,1158,-1,1158,1169,1170,-1,1158,1170,1157,-1,1157,1170,1171,-1,1157,1171,1156,-1,1151,1152,1150,-1,1150,1152,1153,-1,
  1150,1153,1149,-1,1149,1153,1154,-1,1149,1154,1148,-1,1148,1154,1155,-1,965,1524,1525,-1,965,1525,1526,-1,965,1526,1527,-1,965,1527,1269,-1,
  1527,1528,1266,-1,1527,1267,1268,-1,1529,1530,1264,-1,1529,1265,1266,-1,1529,1266,1528,-1,1531,1261,1262,-1,1531,1262,1530,-1,1530,1263,1264,-1,
  1532,1533,1255,-1,1532,1255,1256,-1,1532,1257,1258,-1,1532,1259,1260,-1,1532,1260,1531,-1,1246,1247,1244,-1,1244,1247,1249,-1,1244,1249,1242,-1,
  1242,1249,1250,-1,1242,1250,1241,-1,1240,1251,1252,-1,1240,1252,1239,-1,1238,1253,1254,-1,1238,1254,1237,-1,1237,1254,1255,-1,1237,1255,1236,-1,
  1236,1255,1219,-1,1236,1219,1220,-1,1231,1232,1224,-1,1231,1224,1226,-1,1231,1226,1229,-1,1231,1229,1230,-1,1228,1229,1226,-1,1228,1226,1227,-1,
  1236,1220,1235,-1,1234,1221,1222,-1,1234,1222,1233,-1,1232,1223,1224,-1,1382,1383,1378,-1,1382,1379,1380,-1,1382,1380,1381,-1,1378,1383,1377,-1,
  1377,1383,1384,-1,1377,1384,1376,-1,1376,1384,1385,-1,1376,1385,1386,-1,1338,1343,1344,-1,1338,1344,1337,-1,1337,1345,989,-1,989,1346,1347,-1,
  1339,1340,1341,-1,1339,1341,1342,-1,1339,1342,1338,-1,989,1306,1307,-1,989,1308,1309,-1,989,1310,1311,-1,989,1312,1313,-1,989,1314,1315,-1,
  989,1316,1317,-1,989,1318,1319,-1,989,1320,1321,-1,989,1321,1274,-1,989,1274,1275,-1,989,1275,1276,-1,989,1277,1278,-1,989,1279,1280,-1,
  989,1281,1282,-1,989,1283,1284,-1,989,1285,1334,-1,989,1334,1335,-1,989,1335,1336,-1,989,1336,1337,-1,1321,796,797,-1,1321,797,798,-1,
  1321,798,799,-1,1321,799,800,-1,1321,800,801,-1,1321,801,802,-1,1321,802,803,-1,828,1274,1321,-1,828,1321,827,-1,989,1347,1348,-1,
  989,1348,1349,-1,989,1349,1350,-1,989,1350,1351,-1,989,1351,1352,-1,989,1354,1355,-1,989,1355,1356,-1,989,1356,1357,-1,989,1357,1358,-1,
  989,1359,1360,-1,989,1362,1363,-1,989,1363,1364,-1,989,1365,1366,-1,989,1367,988,-1,1373,1374,988,-1,988,1375,1388,-1,1388,1375,1376,-1,
  1388,1376,1387,-1,988,1367,1368,-1,988,1369,1370,-1,988,1371,1372,-1,1656,1652,1653,-1,1656,1653,1655,-1,1655,1653,1654,-1,1647,1648,1657,-1,
  1657,1648,1649,-1,1657,1649,1656,-1,1656,1650,1651,-1,1637,1638,1639,-1,1637,1639,1640,-1,1637,1640,1635,-1,1637,1635,1636,-1,1447,1448,1441,-1,
  1447,1441,1442,-1,1447,1442,1445,-1,1447,1445,1446,-1,1444,1445,1442,-1,1444,1442,1443,-1,1450,1440,1441,-1,1449,1441,1448,-1,1451,1452,1438,-1,
  1451,1438,1439,-1,1451,1439,1450,-1,1453,1454,1435,-1,1453,1435,1436,-1,1453,1437,1438,-1,1434,1435,1454,-1,1747,1741,1742,-1,1747,1742,1746,-1,
  1746,1742,1743,-1,1746,1743,1745,-1,1745,1743,1744,-1,1748,1749,1736,-1,1748,1737,1738,-1,1748,1739,1740,-1,1748,1740,1747,-1,1750,1751,1733,-1,
  1750,1733,1734,-1,1750,1735,1736,-1,1723,1724,1731,-1,1723,1731,1732,-1,1723,1732,1733,-1,1723,1733,1751,-1,1725,1726,1727,-1,1725,1727,1728,-1,
  1725,1729,1724,-1,1730,1724,1729,-1,1836,1837,1771,-1,1771,1837,1838,-1,1771,1838,1769,-1,1769,1838,1839,-1,1769,1839,1768,-1,1768,1839,1840,-1,
  1768,1840,1767,-1,1767,1840,1841,-1,1767,1841,1766,-1,1766,1841,1855,-1,1766,1855,1856,-1,1850,1851,1843,-1,1843,1851,1852,-1,1843,1852,1842,-1,
  1842,1852,1853,-1,1842,1853,1841,-1,1841,1853,1854,-1,1841,1854,1855,-1,1847,1848,1845,-1,1845,1848,1849,-1,1845,1849,1844,-1,1844,1849,1850,-1,
  1844,1850,1843,-1,1846,1847,1845,-1,1846,1845,1754,-1,1846,1754,1762,-1,1846,1762,1863,-1,1824,1825,1783,-1,1783,1825,1826,-1,1783,1826,1781,-1,
  1781,1826,1827,-1,1781,1827,1780,-1,1780,1827,1828,-1,1780,1828,1779,-1,1779,1828,1829,-1,1779,1829,1778,-1,1778,1829,1830,-1,1778,1830,1777,-1,
  1777,1830,1831,-1,1777,1831,1776,-1,1776,1831,1832,-1,1776,1832,1775,-1,1775,1832,1833,-1,1775,1833,1774,-1,1774,1833,1834,-1,1774,1834,1773,-1,
  1773,1834,1835,-1,1773,1835,1772,-1,1772,1835,1836,-1,1772,1836,1771,-1,1810,1811,1820,-1,1820,1811,1812,-1,1820,1812,1819,-1,1819,1812,1813,-1,
  1819,1813,1818,-1,1818,1813,1814,-1,1818,1814,1817,-1,1817,1814,1815,-1,1817,1815,1816,-1,1810,1787,1809,-1,1809,1787,1788,-1,1809,1788,1799,-1,
  1799,1788,1789,-1,1799,1789,1798,-1,1798,1789,1790,-1,1798,1790,1797,-1,1797,1790,1791,-1,1797,1791,1796,-1,1796,1791,1792,-1,1796,1792,1795,-1,
  1795,1792,1793,-1,1795,1793,1794,-1,1810,1820,1787,-1,1787,1820,1821,-1,1787,1821,1786,-1,1786,1821,1822,-1,1786,1822,1785,-1,1785,1822,1823,-1,
  1785,1823,1784,-1,1784,1823,1824,-1,1784,1824,1783,-1,1809,1799,1808,-1,1808,1799,1800,-1,1808,1800,1807,-1,1807,1800,1801,-1,1807,1801,1806,-1,
  1806,1801,1802,-1,1806,1802,1805,-1,1805,1802,1803,-1,1805,1803,1804,-1,1859,1764,1858,-1,1858,1764,1765,-1,1858,1765,1857,-1,1857,1765,1766,-1,
  1857,1766,1856,-1,1862,1762,1861,-1,1861,1762,1763,-1,1861,1763,1860,-1,1860,1763,1764,-1,1860,1764,1859,-1,1762,1754,1761,-1,1761,1754,1755,-1,
  1761,1755,1760,-1,1760,1755,1756,-1,1760,1756,1759,-1,1759,1756,1757,-1,1759,1757,1758,-1,1876,1877,1928,-1,1928,1877,1878,-1,1928,1878,1926,-1,
  1926,1878,1879,-1,1926,1879,1925,-1,1925,1879,1880,-1,1925,1880,1924,-1,1924,1880,1881,-1,1924,1881,1923,-1,1923,1881,1882,-1,1923,1882,1922,-1,
  1922,1882,1883,-1,1922,1883,1921,-1,1921,1883,1884,-1,1921,1884,1920,-1,1920,1884,1919,-1,1919,1895,1918,-1,1918,1895,1896,-1,1918,1896,1917,-1,
  1917,1896,1907,-1,1917,1907,1916,-1,1916,1907,1908,-1,1916,1908,1915,-1,1915,1908,1909,-1,1915,1909,1914,-1,1914,1909,1910,-1,1914,1910,1913,-1,
  1913,1910,1911,-1,1913,1911,1912,-1,1919,1884,1895,-1,1895,1884,1885,-1,1895,1885,1894,-1,1894,1885,1886,-1,1894,1886,1893,-1,1893,1886,1887,-1,
  1893,1887,1892,-1,1892,1887,1888,-1,1892,1888,1891,-1,1891,1888,1889,-1,1891,1889,1890,-1,1974,1957,1941,-1,1941,1957,1864,-1,1941,1864,1940,-1,
  1940,1864,1865,-1,1940,1865,1939,-1,1939,1865,1866,-1,1939,1866,1938,-1,1938,1866,1867,-1,1938,1867,1937,-1,1937,1867,1868,-1,1937,1868,1936,-1,
  1936,1868,1869,-1,1936,1869,1935,-1,1935,1869,1870,-1,1935,1870,1934,-1,1934,1870,1871,-1,1934,1871,1933,-1,1933,1871,1872,-1,1933,1872,1932,-1,
  1932,1872,1873,-1,1932,1873,1931,-1,1931,1873,1874,-1,1931,1874,1930,-1,1930,1874,1875,-1,1930,1875,1929,-1,1929,1875,1876,-1,1929,1876,1928,-1,
  1901,1903,1900,-1,1900,1903,1904,-1,1900,1904,1899,-1,1899,1904,1905,-1,1899,1905,1898,-1,1898,1905,1906,-1,1898,1906,1897,-1,1897,1906,1907,-1,
  1897,1907,1896,-1,1966,1945,1952,-1,1952,1945,1946,-1,1952,1946,1951,-1,1951,1946,1947,-1,1951,1947,1950,-1,1950,1947,1948,-1,1950,1948,1949,-1,
  1961,1962,1954,-1,1954,1962,1963,-1,1954,1963,1953,-1,1953,1963,1964,-1,1953,1964,1952,-1,1952,1964,1965,-1,1952,1965,1966,-1,1958,1959,1956,-1,
  1956,1959,1960,-1,1956,1960,1955,-1,1955,1960,1961,-1,1955,1961,1954,-1,1956,1864,1957,-1,1956,1957,1958,-1,1966,1967,1945,-1,1945,1967,1968,-1,
  1945,1968,1944,-1,1944,1968,1969,-1,1944,1969,1943,-1,1943,1969,1970,-1,1943,1970,1971,-1,1943,1971,1942,-1,1942,1971,1972,-1,1942,1972,1941,-1,
  1941,1972,1973,-1,1941,1973,1974,-1,1998,1999,2001,-1,1998,2001,2005,-1,1998,2005,2006,-1,1998,2006,2007,-1,1998,2007,1996,-1,1998,1996,1997,-1,
  2008,2009,1996,-1,1996,2009,2010,-1,1996,2010,1995,-1,1995,2010,2011,-1,1995,2011,1994,-1,1994,2011,2012,-1,1994,2012,1987,-1,1987,2012,2013,-1,
  1987,2013,2014,-1,1994,1988,1993,-1,1993,1988,1989,-1,1993,1989,1992,-1,1992,1989,1990,-1,1992,1990,1991,-1,1987,2014,1986,-1,1986,2014,2015,-1,
  1986,2015,1985,-1,1985,2015,2016,-1,1985,2016,2017,-1,1985,2017,1984,-1,1984,2017,2018,-1,1984,2018,1983,-1,1983,2018,2019,-1,1983,2019,2020,-1,
  2020,2003,1983,-1,1983,2003,1975,-1,1983,1975,1982,-1,1982,1975,1976,-1,1982,1976,1981,-1,1981,1976,1977,-1,1981,1977,1980,-1,1980,1977,1978,-1,
  1980,1978,1979,-1,2002,1975,2003,-1,2002,2003,2004,-1,2002,2004,2005,-1,2002,2005,2001,-1,1994,1987,1988,-1,2001,1999,2000,-1,1996,2007,2008,-1,
  1903,1901,1902,-1,1928,1926,1927,-1,1863,1762,1862,-1,1783,1781,1782,-1,1771,1769,1770,-1,1334,1285,1286,-1,1274,1272,1273,-1,1208,1206,1207,-1,
  1226,1224,1225,-1,1244,1242,1243,-1,1246,1244,1245,-1,1210,1208,1209,-1,1248,1249,1247,-1,1212,1213,1211,-1,1255,1218,1219,-1,1162,1160,1161,-1,
  1495,1493,1494,-1,1410,1456,1429,-1,942,1462,1463,-1,1613,1611,1612,-1,1628,850,1627,-1,1578,1576,1577,-1,1597,1595,1596,-1,366,670,671,-1,
  483,481,482,-1,763,636,762,-1,771,1305,770,-1,491,310,311,-1,684,682,683,-1,520,518,519,-1,538,536,537,-1,557,555,556,-1,
  787,785,786,-1,269,267,268,-1,286,269,270,-1,225,223,224,-1,1031,1029,1030,-1,1050,1048,1049,-1,1066,1064,1065,-1,1113,1111,1112,-1,
  1115,1113,1114,-1,1117,1118,1116,-1,71,69,70,-1,51,49,50,-1,31,29,30,-1,11,9,10,-1]
  normalPerVertex TRUE
  normal DEF NORM_313 Normal { vector [
  0 0 1,0 0 1,
  0 0 1,0 0 1,
  0 0 1,0 0 1,
  0 0 1,0 0 1,
  0 0 1,0 0 1,
  0 0 1,0 0 1,
  0 0 1,0 0 1,
  0 0 1,0 0 1,
  0 0 1,0 0 1,
  0 0 1,0 0 1,
  0 0 1,0 0 1,
  0 0 1,0 0 1,
  0 0 1,0 0 1,
  0 0 1,0 0 1,
  0 0 1,0 0 1,
  0 0 1,0 0 1,
  0 0 1,0 0 1,
  0 0 1,0 0 1,
  0 0 1,0 0 1,
  0 0 1,0 0 1,
  0 0 1,0 0 1,
  0 0 1,0 0 1,
  0 0 1,0 0 1,
  0 0 1,0 0 1,
  0 0 1,0 0 1,
  0 0 1,0 0 1,
  0 0 1,0 0 1,
  0 0 1,0 0 1,
  0 0 1,0 0 1,
  0 0 1,0 0 1,
  0 0 1,0 0 1,
  0 0 1,0 0 1,
  0 0 1,0 0 1,
  0 0 1,0 0 1,
  0 0 1,0 0 1,
  0 0 1,0 0 1,
  0 0 1,0 0 1,
  0 0 1,0 0 1,
  0 0 1,0 0 1,
  0 0 1,0 0 1,
  0 0 1,0 0 1,
  0 0 1,0 0 1,
  0 0 1,0 0 1,
  0 0 1,0 0 1,
  0 0 1,0 0 1,
  0 0 1,0 0 1,
  0 0 1,0 0 1,
  0 0 1,0 0 1,
  0 0 1,0 0 1,
  0 0 1,0 0 1,
  0 0 1,0 0 1,
  0 0 1,0 0 1,
  0 0 1,0 0 1,
  0 0 1,0 0 1,
  0 0 1,0 0 1,
  0 0 1,0 0 1,
  0 0 1,0 0 1,
  0 0 1,0 0 1,
  0 0 1,0 0 1,
  0 0 1,0 0 1,
  0 0 1,0 0 1,
  0 0 1,0 0 1,
  0 0 1,0 0 1,
  0 0 1,0 0 1,
  0 0 1,0 0 1,
  0 0 1,0 0 1,
  0 0 1,0 0 1,
  0 0 1,0 0 1,
  0 0 1,0 0 1,
  0 0 1,0 0 1,
  0 0 1,0 0 1,
  0 0 1,0 0 1,
  0 0 1,0 0 1,
  0 0 1,0 0 1,
  0 0 1,0 0 1,
  0 0 1,0 0 1,
  0 0 1,0 0 1,
  0 0 1,0 0 1,
  0 0 1,0 0 1,
  0 0 1,0 0 1,
  0 0 1,0 0 1,
  0 0 1,0 0 1,
  0 0 1,0 0 1,
  0 0 1,0 0 1,
  0 0 1,0 0 1,
  0 0 1,0 0 1,
  0 0 1,0 0 1,
  0 0 1,0 0 1,
  0 0 1,0 0 1,
  0 0 1,0 0 1,
  0 0 1,0 0 1,
  0 0 1,0 0 1,
  0 0 1,0 0 1,
  0 0 1,0 0 1,
  0 0 1,0 0 1,
  0 0 1,0 0 1,
  0 0 1,0 0 1,
  0 0 1,0 0 1,
  0 0 1,0 0 1,
  0 0 1,0 0 1,
  0 0 1,0 0 1,
  0 0 1,0 0 1,
  0 0 1,0 0 1,
  0 0 1,0 0 1,
  0 0 1,0 0 1,
  0 0 1,0 0 1,
  0 0 1,0 0 1,
  0 0 1,0 0 1,
  0 0 1,0 0 1,
  0 0 1,0 0 1,
  0 0 1,0 0 1,
  0 0 1,0 0 1,
  0 0 1,0 0 1,
  0 0 1,0 0 1,
  0 0 1,0 0 1,
  0 0 1,0 0 1,
  0 0 1,0 0 1,
  0 0 1,0 0 1,
  0 0 1,0 0 1,
  0 0 1,0 0 1,
  0 0 1,0 0 1,
  0 0 1,0 0 1,
  0 0 1,0 0 1,
  0 0 1,0 0 1,
  0 0 1,0 0 1,
  0 0 1,0 0 1,
  0 0 1,0 0 1,
  0 0 1,0 0 1,
  0 0 1,0 0 1,
  0 0 1,0 0 1,
  0 0 1,0 0 1,
  0 0 1,0 0 1,
  0 0 1,0 0 1,
  0 0 1,0 0 1,
  0 0 1,0 0 1,
  0 0 1,0 0 1,
  0 0 1,0 0 1,
  0 0 1,0 0 1,
  0 0 1,0 0 1,
  0 0 1,0 0 1,
  0 0 1,0 0 1,
  0 0 1,0 0 1,
  0 0 1,0 0 1,
  0 0 1,0 0 1,
  0 0 1,0 0 1,
  0 0 1,0 0 1,
  0 0 1,0 0 1,
  0 0 1,0 0 1,
  0 0 1,0 0 1,
  0 0 1,0 0 1,
  0 0 1,0 0 1,
  0 0 1,0 0 1,
  0 0 1,0 0 1,
  0 0 1,0 0 1,
  0 0 1,0 0 1,
  0 0 1,0 0 1,
  0 0 1,0 0 1,
  0 0 1,0 0 1,
  0 0 1,0 0 1,
  0 0 1,0 0 1,
  0 0 1,0 0 1,
  0 0 1,0 0 1,
  0 0 1,0 0 1,
  0 0 1,0 0 1,
  0 0 1,0 0 1,
  0 0 1,0 0 1,
  0 0 1,0 0 1,
  0 0 1,0 0 1,
  0 0 1,0 0 1,
  0 0 1,0 0 1,
  0 0 1,0 0 1,
  0 0 1,0 0 1,
  0 0 1,0 0 1,
  0 0 1,0 0 1,
  0 0 1,0 0 1,
  0 0 1,0 0 1,
  0 0 1,0 0 1,
  0 0 1,0 0 1,
  0 0 1,0 0 1,
  0 0 1,0 0 1,
  0 0 1,0 0 1,
  0 0 1,0 0 1,
  0 0 1,0 0 1,
  0 0 1,0 0 1,
  0 0 1,0 0 1,
  0 0 1,0 0 1,
  0 0 1,0 0 1,
  0 0 1,0 0 1,
  0 0 1,0 0 1,
  0 0 1,0 0 1,
  0 0 1,0 0 1,
  0 0 1,0 0 1,
  0 0 1,0 0 1,
  0 0 1,0 0 1,
  0 0 1,0 0 1,
  0 0 1,0 0 1,
  0 0 1,0 0 1,
  0 0 1,0 0 1,
  0 0 1,0 0 1,
  0 0 1,0 0 1,
  0 0 1,0 0 1,
  0 0 1,0 0 1,
  0 0 1,0 0 1,
  0 0 1,0 0 1,
  0 0 1,0 0 1,
  0 0 1,0 0 1,
  0 0 1,0 0 1,
  0 0 1,0 0 1,
  0 0 1,0 0 1,
  0 0 1,0 0 1,
  0 0 1,0 0 1,
  0 0 1,0 0 1,
  0 0 1,0 0 1,
  0 0 1,0 0 1,
  0 0 1,0 0 1,
  0 0 1,0 0 1,
  0 0 1,0 0 1,
  0 0 1,0 0 1,
  0 0 1,0 0 1,
  0 0 1,0 0 1,
  0 0 1,0 0 1,
  0 0 1,0 0 1,
  0 0 1,0 0 1,
  0 0 1,0 0 1,
  0 0 1,0 0 1,
  0 0 1,0 0 1,
  0 0 1,0 0 1,
  0 0 1,0 0 1,
  0 0 1,0 0 1,
  0 0 1,0 0 1,
  0 0 1,0 0 1,
  0 0 1,0 0 1,
  0 0 1,0 0 1,
  0 0 1,0 0 1,
  0 0 1,0 0 1,
  0 0 1,0 0 1,
  0 0 1,0 0 1,
  0 0 1,0 0 1,
  0 0 1,0 0 1,
  0 0 1,0 0 1,
  0 0 1,0 0 1,
  0 0 1,0 0 1,
  0 0 1,0 0 1,
  0 0 1,0 0 1,
  0 0 1,0 0 1,
  0 0 1,0 0 1,
  0 0 1,0 0 1,
  0 0 1,0 0 1,
  0 0 1,0 0 1,
  0 0 1,0 0 1,
  0 0 1,0 0 1,
  0 0 1,0 0 1,
  0 0 1,0 0 1,
  0 0 1,0 0 1,
  0 0 1,0 0 1,
  0 0 1,0 0 1,
  0 0 1,0 0 1,
  0 0 1,0 0 1,
  0 0 1,0 0 1,
  0 0 1,0 0 1,
  0 0 1,0 0 1,
  0 0 1,0 0 1,
  0 0 1,0 0 1,
  0 0 1,0 0 1,
  0 0 1,0 0 1,
  0 0 1,0 0 1,
  0 0 1,0 0 1,
  0 0 1,0 0 1,
  0 0 1,0 0 1,
  0 0 1,0 0 1,
  0 0 1,0 0 1,
  0 0 1,0 0 1,
  0 0 1,0 0 1,
  0 0 1,0 0 1,
  0 0 1,0 0 1,
  0 0 1,0 0 1,
  0 0 1,0 0 1,
  0 0 1,0 0 1,
  0 0 1,0 0 1,
  0 0 1,0 0 1,
  0 0 1,0 0 1,
  0 0 1,0 0 1,
  0 0 1,0 0 1,
  0 0 1,0 0 1,
  0 0 1,0 0 1,
  0 0 1,0 0 1,
  0 0 1,0 0 1,
  0 0 1,0 0 1,
  0 0 1,0 0 1,
  0 0 1,0 0 1,
  0 0 1,0 0 1,
  0 0 1,0 0 1,
  0 0 1,0 0 1,
  0 0 1,0 0 1,
  0 0 1,0 0 1,
  0 0 1,0 0 1,
  0 0 1,0 0 1,
  0 0 1,0 0 1,
  0 0 1,0 0 1,
  0 0 1,0 0 1,
  0 0 1,0 0 1,
  0 0 1,0 0 1,
  0 0 1,0 0 1,
  0 0 1,0 0 1,
  0 0 1,0 0 1,
  0 0 1,0 0 1,
  0 0 1,0 0 1,
  0 0 1,0 0 1,
  0 0 1,0 0 1,
  0 0 1,0 0 1,
  0 0 1,0 0 1,
  0 0 1,0 0 1,
  0 0 1,0 0 1,
  0 0 1,0 0 1,
  0 0 1,0 0 1,
  0 0 1,0 0 1,
  0 0 1,0 0 1,
  0 0 1,0 0 1,
  0 0 1,0 0 1,
  0 0 1,0 0 1,
  0 0 1,0 0 1,
  0 0 1,0 0 1,
  0 0 1,0 0 1,
  0 0 1,0 0 1,
  0 0 1,0 0 1,
  0 0 1,0 0 1,
  0 0 1,0 0 1,
  0 0 1,0 0 1,
  0 0 1,0 0 1,
  0 0 1,0 0 1,
  0 0 1,0 0 1,
  0 0 1,0 0 1,
  0 0 1,0 0 1,
  0 0 1,0 0 1,
  0 0 1,0 0 1,
  0 0 1,0 0 1,
  0 0 1,0 0 1,
  0 0 1,0 0 1,
  0 0 1,0 0 1,
  0 0 1,0 0 1,
  0 0 1,0 0 1,
  0 0 1,0 0 1,
  0 0 1,0 0 1,
  0 0 1,0 0 1,
  0 0 1,0 0 1,
  0 0 1,0 0 1,
  0 0 1,0 0 1,
  0 0 1,0 0 1,
  0 0 1,0 0 1,
  0 0 1,0 0 1,
  0 0 1,0 0 1,
  0 0 1,0 0 1,
  0 0 1,0 0 1,
  0 0 1,0 0 1,
  0 0 1,0 0 1,
  0 0 1,0 0 1,
  0 0 1,0 0 1,
  0 0 1,0 0 1,
  0 0 1,0 0 1,
  0 0 1,0 0 1,
  0 0 1,0 0 1,
  0 0 1,0 0 1,
  0 0 1,0 0 1,
  0 0 1,0 0 1,
  0 0 1,0 0 1,
  0 0 1,0 0 1,
  0 0 1,0 0 1,
  0 0 1,0 0 1,
  0 0 1,0 0 1,
  0 0 1,0 0 1,
  0 0 1,0 0 1,
  0 0 1,0 0 1,
  0 0 1,0 0 1,
  0 0 1,0 0 1,
  0 0 1,0 0 1,
  0 0 1,0 0 1,
  0 0 1,0 0 1,
  0 0 1,0 0 1,
  0 0 1,0 0 1,
  0 0 1,0 0 1,
  0 0 1,0 0 1,
  0 0 1,0 0 1,
  0 0 1,0 0 1,
  0 0 1,0 0 1,
  0 0 1,0 0 1,
  0 0 1,0 0 1,
  0 0 1,0 0 1,
  0 0 1,0 0 1,
  0 0 1,0 0 1,
  0 0 1,0 0 1,
  0 0 1,0 0 1,
  0 0 1,0 0 1,
  0 0 1,0 0 1,
  0 0 1,0 0 1,
  0 0 1,0 0 1,
  0 0 1,0 0 1,
  0 0 1,0 0 1,
  0 0 1,0 0 1,
  0 0 1,0 0 1,
  0 0 1,0 0 1,
  0 0 1,0 0 1,
  0 0 1,0 0 1,
  0 0 1,0 0 1,
  0 0 1,0 0 1,
  0 0 1,0 0 1,
  0 0 1,0 0 1,
  0 0 1,0 0 1,
  0 0 1,0 0 1,
  0 0 1,0 0 1,
  0 0 1,0 0 1,
  0 0 1,0 0 1,
  0 0 1,0 0 1,
  0 0 1,0 0 1,
  0 0 1,0 0 1,
  0 0 1,0 0 1,
  0 0 1,0 0 1,
  0 0 1,0 0 1,
  0 0 1,0 0 1,
  0 0 1,0 0 1,
  0 0 1,0 0 1,
  0 0 1,0 0 1,
  0 0 1,0 0 1,
  0 0 1,0 0 1,
  0 0 1,0 0 1,
  0 0 1,0 0 1,
  0 0 1,0 0 1,
  0 0 1,0 0 1,
  0 0 1,0 0 1,
  0 0 1,0 0 1,
  0 0 1,0 0 1,
  0 0 1,0 0 1,
  0 0 1,0 0 1,
  0 0 1,0 0 1,
  0 0 1,0 0 1,
  0 0 1,0 0 1,
  0 0 1,0 0 1,
  0 0 1,0 0 1,
  0 0 1,0 0 1,
  0 0 1,0 0 1,
  0 0 1,0 0 1,
  0 0 1,0 0 1,
  0 0 1,0 0 1,
  0 0 1,0 0 1,
  0 0 1,0 0 1,
  0 0 1,0 0 1,
  0 0 1,0 0 1,
  0 0 1,0 0 1,
  0 0 1,0 0 1,
  0 0 1,0 0 1,
  0 0 1,0 0 1,
  0 0 1,0 0 1,
  0 0 1,0 0 1,
  0 0 1,0 0 1,
  0 0 1,0 0 1,
  0 0 1,0 0 1,
  0 0 1,0 0 1,
  0 0 1,0 0 1,
  0 0 1,0 0 1,
  0 0 1,0 0 1,
  0 0 1,0 0 1,
  0 0 1,0 0 1,
  0 0 1,0 0 1,
  0 0 1,0 0 1,
  0 0 1,0 0 1,
  0 0 1,0 0 1,
  0 0 1,0 0 1,
  0 0 1,0 0 1,
  0 0 1,0 0 1,
  0 0 1,0 0 1,
  0 0 1,0 0 1,
  0 0 1,0 0 1,
  0 0 1,0 0 1,
  0 0 1,0 0 1,
  0 0 1,0 0 1,
  0 0 1,0 0 1,
  0 0 1,0 0 1,
  0 0 1,0 0 1,
  0 0 1,0 0 1,
  0 0 1,0 0 1,
  0 0 1,0 0 1,
  0 0 1,0 0 1,
  0 0 1,0 0 1,
  0 0 1,0 0 1,
  0 0 1,0 0 1,
  0 0 1,0 0 1,
  0 0 1,0 0 1,
  0 0 1,0 0 1,
  0 0 1,0 0 1,
  0 0 1,0 0 1,
  0 0 1,0 0 1,
  0 0 1,0 0 1,
  0 0 1,0 0 1,
  0 0 1,0 0 1,
  0 0 1,0 0 1,
  0 0 1,0 0 1,
  0 0 1,0 0 1,
  0 0 1,0 0 1,
  0 0 1,0 0 1,
  0 0 1,0 0 1,
  0 0 1,0 0 1,
  0 0 1,0 0 1,
  0 0 1,0 0 1,
  0 0 1,0 0 1,
  0 0 1,0 0 1,
  0 0 1,0 0 1,
  0 0 1,0 0 1,
  0 0 1,0 0 1,
  0 0 1,0 0 1,
  0 0 1,0 0 1,
  0 0 1,0 0 1,
  0 0 1,0 0 1,
  0 0 1,0 0 1,
  0 0 1,0 0 1,
  0 0 1,0 0 1,
  0 0 1,0 0 1,
  0 0 1,0 0 1,
  0 0 1,0 0 1,
  0 0 1,0 0 1,
  0 0 1,0 0 1,
  0 0 1,0 0 1,
  0 0 1,0 0 1,
  0 0 1,0 0 1,
  0 0 1,0 0 1,
  0 0 1,0 0 1,
  0 0 1,0 0 1,
  0 0 1,0 0 1,
  0 0 1,0 0 1,
  0 0 1,0 0 1,
  0 0 1,0 0 1,
  0 0 1,0 0 1,
  0 0 1,0 0 1,
  0 0 1,0 0 1,
  0 0 1,0 0 1,
  0 0 1,0 0 1,
  0 0 1,0 0 1,
  0 0 1,0 0 1,
  0 0 1,0 0 1,
  0 0 1,0 0 1,
  0 0 1,0 0 1,
  0 0 1,0 0 1,
  0 0 1,0 0 1,
  0 0 1,0 0 1,
  0 0 1,0 0 1,
  0 0 1,0 0 1,
  0 0 1,0 0 1,
  0 0 1,0 0 1,
  0 0 1,0 0 1,
  0 0 1,0 0 1,
  0 0 1,0 0 1,
  0 0 1,0 0 1,
  0 0 1,0 0 1,
  0 0 1,0 0 1,
  0 0 1,0 0 1,
  0 0 1,0 0 1,
  0 0 1,0 0 1,
  0 0 1,0 0 1,
  0 0 1,0 0 1,
  0 0 1,0 0 1,
  0 0 1,0 0 1,
  0 0 1,0 0 1,
  0 0 1,0 0 1,
  0 0 1,0 0 1,
  0 0 1,0 0 1,
  0 0 1,0 0 1,
  0 0 1,0 0 1,
  0 0 1,0 0 1,
  0 0 1,0 0 1,
  0 0 1,0 0 1,
  0 0 1,0 0 1,
  0 0 1,0 0 1,
  0 0 1,0 0 1,
  0 0 1,0 0 1,
  0 0 1,0 0 1,
  0 0 1,0 0 1,
  0 0 1,0 0 1,
  0 0 1,0 0 1,
  0 0 1,0 0 1,
  0 0 1,0 0 1,
  0 0 1,0 0 1,
  0 0 1,0 0 1,
  0 0 1,0 0 1,
  0 0 1,0 0 1,
  0 0 1,0 0 1,
  0 0 1,0 0 1,
  0 0 1,0 0 1,
  0 0 1,0 0 1,
  0 0 1,0 0 1,
  0 0 1,0 0 1,
  0 0 1,0 0 1,
  0 0 1,0 0 1,
  0 0 1,0 0 1,
  0 0 1,0 0 1,
  0 0 1,0 0 1,
  0 0 1,0 0 1,
  0 0 1,0 0 1,
  0 0 1,0 0 1,
  0 0 1,0 0 1,
  0 0 1,0 0 1,
  0 0 1,0 0 1,
  0 0 1,0 0 1,
  0 0 1,0 0 1,
  0 0 1,0 0 1,
  0 0 1,0 0 1,
  0 0 1,0 0 1,
  0 0 1,0 0 1,
  0 0 1,0 0 1,
  0 0 1,0 0 1,
  0 0 1,0 0 1,
  0 0 1,0 0 1,
  0 0 1,0 0 1,
  0 0 1,0 0 1,
  0 0 1,0 0 1,
  0 0 1,0 0 1,
  0 0 1,0 0 1,
  0 0 1,0 0 1,
  0 0 1,0 0 1,
  0 0 1,0 0 1,
  0 0 1,0 0 1,
  0 0 1,0 0 1,
  0 0 1,0 0 1,
  0 0 1,0 0 1,
  0 0 1,0 0 1,
  0 0 1,0 0 1,
  0 0 1,0 0 1,
  0 0 1,0 0 1,
  0 0 1,0 0 1,
  0 0 1,0 0 1,
  0 0 1,0 0 1,
  0 0 1,0 0 1,
  0 0 1,0 0 1,
  0 0 1,0 0 1,
  0 0 1,0 0 1,
  0 0 1,0 0 1,
  0 0 1,0 0 1,
  0 0 1,0 0 1,
  0 0 1,0 0 1,
  0 0 1,0 0 1,
  0 0 1,0 0 1,
  0 0 1,0 0 1,
  0 0 1,0 0 1,
  0 0 1,0 0 1,
  0 0 1,0 0 1,
  0 0 1,0 0 1,
  0 0 1,0 0 1,
  0 0 1,0 0 1,
  0 0 1,0 0 1,
  0 0 1,0 0 1,
  0 0 1,0 0 1,
  0 0 1,0 0 1,
  0 0 1,0 0 1,
  0 0 1,0 0 1,
  0 0 1,0 0 1,
  0 0 1,0 0 1,
  0 0 1,0 0 1,
  0 0 1,0 0 1,
  0 0 1,0 0 1,
  0 0 1,0 0 1,
  0 0 1,0 0 1,
  0 0 1,0 0 1,
  0 0 1,0 0 1,
  0 0 1,0 0 1,
  0 0 1,0 0 1,
  0 0 1,0 0 1,
  0 0 1,0 0 1,
  0 0 1,0 0 1,
  0 0 1,0 0 1,
  0 0 1,0 0 1,
  0 0 1,0 0 1,
  0 0 1,0 0 1,
  0 0 1,0 0 1,
  0 0 1,0 0 1,
  0 0 1,0 0 1,
  0 0 1,0 0 1,
  0 0 1,0 0 1,
  0 0 1,0 0 1,
  0 0 1,0 0 1,
  0 0 1,0 0 1,
  0 0 1,0 0 1,
  0 0 1,0 0 1,
  0 0 1,0 0 1,
  0 0 1,0 0 1,
  0 0 1,0 0 1,
  0 0 1,0 0 1,
  0 0 1,0 0 1,
  0 0 1,0 0 1,
  0 0 1,0 0 1,
  0 0 1,0 0 1,
  0 0 1,0 0 1,
  0 0 1,0 0 1,
  0 0 1,0 0 1,
  0 0 1,0 0 1,
  0 0 1,0 0 1,
  0 0 1,0 0 1,
  0 0 1,0 0 1,
  0 0 1,0 0 1,
  0 0 1,0 0 1,
  0 0 1,0 0 1,
  0 0 1,0 0 1,
  0 0 1,0 0 1,
  0 0 1,0 0 1,
  0 0 1,0 0 1,
  0 0 1,0 0 1,
  0 0 1,0 0 1,
  0 0 1,0 0 1,
  0 0 1,0 0 1,
  0 0 1,0 0 1,
  0 0 1,0 0 1,
  0 0 1,0 0 1,
  0 0 1,0 0 1,
  0 0 1,0 0 1,
  0 0 1,0 0 1,
  0 0 1,0 0 1,
  0 0 1,0 0 1,
  0 0 1,0 0 1,
  0 0 1,0 0 1,
  0 0 1,0 0 1,
  0 0 1,0 0 1,
  0 0 1,0 0 1,
  0 0 1,0 0 1,
  0 0 1,0 0 1,
  0 0 1,0 0 1,
  0 0 1,0 0 1,
  0 0 1,0 0 1,
  0 0 1,0 0 1,
  0 0 1,0 0 1,
  0 0 1,0 0 1,
  0 0 1,0 0 1,
  0 0 1,0 0 1,
  0 0 1,0 0 1,
  0 0 1,0 0 1,
  0 0 1,0 0 1,
  0 0 1,0 0 1,
  0 0 1,0 0 1,
  0 0 1,0 0 1,
  0 0 1,0 0 1,
  0 0 1,0 0 1,
  0 0 1,0 0 1,
  0 0 1,0 0 1,
  0 0 1,0 0 1,
  0 0 1,0 0 1,
  0 0 1,0 0 1,
  0 0 1,0 0 1,
  0 0 1,0 0 1,
  0 0 1,0 0 1,
  0 0 1,0 0 1,
  0 0 1,0 0 1,
  0 0 1,0 0 1,
  0 0 1,0 0 1,
  0 0 1,0 0 1,
  0 0 1,0 0 1,
  0 0 1,0 0 1,
  0 0 1,0 0 1,
  0 0 1,0 0 1,
  0 0 1,0 0 1,
  0 0 1,0 0 1,
  0 0 1,0 0 1,
  0 0 1,0 0 1,
  0 0 1,0 0 1,
  0 0 1,0 0 1,
  0 0 1,0 0 1,
  0 0 1,0 0 1,
  0 0 1,0 0 1,
  0 0 1,0 0 1,
  0 0 1,0 0 1,
  0 0 1,0 0 1,
  0 0 1,0 0 1,
  0 0 1,0 0 1,
  0 0 1,0 0 1,
  0 0 1,0 0 1,
  0 0 1,0 0 1,
  0 0 1,0 0 1,
  0 0 1,0 0 1,
  0 0 1,0 0 1,
  0 0 1,0 0 1,
  0 0 1,0 0 1,
  0 0 1,0 0 1,
  0 0 1,0 0 1,
  0 0 1,0 0 1,
  0 0 1,0 0 1,
  0 0 1,0 0 1,
  0 0 1,0 0 1,
  0 0 1,0 0 1,
  0 0 1,0 0 1,
  0 0 1,0 0 1,
  0 0 1,0 0 1,
  0 0 1,0 0 1,
  0 0 1,0 0 1,
  0 0 1,0 0 1,
  0 0 1,0 0 1,
  0 0 1,0 0 1,
  0 0 1,0 0 1,
  0 0 1,0 0 1,
  0 0 1,0 0 1,
  0 0 1,0 0 1,
  0 0 1,0 0 1,
  0 0 1,0 0 1,
  0 0 1,0 0 1,
  0 0 1,0 0 1,
  0 0 1,0 0 1,
  0 0 1,0 0 1,
  0 0 1,0 0 1,
  0 0 1,0 0 1,
  0 0 1,0 0 1,
  0 0 1,0 0 1,
  0 0 1,0 0 1,
  0 0 1,0 0 1,
  0 0 1,0 0 1,
  0 0 1,0 0 1,
  0 0 1,0 0 1,
  0 0 1,0 0 1,
  0 0 1,0 0 1,
  0 0 1,0 0 1,
  0 0 1,0 0 1,
  0 0 1,0 0 1,
  0 0 1,0 0 1,
  0 0 1,0 0 1,
  0 0 1,0 0 1,
  0 0 1,0 0 1,
  0 0 1,0 0 1,
  0 0 1,0 0 1,
  0 0 1,0 0 1,
  0 0 1,0 0 1,
  0 0 1,0 0 1,
  0 0 1,0 0 1,
  0 0 1,0 0 1,
  0 0 1,0 0 1,
  0 0 1,0 0 1,
  0 0 1,0 0 1,
  0 0 1,0 0 1,
  0 0 1,0 0 1,
  0 0 1,0 0 1,
  0 0 1,0 0 1,
  0 0 1,0 0 1,
  0 0 1,0 0 1,
  0 0 1,0 0 1,
  0 0 1,0 0 1,
  0 0 1,0 0 1,
  0 0 1,0 0 1,
  0 0 1,0 0 1,
  0 0 1,0 0 1,
  0 0 1,0 0 1,
  0 0 1,0 0 1,
  0 0 1,0 0 1,
  0 0 1,0 0 1,
  0 0 1,0 0 1,
  0 0 1,0 0 1,
  0 0 1,0 0 1,
  0 0 1,0 0 1,
  0 0 1,0 0 1,
  0 0 1,0 0 1,
  0 0 1,0 0 1,
  0 0 1,0 0 1,
  0 0 1,0 0 1,
  0 0 1,0 0 1,
  0 0 1,0 0 1,
  0 0 1,0 0 1,
  0 0 1,0 0 1,
  0 0 1,0 0 1,
  0 0 1,0 0 1,
  0 0 1,0 0 1,
  0 0 1,0 0 1,
  0 0 1,0 0 1,
  0 0 1,0 0 1,
  0 0 1,0 0 1,
  0 0 1,0 0 1,
  0 0 1,0 0 1,
  0 0 1,0 0 1,
  0 0 1,0 0 1,
  0 0 1,0 0 1,
  0 0 1,0 0 1,
  0 0 1,0 0 1,
  0 0 1,0 0 1,
  0 0 1,0 0 1,
  0 0 1,0 0 1,
  0 0 1,0 0 1,
  0 0 1,0 0 1,
  0 0 1,0 0 1,
  0 0 1,0 0 1,
  0 0 1,0 0 1,
  0 0 1,0 0 1,
  0 0 1,0 0 1,
  0 0 1,0 0 1,
  0 0 1,0 0 1,
  0 0 1,0 0 1,
  0 0 1,0 0 1,
  0 0 1,0 0 1,
  0 0 1,0 0 1,
  0 0 1,0 0 1,
  0 0 1,0 0 1,
  0 0 1,0 0 1,
  0 0 1,0 0 1,
  0 0 1,0 0 1,
  0 0 1,0 0 1,
  0 0 1,0 0 1,
  0 0 1,0 0 1,
  0 0 1,0 0 1,
  0 0 1,0 0 1,
  0 0 1,0 0 1,
  0 0 1,0 0 1,
  0 0 1,0 0 1,
  0 0 1,0 0 1,
  0 0 1,0 0 1,
  0 0 1,0 0 1,
  0 0 1,0 0 1,
  0 0 1,0 0 1,
  0 0 1,0 0 1,
  0 0 1,0 0 1,
  0 0 1,0 0 1,
  0 0 1,0 0 1,
  0 0 1,0 0 1,
  0 0 1,0 0 1,
  0 0 1,0 0 1,
  0 0 1,0 0 1,
  0 0 1,0 0 1,
  0 0 1,0 0 1,
  0 0 1,0 0 1,
  0 0 1,0 0 1,
  0 0 1,0 0 1,
  0 0 1,0 0 1,
  0 0 1,0 0 1,
  0 0 1,0 0 1,
  0 0 1,0 0 1,
  0 0 1,0 0 1,
  0 0 1,0 0 1,
  0 0 1,0 0 1,
  0 0 1,0 0 1,
  0 0 1,0 0 1,
  0 0 1,0 0 1,
  0 0 1,0 0 1,
  0 0 1,0 0 1,
  0 0 1,0 0 1,
  0 0 1,0 0 1,
  0 0 1,0 0 1,
  0 0 1,0 0 1,
  0 0 1,0 0 1,
  0 0 1,0 0 1,
  0 0 1,0 0 1,
  0 0 1,0 0 1,
  0 0 1,0 0 1,
  0 0 1,0 0 1,
  0 0 1,0 0 1,
  0 0 1,0 0 1,
  0 0 1,0 0 1,
  0 0 1,0 0 1,
  0 0 1,0 0 1,
  0 0 1,0 0 1,
  0 0 1,0 0 1,
  0 0 1,0 0 1,
  0 0 1,0 0 1,
  0 0 1,0 0 1,
  0 0 1,0 0 1,
  0 0 1,0 0 1,
  0 0 1,0 0 1,
  0 0 1,0 0 1,
  0 0 1,0 0 1,
  0 0 1,0 0 1,
  0 0 1,0 0 1,
  0 0 1,0 0 1,
  0 0 1,0 0 1,
  0 0 1,0 0 1,
  0 0 1,0 0 1,
  0 0 1,0 0 1,
  0 0 1,0 0 1,
  0 0 1,0 0 1,
  0 0 1,0 0 1,
  0 0 1,0 0 1,
  0 0 1,0 0 1,
  0 0 1,0 0 1,
  0 0 1,0 0 1,
  0 0 1,0 0 1,
  0 0 1,0 0 1,
  0 0 1,0 0 1,
  0 0 1,0 0 1,
  0 0 1,0 0 1,
  0 0 1,0 0 1,
  0 0 1,0 0 1,
  0 0 1,0 0 1,
  0 0 1,0 0 1,
  0 0 1,0 0 1,
  0 0 1,0 0 1,
  0 0 1,0 0 1,
  0 0 1,0 0 1,
  0 0 1,0 0 1,
  0 0 1,0 0 1,
  0 0 1,0 0 1,
  0 0 1,0 0 1,
  0 0 1,0 0 1,
  0 0 1,0 0 1,
  0 0 1,0 0 1,
  0 0 1,0 0 1,
  0 0 1,0 0 1,
  0 0 1,0 0 1,
  0 0 1,0 0 1,
  0 0 1,0 0 1,
  0 0 1,0 0 1,
  0 0 1,0 0 1,
  0 0 1,0 0 1,
  0 0 1,0 0 1,
  0 0 1,0 0 1,
  0 0 1,0 0 1,
  0 0 1,0 0 1,
  0 0 1,0 0 1,
  0 0 1,0 0 1,
  0 0 1,0 0 1,
  0 0 1,0 0 1,
  0 0 1,0 0 1,
  0 0 1,0 0 1,
  0 0 1,0 0 1,
  0 0 1,0 0 1,
  0 0 1,0 0 1,
  0 0 1] }
}
}
] }
DEF TXFM_25 Transform {
  center 0 0 0
  rotation 0 0 1 0
  scale 1 1 1
  scaleOrientation 0 0 1 0
  translation 0 0 0
 children [
DEF SHAPE_314 Shape {
 appearance DEF APP_12 Appearance {
  material Material {
   ambientIntensity 1
   diffuseColor 0.5 0.5 0.5
   emissiveColor 0 0 0
   shininess 0.69999999
   specularColor 0.80000001 0.80000001 0.80000001
   transparency 0
} }
 geometry DEF FACE_314 IndexedFaceSet {
  coord DEF COORD_314 Coordinate { point [
  42.787402 -47.862205 0.31988189,42.035433 -47.862205 0.31988189,
  41.978346 -47.931102 0.31988189,41.923228 -47.98622 0.31988189,
  41.862205 -48.035433 0.31988189,41.795276 -48.07874 0.31988189,
  41.726378 -48.116142 0.31988189,41.653543 -48.145669 0.31988189,
  41.576772 -48.167323 0.31988189,41.498031 -48.183071 0.31988189,
  41.42126 -48.188976 0.31988189,41.387795 -48.188976 0.31988189,
  41.354331 -48.188976 0.31988189,41.277559 -48.183071 0.31988189,
  41.198819 -48.167323 0.31988189,41.122047 -48.145669 0.31988189,
  41.049213 -48.116142 0.31988189,40.980315 -48.07874 0.31988189,
  40.913386 -48.035433 0.31988189,40.852362 -47.98622 0.31988189,
  40.797244 -47.931102 0.31988189,40.740157 -47.862205 0.31988189,
  39.988189 -47.862205 0.31988189,39.988189 -48.787402 0.31988189,
  41.387795 -48.787402 0.31988189,42.787402 -48.787402 0.31988189,
  49.478346 -46.043307 0.31988189,49.470854 -46.005641 0.31988189,
  49.449519 -45.97371 0.31988189,49.417587 -45.952374 0.31988189,
  49.379921 -45.944882 0.31988189,49.005906 -45.944882 0.31988189,
  48.96824 -45.952374 0.31988189,48.936308 -45.97371 0.31988189,
  48.914972 -46.005641 0.31988189,48.90748 -46.043307 0.31988189,
  48.90748 -46.240157 0.31988189,48.914972 -46.277823 0.31988189,
  48.936308 -46.309755 0.31988189,48.96824 -46.331091 0.31988189,
  49.005906 -46.338583 0.31988189,49.379921 -46.338583 0.31988189,
  49.417587 -46.331091 0.31988189,49.449519 -46.309755 0.31988189,
  49.470854 -46.277823 0.31988189,49.478346 -46.240157 0.31988189,
  48.818898 -48.32874 0.31988189,48.814402 -48.306141 0.31988189,
  48.801601 -48.286982 0.31988189,48.782442 -48.27418 0.31988189,
  48.759843 -48.269685 0.31988189,48.110236 -48.269685 0.31988189,
  48.087637 -48.27418 0.31988189,48.068478 -48.286982 0.31988189,
  48.055676 -48.306141 0.31988189,48.051181 -48.32874 0.31988189,
  48.051181 -48.44685 0.31988189,48.055676 -48.46945 0.31988189,
  48.068478 -48.488609 0.31988189,48.087637 -48.50141 0.31988189,
  48.110236 -48.505906 0.31988189,48.759843 -48.505906 0.31988189,
  48.782442 -48.50141 0.31988189,48.801601 -48.488609 0.31988189,
  48.814402 -48.46945 0.31988189,48.818898 -48.44685 0.31988189,
  53.100394 -43.620079 0.31988189,52.706693 -43.620079 0.31988189,
  52.706693 -44.608268 0.31988189,53.100394 -44.608268 0.31988189,
  50.767717 -48.32874 0.31988189,50.763221 -48.306141 0.31988189,
  50.75042 -48.286982 0.31988189,50.731261 -48.27418 0.31988189,
  50.708661 -48.269685 0.31988189,50.059055 -48.269685 0.31988189,
  50.036456 -48.27418 0.31988189,50.017297 -48.286982 0.31988189,
  50.004495 -48.306141 0.31988189,50 -48.32874 0.31988189,
  50 -48.44685 0.31988189,50.004495 -48.46945 0.31988189,
  50.017297 -48.488609 0.31988189,50.036456 -48.50141 0.31988189,
  50.059055 -48.505906 0.31988189,50.708661 -48.505906 0.31988189,
  50.731261 -48.50141 0.31988189,50.75042 -48.488609 0.31988189,
  50.763221 -48.46945 0.31988189,50.767717 -48.44685 0.31988189,
  57.598425 -46.062992 0.31988189,57.590933 -46.025326 0.31988189,
  57.569597 -45.993395 0.31988189,57.537666 -45.972059 0.31988189,
  57.5 -45.964567 0.31988189,57.125984 -45.964567 0.31988189,
  57.088319 -45.972059 0.31988189,57.056387 -45.993395 0.31988189,
  57.035051 -46.025326 0.31988189,57.027559 -46.062992 0.31988189,
  57.027559 -46.259843 0.31988189,57.035051 -46.297508 0.31988189,
  57.056387 -46.32944 0.31988189,57.088319 -46.350776 0.31988189,
  57.125984 -46.358268 0.31988189,57.5 -46.358268 0.31988189,
  57.537666 -46.350776 0.31988189,57.569597 -46.32944 0.31988189,
  57.590933 -46.297508 0.31988189,57.598425 -46.259843 0.31988189,
  56.555118 -48.32874 0.31988189,56.550623 -48.306141 0.31988189,
  56.537821 -48.286982 0.31988189,56.518663 -48.27418 0.31988189,
  56.496063 -48.269685 0.31988189,55.846457 -48.269685 0.31988189,
  55.823857 -48.27418 0.31988189,55.804698 -48.286982 0.31988189,
  55.791897 -48.306141 0.31988189,55.787402 -48.32874 0.31988189,
  55.787402 -48.44685 0.31988189,55.791897 -48.46945 0.31988189,
  55.804698 -48.488609 0.31988189,55.823857 -48.50141 0.31988189,
  55.846457 -48.505906 0.31988189,56.496063 -48.505906 0.31988189,
  56.518663 -48.50141 0.31988189,56.537821 -48.488609 0.31988189,
  56.550623 -48.46945 0.31988189,56.555118 -48.44685 0.31988189,
  66.409449 -47.862205 0.31988189,65.65748 -47.862205 0.31988189,
  65.600394 -47.931102 0.31988189,65.545276 -47.98622 0.31988189,
  65.484252 -48.035433 0.31988189,65.417323 -48.07874 0.31988189,
  65.348425 -48.116142 0.31988189,65.275591 -48.145669 0.31988189,
  65.198819 -48.167323 0.31988189,65.120079 -48.183071 0.31988189,
  65.043307 -48.188976 0.31988189,65.009843 -48.188976 0.31988189,
  64.976378 -48.188976 0.31988189,64.899606 -48.183071 0.31988189,
  64.820866 -48.167323 0.31988189,64.744094 -48.145669 0.31988189,
  64.67126 -48.116142 0.31988189,64.602362 -48.07874 0.31988189,
  64.535433 -48.035433 0.31988189,64.474409 -47.98622 0.31988189,
  64.419291 -47.931102 0.31988189,64.362205 -47.862205 0.31988189,
  63.610236 -47.862205 0.31988189,63.610236 -48.787402 0.31988189,
  65.009843 -48.787402 0.31988189,66.409449 -48.787402 0.31988189,
  58.503937 -48.32874 0.31988189,58.499442 -48.306141 0.31988189,
  58.48664 -48.286982 0.31988189,58.467481 -48.27418 0.31988189,
  58.444882 -48.269685 0.31988189,57.795276 -48.269685 0.31988189,
  57.772676 -48.27418 0.31988189,57.753517 -48.286982 0.31988189,
  57.740716 -48.306141 0.31988189,57.73622 -48.32874 0.31988189,
  57.73622 -48.44685 0.31988189,57.740716 -48.46945 0.31988189,
  57.753517 -48.488609 0.31988189,57.772676 -48.50141 0.31988189,
  57.795276 -48.505906 0.31988189,58.444882 -48.505906 0.31988189,
  58.467481 -48.50141 0.31988189,58.48664 -48.488609 0.31988189,
  58.499442 -48.46945 0.31988189,58.503937 -48.44685 0.31988189,
  48.818898 -47.82874 0.31988189,48.814402 -47.806141 0.31988189,
  48.801601 -47.786982 0.31988189,48.782442 -47.77418 0.31988189,
  48.759843 -47.769685 0.31988189,48.110236 -47.769685 0.31988189,
  48.087637 -47.77418 0.31988189,48.068478 -47.786982 0.31988189,
  48.055676 -47.806141 0.31988189,48.051181 -47.82874 0.31988189,
  48.051181 -47.94685 0.31988189,48.055676 -47.96945 0.31988189,
  48.068478 -47.988609 0.31988189,48.087637 -48.00141 0.31988189,
  48.110236 -48.005906 0.31988189,48.759843 -48.005906 0.31988189,
  48.782442 -48.00141 0.31988189,48.801601 -47.988609 0.31988189,
  48.814402 -47.96945 0.31988189,48.818898 -47.94685 0.31988189,
  50.767717 -47.82874 0.31988189,50.763221 -47.806141 0.31988189,
  50.75042 -47.786982 0.31988189,50.731261 -47.77418 0.31988189,
  50.708661 -47.769685 0.31988189,50.059055 -47.769685 0.31988189,
  50.036456 -47.77418 0.31988189,50.017297 -47.786982 0.31988189,
  50.004495 -47.806141 0.31988189,50 -47.82874 0.31988189,
  50 -47.94685 0.31988189,50.004495 -47.96945 0.31988189,
  50.017297 -47.988609 0.31988189,50.036456 -48.00141 0.31988189,
  50.059055 -48.005906 0.31988189,50.708661 -48.005906 0.31988189,
  50.731261 -48.00141 0.31988189,50.75042 -47.988609 0.31988189,
  50.763221 -47.96945 0.31988189,50.767717 -47.94685 0.31988189,
  56.555118 -47.82874 0.31988189,56.550623 -47.806141 0.31988189,
  56.537821 -47.786982 0.31988189,56.518663 -47.77418 0.31988189,
  56.496063 -47.769685 0.31988189,55.846457 -47.769685 0.31988189,
  55.823857 -47.77418 0.31988189,55.804698 -47.786982 0.31988189,
  55.791897 -47.806141 0.31988189,55.787402 -47.82874 0.31988189,
  55.787402 -47.94685 0.31988189,55.791897 -47.96945 0.31988189,
  55.804698 -47.988609 0.31988189,55.823857 -48.00141 0.31988189,
  55.846457 -48.005906 0.31988189,56.496063 -48.005906 0.31988189,
  56.518663 -48.00141 0.31988189,56.537821 -47.988609 0.31988189,
  56.550623 -47.96945 0.31988189,56.555118 -47.94685 0.31988189,
  58.503937 -47.82874 0.31988189,58.499442 -47.806141 0.31988189,
  58.48664 -47.786982 0.31988189,58.467481 -47.77418 0.31988189,
  58.444882 -47.769685 0.31988189,57.795276 -47.769685 0.31988189,
  57.772676 -47.77418 0.31988189,57.753517 -47.786982 0.31988189,
  57.740716 -47.806141 0.31988189,57.73622 -47.82874 0.31988189,
  57.73622 -47.94685 0.31988189,57.740716 -47.96945 0.31988189,
  57.753517 -47.988609 0.31988189,57.772676 -48.00141 0.31988189,
  57.795276 -48.005906 0.31988189,58.444882 -48.005906 0.31988189,
  58.467481 -48.00141 0.31988189,58.48664 -47.988609 0.31988189,
  58.499442 -47.96945 0.31988189,58.503937 -47.94685 0.31988189,
  48.612205 -46.05315 0.31988189,48.604713 -46.015484 0.31988189,
  48.583377 -45.983552 0.31988189,48.551445 -45.962217 0.31988189,
  48.51378 -45.954724 0.31988189,48.139764 -45.954724 0.31988189,
  48.102098 -45.962217 0.31988189,48.070167 -45.983552 0.31988189,
  48.048831 -46.015484 0.31988189,48.041339 -46.05315 0.31988189,
  48.041339 -46.25 0.31988189,48.048831 -46.287666 0.31988189,
  48.070167 -46.319597 0.31988189,48.102098 -46.340933 0.31988189,
  48.139764 -46.348425 0.31988189,48.51378 -46.348425 0.31988189,
  48.551445 -46.340933 0.31988189,48.583377 -46.319597 0.31988189,
  48.604713 -46.287666 0.31988189,48.612205 -46.25 0.31988189,
  41.726707 -47.354415 0.31988189,41.713682 -47.288939 0.31988189,
  41.688135 -47.227261 0.31988189,41.651045 -47.171752 0.31988189,
  41.603839 -47.124546 0.31988189,41.54833 -47.087456 0.31988189,
  41.486652 -47.061908 0.31988189,41.421175 -47.048884 0.31988189,
  41.354415 -47.048884 0.31988189,41.288939 -47.061908 0.31988189,
  41.227261 -47.087456 0.31988189,41.171752 -47.124546 0.31988189,
  41.124546 -47.171752 0.31988189,41.087456 -47.227261 0.31988189,
  41.061908 -47.288939 0.31988189,41.048884 -47.354415 0.31988189,
  41.048884 -47.421175 0.31988189,41.061908 -47.486652 0.31988189,
  41.087456 -47.54833 0.31988189,41.124546 -47.603839 0.31988189,
  41.171752 -47.651045 0.31988189,41.227261 -47.688135 0.31988189,
  41.288939 -47.713682 0.31988189,41.354415 -47.726707 0.31988189,
  41.421175 -47.726707 0.31988189,41.486652 -47.713682 0.31988189,
  41.54833 -47.688135 0.31988189,41.603839 -47.651045 0.31988189,
  41.651045 -47.603839 0.31988189,41.688135 -47.54833 0.31988189,
  41.713682 -47.486652 0.31988189,41.726707 -47.421175 0.31988189,
  65.348754 -47.354415 0.31988189,65.33573 -47.288939 0.31988189,
  65.310182 -47.227261 0.31988189,65.273092 -47.171752 0.31988189,
  65.225886 -47.124546 0.31988189,65.170377 -47.087456 0.31988189,
  65.108699 -47.061908 0.31988189,65.043222 -47.048884 0.31988189,
  64.976463 -47.048884 0.31988189,64.910986 -47.061908 0.31988189,
  64.849308 -47.087456 0.31988189,64.793799 -47.124546 0.31988189,
  64.746593 -47.171752 0.31988189,64.709503 -47.227261 0.31988189,
  64.683956 -47.288939 0.31988189,64.670931 -47.354415 0.31988189,
  64.670931 -47.421175 0.31988189,64.683956 -47.486652 0.31988189,
  64.709503 -47.54833 0.31988189,64.746593 -47.603839 0.31988189,
  64.793799 -47.651045 0.31988189,64.849308 -47.688135 0.31988189,
  64.910986 -47.713682 0.31988189,64.976463 -47.726707 0.31988189,
  65.043222 -47.726707 0.31988189,65.108699 -47.713682 0.31988189,
  65.170377 -47.688135 0.31988189,65.225886 -47.651045 0.31988189,
  65.273092 -47.603839 0.31988189,65.310182 -47.54833 0.31988189,
  65.33573 -47.486652 0.31988189,65.348754 -47.421175 0.31988189,
  48.818898 -47.32874 0.31988189,48.814402 -47.306141 0.31988189,
  48.801601 -47.286982 0.31988189,48.782442 -47.27418 0.31988189,
  48.759843 -47.269685 0.31988189,48.110236 -47.269685 0.31988189,
  48.087637 -47.27418 0.31988189,48.068478 -47.286982 0.31988189,
  48.055676 -47.306141 0.31988189,48.051181 -47.32874 0.31988189,
  48.051181 -47.44685 0.31988189,48.055676 -47.46945 0.31988189,
  48.068478 -47.488609 0.31988189,48.087637 -47.50141 0.31988189,
  48.110236 -47.505906 0.31988189,48.759843 -47.505906 0.31988189,
  48.782442 -47.50141 0.31988189,48.801601 -47.488609 0.31988189,
  48.814402 -47.46945 0.31988189,48.818898 -47.44685 0.31988189,
  50.767717 -47.32874 0.31988189,50.763221 -47.306141 0.31988189,
  50.75042 -47.286982 0.31988189,50.731261 -47.27418 0.31988189,
  50.708661 -47.269685 0.31988189,50.059055 -47.269685 0.31988189,
  50.036456 -47.27418 0.31988189,50.017297 -47.286982 0.31988189,
  50.004495 -47.306141 0.31988189,50 -47.32874 0.31988189,
  50 -47.44685 0.31988189,50.004495 -47.46945 0.31988189,
  50.017297 -47.488609 0.31988189,50.036456 -47.50141 0.31988189,
  50.059055 -47.505906 0.31988189,50.708661 -47.505906 0.31988189,
  50.731261 -47.50141 0.31988189,50.75042 -47.488609 0.31988189,
  50.763221 -47.46945 0.31988189,50.767717 -47.44685 0.31988189,
  56.555118 -47.32874 0.31988189,56.550623 -47.306141 0.31988189,
  56.537821 -47.286982 0.31988189,56.518663 -47.27418 0.31988189,
  56.496063 -47.269685 0.31988189,55.846457 -47.269685 0.31988189,
  55.823857 -47.27418 0.31988189,55.804698 -47.286982 0.31988189,
  55.791897 -47.306141 0.31988189,55.787402 -47.32874 0.31988189,
  55.787402 -47.44685 0.31988189,55.791897 -47.46945 0.31988189,
  55.804698 -47.488609 0.31988189,55.823857 -47.50141 0.31988189,
  55.846457 -47.505906 0.31988189,56.496063 -47.505906 0.31988189,
  56.518663 -47.50141 0.31988189,56.537821 -47.488609 0.31988189,
  56.550623 -47.46945 0.31988189,56.555118 -47.44685 0.31988189,
  58.503937 -47.32874 0.31988189,58.499442 -47.306141 0.31988189,
  58.48664 -47.286982 0.31988189,58.467481 -47.27418 0.31988189,
  58.444882 -47.269685 0.31988189,57.795276 -47.269685 0.31988189,
  57.772676 -47.27418 0.31988189,57.753517 -47.286982 0.31988189,
  57.740716 -47.306141 0.31988189,57.73622 -47.32874 0.31988189,
  57.73622 -47.44685 0.31988189,57.740716 -47.46945 0.31988189,
  57.753517 -47.488609 0.31988189,57.772676 -47.50141 0.31988189,
  57.795276 -47.505906 0.31988189,58.444882 -47.505906 0.31988189,
  58.467481 -47.50141 0.31988189,58.48664 -47.488609 0.31988189,
  58.499442 -47.46945 0.31988189,58.503937 -47.44685 0.31988189,
  48.818898 -46.82874 0.31988189,48.814402 -46.806141 0.31988189,
  48.801601 -46.786982 0.31988189,48.782442 -46.77418 0.31988189,
  48.759843 -46.769685 0.31988189,48.110236 -46.769685 0.31988189,
  48.087637 -46.77418 0.31988189,48.068478 -46.786982 0.31988189,
  48.055676 -46.806141 0.31988189,48.051181 -46.82874 0.31988189,
  48.051181 -46.94685 0.31988189,48.055676 -46.96945 0.31988189,
  48.068478 -46.988609 0.31988189,48.087637 -47.00141 0.31988189,
  48.110236 -47.005906 0.31988189,48.759843 -47.005906 0.31988189,
  48.782442 -47.00141 0.31988189,48.801601 -46.988609 0.31988189,
  48.814402 -46.96945 0.31988189,48.818898 -46.94685 0.31988189,
  50.767717 -46.82874 0.31988189,50.763221 -46.806141 0.31988189,
  50.75042 -46.786982 0.31988189,50.731261 -46.77418 0.31988189,
  50.708661 -46.769685 0.31988189,50.059055 -46.769685 0.31988189,
  50.036456 -46.77418 0.31988189,50.017297 -46.786982 0.31988189,
  50.004495 -46.806141 0.31988189,50 -46.82874 0.31988189,
  50 -46.94685 0.31988189,50.004495 -46.96945 0.31988189,
  50.017297 -46.988609 0.31988189,50.036456 -47.00141 0.31988189,
  50.059055 -47.005906 0.31988189,50.708661 -47.005906 0.31988189,
  50.731261 -47.00141 0.31988189,50.75042 -46.988609 0.31988189,
  50.763221 -46.96945 0.31988189,50.767717 -46.94685 0.31988189,
  56.555118 -46.82874 0.31988189,56.550623 -46.806141 0.31988189,
  56.537821 -46.786982 0.31988189,56.518663 -46.77418 0.31988189,
  56.496063 -46.769685 0.31988189,55.846457 -46.769685 0.31988189,
  55.823857 -46.77418 0.31988189,55.804698 -46.786982 0.31988189,
  55.791897 -46.806141 0.31988189,55.787402 -46.82874 0.31988189,
  55.787402 -46.94685 0.31988189,55.791897 -46.96945 0.31988189,
  55.804698 -46.988609 0.31988189,55.823857 -47.00141 0.31988189,
  55.846457 -47.005906 0.31988189,56.496063 -47.005906 0.31988189,
  56.518663 -47.00141 0.31988189,56.537821 -46.988609 0.31988189,
  56.550623 -46.96945 0.31988189,56.555118 -46.94685 0.31988189,
  58.503937 -46.82874 0.31988189,58.499442 -46.806141 0.31988189,
  58.48664 -46.786982 0.31988189,58.467481 -46.77418 0.31988189,
  58.444882 -46.769685 0.31988189,57.795276 -46.769685 0.31988189,
  57.772676 -46.77418 0.31988189,57.753517 -46.786982 0.31988189,
  57.740716 -46.806141 0.31988189,57.73622 -46.82874 0.31988189,
  57.73622 -46.94685 0.31988189,57.740716 -46.96945 0.31988189,
  57.753517 -46.988609 0.31988189,57.772676 -47.00141 0.31988189,
  57.795276 -47.005906 0.31988189,58.444882 -47.005906 0.31988189,
  58.467481 -47.00141 0.31988189,58.48664 -46.988609 0.31988189,
  58.499442 -46.96945 0.31988189,58.503937 -46.94685 0.31988189,
  42.787402 -45.988189 0.31988189,41.387795 -45.988189 0.31988189,
  39.988189 -45.988189 0.31988189,39.988189 -46.913386 0.31988189,
  40.740157 -46.913386 0.31988189,40.797244 -46.844488 0.31988189,
  40.852362 -46.78937 0.31988189,40.913386 -46.740157 0.31988189,
  40.980315 -46.69685 0.31988189,41.049213 -46.659449 0.31988189,
  41.122047 -46.629921 0.31988189,41.198819 -46.608268 0.31988189,
  41.277559 -46.59252 0.31988189,41.354331 -46.586614 0.31988189,
  41.387795 -46.586614 0.31988189,41.42126 -46.586614 0.31988189,
  41.498031 -46.59252 0.31988189,41.576772 -46.608268 0.31988189,
  41.653543 -46.629921 0.31988189,41.726378 -46.659449 0.31988189,
  41.795276 -46.69685 0.31988189,41.862205 -46.740157 0.31988189,
  41.923228 -46.78937 0.31988189,41.978346 -46.844488 0.31988189,
  42.035433 -46.913386 0.31988189,42.787402 -46.913386 0.31988189,
  66.409449 -45.988189 0.31988189,65.009843 -45.988189 0.31988189,
  63.610236 -45.988189 0.31988189,63.610236 -46.913386 0.31988189,
  64.362205 -46.913386 0.31988189,64.419291 -46.844488 0.31988189,
  64.474409 -46.78937 0.31988189,64.535433 -46.740157 0.31988189,
  64.602362 -46.69685 0.31988189,64.67126 -46.659449 0.31988189,
  64.744094 -46.629921 0.31988189,64.820866 -46.608268 0.31988189,
  64.899606 -46.59252 0.31988189,64.976378 -46.586614 0.31988189,
  65.009843 -46.586614 0.31988189,65.043307 -46.586614 0.31988189,
  65.120079 -46.59252 0.31988189,65.198819 -46.608268 0.31988189,
  65.275591 -46.629921 0.31988189,65.348425 -46.659449 0.31988189,
  65.417323 -46.69685 0.31988189,65.484252 -46.740157 0.31988189,
  65.545276 -46.78937 0.31988189,65.600394 -46.844488 0.31988189,
  65.65748 -46.913386 0.31988189,66.409449 -46.913386 0.31988189,
  58.494094 -46.062992 0.31988189,58.486602 -46.025326 0.31988189,
  58.465267 -45.993395 0.31988189,58.433335 -45.972059 0.31988189,
  58.395669 -45.964567 0.31988189,58.021654 -45.964567 0.31988189,
  57.983988 -45.972059 0.31988189,57.952056 -45.993395 0.31988189,
  57.93072 -46.025326 0.31988189,57.923228 -46.062992 0.31988189,
  57.923228 -46.259843 0.31988189,57.93072 -46.297508 0.31988189,
  57.952056 -46.32944 0.31988189,57.983988 -46.350776 0.31988189,
  58.021654 -46.358268 0.31988189,58.395669 -46.358268 0.31988189,
  58.433335 -46.350776 0.31988189,58.465267 -46.32944 0.31988189,
  58.486602 -46.297508 0.31988189,58.494094 -46.259843 0.31988189,
  57.598425 -45.314961 0.31988189,57.590933 -45.277295 0.31988189,
  57.569597 -45.245363 0.31988189,57.537666 -45.224028 0.31988189,
  57.5 -45.216535 0.31988189,57.125984 -45.216535 0.31988189,
  57.088319 -45.224028 0.31988189,57.056387 -45.245363 0.31988189,
  57.035051 -45.277295 0.31988189,57.027559 -45.314961 0.31988189,
  57.027559 -45.511811 0.31988189,57.035051 -45.549477 0.31988189,
  57.056387 -45.581408 0.31988189,57.088319 -45.602744 0.31988189,
  57.125984 -45.610236 0.31988189,57.5 -45.610236 0.31988189,
  57.537666 -45.602744 0.31988189,57.569597 -45.581408 0.31988189,
  57.590933 -45.549477 0.31988189,57.598425 -45.511811 0.31988189,
  58.494094 -45.314961 0.31988189,58.486602 -45.277295 0.31988189,
  58.465267 -45.245363 0.31988189,58.433335 -45.224028 0.31988189,
  58.395669 -45.216535 0.31988189,58.021654 -45.216535 0.31988189,
  57.983988 -45.224028 0.31988189,57.952056 -45.245363 0.31988189,
  57.93072 -45.277295 0.31988189,57.923228 -45.314961 0.31988189,
  57.923228 -45.511811 0.31988189,57.93072 -45.549477 0.31988189,
  57.952056 -45.581408 0.31988189,57.983988 -45.602744 0.31988189,
  58.021654 -45.610236 0.31988189,58.395669 -45.610236 0.31988189,
  58.433335 -45.602744 0.31988189,58.465267 -45.581408 0.31988189,
  58.486602 -45.549477 0.31988189,58.494094 -45.511811 0.31988189,
  48.612205 -45.305118 0.31988189,48.604713 -45.267452 0.31988189,
  48.583377 -45.235521 0.31988189,48.551445 -45.214185 0.31988189,
  48.51378 -45.206693 0.31988189,48.139764 -45.206693 0.31988189,
  48.102098 -45.214185 0.31988189,48.070167 -45.235521 0.31988189,
  48.048831 -45.267452 0.31988189,48.041339 -45.305118 0.31988189,
  48.041339 -45.501969 0.31988189,48.048831 -45.539634 0.31988189,
  48.070167 -45.571566 0.31988189,48.102098 -45.592902 0.31988189,
  48.139764 -45.600394 0.31988189,48.51378 -45.600394 0.31988189,
  48.551445 -45.592902 0.31988189,48.583377 -45.571566 0.31988189,
  48.604713 -45.539634 0.31988189,48.612205 -45.501969 0.31988189,
  49.478346 -45.295276 0.31988189,49.470854 -45.25761 0.31988189,
  49.449519 -45.225678 0.31988189,49.417587 -45.204343 0.31988189,
  49.379921 -45.19685 0.31988189,49.005906 -45.19685 0.31988189,
  48.96824 -45.204343 0.31988189,48.936308 -45.225678 0.31988189,
  48.914972 -45.25761 0.31988189,48.90748 -45.295276 0.31988189,
  48.90748 -45.492126 0.31988189,48.914972 -45.529792 0.31988189,
  48.936308 -45.561723 0.31988189,48.96824 -45.583059 0.31988189,
  49.005906 -45.590551 0.31988189,49.379921 -45.590551 0.31988189,
  49.417587 -45.583059 0.31988189,49.449519 -45.561723 0.31988189,
  49.470854 -45.529792 0.31988189,49.478346 -45.492126 0.31988189,
  54.100394 -42.316929 0.31988189,53.706693 -42.316929 0.31988189,
  53.706693 -43.305118 0.31988189,54.100394 -43.305118 0.31988189] }
 coordIndex [
  25,0,1,-1,25,1,2,-1,25,2,3,-1,25,3,4,-1,25,4,5,-1,25,5,6,-1,25,6,7,-1,25,7,8,-1,
  25,8,9,-1,25,9,10,-1,25,10,11,-1,25,11,24,-1,24,11,12,-1,24,12,13,-1,24,13,14,-1,24,14,15,-1,
  24,15,16,-1,24,16,17,-1,24,17,18,-1,24,18,19,-1,24,19,20,-1,24,20,21,-1,24,21,22,-1,24,22,23,-1,
  35,37,34,-1,34,37,38,-1,34,38,33,-1,33,38,39,-1,33,39,32,-1,32,39,40,-1,32,40,31,-1,31,40,41,-1,
  31,41,30,-1,30,41,42,-1,30,42,29,-1,29,42,43,-1,29,43,28,-1,28,43,44,-1,28,44,27,-1,27,44,45,-1,
  27,45,26,-1,55,57,54,-1,54,57,58,-1,54,58,53,-1,53,58,59,-1,53,59,52,-1,52,59,60,-1,52,60,51,-1,
  51,60,61,-1,51,61,50,-1,50,61,62,-1,50,62,49,-1,49,62,63,-1,49,63,48,-1,48,63,64,-1,48,64,47,-1,
  47,64,65,-1,47,65,46,-1,653,654,655,-1,653,655,652,-1,67,68,69,-1,67,69,66,-1,79,81,78,-1,78,81,82,-1,
  78,82,77,-1,77,82,83,-1,77,83,76,-1,76,83,84,-1,76,84,75,-1,75,84,85,-1,75,85,74,-1,74,85,86,-1,
  74,86,73,-1,73,86,87,-1,73,87,72,-1,72,87,88,-1,72,88,71,-1,71,88,89,-1,71,89,70,-1,99,101,98,-1,
  98,101,102,-1,98,102,97,-1,97,102,103,-1,97,103,96,-1,96,103,104,-1,96,104,95,-1,95,104,105,-1,95,105,94,-1,
  94,105,106,-1,94,106,93,-1,93,106,107,-1,93,107,92,-1,92,107,108,-1,92,108,91,-1,91,108,109,-1,91,109,90,-1,
  119,121,118,-1,118,121,122,-1,118,122,117,-1,117,122,123,-1,117,123,116,-1,116,123,124,-1,116,124,115,-1,115,124,125,-1,
  115,125,114,-1,114,125,126,-1,114,126,113,-1,113,126,127,-1,113,127,112,-1,112,127,128,-1,112,128,111,-1,111,128,129,-1,
  111,129,110,-1,155,130,131,-1,155,131,132,-1,155,132,133,-1,155,133,134,-1,155,134,135,-1,155,135,136,-1,155,136,137,-1,
  155,137,138,-1,155,138,139,-1,155,139,140,-1,155,140,141,-1,155,141,154,-1,154,141,142,-1,154,142,143,-1,154,143,144,-1,
  154,144,145,-1,154,145,146,-1,154,146,147,-1,154,147,148,-1,154,148,149,-1,154,149,150,-1,154,150,151,-1,154,151,152,-1,
  154,152,153,-1,165,167,164,-1,164,167,168,-1,164,168,163,-1,163,168,169,-1,163,169,162,-1,162,169,170,-1,162,170,161,-1,
  161,170,171,-1,161,171,160,-1,160,171,172,-1,160,172,159,-1,159,172,173,-1,159,173,158,-1,158,173,174,-1,158,174,157,-1,
  157,174,175,-1,157,175,156,-1,185,187,184,-1,184,187,188,-1,184,188,183,-1,183,188,189,-1,183,189,182,-1,182,189,190,-1,
  182,190,181,-1,181,190,191,-1,181,191,180,-1,180,191,192,-1,180,192,179,-1,179,192,193,-1,179,193,178,-1,178,193,194,-1,
  178,194,177,-1,177,194,195,-1,177,195,176,-1,205,207,204,-1,204,207,208,-1,204,208,203,-1,203,208,209,-1,203,209,202,-1,
  202,209,210,-1,202,210,201,-1,201,210,211,-1,201,211,200,-1,200,211,212,-1,200,212,199,-1,199,212,213,-1,199,213,198,-1,
  198,213,214,-1,198,214,197,-1,197,214,215,-1,197,215,196,-1,225,227,224,-1,224,227,228,-1,224,228,223,-1,223,228,229,-1,
  223,229,222,-1,222,229,230,-1,222,230,221,-1,221,230,231,-1,221,231,220,-1,220,231,232,-1,220,232,219,-1,219,232,233,-1,
  219,233,218,-1,218,233,234,-1,218,234,217,-1,217,234,235,-1,217,235,216,-1,245,247,244,-1,244,247,248,-1,244,248,243,-1,
  243,248,249,-1,243,249,242,-1,242,249,250,-1,242,250,241,-1,241,250,251,-1,241,251,240,-1,240,251,252,-1,240,252,239,-1,
  239,252,253,-1,239,253,238,-1,238,253,254,-1,238,254,237,-1,237,254,255,-1,237,255,236,-1,265,267,264,-1,264,267,268,-1,
  264,268,263,-1,263,268,269,-1,263,269,262,-1,262,269,270,-1,262,270,261,-1,261,270,271,-1,261,271,260,-1,260,271,272,-1,
  260,272,259,-1,259,272,273,-1,259,273,258,-1,258,273,274,-1,258,274,257,-1,257,274,275,-1,257,275,256,-1,291,293,290,-1,
  290,293,294,-1,290,294,289,-1,289,294,295,-1,289,295,288,-1,288,295,296,-1,288,296,287,-1,287,296,297,-1,287,297,286,-1,
  286,297,298,-1,286,298,285,-1,285,298,299,-1,285,299,284,-1,284,299,300,-1,284,300,283,-1,283,300,301,-1,283,301,282,-1,
  282,301,302,-1,282,302,281,-1,281,302,303,-1,281,303,280,-1,280,303,304,-1,280,304,279,-1,279,304,305,-1,279,305,278,-1,
  278,305,306,-1,278,306,277,-1,277,306,307,-1,277,307,276,-1,323,325,322,-1,322,325,326,-1,322,326,321,-1,321,326,327,-1,
  321,327,320,-1,320,327,328,-1,320,328,319,-1,319,328,329,-1,319,329,318,-1,318,329,330,-1,318,330,317,-1,317,330,331,-1,
  317,331,316,-1,316,331,332,-1,316,332,315,-1,315,332,333,-1,315,333,314,-1,314,333,334,-1,314,334,313,-1,313,334,335,-1,
  313,335,312,-1,312,335,336,-1,312,336,311,-1,311,336,337,-1,311,337,310,-1,310,337,338,-1,310,338,309,-1,309,338,339,-1,
  309,339,308,-1,349,351,348,-1,348,351,352,-1,348,352,347,-1,347,352,353,-1,347,353,346,-1,346,353,354,-1,346,354,345,-1,
  345,354,355,-1,345,355,344,-1,344,355,356,-1,344,356,343,-1,343,356,357,-1,343,357,342,-1,342,357,358,-1,342,358,341,-1,
  341,358,359,-1,341,359,340,-1,369,371,368,-1,368,371,372,-1,368,372,367,-1,367,372,373,-1,367,373,366,-1,366,373,374,-1,
  366,374,365,-1,365,374,375,-1,365,375,364,-1,364,375,376,-1,364,376,363,-1,363,376,377,-1,363,377,362,-1,362,377,378,-1,
  362,378,361,-1,361,378,379,-1,361,379,360,-1,389,391,388,-1,388,391,392,-1,388,392,387,-1,387,392,393,-1,387,393,386,-1,
  386,393,394,-1,386,394,385,-1,385,394,395,-1,385,395,384,-1,384,395,396,-1,384,396,383,-1,383,396,397,-1,383,397,382,-1,
  382,397,398,-1,382,398,381,-1,381,398,399,-1,381,399,380,-1,409,411,408,-1,408,411,412,-1,408,412,407,-1,407,412,413,-1,
  407,413,406,-1,406,413,414,-1,406,414,405,-1,405,414,415,-1,405,415,404,-1,404,415,416,-1,404,416,403,-1,403,416,417,-1,
  403,417,402,-1,402,417,418,-1,402,418,401,-1,401,418,419,-1,401,419,400,-1,429,431,428,-1,428,431,432,-1,428,432,427,-1,
  427,432,433,-1,427,433,426,-1,426,433,434,-1,426,434,425,-1,425,434,435,-1,425,435,424,-1,424,435,436,-1,424,436,423,-1,
  423,436,437,-1,423,437,422,-1,422,437,438,-1,422,438,421,-1,421,438,439,-1,421,439,420,-1,449,451,448,-1,448,451,452,-1,
  448,452,447,-1,447,452,453,-1,447,453,446,-1,446,453,454,-1,446,454,445,-1,445,454,455,-1,445,455,444,-1,444,455,456,-1,
  444,456,443,-1,443,456,457,-1,443,457,442,-1,442,457,458,-1,442,458,441,-1,441,458,459,-1,441,459,440,-1,469,471,468,-1,
  468,471,472,-1,468,472,467,-1,467,472,473,-1,467,473,466,-1,466,473,474,-1,466,474,465,-1,465,474,475,-1,465,475,464,-1,
  464,475,476,-1,464,476,463,-1,463,476,477,-1,463,477,462,-1,462,477,478,-1,462,478,461,-1,461,478,479,-1,461,479,460,-1,
  489,491,488,-1,488,491,492,-1,488,492,487,-1,487,492,493,-1,487,493,486,-1,486,493,494,-1,486,494,485,-1,485,494,495,-1,
  485,495,484,-1,484,495,496,-1,484,496,483,-1,483,496,497,-1,483,497,482,-1,482,497,498,-1,482,498,481,-1,481,498,499,-1,
  481,499,480,-1,500,501,515,-1,500,515,516,-1,500,516,517,-1,500,517,518,-1,500,518,519,-1,500,519,520,-1,500,520,521,-1,
  500,521,522,-1,500,522,523,-1,500,523,524,-1,500,524,525,-1,501,502,504,-1,501,504,505,-1,501,505,506,-1,501,506,507,-1,
  501,507,508,-1,501,508,509,-1,501,509,510,-1,501,510,511,-1,501,511,512,-1,501,512,513,-1,501,513,514,-1,501,514,515,-1,
  526,527,541,-1,526,541,542,-1,526,542,543,-1,526,543,544,-1,526,544,545,-1,526,545,546,-1,526,546,547,-1,526,547,548,-1,
  526,548,549,-1,526,549,550,-1,526,550,551,-1,527,528,530,-1,527,530,531,-1,527,531,532,-1,527,532,533,-1,527,533,534,-1,
  527,534,535,-1,527,535,536,-1,527,536,537,-1,527,537,538,-1,527,538,539,-1,527,539,540,-1,527,540,541,-1,561,563,560,-1,
  560,563,564,-1,560,564,559,-1,559,564,565,-1,559,565,558,-1,558,565,566,-1,558,566,557,-1,557,566,567,-1,557,567,556,-1,
  556,567,568,-1,556,568,555,-1,555,568,569,-1,555,569,554,-1,554,569,570,-1,554,570,553,-1,553,570,571,-1,553,571,552,-1,
  581,583,580,-1,580,583,584,-1,580,584,579,-1,579,584,585,-1,579,585,578,-1,578,585,586,-1,578,586,577,-1,577,586,587,-1,
  577,587,576,-1,576,587,588,-1,576,588,575,-1,575,588,589,-1,575,589,574,-1,574,589,590,-1,574,590,573,-1,573,590,591,-1,
  573,591,572,-1,601,603,600,-1,600,603,604,-1,600,604,599,-1,599,604,605,-1,599,605,598,-1,598,605,606,-1,598,606,597,-1,
  597,606,607,-1,597,607,596,-1,596,607,608,-1,596,608,595,-1,595,608,609,-1,595,609,594,-1,594,609,610,-1,594,610,593,-1,
  593,610,611,-1,593,611,592,-1,621,623,620,-1,620,623,624,-1,620,624,619,-1,619,624,625,-1,619,625,618,-1,618,625,626,-1,
  618,626,617,-1,617,626,627,-1,617,627,616,-1,616,627,628,-1,616,628,615,-1,615,628,629,-1,615,629,614,-1,614,629,630,-1,
  614,630,613,-1,613,630,631,-1,613,631,612,-1,641,643,640,-1,640,643,644,-1,640,644,639,-1,639,644,645,-1,639,645,638,-1,
  638,645,646,-1,638,646,637,-1,637,646,647,-1,637,647,636,-1,636,647,648,-1,636,648,635,-1,635,648,649,-1,635,649,634,-1,
  634,649,650,-1,634,650,633,-1,633,650,651,-1,633,651,632,-1,643,641,642,-1,623,621,622,-1,603,601,602,-1,583,581,582,-1,
  563,561,562,-1,530,528,529,-1,504,502,503,-1,491,489,490,-1,471,469,470,-1,451,449,450,-1,431,429,430,-1,411,409,410,-1,
  391,389,390,-1,371,369,370,-1,351,349,350,-1,325,323,324,-1,293,291,292,-1,267,265,266,-1,247,245,246,-1,227,225,226,-1,
  207,205,206,-1,187,185,186,-1,167,165,166,-1,121,119,120,-1,101,99,100,-1,81,79,80,-1,57,55,56,-1,37,35,36,-1]
  normalPerVertex TRUE
  normal DEF NORM_314 Normal { vector [
  0 0 1,0 0 1,
  0 0 1,0 0 1,
  0 0 1,0 0 1,
  0 0 1,0 0 1,
  0 0 1,0 0 1,
  0 0 1,0 0 1,
  0 0 1,0 0 1,
  0 0 1,0 0 1,
  0 0 1,0 0 1,
  0 0 1,0 0 1,
  0 0 1,0 0 1,
  0 0 1,0 0 1,
  0 0 1,0 0 1,
  0 0 1,0 0 1,
  0 0 1,0 0 1,
  0 0 1,0 0 1,
  0 0 1,0 0 1,
  0 0 1,0 0 1,
  0 0 1,0 0 1,
  0 0 1,0 0 1,
  0 0 1,0 0 1,
  0 0 1,0 0 1,
  0 0 1,0 0 1,
  0 0 1,0 0 1,
  0 0 1,0 0 1,
  0 0 1,0 0 1,
  0 0 1,0 0 1,
  0 0 1,0 0 1,
  0 0 1,0 0 1,
  0 0 1,0 0 1,
  0 0 1,0 0 1,
  0 0 1,0 0 1,
  0 0 1,0 0 1,
  0 0 1,0 0 1,
  0 0 1,0 0 1,
  0 0 1,0 0 1,
  0 0 1,0 0 1,
  0 0 1,0 0 1,
  0 0 1,0 0 1,
  0 0 1,0 0 1,
  0 0 1,0 0 1,
  0 0 1,0 0 1,
  0 0 1,0 0 1,
  0 0 1,0 0 1,
  0 0 1,0 0 1,
  0 0 1,0 0 1,
  0 0 1,0 0 1,
  0 0 1,0 0 1,
  0 0 1,0 0 1,
  0 0 1,0 0 1,
  0 0 1,0 0 1,
  0 0 1,0 0 1,
  0 0 1,0 0 1,
  0 0 1,0 0 1,
  0 0 1,0 0 1,
  0 0 1,0 0 1,
  0 0 1,0 0 1,
  0 0 1,0 0 1,
  0 0 1,0 0 1,
  0 0 1,0 0 1,
  0 0 1,0 0 1,
  0 0 1,0 0 1,
  0 0 1,0 0 1,
  0 0 1,0 0 1,
  0 0 1,0 0 1,
  0 0 1,0 0 1,
  0 0 1,0 0 1,
  0 0 1,0 0 1,
  0 0 1,0 0 1,
  0 0 1,0 0 1,
  0 0 1,0 0 1,
  0 0 1,0 0 1,
  0 0 1,0 0 1,
  0 0 1,0 0 1,
  0 0 1,0 0 1,
  0 0 1,0 0 1,
  0 0 1,0 0 1,
  0 0 1,0 0 1,
  0 0 1,0 0 1,
  0 0 1,0 0 1,
  0 0 1,0 0 1,
  0 0 1,0 0 1,
  0 0 1,0 0 1,
  0 0 1,0 0 1,
  0 0 1,0 0 1,
  0 0 1,0 0 1,
  0 0 1,0 0 1,
  0 0 1,0 0 1,
  0 0 1,0 0 1,
  0 0 1,0 0 1,
  0 0 1,0 0 1,
  0 0 1,0 0 1,
  0 0 1,0 0 1,
  0 0 1,0 0 1,
  0 0 1,0 0 1,
  0 0 1,0 0 1,
  0 0 1,0 0 1,
  0 0 1,0 0 1,
  0 0 1,0 0 1,
  0 0 1,0 0 1,
  0 0 1,0 0 1,
  0 0 1,0 0 1,
  0 0 1,0 0 1,
  0 0 1,0 0 1,
  0 0 1,0 0 1,
  0 0 1,0 0 1,
  0 0 1,0 0 1,
  0 0 1,0 0 1,
  0 0 1,0 0 1,
  0 0 1,0 0 1,
  0 0 1,0 0 1,
  0 0 1,0 0 1,
  0 0 1,0 0 1,
  0 0 1,0 0 1,
  0 0 1,0 0 1,
  0 0 1,0 0 1,
  0 0 1,0 0 1,
  0 0 1,0 0 1,
  0 0 1,0 0 1,
  0 0 1,0 0 1,
  0 0 1,0 0 1,
  0 0 1,0 0 1,
  0 0 1,0 0 1,
  0 0 1,0 0 1,
  0 0 1,0 0 1,
  0 0 1,0 0 1,
  0 0 1,0 0 1,
  0 0 1,0 0 1,
  0 0 1,0 0 1,
  0 0 1,0 0 1,
  0 0 1,0 0 1,
  0 0 1,0 0 1,
  0 0 1,0 0 1,
  0 0 1,0 0 1,
  0 0 1,0 0 1,
  0 0 1,0 0 1,
  0 0 1,0 0 1,
  0 0 1,0 0 1,
  0 0 1,0 0 1,
  0 0 1,0 0 1,
  0 0 1,0 0 1,
  0 0 1,0 0 1,
  0 0 1,0 0 1,
  0 0 1,0 0 1,
  0 0 1,0 0 1,
  0 0 1,0 0 1,
  0 0 1,0 0 1,
  0 0 1,0 0 1,
  0 0 1,0 0 1,
  0 0 1,0 0 1,
  0 0 1,0 0 1,
  0 0 1,0 0 1,
  0 0 1,0 0 1,
  0 0 1,0 0 1,
  0 0 1,0 0 1,
  0 0 1,0 0 1,
  0 0 1,0 0 1,
  0 0 1,0 0 1,
  0 0 1,0 0 1,
  0 0 1,0 0 1,
  0 0 1,0 0 1,
  0 0 1,0 0 1,
  0 0 1,0 0 1,
  0 0 1,0 0 1,
  0 0 1,0 0 1,
  0 0 1,0 0 1,
  0 0 1,0 0 1,
  0 0 1,0 0 1,
  0 0 1,0 0 1,
  0 0 1,0 0 1,
  0 0 1,0 0 1,
  0 0 1,0 0 1,
  0 0 1,0 0 1,
  0 0 1,0 0 1,
  0 0 1,0 0 1,
  0 0 1,0 0 1,
  0 0 1,0 0 1,
  0 0 1,0 0 1,
  0 0 1,0 0 1,
  0 0 1,0 0 1,
  0 0 1,0 0 1,
  0 0 1,0 0 1,
  0 0 1,0 0 1,
  0 0 1,0 0 1,
  0 0 1,0 0 1,
  0 0 1,0 0 1,
  0 0 1,0 0 1,
  0 0 1,0 0 1,
  0 0 1,0 0 1,
  0 0 1,0 0 1,
  0 0 1,0 0 1,
  0 0 1,0 0 1,
  0 0 1,0 0 1,
  0 0 1,0 0 1,
  0 0 1,0 0 1,
  0 0 1,0 0 1,
  0 0 1,0 0 1,
  0 0 1,0 0 1,
  0 0 1,0 0 1,
  0 0 1,0 0 1,
  0 0 1,0 0 1,
  0 0 1,0 0 1,
  0 0 1,0 0 1,
  0 0 1,0 0 1,
  0 0 1,0 0 1,
  0 0 1,0 0 1,
  0 0 1,0 0 1,
  0 0 1,0 0 1,
  0 0 1,0 0 1,
  0 0 1,0 0 1,
  0 0 1,0 0 1,
  0 0 1,0 0 1,
  0 0 1,0 0 1,
  0 0 1,0 0 1,
  0 0 1,0 0 1,
  0 0 1,0 0 1,
  0 0 1,0 0 1,
  0 0 1,0 0 1,
  0 0 1,0 0 1,
  0 0 1,0 0 1,
  0 0 1,0 0 1,
  0 0 1,0 0 1,
  0 0 1,0 0 1,
  0 0 1,0 0 1,
  0 0 1,0 0 1,
  0 0 1,0 0 1,
  0 0 1,0 0 1,
  0 0 1,0 0 1,
  0 0 1,0 0 1,
  0 0 1,0 0 1,
  0 0 1,0 0 1,
  0 0 1,0 0 1,
  0 0 1,0 0 1,
  0 0 1,0 0 1,
  0 0 1,0 0 1,
  0 0 1,0 0 1,
  0 0 1,0 0 1,
  0 0 1,0 0 1,
  0 0 1,0 0 1,
  0 0 1,0 0 1,
  0 0 1,0 0 1,
  0 0 1,0 0 1,
  0 0 1,0 0 1,
  0 0 1,0 0 1,
  0 0 1,0 0 1,
  0 0 1,0 0 1,
  0 0 1,0 0 1,
  0 0 1,0 0 1,
  0 0 1,0 0 1,
  0 0 1,0 0 1,
  0 0 1,0 0 1,
  0 0 1,0 0 1,
  0 0 1,0 0 1,
  0 0 1,0 0 1,
  0 0 1,0 0 1,
  0 0 1,0 0 1,
  0 0 1,0 0 1,
  0 0 1,0 0 1,
  0 0 1,0 0 1,
  0 0 1,0 0 1,
  0 0 1,0 0 1,
  0 0 1,0 0 1,
  0 0 1,0 0 1,
  0 0 1,0 0 1,
  0 0 1,0 0 1,
  0 0 1,0 0 1,
  0 0 1,0 0 1,
  0 0 1,0 0 1,
  0 0 1,0 0 1,
  0 0 1,0 0 1,
  0 0 1,0 0 1,
  0 0 1,0 0 1,
  0 0 1,0 0 1,
  0 0 1,0 0 1,
  0 0 1,0 0 1,
  0 0 1,0 0 1,
  0 0 1,0 0 1,
  0 0 1,0 0 1,
  0 0 1,0 0 1,
  0 0 1,0 0 1,
  0 0 1,0 0 1,
  0 0 1,0 0 1,
  0 0 1,0 0 1,
  0 0 1,0 0 1,
  0 0 1,0 0 1,
  0 0 1,0 0 1,
  0 0 1,0 0 1,
  0 0 1,0 0 1,
  0 0 1,0 0 1,
  0 0 1,0 0 1,
  0 0 1,0 0 1,
  0 0 1,0 0 1,
  0 0 1,0 0 1,
  0 0 1,0 0 1,
  0 0 1,0 0 1,
  0 0 1,0 0 1,
  0 0 1,0 0 1,
  0 0 1,0 0 1,
  0 0 1,0 0 1,
  0 0 1,0 0 1,
  0 0 1,0 0 1,
  0 0 1,0 0 1,
  0 0 1,0 0 1,
  0 0 1,0 0 1,
  0 0 1,0 0 1,
  0 0 1,0 0 1,
  0 0 1,0 0 1,
  0 0 1,0 0 1,
  0 0 1,0 0 1,
  0 0 1,0 0 1,
  0 0 1,0 0 1,
  0 0 1,0 0 1,
  0 0 1,0 0 1,
  0 0 1,0 0 1,
  0 0 1,0 0 1,
  0 0 1,0 0 1,
  0 0 1,0 0 1,
  0 0 1,0 0 1,
  0 0 1,0 0 1,
  0 0 1,0 0 1,
  0 0 1,0 0 1,
  0 0 1,0 0 1,
  0 0 1,0 0 1,
  0 0 1,0 0 1,
  0 0 1,0 0 1,
  0 0 1,0 0 1,
  0 0 1,0 0 1,
  0 0 1,0 0 1] }
}
}
] }
DEF TXFM_26 Transform {
  center 0 0 0
  rotation 0 0 1 0
  scale 1 1 1
  scaleOrientation 0 0 1 0
  translation 0 0 0
 children [
DEF SHAPE_315 Shape {
 appearance DEF APP_13 Appearance {
  material Material {
   ambientIntensity 1
   diffuseColor 0.078431375 0.2 0.14117648
   emissiveColor 0 0 0
   shininess 0.30000001
   specularColor 0.35490197 0.44 0.39882353
   transparency 0.17
} }
 geometry DEF FACE_315 IndexedFaceSet {
  coord DEF COORD_315 Coordinate { point [
  41.726707 -47.354415 0.31988189,41.726707 -47.421175 0.31988189,
  41.713682 -47.486652 0.31988189,41.688135 -47.54833 0.31988189,
  41.651045 -47.603839 0.31988189,41.603839 -47.651045 0.31988189,
  41.54833 -47.688135 0.31988189,41.486652 -47.713682 0.31988189,
  41.421175 -47.726707 0.31988189,41.354415 -47.726707 0.31988189,
  41.288939 -47.713682 0.31988189,41.227261 -47.688135 0.31988189,
  41.171752 -47.651045 0.31988189,41.124546 -47.603839 0.31988189,
  41.087456 -47.54833 0.31988189,41.061908 -47.486652 0.31988189,
  41.048884 -47.421175 0.31988189,41.048884 -47.354415 0.31988189,
  41.061908 -47.288939 0.31988189,41.087456 -47.227261 0.31988189,
  41.124546 -47.171752 0.31988189,41.171752 -47.124546 0.31988189,
  41.227261 -47.087456 0.31988189,41.288939 -47.061908 0.31988189,
  41.354415 -47.048884 0.31988189,41.421175 -47.048884 0.31988189,
  41.486652 -47.061908 0.31988189,41.54833 -47.087456 0.31988189,
  41.603839 -47.124546 0.31988189,41.651045 -47.171752 0.31988189,
  41.688135 -47.227261 0.31988189,41.713682 -47.288939 0.31988189,
  41.7216 -47.32874 0.31988189,48.51378 -45.206693 0.31988189,
  48.551445 -45.214185 0.31988189,48.583377 -45.235521 0.31988189,
  48.604713 -45.267452 0.31988189,48.610247 -45.295276 0.31988189,
  48.612205 -45.305118 0.31988189,48.612205 -45.501969 0.31988189,
  48.604713 -45.539634 0.31988189,48.583377 -45.571566 0.31988189,
  48.551445 -45.592902 0.31988189,48.51378 -45.600394 0.31988189,
  48.139764 -45.600394 0.31988189,48.102098 -45.592902 0.31988189,
  48.070167 -45.571566 0.31988189,48.048831 -45.539634 0.31988189,
  48.041339 -45.501969 0.31988189,48.041339 -45.305118 0.31988189,
  48.048831 -45.267452 0.31988189,48.070167 -45.235521 0.31988189,
  48.102098 -45.214185 0.31988189,48.139764 -45.206693 0.31988189,
  48.385827 -44.891732 0.31988189,48.382265 -44.91193 0.31988189,
  48.37201 -44.929692 0.31988189,48.356299 -44.942876 0.31988189,
  48.337026 -44.94989 0.31988189,48.316517 -44.94989 0.31988189,
  48.297244 -44.942876 0.31988189,48.281533 -44.929692 0.31988189,
  48.271278 -44.91193 0.31988189,48.267717 -44.891732 0.31988189,
  48.271278 -44.871534 0.31988189,48.281533 -44.853772 0.31988189,
  48.297244 -44.840589 0.31988189,48.316517 -44.833574 0.31988189,
  48.337026 -44.833574 0.31988189,48.356299 -44.840589 0.31988189,
  48.37201 -44.853772 0.31988189,48.382265 -44.871534 0.31988189,
  48.048831 -46.287666 0.31988189,48.041339 -46.25 0.31988189,
  48.041339 -46.05315 0.31988189,48.048831 -46.015484 0.31988189,
  48.070167 -45.983552 0.31988189,48.102098 -45.962217 0.31988189,
  48.139764 -45.954724 0.31988189,48.51378 -45.954724 0.31988189,
  48.551445 -45.962217 0.31988189,48.583377 -45.983552 0.31988189,
  48.604713 -46.015484 0.31988189,48.610247 -46.043307 0.31988189,
  48.612205 -46.05315 0.31988189,48.612205 -46.25 0.31988189,
  48.604713 -46.287666 0.31988189,48.583377 -46.319597 0.31988189,
  48.551445 -46.340933 0.31988189,48.51378 -46.348425 0.31988189,
  48.139764 -46.348425 0.31988189,48.102098 -46.340933 0.31988189,
  48.070167 -46.319597 0.31988189,39.370079 -39.370079 0.31988189,
  39.370079 -43.305118 0.31988189,39.370079 -44.608268 0.31988189,
  39.370079 -45.305118 0.31988189,39.370079 -46.913386 0.31988189,
  39.370079 -47.354415 0.31988189,39.370079 -47.82874 0.31988189,
  39.370079 -48.787402 0.31988189,39.370079 -59.055118 0.31988189,
  66.929134 -59.055118 0.31988189,66.929134 -39.370079 0.31988189,
  39.988189 -46.913386 0.31988189,39.988189 -45.988189 0.31988189,
  41.387795 -45.988189 0.31988189,42.787402 -45.988189 0.31988189,
  42.787402 -46.05315 0.31988189,42.787402 -46.82874 0.31988189,
  42.787402 -46.913386 0.31988189,42.035433 -46.913386 0.31988189,
  41.978346 -46.844488 0.31988189,41.923228 -46.78937 0.31988189,
  41.862205 -46.740157 0.31988189,41.795276 -46.69685 0.31988189,
  41.726378 -46.659449 0.31988189,41.653543 -46.629921 0.31988189,
  41.576772 -46.608268 0.31988189,41.498031 -46.59252 0.31988189,
  41.42126 -46.586614 0.31988189,41.387795 -46.586614 0.31988189,
  41.354331 -46.586614 0.31988189,41.277559 -46.59252 0.31988189,
  41.198819 -46.608268 0.31988189,41.122047 -46.629921 0.31988189,
  41.049213 -46.659449 0.31988189,40.980315 -46.69685 0.31988189,
  40.913386 -46.740157 0.31988189,40.852362 -46.78937 0.31988189,
  40.797244 -46.844488 0.31988189,40.740157 -46.913386 0.31988189,
  39.988189 -47.862205 0.31988189,40.740157 -47.862205 0.31988189,
  40.797244 -47.931102 0.31988189,40.852362 -47.98622 0.31988189,
  40.913386 -48.035433 0.31988189,40.980315 -48.07874 0.31988189,
  41.049213 -48.116142 0.31988189,41.122047 -48.145669 0.31988189,
  41.198819 -48.167323 0.31988189,41.277559 -48.183071 0.31988189,
  41.354331 -48.188976 0.31988189,41.387795 -48.188976 0.31988189,
  41.42126 -48.188976 0.31988189,41.498031 -48.183071 0.31988189,
  41.576772 -48.167323 0.31988189,41.653543 -48.145669 0.31988189,
  41.726378 -48.116142 0.31988189,41.795276 -48.07874 0.31988189,
  41.862205 -48.035433 0.31988189,41.923228 -47.98622 0.31988189,
  41.978346 -47.931102 0.31988189,42.035433 -47.862205 0.31988189,
  42.787402 -47.862205 0.31988189,42.787402 -48.32874 0.31988189,
  42.787402 -48.787402 0.31988189,41.387795 -48.787402 0.31988189,
  39.988189 -48.787402 0.31988189,48.818898 -47.94685 0.31988189,
  48.814402 -47.96945 0.31988189,48.801601 -47.988609 0.31988189,
  48.782442 -48.00141 0.31988189,48.759843 -48.005906 0.31988189,
  48.110236 -48.005906 0.31988189,48.087637 -48.00141 0.31988189,
  48.068478 -47.988609 0.31988189,48.055676 -47.96945 0.31988189,
  48.051181 -47.94685 0.31988189,48.051181 -47.82874 0.31988189,
  48.055676 -47.806141 0.31988189,48.068478 -47.786982 0.31988189,
  48.087637 -47.77418 0.31988189,48.110236 -47.769685 0.31988189,
  48.759843 -47.769685 0.31988189,48.782442 -47.77418 0.31988189,
  48.801601 -47.786982 0.31988189,48.814402 -47.806141 0.31988189,
  48.818898 -47.82874 0.31988189,48.818898 -48.32874 0.31988189,
  48.818898 -48.44685 0.31988189,48.814402 -48.46945 0.31988189,
  48.801601 -48.488609 0.31988189,48.782442 -48.50141 0.31988189,
  48.759843 -48.505906 0.31988189,48.110236 -48.505906 0.31988189,
  48.087637 -48.50141 0.31988189,48.068478 -48.488609 0.31988189,
  48.055676 -48.46945 0.31988189,48.051181 -48.44685 0.31988189,
  48.051181 -48.32874 0.31988189,48.055676 -48.306141 0.31988189,
  48.068478 -48.286982 0.31988189,48.087637 -48.27418 0.31988189,
  48.110236 -48.269685 0.31988189,48.759843 -48.269685 0.31988189,
  48.782442 -48.27418 0.31988189,48.801601 -48.286982 0.31988189,
  48.814402 -48.306141 0.31988189,48.759843 -46.769685 0.31988189,
  48.782442 -46.77418 0.31988189,48.801601 -46.786982 0.31988189,
  48.814402 -46.806141 0.31988189,48.818898 -46.82874 0.31988189,
  48.818898 -46.94685 0.31988189,48.814402 -46.96945 0.31988189,
  48.801601 -46.988609 0.31988189,48.782442 -47.00141 0.31988189,
  48.759843 -47.005906 0.31988189,48.110236 -47.005906 0.31988189,
  48.087637 -47.00141 0.31988189,48.068478 -46.988609 0.31988189,
  48.055676 -46.96945 0.31988189,48.051181 -46.94685 0.31988189,
  48.051181 -46.82874 0.31988189,48.055676 -46.806141 0.31988189,
  48.068478 -46.786982 0.31988189,48.087637 -46.77418 0.31988189,
  48.110236 -46.769685 0.31988189,66.409449 -45.988189 0.31988189,
  66.409449 -46.913386 0.31988189,65.65748 -46.913386 0.31988189,
  65.600394 -46.844488 0.31988189,65.545276 -46.78937 0.31988189,
  65.484252 -46.740157 0.31988189,65.417323 -46.69685 0.31988189,
  65.348425 -46.659449 0.31988189,65.275591 -46.629921 0.31988189,
  65.198819 -46.608268 0.31988189,65.120079 -46.59252 0.31988189,
  65.043307 -46.586614 0.31988189,65.009843 -46.586614 0.31988189,
  64.976378 -46.586614 0.31988189,64.899606 -46.59252 0.31988189,
  64.820866 -46.608268 0.31988189,64.744094 -46.629921 0.31988189,
  64.67126 -46.659449 0.31988189,64.602362 -46.69685 0.31988189,
  64.535433 -46.740157 0.31988189,64.474409 -46.78937 0.31988189,
  64.419291 -46.844488 0.31988189,64.362205 -46.913386 0.31988189,
  63.610236 -46.913386 0.31988189,63.610236 -45.988189 0.31988189,
  65.009843 -45.988189 0.31988189,57.923228 -46.259843 0.31988189,
  57.923228 -46.062992 0.31988189,57.93072 -46.025326 0.31988189,
  57.952056 -45.993395 0.31988189,57.983988 -45.972059 0.31988189,
  58.021654 -45.964567 0.31988189,58.395669 -45.964567 0.31988189,
  58.433335 -45.972059 0.31988189,58.465267 -45.993395 0.31988189,
  58.486602 -46.025326 0.31988189,58.494094 -46.062992 0.31988189,
  58.494094 -46.259843 0.31988189,58.486602 -46.297508 0.31988189,
  58.465267 -46.32944 0.31988189,58.433335 -46.350776 0.31988189,
  58.395669 -46.358268 0.31988189,58.021654 -46.358268 0.31988189,
  57.983988 -46.350776 0.31988189,57.952056 -46.32944 0.31988189,
  57.93072 -46.297508 0.31988189,63.610236 -48.787402 0.31988189,
  63.610236 -47.862205 0.31988189,64.362205 -47.862205 0.31988189,
  64.419291 -47.931102 0.31988189,64.474409 -47.98622 0.31988189,
  64.535433 -48.035433 0.31988189,64.602362 -48.07874 0.31988189,
  64.67126 -48.116142 0.31988189,64.744094 -48.145669 0.31988189,
  64.820866 -48.167323 0.31988189,64.899606 -48.183071 0.31988189,
  64.976378 -48.188976 0.31988189,65.009843 -48.188976 0.31988189,
  65.043307 -48.188976 0.31988189,65.120079 -48.183071 0.31988189,
  65.198819 -48.167323 0.31988189,65.275591 -48.145669 0.31988189,
  65.348425 -48.116142 0.31988189,65.417323 -48.07874 0.31988189,
  65.484252 -48.035433 0.31988189,65.545276 -47.98622 0.31988189,
  65.600394 -47.931102 0.31988189,65.65748 -47.862205 0.31988189,
  66.409449 -47.862205 0.31988189,66.409449 -48.787402 0.31988189,
  65.009843 -48.787402 0.31988189,58.499442 -46.806141 0.31988189,
  58.503937 -46.82874 0.31988189,58.503937 -46.913386 0.31988189,
  58.503937 -46.94685 0.31988189,58.499442 -46.96945 0.31988189,
  58.48664 -46.988609 0.31988189,58.467481 -47.00141 0.31988189,
  58.444882 -47.005906 0.31988189,57.795276 -47.005906 0.31988189,
  57.772676 -47.00141 0.31988189,57.753517 -46.988609 0.31988189,
  57.740716 -46.96945 0.31988189,57.73622 -46.94685 0.31988189,
  57.73622 -46.82874 0.31988189,57.740716 -46.806141 0.31988189,
  57.753517 -46.786982 0.31988189,57.772676 -46.77418 0.31988189,
  57.795276 -46.769685 0.31988189,58.444882 -46.769685 0.31988189,
  58.467481 -46.77418 0.31988189,58.48664 -46.786982 0.31988189,
  65.348754 -47.354415 0.31988189,65.348754 -47.421175 0.31988189,
  65.33573 -47.486652 0.31988189,65.310182 -47.54833 0.31988189,
  65.273092 -47.603839 0.31988189,65.225886 -47.651045 0.31988189,
  65.170377 -47.688135 0.31988189,65.108699 -47.713682 0.31988189,
  65.043222 -47.726707 0.31988189,64.976463 -47.726707 0.31988189,
  64.910986 -47.713682 0.31988189,64.849308 -47.688135 0.31988189,
  64.793799 -47.651045 0.31988189,64.746593 -47.603839 0.31988189,
  64.709503 -47.54833 0.31988189,64.683956 -47.486652 0.31988189,
  64.670931 -47.421175 0.31988189,64.670931 -47.354415 0.31988189,
  64.683956 -47.288939 0.31988189,64.709503 -47.227261 0.31988189,
  64.746593 -47.171752 0.31988189,64.793799 -47.124546 0.31988189,
  64.849308 -47.087456 0.31988189,64.910986 -47.061908 0.31988189,
  64.976463 -47.048884 0.31988189,65.043222 -47.048884 0.31988189,
  65.108699 -47.061908 0.31988189,65.170377 -47.087456 0.31988189,
  65.225886 -47.124546 0.31988189,65.273092 -47.171752 0.31988189,
  65.310182 -47.227261 0.31988189,65.33573 -47.288939 0.31988189,
  57.73622 -47.32874 0.31988189,57.740716 -47.306141 0.31988189,
  57.753517 -47.286982 0.31988189,57.772676 -47.27418 0.31988189,
  57.795276 -47.269685 0.31988189,58.444882 -47.269685 0.31988189,
  58.467481 -47.27418 0.31988189,58.48664 -47.286982 0.31988189,
  58.499442 -47.306141 0.31988189,58.503937 -47.32874 0.31988189,
  58.503937 -47.354415 0.31988189,58.503937 -47.44685 0.31988189,
  58.499442 -47.46945 0.31988189,58.48664 -47.488609 0.31988189,
  58.467481 -47.50141 0.31988189,58.444882 -47.505906 0.31988189,
  57.795276 -47.505906 0.31988189,57.772676 -47.50141 0.31988189,
  57.753517 -47.488609 0.31988189,57.740716 -47.46945 0.31988189,
  57.73622 -47.44685 0.31988189,48.818898 -47.32874 0.31988189,
  48.818898 -47.44685 0.31988189,48.814402 -47.46945 0.31988189,
  48.801601 -47.488609 0.31988189,48.782442 -47.50141 0.31988189,
  48.759843 -47.505906 0.31988189,48.110236 -47.505906 0.31988189,
  48.087637 -47.50141 0.31988189,48.068478 -47.488609 0.31988189,
  48.055676 -47.46945 0.31988189,48.051181 -47.44685 0.31988189,
  48.051181 -47.32874 0.31988189,48.055676 -47.306141 0.31988189,
  48.068478 -47.286982 0.31988189,48.087637 -47.27418 0.31988189,
  48.110236 -47.269685 0.31988189,48.759843 -47.269685 0.31988189,
  48.782442 -47.27418 0.31988189,48.801601 -47.286982 0.31988189,
  48.814402 -47.306141 0.31988189,49.478346 -45.295276 0.31988189,
  49.478346 -45.314961 0.31988189,49.478346 -45.492126 0.31988189,
  49.470854 -45.529792 0.31988189,49.449519 -45.561723 0.31988189,
  49.417587 -45.583059 0.31988189,49.379921 -45.590551 0.31988189,
  49.005906 -45.590551 0.31988189,48.96824 -45.583059 0.31988189,
  48.936308 -45.561723 0.31988189,48.914972 -45.529792 0.31988189,
  48.90748 -45.492126 0.31988189,48.90748 -45.295276 0.31988189,
  48.914972 -45.25761 0.31988189,48.936308 -45.225678 0.31988189,
  48.96824 -45.204343 0.31988189,49.005906 -45.19685 0.31988189,
  49.379921 -45.19685 0.31988189,49.417587 -45.204343 0.31988189,
  49.449519 -45.225678 0.31988189,49.470854 -45.25761 0.31988189,
  49.675197 -46.141732 0.31988189,49.678758 -46.121534 0.31988189,
  49.689013 -46.103772 0.31988189,49.704724 -46.090589 0.31988189,
  49.723997 -46.083574 0.31988189,49.744507 -46.083574 0.31988189,
  49.76378 -46.090589 0.31988189,49.779491 -46.103772 0.31988189,
  49.789746 -46.121534 0.31988189,49.793307 -46.141732 0.31988189,
  49.789746 -46.16193 0.31988189,49.779491 -46.179692 0.31988189,
  49.76378 -46.192876 0.31988189,49.744507 -46.19989 0.31988189,
  49.723997 -46.19989 0.31988189,49.704724 -46.192876 0.31988189,
  49.689013 -46.179692 0.31988189,49.678758 -46.16193 0.31988189,
  49.478346 -46.043307 0.31988189,49.478346 -46.062992 0.31988189,
  49.478346 -46.240157 0.31988189,49.470854 -46.277823 0.31988189,
  49.449519 -46.309755 0.31988189,49.417587 -46.331091 0.31988189,
  49.379921 -46.338583 0.31988189,49.005906 -46.338583 0.31988189,
  48.96824 -46.331091 0.31988189,48.936308 -46.309755 0.31988189,
  48.914972 -46.277823 0.31988189,48.90748 -46.240157 0.31988189,
  48.90748 -46.043307 0.31988189,48.914972 -46.005641 0.31988189,
  48.936308 -45.97371 0.31988189,48.96824 -45.952374 0.31988189,
  49.005906 -45.944882 0.31988189,49.379921 -45.944882 0.31988189,
  49.417587 -45.952374 0.31988189,49.449519 -45.97371 0.31988189,
  49.470854 -46.005641 0.31988189,50.767717 -46.82874 0.31988189,
  50.767717 -46.94685 0.31988189,50.763221 -46.96945 0.31988189,
  50.75042 -46.988609 0.31988189,50.731261 -47.00141 0.31988189,
  50.708661 -47.005906 0.31988189,50.059055 -47.005906 0.31988189,
  50.036456 -47.00141 0.31988189,50.017297 -46.988609 0.31988189,
  50.004495 -46.96945 0.31988189,50 -46.94685 0.31988189,
  50 -46.82874 0.31988189,50.004495 -46.806141 0.31988189,
  50.017297 -46.786982 0.31988189,50.036456 -46.77418 0.31988189,
  50.059055 -46.769685 0.31988189,50.708661 -46.769685 0.31988189,
  50.731261 -46.77418 0.31988189,50.75042 -46.786982 0.31988189,
  50.763221 -46.806141 0.31988189,50 -47.32874 0.31988189,
  50.004495 -47.306141 0.31988189,50.017297 -47.286982 0.31988189,
  50.036456 -47.27418 0.31988189,50.059055 -47.269685 0.31988189,
  50.708661 -47.269685 0.31988189,50.731261 -47.27418 0.31988189,
  50.75042 -47.286982 0.31988189,50.763221 -47.306141 0.31988189,
  50.767717 -47.32874 0.31988189,50.767717 -47.44685 0.31988189,
  50.763221 -47.46945 0.31988189,50.75042 -47.488609 0.31988189,
  50.731261 -47.50141 0.31988189,50.708661 -47.505906 0.31988189,
  50.059055 -47.505906 0.31988189,50.036456 -47.50141 0.31988189,
  50.017297 -47.488609 0.31988189,50.004495 -47.46945 0.31988189,
  50 -47.44685 0.31988189,50 -47.82874 0.31988189,
  50.004495 -47.806141 0.31988189,50.017297 -47.786982 0.31988189,
  50.036456 -47.77418 0.31988189,50.059055 -47.769685 0.31988189,
  50.708661 -47.769685 0.31988189,50.731261 -47.77418 0.31988189,
  50.75042 -47.786982 0.31988189,50.763221 -47.806141 0.31988189,
  50.767717 -47.82874 0.31988189,50.767717 -47.94685 0.31988189,
  50.763221 -47.96945 0.31988189,50.75042 -47.988609 0.31988189,
  50.731261 -48.00141 0.31988189,50.708661 -48.005906 0.31988189,
  50.059055 -48.005906 0.31988189,50.036456 -48.00141 0.31988189,
  50.017297 -47.988609 0.31988189,50.004495 -47.96945 0.31988189,
  50 -47.94685 0.31988189,57.027559 -46.259843 0.31988189,
  57.027559 -46.062992 0.31988189,57.035051 -46.025326 0.31988189,
  57.056387 -45.993395 0.31988189,57.088319 -45.972059 0.31988189,
  57.125984 -45.964567 0.31988189,57.5 -45.964567 0.31988189,
  57.537666 -45.972059 0.31988189,57.569597 -45.993395 0.31988189,
  57.590933 -46.025326 0.31988189,57.598425 -46.062992 0.31988189,
  57.598425 -46.259843 0.31988189,57.590933 -46.297508 0.31988189,
  57.569597 -46.32944 0.31988189,57.537666 -46.350776 0.31988189,
  57.5 -46.358268 0.31988189,57.125984 -46.358268 0.31988189,
  57.088319 -46.350776 0.31988189,57.056387 -46.32944 0.31988189,
  57.035051 -46.297508 0.31988189,56.811024 -46.161417 0.31988189,
  56.807462 -46.181615 0.31988189,56.797207 -46.199377 0.31988189,
  56.781496 -46.212561 0.31988189,56.762223 -46.219575 0.31988189,
  56.741714 -46.219575 0.31988189,56.722441 -46.212561 0.31988189,
  56.70673 -46.199377 0.31988189,56.696475 -46.181615 0.31988189,
  56.692913 -46.161417 0.31988189,56.696475 -46.141219 0.31988189,
  56.70673 -46.123457 0.31988189,56.722441 -46.110274 0.31988189,
  56.741714 -46.103259 0.31988189,56.762223 -46.103259 0.31988189,
  56.781496 -46.110274 0.31988189,56.797207 -46.123457 0.31988189,
  56.807462 -46.141219 0.31988189,56.555118 -46.82874 0.31988189,
  56.555118 -46.94685 0.31988189,56.550623 -46.96945 0.31988189,
  56.537821 -46.988609 0.31988189,56.518663 -47.00141 0.31988189,
  56.496063 -47.005906 0.31988189,55.846457 -47.005906 0.31988189,
  55.823857 -47.00141 0.31988189,55.804698 -46.988609 0.31988189,
  55.791897 -46.96945 0.31988189,55.787402 -46.94685 0.31988189,
  55.787402 -46.82874 0.31988189,55.791897 -46.806141 0.31988189,
  55.804698 -46.786982 0.31988189,55.823857 -46.77418 0.31988189,
  55.846457 -46.769685 0.31988189,56.496063 -46.769685 0.31988189,
  56.518663 -46.77418 0.31988189,56.537821 -46.786982 0.31988189,
  56.550623 -46.806141 0.31988189,55.787402 -47.32874 0.31988189,
  55.791897 -47.306141 0.31988189,55.804698 -47.286982 0.31988189,
  55.823857 -47.27418 0.31988189,55.846457 -47.269685 0.31988189,
  56.496063 -47.269685 0.31988189,56.518663 -47.27418 0.31988189,
  56.537821 -47.286982 0.31988189,56.550623 -47.306141 0.31988189,
  56.555118 -47.32874 0.31988189,56.555118 -47.44685 0.31988189,
  56.550623 -47.46945 0.31988189,56.537821 -47.488609 0.31988189,
  56.518663 -47.50141 0.31988189,56.496063 -47.505906 0.31988189,
  55.846457 -47.505906 0.31988189,55.823857 -47.50141 0.31988189,
  55.804698 -47.488609 0.31988189,55.791897 -47.46945 0.31988189,
  55.787402 -47.44685 0.31988189,55.787402 -47.82874 0.31988189,
  55.791897 -47.806141 0.31988189,55.804698 -47.786982 0.31988189,
  55.823857 -47.77418 0.31988189,55.846457 -47.769685 0.31988189,
  56.496063 -47.769685 0.31988189,56.518663 -47.77418 0.31988189,
  56.537821 -47.786982 0.31988189,56.550623 -47.806141 0.31988189,
  56.555118 -47.82874 0.31988189,56.555118 -47.94685 0.31988189,
  56.550623 -47.96945 0.31988189,56.537821 -47.988609 0.31988189,
  56.518663 -48.00141 0.31988189,56.496063 -48.005906 0.31988189,
  55.846457 -48.005906 0.31988189,55.823857 -48.00141 0.31988189,
  55.804698 -47.988609 0.31988189,55.791897 -47.96945 0.31988189,
  55.787402 -47.94685 0.31988189,55.787402 -48.32874 0.31988189,
  55.791897 -48.306141 0.31988189,55.804698 -48.286982 0.31988189,
  55.823857 -48.27418 0.31988189,55.846457 -48.269685 0.31988189,
  56.496063 -48.269685 0.31988189,56.518663 -48.27418 0.31988189,
  56.537821 -48.286982 0.31988189,56.550623 -48.306141 0.31988189,
  56.555118 -48.32874 0.31988189,56.555118 -48.44685 0.31988189,
  56.550623 -48.46945 0.31988189,56.537821 -48.488609 0.31988189,
  56.518663 -48.50141 0.31988189,56.496063 -48.505906 0.31988189,
  55.846457 -48.505906 0.31988189,55.823857 -48.50141 0.31988189,
  55.804698 -48.488609 0.31988189,55.791897 -48.46945 0.31988189,
  55.787402 -48.44685 0.31988189,50 -48.32874 0.31988189,
  50.004495 -48.306141 0.31988189,50.017297 -48.286982 0.31988189,
  50.036456 -48.27418 0.31988189,50.059055 -48.269685 0.31988189,
  50.708661 -48.269685 0.31988189,50.731261 -48.27418 0.31988189,
  50.75042 -48.286982 0.31988189,50.763221 -48.306141 0.31988189,
  50.767717 -48.32874 0.31988189,50.767717 -48.44685 0.31988189,
  50.763221 -48.46945 0.31988189,50.75042 -48.488609 0.31988189,
  50.731261 -48.50141 0.31988189,50.708661 -48.505906 0.31988189,
  50.059055 -48.505906 0.31988189,50.036456 -48.50141 0.31988189,
  50.017297 -48.488609 0.31988189,50.004495 -48.46945 0.31988189,
  50 -48.44685 0.31988189,57.598425 -45.314961 0.31988189,
  57.598425 -45.511811 0.31988189,57.590933 -45.549477 0.31988189,
  57.569597 -45.581408 0.31988189,57.537666 -45.602744 0.31988189,
  57.5 -45.610236 0.31988189,57.125984 -45.610236 0.31988189,
  57.088319 -45.602744 0.31988189,57.056387 -45.581408 0.31988189,
  57.035051 -45.549477 0.31988189,57.027559 -45.511811 0.31988189,
  57.027559 -45.314961 0.31988189,57.035051 -45.277295 0.31988189,
  57.056387 -45.245363 0.31988189,57.088319 -45.224028 0.31988189,
  57.125984 -45.216535 0.31988189,57.5 -45.216535 0.31988189,
  57.537666 -45.224028 0.31988189,57.569597 -45.245363 0.31988189,
  57.590933 -45.277295 0.31988189,57.73622 -47.82874 0.31988189,
  57.740716 -47.806141 0.31988189,57.753517 -47.786982 0.31988189,
  57.772676 -47.77418 0.31988189,57.795276 -47.769685 0.31988189,
  58.444882 -47.769685 0.31988189,58.467481 -47.77418 0.31988189,
  58.48664 -47.786982 0.31988189,58.499442 -47.806141 0.31988189,
  58.503937 -47.82874 0.31988189,58.503937 -47.94685 0.31988189,
  58.499442 -47.96945 0.31988189,58.48664 -47.988609 0.31988189,
  58.467481 -48.00141 0.31988189,58.444882 -48.005906 0.31988189,
  57.795276 -48.005906 0.31988189,57.772676 -48.00141 0.31988189,
  57.753517 -47.988609 0.31988189,57.740716 -47.96945 0.31988189,
  57.73622 -47.94685 0.31988189,57.73622 -48.32874 0.31988189,
  57.740716 -48.306141 0.31988189,57.753517 -48.286982 0.31988189,
  57.772676 -48.27418 0.31988189,57.795276 -48.269685 0.31988189,
  58.444882 -48.269685 0.31988189,58.467481 -48.27418 0.31988189,
  58.48664 -48.286982 0.31988189,58.499442 -48.306141 0.31988189,
  58.503937 -48.32874 0.31988189,58.503937 -48.44685 0.31988189,
  58.499442 -48.46945 0.31988189,58.48664 -48.488609 0.31988189,
  58.467481 -48.50141 0.31988189,58.444882 -48.505906 0.31988189,
  57.795276 -48.505906 0.31988189,57.772676 -48.50141 0.31988189,
  57.753517 -48.488609 0.31988189,57.740716 -48.46945 0.31988189,
  57.73622 -48.44685 0.31988189,58.395669 -45.216535 0.31988189,
  58.433335 -45.224028 0.31988189,58.465267 -45.245363 0.31988189,
  58.486602 -45.277295 0.31988189,58.494094 -45.314961 0.31988189,
  58.494094 -45.511811 0.31988189,58.486602 -45.549477 0.31988189,
  58.465267 -45.581408 0.31988189,58.433335 -45.602744 0.31988189,
  58.395669 -45.610236 0.31988189,58.021654 -45.610236 0.31988189,
  57.983988 -45.602744 0.31988189,57.952056 -45.581408 0.31988189,
  57.93072 -45.549477 0.31988189,57.923228 -45.511811 0.31988189,
  57.923228 -45.314961 0.31988189,57.93072 -45.277295 0.31988189,
  57.952056 -45.245363 0.31988189,57.983988 -45.224028 0.31988189,
  58.021654 -45.216535 0.31988189,58.267717 -44.92126 0.31988189,
  58.264155 -44.941458 0.31988189,58.2539 -44.95922 0.31988189,
  58.238189 -44.972403 0.31988189,58.218916 -44.979418 0.31988189,
  58.198407 -44.979418 0.31988189,58.179134 -44.972403 0.31988189,
  58.163423 -44.95922 0.31988189,58.153168 -44.941458 0.31988189,
  58.149606 -44.92126 0.31988189,58.153168 -44.901062 0.31988189,
  58.163423 -44.8833 0.31988189,58.179134 -44.870117 0.31988189,
  58.198407 -44.863102 0.31988189,58.218916 -44.863102 0.31988189,
  58.238189 -44.870117 0.31988189,58.2539 -44.8833 0.31988189,
  58.264155 -44.901062 0.31988189,54.100394 -42.316929 0.31988189,
  54.100394 -43.305118 0.31988189,53.706693 -43.305118 0.31988189,
  53.706693 -42.316929 0.31988189,53.966535 -41.958661 0.31988189,
  53.962974 -41.978859 0.31988189,53.952719 -41.996621 0.31988189,
  53.937008 -42.009805 0.31988189,53.917735 -42.016819 0.31988189,
  53.897226 -42.016819 0.31988189,53.877953 -42.009805 0.31988189,
  53.862241 -41.996621 0.31988189,53.851987 -41.978859 0.31988189,
  53.848425 -41.958661 0.31988189,53.851987 -41.938463 0.31988189,
  53.862241 -41.920702 0.31988189,53.877953 -41.907518 0.31988189,
  53.897226 -41.900503 0.31988189,53.917735 -41.900503 0.31988189,
  53.937008 -41.907518 0.31988189,53.952719 -41.920702 0.31988189,
  53.962974 -41.938463 0.31988189,52.706693 -44.608268 0.31988189,
  52.706693 -43.620079 0.31988189,53.100394 -43.620079 0.31988189,
  53.100394 -44.608268 0.31988189,52.844488 -44.96063 0.31988189,
  52.84805 -44.940432 0.31988189,52.858304 -44.92267 0.31988189,
  52.874016 -44.909487 0.31988189,52.893288 -44.902472 0.31988189,
  52.913798 -44.902472 0.31988189,52.933071 -44.909487 0.31988189,
  52.948782 -44.92267 0.31988189,52.959037 -44.940432 0.31988189,
  52.962598 -44.96063 0.31988189,52.959037 -44.980828 0.31988189,
  52.948782 -44.99859 0.31988189,52.933071 -45.011773 0.31988189,
  52.913798 -45.018788 0.31988189,52.893288 -45.018788 0.31988189,
  52.874016 -45.011773 0.31988189,52.858304 -44.99859 0.31988189,
  52.84805 -44.980828 0.31988189] }
 coordIndex [
  108,109,102,-1,102,109,110,-1,102,110,154,-1,154,110,111,-1,154,111,153,-1,153,111,112,-1,153,112,152,-1,152,112,113,-1,
  152,113,151,-1,151,113,114,-1,151,114,150,-1,150,114,115,-1,150,115,149,-1,149,115,0,-1,149,0,1,-1,116,117,30,-1,
  116,30,31,-1,116,31,32,-1,116,32,0,-1,116,0,115,-1,20,21,124,-1,124,21,22,-1,124,22,123,-1,123,22,23,-1,
  123,23,122,-1,122,23,24,-1,122,24,121,-1,121,24,25,-1,121,25,120,-1,120,25,26,-1,120,26,119,-1,119,26,27,-1,
  119,27,118,-1,118,27,28,-1,118,28,117,-1,117,28,29,-1,117,29,30,-1,125,126,18,-1,125,18,19,-1,125,19,20,-1,
  125,20,124,-1,13,14,139,-1,139,14,15,-1,139,15,138,-1,138,15,16,-1,138,16,127,-1,127,16,17,-1,127,17,126,-1,
  126,17,18,-1,148,149,1,-1,148,1,2,-1,148,2,3,-1,148,3,147,-1,3,4,147,-1,147,4,5,-1,147,5,146,-1,
  146,5,6,-1,146,6,145,-1,145,6,7,-1,145,7,144,-1,144,7,8,-1,144,8,143,-1,143,8,9,-1,143,9,142,-1,
  142,9,10,-1,142,10,141,-1,141,10,11,-1,141,11,140,-1,140,11,12,-1,140,12,13,-1,138,127,137,-1,137,127,128,-1,
  137,128,136,-1,136,128,129,-1,136,129,135,-1,135,129,130,-1,135,130,134,-1,134,130,131,-1,134,131,133,-1,133,131,104,-1,
  133,104,132,-1,132,104,105,-1,132,105,158,-1,158,105,93,-1,158,93,94,-1,188,189,107,-1,107,189,73,-1,107,73,49,-1,
  49,73,74,-1,49,74,48,-1,48,74,75,-1,48,75,47,-1,47,75,76,-1,47,76,46,-1,46,76,77,-1,46,77,45,-1,
  45,77,78,-1,45,78,44,-1,44,78,79,-1,44,79,43,-1,43,79,80,-1,43,80,42,-1,42,80,81,-1,42,81,41,-1,
  41,81,82,-1,41,82,40,-1,40,82,83,-1,40,83,39,-1,39,83,84,-1,39,84,199,-1,199,84,85,-1,199,85,86,-1,
  72,189,214,-1,214,189,190,-1,214,190,168,-1,168,190,191,-1,168,191,167,-1,167,191,192,-1,167,192,166,-1,166,192,193,-1,
  166,193,165,-1,165,193,194,-1,165,194,164,-1,164,194,195,-1,164,195,163,-1,163,195,196,-1,163,196,162,-1,162,196,197,-1,
  162,197,161,-1,161,197,198,-1,161,198,160,-1,160,198,179,-1,160,179,159,-1,159,179,102,-1,159,102,178,-1,178,102,639,-1,
  178,639,640,-1,214,169,375,-1,375,169,170,-1,375,170,374,-1,374,170,171,-1,374,171,373,-1,373,171,172,-1,373,172,372,-1,
  372,172,173,-1,372,173,371,-1,371,173,174,-1,371,174,370,-1,370,174,175,-1,370,175,369,-1,369,175,176,-1,369,176,368,-1,
  368,176,177,-1,368,177,367,-1,367,177,178,-1,367,178,366,-1,366,178,640,-1,366,640,365,-1,365,640,204,-1,365,204,205,-1,
  365,205,384,-1,384,205,206,-1,384,206,383,-1,383,206,207,-1,383,207,382,-1,382,207,208,-1,382,208,381,-1,381,208,209,-1,
  381,209,380,-1,380,209,210,-1,380,210,379,-1,379,210,211,-1,379,211,378,-1,378,211,212,-1,378,212,377,-1,377,212,213,-1,
  377,213,376,-1,376,213,214,-1,376,214,375,-1,385,386,642,-1,642,386,387,-1,642,387,424,-1,424,387,388,-1,424,388,444,-1,
  444,388,389,-1,444,389,443,-1,443,389,390,-1,443,390,442,-1,442,390,391,-1,442,391,441,-1,441,391,392,-1,441,392,440,-1,
  440,392,393,-1,440,393,439,-1,439,393,394,-1,439,394,438,-1,438,394,395,-1,438,395,437,-1,437,395,396,-1,437,396,436,-1,
  436,396,397,-1,436,397,435,-1,435,397,203,-1,435,203,434,-1,434,203,641,-1,434,641,433,-1,433,641,432,-1,415,642,456,-1,
  456,642,623,-1,456,623,504,-1,504,623,624,-1,504,624,503,-1,503,624,625,-1,503,625,502,-1,502,625,626,-1,502,626,501,-1,
  501,626,627,-1,501,627,500,-1,500,627,628,-1,500,628,499,-1,499,628,629,-1,499,629,498,-1,498,629,630,-1,498,630,497,-1,
  497,630,631,-1,497,631,496,-1,496,631,632,-1,496,632,495,-1,495,632,102,-1,495,102,494,-1,494,102,475,-1,494,475,476,-1,
  494,476,493,-1,493,476,477,-1,493,477,492,-1,492,477,478,-1,492,478,491,-1,491,478,479,-1,491,479,490,-1,490,479,480,-1,
  490,480,489,-1,489,480,481,-1,489,481,488,-1,488,481,482,-1,488,482,487,-1,487,482,483,-1,487,483,486,-1,486,483,484,-1,
  486,484,485,-1,485,484,456,-1,485,456,504,-1,782,783,620,-1,620,783,445,-1,620,445,102,-1,102,445,446,-1,102,446,474,-1,
  474,446,447,-1,474,447,473,-1,473,447,448,-1,473,448,472,-1,472,448,449,-1,472,449,471,-1,471,449,450,-1,471,450,470,-1,
  470,450,451,-1,470,451,469,-1,469,451,452,-1,469,452,468,-1,468,452,453,-1,468,453,467,-1,467,453,454,-1,467,454,466,-1,
  466,454,455,-1,466,455,465,-1,465,455,456,-1,465,456,484,-1,38,39,199,-1,38,199,397,-1,38,397,398,-1,38,398,399,-1,
  38,399,757,-1,38,757,37,-1,199,86,87,-1,199,87,88,-1,199,88,89,-1,199,89,90,-1,199,90,218,-1,215,216,92,-1,
  92,216,217,-1,92,217,91,-1,91,217,218,-1,91,218,90,-1,92,72,214,-1,92,214,215,-1,33,34,757,-1,33,757,54,-1,
  33,54,55,-1,33,55,56,-1,33,56,57,-1,33,57,58,-1,33,58,59,-1,33,59,60,-1,33,60,61,-1,33,61,53,-1,
  53,61,62,-1,53,62,63,-1,53,63,64,-1,53,64,52,-1,243,244,103,-1,103,244,219,-1,103,219,102,-1,102,219,220,-1,
  102,220,288,-1,288,220,221,-1,288,221,287,-1,287,221,222,-1,287,222,286,-1,286,222,223,-1,286,223,285,-1,285,223,224,-1,
  285,224,284,-1,284,224,225,-1,284,225,283,-1,283,225,312,-1,283,312,313,-1,226,227,342,-1,226,342,343,-1,226,343,312,-1,
  226,312,225,-1,332,333,234,-1,234,333,334,-1,234,334,233,-1,233,334,335,-1,233,335,232,-1,232,335,336,-1,232,336,231,-1,
  231,336,337,-1,231,337,230,-1,230,337,338,-1,230,338,229,-1,229,338,339,-1,229,339,228,-1,228,339,340,-1,228,340,227,-1,
  227,340,341,-1,227,341,342,-1,235,236,330,-1,235,330,331,-1,235,331,332,-1,235,332,234,-1,325,326,273,-1,273,326,327,-1,
  273,327,272,-1,272,327,328,-1,272,328,237,-1,237,328,329,-1,237,329,236,-1,236,329,330,-1,272,237,271,-1,271,237,238,-1,
  271,238,270,-1,270,238,239,-1,270,239,269,-1,269,239,240,-1,269,240,268,-1,268,240,241,-1,268,241,267,-1,267,241,242,-1,
  267,242,266,-1,266,242,243,-1,266,243,265,-1,265,243,292,-1,265,292,102,-1,102,292,293,-1,102,293,294,-1,103,93,758,-1,
  103,758,759,-1,103,759,760,-1,103,760,761,-1,103,761,762,-1,103,762,745,-1,103,745,741,-1,103,741,657,-1,103,657,658,-1,
  103,658,659,-1,103,659,660,-1,103,660,661,-1,103,661,735,-1,103,735,736,-1,103,736,737,-1,103,737,738,-1,103,738,739,-1,
  103,739,740,-1,103,740,723,-1,103,723,703,-1,103,703,704,-1,103,704,705,-1,103,705,706,-1,103,706,707,-1,103,707,291,-1,
  103,291,292,-1,103,292,243,-1,722,703,730,-1,722,730,731,-1,722,731,732,-1,722,732,733,-1,722,733,721,-1,721,733,720,-1,
  720,733,734,-1,720,734,719,-1,719,734,643,-1,719,643,718,-1,718,643,304,-1,718,304,305,-1,263,264,308,-1,308,264,245,-1,
  308,245,718,-1,718,245,246,-1,718,246,717,-1,717,246,247,-1,717,247,716,-1,716,247,248,-1,716,248,715,-1,715,248,249,-1,
  715,249,714,-1,714,249,250,-1,714,250,713,-1,713,250,251,-1,713,251,712,-1,712,251,252,-1,712,252,711,-1,711,252,253,-1,
  711,253,710,-1,710,253,254,-1,710,254,709,-1,709,254,255,-1,709,255,708,-1,708,255,291,-1,708,291,707,-1,718,305,306,-1,
  718,306,307,-1,718,307,308,-1,102,294,353,-1,353,294,295,-1,353,295,352,-1,352,295,296,-1,352,296,351,-1,351,296,297,-1,
  351,297,350,-1,350,297,298,-1,350,298,349,-1,349,298,299,-1,349,299,348,-1,348,299,300,-1,348,300,347,-1,347,300,301,-1,
  347,301,346,-1,346,301,302,-1,346,302,345,-1,345,302,303,-1,345,303,344,-1,344,303,304,-1,344,304,364,-1,364,304,663,-1,
  364,663,664,-1,304,643,702,-1,304,702,683,-1,304,683,682,-1,304,682,663,-1,735,661,662,-1,735,662,643,-1,735,643,734,-1,
  522,523,701,-1,701,523,524,-1,701,524,525,-1,525,524,505,-1,525,505,654,-1,654,505,506,-1,654,506,653,-1,653,506,507,-1,
  653,507,652,-1,652,507,508,-1,652,508,651,-1,651,508,509,-1,651,509,650,-1,650,509,510,-1,650,510,649,-1,649,510,511,-1,
  649,511,648,-1,648,511,512,-1,648,512,647,-1,647,512,513,-1,647,513,646,-1,646,513,514,-1,646,514,645,-1,645,514,515,-1,
  645,515,644,-1,644,515,702,-1,644,702,643,-1,655,656,558,-1,655,558,535,-1,655,535,536,-1,655,536,537,-1,655,537,538,-1,
  655,538,539,-1,655,539,540,-1,655,540,541,-1,655,541,542,-1,655,542,525,-1,655,525,654,-1,535,558,559,-1,535,559,560,-1,
  535,560,561,-1,535,561,562,-1,535,562,543,-1,535,543,534,-1,554,555,741,-1,741,555,556,-1,741,556,656,-1,656,556,557,-1,
  656,557,558,-1,532,533,701,-1,701,533,543,-1,701,543,700,-1,700,543,544,-1,700,544,572,-1,572,544,545,-1,572,545,571,-1,
  571,545,546,-1,571,546,570,-1,570,546,547,-1,570,547,569,-1,569,547,548,-1,569,548,568,-1,568,548,549,-1,568,549,567,-1,
  567,549,550,-1,567,550,566,-1,566,550,551,-1,566,551,565,-1,565,551,552,-1,565,552,564,-1,564,552,553,-1,564,553,563,-1,
  563,553,554,-1,563,554,582,-1,582,554,583,-1,582,583,584,-1,554,741,622,-1,554,622,603,-1,554,603,602,-1,554,602,583,-1,
  744,741,752,-1,744,752,753,-1,744,753,754,-1,744,754,755,-1,744,755,765,-1,744,765,743,-1,764,765,755,-1,764,755,756,-1,
  764,756,460,-1,764,460,461,-1,764,461,462,-1,764,462,463,-1,764,463,464,-1,764,464,445,-1,764,445,763,-1,756,757,385,-1,
  756,385,408,-1,756,408,409,-1,756,409,410,-1,756,410,411,-1,756,411,412,-1,756,412,413,-1,756,413,414,-1,756,414,415,-1,
  756,415,458,-1,756,458,459,-1,756,459,460,-1,457,458,415,-1,457,415,456,-1,422,423,642,-1,642,423,406,-1,642,406,385,-1,
  385,406,407,-1,385,407,408,-1,757,399,400,-1,757,400,401,-1,757,401,402,-1,757,402,403,-1,757,403,404,-1,757,404,405,-1,
  757,405,385,-1,397,199,200,-1,397,200,201,-1,397,201,202,-1,397,202,203,-1,757,34,35,-1,757,35,36,-1,757,36,37,-1,
  757,758,106,-1,757,106,107,-1,757,107,66,-1,757,66,67,-1,757,67,68,-1,757,68,69,-1,757,69,70,-1,757,70,71,-1,
  757,71,54,-1,64,65,107,-1,64,107,50,-1,64,50,51,-1,64,51,52,-1,758,93,105,-1,758,105,106,-1,102,288,289,-1,
  102,289,290,-1,102,290,265,-1,102,353,354,-1,102,354,355,-1,102,355,672,-1,102,672,673,-1,102,673,692,-1,102,692,693,-1,
  102,693,694,-1,102,694,695,-1,102,695,696,-1,102,696,697,-1,102,697,698,-1,102,698,699,-1,102,699,700,-1,102,700,572,-1,
  102,572,573,-1,102,573,592,-1,102,592,593,-1,102,593,612,-1,102,612,613,-1,102,613,614,-1,102,614,615,-1,102,615,616,-1,
  102,616,617,-1,102,617,618,-1,102,618,619,-1,102,619,620,-1,702,515,516,-1,702,516,517,-1,702,517,518,-1,702,518,519,-1,
  702,519,520,-1,702,520,521,-1,702,521,701,-1,701,525,526,-1,701,526,527,-1,701,527,528,-1,701,528,529,-1,701,529,530,-1,
  701,530,531,-1,701,531,532,-1,621,622,741,-1,621,741,742,-1,621,742,743,-1,621,743,765,-1,621,765,766,-1,621,766,620,-1,
  766,763,769,-1,766,769,770,-1,766,770,771,-1,766,771,772,-1,766,772,773,-1,766,773,774,-1,766,774,775,-1,766,775,776,-1,
  766,776,620,-1,620,776,777,-1,620,777,778,-1,620,778,779,-1,620,779,780,-1,620,780,781,-1,620,781,782,-1,763,445,784,-1,
  763,784,767,-1,763,767,768,-1,763,768,769,-1,102,632,633,-1,102,633,634,-1,102,634,635,-1,102,635,636,-1,102,636,637,-1,
  102,637,638,-1,102,638,639,-1,642,415,416,-1,642,416,417,-1,642,417,418,-1,642,418,419,-1,642,419,420,-1,642,420,421,-1,
  642,421,422,-1,641,642,424,-1,641,424,425,-1,641,425,426,-1,641,426,427,-1,641,427,428,-1,641,428,429,-1,641,429,430,-1,
  641,430,431,-1,641,431,432,-1,203,204,640,-1,203,640,641,-1,102,179,180,-1,102,180,181,-1,102,181,182,-1,102,182,183,-1,
  102,183,184,-1,102,184,185,-1,102,185,186,-1,102,186,107,-1,102,107,108,-1,107,186,187,-1,107,187,188,-1,102,154,155,-1,
  102,155,156,-1,102,156,157,-1,102,157,158,-1,102,158,100,-1,102,100,101,-1,158,94,95,-1,158,95,96,-1,158,96,97,-1,
  158,97,98,-1,158,98,99,-1,158,99,100,-1,282,283,313,-1,282,313,314,-1,282,314,315,-1,282,315,281,-1,315,316,281,-1,
  281,316,317,-1,281,317,280,-1,280,317,318,-1,280,318,279,-1,279,318,319,-1,279,319,278,-1,278,319,320,-1,278,320,277,-1,
  277,320,321,-1,277,321,276,-1,276,321,322,-1,276,322,275,-1,275,322,323,-1,275,323,274,-1,274,323,324,-1,274,324,325,-1,
  602,604,601,-1,601,604,605,-1,601,605,600,-1,600,605,606,-1,600,606,599,-1,599,606,607,-1,599,607,598,-1,598,607,608,-1,
  598,608,597,-1,597,608,609,-1,597,609,596,-1,596,609,610,-1,596,610,595,-1,595,610,611,-1,595,611,594,-1,594,611,612,-1,
  594,612,593,-1,582,584,581,-1,581,584,585,-1,581,585,580,-1,580,585,586,-1,580,586,579,-1,579,586,587,-1,579,587,578,-1,
  578,587,588,-1,578,588,577,-1,577,588,589,-1,577,589,576,-1,576,589,590,-1,576,590,575,-1,575,590,591,-1,575,591,574,-1,
  574,591,592,-1,574,592,573,-1,682,684,681,-1,681,684,685,-1,681,685,680,-1,680,685,686,-1,680,686,679,-1,679,686,687,-1,
  679,687,678,-1,678,687,688,-1,678,688,677,-1,677,688,689,-1,677,689,676,-1,676,689,690,-1,676,690,675,-1,675,690,691,-1,
  675,691,674,-1,674,691,692,-1,674,692,673,-1,364,664,363,-1,363,664,665,-1,363,665,362,-1,362,665,666,-1,362,666,361,-1,
  361,666,667,-1,361,667,360,-1,360,667,668,-1,360,668,359,-1,359,668,669,-1,359,669,358,-1,358,669,670,-1,358,670,357,-1,
  357,670,671,-1,357,671,356,-1,356,671,672,-1,356,672,355,-1,259,309,258,-1,258,309,310,-1,258,310,257,-1,257,310,311,-1,
  257,311,256,-1,256,311,291,-1,256,291,255,-1,309,259,260,-1,309,260,261,-1,309,261,262,-1,309,262,263,-1,309,263,308,-1,
  703,723,724,-1,703,724,725,-1,703,725,726,-1,703,726,727,-1,703,727,728,-1,703,728,729,-1,703,729,730,-1,741,745,746,-1,
  741,746,747,-1,741,747,748,-1,741,748,749,-1,741,749,750,-1,741,750,751,-1,741,751,752,-1,684,682,683,-1,604,602,603,-1,
  325,273,274,-1,73,189,72,-1,475,102,474,-1,445,783,784,-1,543,533,534,-1,522,701,521,-1,66,107,65,-1,50,107,49,-1,
  657,741,656,-1,214,168,169,-1,13,139,140,-1]
  normalPerVertex TRUE
  normal DEF NORM_315 Normal { vector [
  0 0 1,0 0 1,
  0 0 1,0 0 1,
  0 0 1,0 0 1,
  0 0 1,0 0 1,
  0 0 1,0 0 1,
  0 0 1,0 0 1,
  0 0 1,0 0 1,
  0 0 1,0 0 1,
  0 0 1,0 0 1,
  0 0 1,0 0 1,
  0 0 1,0 0 1,
  0 0 1,0 0 1,
  0 0 1,0 0 1,
  0 0 1,0 0 1,
  0 0 1,0 0 1,
  0 0 1,0 0 1,
  0 0 1,0 0 1,
  0 0 1,0 0 1,
  0 0 1,0 0 1,
  0 0 1,0 0 1,
  0 0 1,0 0 1,
  0 0 1,0 0 1,
  0 0 1,0 0 1,
  0 0 1,0 0 1,
  0 0 1,0 0 1,
  0 0 1,0 0 1,
  0 0 1,0 0 1,
  0 0 1,0 0 1,
  0 0 1,0 0 1,
  0 0 1,0 0 1,
  0 0 1,0 0 1,
  0 0 1,0 0 1,
  0 0 1,0 0 1,
  0 0 1,0 0 1,
  0 0 1,0 0 1,
  0 0 1,0 0 1,
  0 0 1,0 0 1,
  0 0 1,0 0 1,
  0 0 1,0 0 1,
  0 0 1,0 0 1,
  0 0 1,0 0 1,
  0 0 1,0 0 1,
  0 0 1,0 0 1,
  0 0 1,0 0 1,
  0 0 1,0 0 1,
  0 0 1,0 0 1,
  0 0 1,0 0 1,
  0 0 1,0 0 1,
  0 0 1,0 0 1,
  0 0 1,0 0 1,
  0 0 1,0 0 1,
  0 0 1,0 0 1,
  0 0 1,0 0 1,
  0 0 1,0 0 1,
  0 0 1,0 0 1,
  0 0 1,0 0 1,
  0 0 1,0 0 1,
  0 0 1,0 0 1,
  0 0 1,0 0 1,
  0 0 1,0 0 1,
  0 0 1,0 0 1,
  0 0 1,0 0 1,
  0 0 1,0 0 1,
  0 0 1,0 0 1,
  0 0 1,0 0 1,
  0 0 1,0 0 1,
  0 0 1,0 0 1,
  0 0 1,0 0 1,
  0 0 1,0 0 1,
  0 0 1,0 0 1,
  0 0 1,0 0 1,
  0 0 1,0 0 1,
  0 0 1,0 0 1,
  0 0 1,0 0 1,
  0 0 1,0 0 1,
  0 0 1,0 0 1,
  0 0 1,0 0 1,
  0 0 1,0 0 1,
  0 0 1,0 0 1,
  0 0 1,0 0 1,
  0 0 1,0 0 1,
  0 0 1,0 0 1,
  0 0 1,0 0 1,
  0 0 1,0 0 1,
  0 0 1,0 0 1,
  0 0 1,0 0 1,
  0 0 1,0 0 1,
  0 0 1,0 0 1,
  0 0 1,0 0 1,
  0 0 1,0 0 1,
  0 0 1,0 0 1,
  0 0 1,0 0 1,
  0 0 1,0 0 1,
  0 0 1,0 0 1,
  0 0 1,0 0 1,
  0 0 1,0 0 1,
  0 0 1,0 0 1,
  0 0 1,0 0 1,
  0 0 1,0 0 1,
  0 0 1,0 0 1,
  0 0 1,0 0 1,
  0 0 1,0 0 1,
  0 0 1,0 0 1,
  0 0 1,0 0 1,
  0 0 1,0 0 1,
  0 0 1,0 0 1,
  0 0 1,0 0 1,
  0 0 1,0 0 1,
  0 0 1,0 0 1,
  0 0 1,0 0 1,
  0 0 1,0 0 1,
  0 0 1,0 0 1,
  0 0 1,0 0 1,
  0 0 1,0 0 1,
  0 0 1,0 0 1,
  0 0 1,0 0 1,
  0 0 1,0 0 1,
  0 0 1,0 0 1,
  0 0 1,0 0 1,
  0 0 1,0 0 1,
  0 0 1,0 0 1,
  0 0 1,0 0 1,
  0 0 1,0 0 1,
  0 0 1,0 0 1,
  0 0 1,0 0 1,
  0 0 1,0 0 1,
  0 0 1,0 0 1,
  0 0 1,0 0 1,
  0 0 1,0 0 1,
  0 0 1,0 0 1,
  0 0 1,0 0 1,
  0 0 1,0 0 1,
  0 0 1,0 0 1,
  0 0 1,0 0 1,
  0 0 1,0 0 1,
  0 0 1,0 0 1,
  0 0 1,0 0 1,
  0 0 1,0 0 1,
  0 0 1,0 0 1,
  0 0 1,0 0 1,
  0 0 1,0 0 1,
  0 0 1,0 0 1,
  0 0 1,0 0 1,
  0 0 1,0 0 1,
  0 0 1,0 0 1,
  0 0 1,0 0 1,
  0 0 1,0 0 1,
  0 0 1,0 0 1,
  0 0 1,0 0 1,
  0 0 1,0 0 1,
  0 0 1,0 0 1,
  0 0 1,0 0 1,
  0 0 1,0 0 1,
  0 0 1,0 0 1,
  0 0 1,0 0 1,
  0 0 1,0 0 1,
  0 0 1,0 0 1,
  0 0 1,0 0 1,
  0 0 1,0 0 1,
  0 0 1,0 0 1,
  0 0 1,0 0 1,
  0 0 1,0 0 1,
  0 0 1,0 0 1,
  0 0 1,0 0 1,
  0 0 1,0 0 1,
  0 0 1,0 0 1,
  0 0 1,0 0 1,
  0 0 1,0 0 1,
  0 0 1,0 0 1,
  0 0 1,0 0 1,
  0 0 1,0 0 1,
  0 0 1,0 0 1,
  0 0 1,0 0 1,
  0 0 1,0 0 1,
  0 0 1,0 0 1,
  0 0 1,0 0 1,
  0 0 1,0 0 1,
  0 0 1,0 0 1,
  0 0 1,0 0 1,
  0 0 1,0 0 1,
  0 0 1,0 0 1,
  0 0 1,0 0 1,
  0 0 1,0 0 1,
  0 0 1,0 0 1,
  0 0 1,0 0 1,
  0 0 1,0 0 1,
  0 0 1,0 0 1,
  0 0 1,0 0 1,
  0 0 1,0 0 1,
  0 0 1,0 0 1,
  0 0 1,0 0 1,
  0 0 1,0 0 1,
  0 0 1,0 0 1,
  0 0 1,0 0 1,
  0 0 1,0 0 1,
  0 0 1,0 0 1,
  0 0 1,0 0 1,
  0 0 1,0 0 1,
  0 0 1,0 0 1,
  0 0 1,0 0 1,
  0 0 1,0 0 1,
  0 0 1,0 0 1,
  0 0 1,0 0 1,
  0 0 1,0 0 1,
  0 0 1,0 0 1,
  0 0 1,0 0 1,
  0 0 1,0 0 1,
  0 0 1,0 0 1,
  0 0 1,0 0 1,
  0 0 1,0 0 1,
  0 0 1,0 0 1,
  0 0 1,0 0 1,
  0 0 1,0 0 1,
  0 0 1,0 0 1,
  0 0 1,0 0 1,
  0 0 1,0 0 1,
  0 0 1,0 0 1,
  0 0 1,0 0 1,
  0 0 1,0 0 1,
  0 0 1,0 0 1,
  0 0 1,0 0 1,
  0 0 1,0 0 1,
  0 0 1,0 0 1,
  0 0 1,0 0 1,
  0 0 1,0 0 1,
  0 0 1,0 0 1,
  0 0 1,0 0 1,
  0 0 1,0 0 1,
  0 0 1,0 0 1,
  0 0 1,0 0 1,
  0 0 1,0 0 1,
  0 0 1,0 0 1,
  0 0 1,0 0 1,
  0 0 1,0 0 1,
  0 0 1,0 0 1,
  0 0 1,0 0 1,
  0 0 1,0 0 1,
  0 0 1,0 0 1,
  0 0 1,0 0 1,
  0 0 1,0 0 1,
  0 0 1,0 0 1,
  0 0 1,0 0 1,
  0 0 1,0 0 1,
  0 0 1,0 0 1,
  0 0 1,0 0 1,
  0 0 1,0 0 1,
  0 0 1,0 0 1,
  0 0 1,0 0 1,
  0 0 1,0 0 1,
  0 0 1,0 0 1,
  0 0 1,0 0 1,
  0 0 1,0 0 1,
  0 0 1,0 0 1,
  0 0 1,0 0 1,
  0 0 1,0 0 1,
  0 0 1,0 0 1,
  0 0 1,0 0 1,
  0 0 1,0 0 1,
  0 0 1,0 0 1,
  0 0 1,0 0 1,
  0 0 1,0 0 1,
  0 0 1,0 0 1,
  0 0 1,0 0 1,
  0 0 1,0 0 1,
  0 0 1,0 0 1,
  0 0 1,0 0 1,
  0 0 1,0 0 1,
  0 0 1,0 0 1,
  0 0 1,0 0 1,
  0 0 1,0 0 1,
  0 0 1,0 0 1,
  0 0 1,0 0 1,
  0 0 1,0 0 1,
  0 0 1,0 0 1,
  0 0 1,0 0 1,
  0 0 1,0 0 1,
  0 0 1,0 0 1,
  0 0 1,0 0 1,
  0 0 1,0 0 1,
  0 0 1,0 0 1,
  0 0 1,0 0 1,
  0 0 1,0 0 1,
  0 0 1,0 0 1,
  0 0 1,0 0 1,
  0 0 1,0 0 1,
  0 0 1,0 0 1,
  0 0 1,0 0 1,
  0 0 1,0 0 1,
  0 0 1,0 0 1,
  0 0 1,0 0 1,
  0 0 1,0 0 1,
  0 0 1,0 0 1,
  0 0 1,0 0 1,
  0 0 1,0 0 1,
  0 0 1,0 0 1,
  0 0 1,0 0 1,
  0 0 1,0 0 1,
  0 0 1,0 0 1,
  0 0 1,0 0 1,
  0 0 1,0 0 1,
  0 0 1,0 0 1,
  0 0 1,0 0 1,
  0 0 1,0 0 1,
  0 0 1,0 0 1,
  0 0 1,0 0 1,
  0 0 1,0 0 1,
  0 0 1,0 0 1,
  0 0 1,0 0 1,
  0 0 1,0 0 1,
  0 0 1,0 0 1,
  0 0 1,0 0 1,
  0 0 1,0 0 1,
  0 0 1,0 0 1,
  0 0 1,0 0 1,
  0 0 1,0 0 1,
  0 0 1,0 0 1,
  0 0 1,0 0 1,
  0 0 1,0 0 1,
  0 0 1,0 0 1,
  0 0 1,0 0 1,
  0 0 1,0 0 1,
  0 0 1,0 0 1,
  0 0 1,0 0 1,
  0 0 1,0 0 1,
  0 0 1,0 0 1,
  0 0 1,0 0 1,
  0 0 1,0 0 1,
  0 0 1,0 0 1,
  0 0 1,0 0 1,
  0 0 1,0 0 1,
  0 0 1,0 0 1,
  0 0 1,0 0 1,
  0 0 1,0 0 1,
  0 0 1,0 0 1,
  0 0 1,0 0 1,
  0 0 1,0 0 1,
  0 0 1,0 0 1,
  0 0 1,0 0 1,
  0 0 1,0 0 1,
  0 0 1,0 0 1,
  0 0 1,0 0 1,
  0 0 1,0 0 1,
  0 0 1,0 0 1,
  0 0 1,0 0 1,
  0 0 1,0 0 1,
  0 0 1,0 0 1,
  0 0 1,0 0 1,
  0 0 1,0 0 1,
  0 0 1,0 0 1,
  0 0 1,0 0 1,
  0 0 1,0 0 1,
  0 0 1,0 0 1,
  0 0 1,0 0 1,
  0 0 1,0 0 1,
  0 0 1,0 0 1,
  0 0 1,0 0 1,
  0 0 1,0 0 1,
  0 0 1,0 0 1,
  0 0 1,0 0 1,
  0 0 1,0 0 1,
  0 0 1,0 0 1,
  0 0 1,0 0 1,
  0 0 1,0 0 1,
  0 0 1,0 0 1,
  0 0 1,0 0 1,
  0 0 1,0 0 1,
  0 0 1,0 0 1,
  0 0 1,0 0 1,
  0 0 1,0 0 1,
  0 0 1,0 0 1,
  0 0 1,0 0 1,
  0 0 1,0 0 1,
  0 0 1,0 0 1,
  0 0 1,0 0 1,
  0 0 1,0 0 1,
  0 0 1,0 0 1,
  0 0 1,0 0 1,
  0 0 1,0 0 1,
  0 0 1,0 0 1,
  0 0 1,0 0 1,
  0 0 1,0 0 1,
  0 0 1,0 0 1,
  0 0 1,0 0 1,
  0 0 1,0 0 1,
  0 0 1,0 0 1,
  0 0 1,0 0 1,
  0 0 1,0 0 1,
  0 0 1,0 0 1,
  0 0 1,0 0 1,
  0 0 1,0 0 1,
  0 0 1,0 0 1,
  0 0 1,0 0 1,
  0 0 1] }
}
}
] }
DEF TXFM_27 Transform {
  center 0 0 0
  rotation 0 0 1 0
  scale 1 1 1
  scaleOrientation 0 0 1 0
  translation 0 0 0
 children [
DEF SHAPE_316 Shape {
 appearance USE APP_11
 geometry DEF FACE_316 IndexedFaceSet {
  coord DEF COORD_316 Coordinate { point [
  56.680068 -46.067714 -0.31496063,56.658265 -46.089517 -0.31496063,
  56.642849 -46.116219 -0.31496063,56.634869 -46.146001 -0.31496063,
  56.634869 -46.176834 -0.31496063,56.642849 -46.206616 -0.31496063,
  56.658265 -46.233318 -0.31496063,56.680068 -46.25512 -0.31496063,
  56.70677 -46.270537 -0.31496063,56.736552 -46.278517 -0.31496063,
  56.767385 -46.278517 -0.31496063,56.797167 -46.270537 -0.31496063,
  56.823869 -46.25512 -0.31496063,56.845672 -46.233318 -0.31496063,
  56.861088 -46.206616 -0.31496063,56.869068 -46.176834 -0.31496063,
  56.869068 -46.146001 -0.31496063,56.861088 -46.116219 -0.31496063,
  56.845672 -46.089517 -0.31496063,56.823869 -46.067714 -0.31496063,
  56.797167 -46.052298 -0.31496063,56.767385 -46.044318 -0.31496063,
  56.736552 -46.044318 -0.31496063,56.70677 -46.052298 -0.31496063,
  56.692913 -46.161417 -0.31496063,56.696475 -46.141219 -0.31496063,
  56.70673 -46.123457 -0.31496063,56.722441 -46.110274 -0.31496063,
  56.741714 -46.103259 -0.31496063,56.762223 -46.103259 -0.31496063,
  56.781496 -46.110274 -0.31496063,56.797207 -46.123457 -0.31496063,
  56.807462 -46.141219 -0.31496063,56.811024 -46.161417 -0.31496063,
  56.807462 -46.181615 -0.31496063,56.797207 -46.199377 -0.31496063,
  56.781496 -46.212561 -0.31496063,56.762223 -46.219575 -0.31496063,
  56.741714 -46.219575 -0.31496063,56.722441 -46.212561 -0.31496063,
  56.70673 -46.199377 -0.31496063,56.696475 -46.181615 -0.31496063,
  49.662351 -46.048029 -0.31496063,49.640549 -46.069831 -0.31496063,
  49.625132 -46.096533 -0.31496063,49.617152 -46.126316 -0.31496063,
  49.617152 -46.157149 -0.31496063,49.625132 -46.186931 -0.31496063,
  49.640549 -46.213633 -0.31496063,49.662351 -46.235435 -0.31496063,
  49.689053 -46.250852 -0.31496063,49.718835 -46.258832 -0.31496063,
  49.749669 -46.258832 -0.31496063,49.779451 -46.250852 -0.31496063,
  49.806153 -46.235435 -0.31496063,49.827955 -46.213633 -0.31496063,
  49.843372 -46.186931 -0.31496063,49.851352 -46.157149 -0.31496063,
  49.851352 -46.126316 -0.31496063,49.843372 -46.096533 -0.31496063,
  49.827955 -46.069831 -0.31496063,49.806153 -46.048029 -0.31496063,
  49.779451 -46.032613 -0.31496063,49.749669 -46.024633 -0.31496063,
  49.718835 -46.024633 -0.31496063,49.689053 -46.032613 -0.31496063,
  49.675197 -46.141732 -0.31496063,49.678758 -46.121534 -0.31496063,
  49.689013 -46.103772 -0.31496063,49.704724 -46.090589 -0.31496063,
  49.723997 -46.083574 -0.31496063,49.744507 -46.083574 -0.31496063,
  49.76378 -46.090589 -0.31496063,49.779491 -46.103772 -0.31496063,
  49.789746 -46.121534 -0.31496063,49.793307 -46.141732 -0.31496063,
  49.789746 -46.16193 -0.31496063,49.779491 -46.179692 -0.31496063,
  49.76378 -46.192876 -0.31496063,49.744507 -46.19989 -0.31496063,
  49.723997 -46.19989 -0.31496063,49.704724 -46.192876 -0.31496063,
  49.689013 -46.179692 -0.31496063,49.678758 -46.16193 -0.31496063,
  52.831643 -44.866927 -0.31496063,52.80984 -44.888729 -0.31496063,
  52.794424 -44.915431 -0.31496063,52.786444 -44.945213 -0.31496063,
  52.786444 -44.976046 -0.31496063,52.794424 -45.005829 -0.31496063,
  52.80984 -45.032531 -0.31496063,52.831643 -45.054333 -0.31496063,
  52.858344 -45.06975 -0.31496063,52.888127 -45.07773 -0.31496063,
  52.91896 -45.07773 -0.31496063,52.948742 -45.06975 -0.31496063,
  52.975444 -45.054333 -0.31496063,52.997246 -45.032531 -0.31496063,
  53.012663 -45.005829 -0.31496063,53.020643 -44.976046 -0.31496063,
  53.020643 -44.945213 -0.31496063,53.012663 -44.915431 -0.31496063,
  52.997246 -44.888729 -0.31496063,52.975444 -44.866927 -0.31496063,
  52.948742 -44.85151 -0.31496063,52.91896 -44.84353 -0.31496063,
  52.888127 -44.84353 -0.31496063,52.858344 -44.85151 -0.31496063,
  52.844488 -44.96063 -0.31496063,52.84805 -44.940432 -0.31496063,
  52.858304 -44.92267 -0.31496063,52.874016 -44.909487 -0.31496063,
  52.893288 -44.902472 -0.31496063,52.913798 -44.902472 -0.31496063,
  52.933071 -44.909487 -0.31496063,52.948782 -44.92267 -0.31496063,
  52.959037 -44.940432 -0.31496063,52.962598 -44.96063 -0.31496063,
  52.959037 -44.980828 -0.31496063,52.948782 -44.99859 -0.31496063,
  52.933071 -45.011773 -0.31496063,52.913798 -45.018788 -0.31496063,
  52.893288 -45.018788 -0.31496063,52.874016 -45.011773 -0.31496063,
  52.858304 -44.99859 -0.31496063,52.84805 -44.980828 -0.31496063,
  53.848425 -41.958661 -0.31496063,53.851987 -41.938463 -0.31496063,
  53.862241 -41.920702 -0.31496063,53.877953 -41.907518 -0.31496063,
  53.897226 -41.900503 -0.31496063,53.917735 -41.900503 -0.31496063,
  53.937008 -41.907518 -0.31496063,53.952719 -41.920702 -0.31496063,
  53.962974 -41.938463 -0.31496063,53.966535 -41.958661 -0.31496063,
  53.962974 -41.978859 -0.31496063,53.952719 -41.996621 -0.31496063,
  53.937008 -42.009805 -0.31496063,53.917735 -42.016819 -0.31496063,
  53.897226 -42.016819 -0.31496063,53.877953 -42.009805 -0.31496063,
  53.862241 -41.996621 -0.31496063,53.851987 -41.978859 -0.31496063,
  53.218701 -44.929589 -0.31496063,53.218701 -44.92959 -0.31496063,
  53.218701 -44.99167 -0.31496063,53.206589 -45.052558 -0.31496063,
  53.182832 -45.109913 -0.31496063,53.148342 -45.161531 -0.31496063,
  53.104444 -45.205429 -0.31496063,53.052826 -45.239919 -0.31496063,
  52.995471 -45.263676 -0.31496063,52.934585 -45.275787 -0.31496063,
  52.934584 -45.275787 -0.31496063,52.872503 -45.275787 -0.31496063,
  52.872502 -45.275787 -0.31496063,52.872501 -45.275787 -0.31496063,
  52.811615 -45.263676 -0.31496063,52.811613 -45.263675 -0.31496063,
  52.754263 -45.23992 -0.31496063,52.754257 -45.239917 -0.31496063,
  52.702642 -45.205429 -0.31496063,52.702641 -45.205428 -0.31496063,
  52.658745 -45.161532 -0.31496063,52.658744 -45.161531 -0.31496063,
  52.624256 -45.109915 -0.31496063,52.624253 -45.10991 -0.31496063,
  52.600498 -45.052559 -0.31496063,52.600496 -45.052555 -0.31496063,
  52.588386 -44.991672 -0.31496063,52.588386 -44.929588 -0.31496063,
  52.600496 -44.868705 -0.31496063,52.600498 -44.8687 -0.31496063,
  52.624253 -44.811349 -0.31496063,52.624256 -44.811344 -0.31496063,
  52.658744 -44.759729 -0.31496063,52.658745 -44.759727 -0.31496063,
  52.702641 -44.715832 -0.31496063,52.702642 -44.715831 -0.31496063,
  52.754257 -44.681342 -0.31496063,52.754263 -44.681339 -0.31496063,
  52.811613 -44.657584 -0.31496063,52.811618 -44.657583 -0.31496063,
  52.872502 -44.645472 -0.31496063,52.872503 -44.645472 -0.31496063,
  52.934583 -44.645472 -0.31496063,52.934585 -44.645472 -0.31496063,
  52.995468 -44.657583 -0.31496063,52.995473 -44.657584 -0.31496063,
  53.052824 -44.681339 -0.31496063,53.052829 -44.681342 -0.31496063,
  53.104444 -44.715831 -0.31496063,53.104446 -44.715832 -0.31496063,
  53.148341 -44.759727 -0.31496063,53.148342 -44.759729 -0.31496063,
  53.182831 -44.811344 -0.31496063,53.182833 -44.811349 -0.31496063,
  53.206589 -44.8687 -0.31496063,53.206589 -44.868702 -0.31496063,
  53.20659 -44.868705 -0.31496063,53.2187 -44.929588 -0.31496063,
  39.537205 -39.488386 -0.31496063,39.516925 -39.492798 -0.31496063,
  39.496136 -39.510811 -0.31496063,39.488386 -39.537205 -0.31496063,
  39.488386 -44.929588 -0.31496063,39.488386 -46.11069 -0.31496063,
  39.488386 -58.887992 -0.31496063,39.492798 -58.908272 -0.31496063,
  39.510811 -58.929061 -0.31496063,39.537205 -58.936811 -0.31496063,
  66.762008 -58.936811 -0.31496063,66.782288 -58.932399 -0.31496063,
  66.803077 -58.914385 -0.31496063,66.810827 -58.887992 -0.31496063,
  66.810827 -39.537205 -0.31496063,66.806415 -39.516925 -0.31496063,
  66.788401 -39.496136 -0.31496063,66.762008 -39.488386 -0.31496063,
  48.267717 -44.891732 -0.31496063,48.271278 -44.871534 -0.31496063,
  48.281533 -44.853772 -0.31496063,48.297244 -44.840589 -0.31496063,
  48.316517 -44.833574 -0.31496063,48.337026 -44.833574 -0.31496063,
  48.356299 -44.840589 -0.31496063,48.37201 -44.853772 -0.31496063,
  48.382265 -44.871534 -0.31496063,48.385827 -44.891732 -0.31496063,
  48.382265 -44.91193 -0.31496063,48.37201 -44.929692 -0.31496063,
  48.356299 -44.942876 -0.31496063,48.337026 -44.94989 -0.31496063,
  48.316517 -44.94989 -0.31496063,48.297244 -44.942876 -0.31496063,
  48.281533 -44.929692 -0.31496063,48.271278 -44.91193 -0.31496063,
  58.267717 -44.92126 -0.31496063,58.264155 -44.941458 -0.31496063,
  58.2539 -44.95922 -0.31496063,58.238189 -44.972403 -0.31496063,
  58.218916 -44.979418 -0.31496063,58.198407 -44.979418 -0.31496063,
  58.179134 -44.972403 -0.31496063,58.163423 -44.95922 -0.31496063,
  58.153168 -44.941458 -0.31496063,58.149606 -44.92126 -0.31496063,
  58.153168 -44.901062 -0.31496063,58.163423 -44.8833 -0.31496063,
  58.179134 -44.870117 -0.31496063,58.198407 -44.863102 -0.31496063,
  58.218916 -44.863102 -0.31496063,58.238189 -44.870117 -0.31496063,
  58.2539 -44.8833 -0.31496063,58.264155 -44.901062 -0.31496063,
  57.067126 -46.130376 -0.31496063,57.067126 -46.130377 -0.31496063,
  57.067126 -46.192457 -0.31496063,57.055015 -46.253345 -0.31496063,
  57.031257 -46.3107 -0.31496063,56.996767 -46.362319 -0.31496063,
  56.95287 -46.406216 -0.31496063,56.901252 -46.440706 -0.31496063,
  56.843896 -46.464463 -0.31496063,56.78301 -46.476574 -0.31496063,
  56.783009 -46.476575 -0.31496063,56.720928 -46.476575 -0.31496063,
  56.720928 -46.476575 -0.31496063,56.720926 -46.476574 -0.31496063,
  56.660041 -46.464463 -0.31496063,56.641756 -46.45689 -0.31496063,
  56.602688 -46.440707 -0.31496063,56.602683 -46.440705 -0.31496063,
  56.551067 -46.406216 -0.31496063,56.551066 -46.406215 -0.31496063,
  56.50717 -46.36232 -0.31496063,56.507169 -46.362318 -0.31496063,
  56.472681 -46.310703 -0.31496063,56.472678 -46.310698 -0.31496063,
  56.448923 -46.253347 -0.31496063,56.448922 -46.253342 -0.31496063,
  56.436811 -46.192459 -0.31496063,56.436811 -46.130375 -0.31496063,
  56.448922 -46.069492 -0.31496063,56.448923 -46.069487 -0.31496063,
  56.472678 -46.012137 -0.31496063,56.472681 -46.012131 -0.31496063,
  56.507169 -45.960516 -0.31496063,56.50717 -45.960515 -0.31496063,
  56.551066 -45.916619 -0.31496063,56.551067 -45.916618 -0.31496063,
  56.602683 -45.88213 -0.31496063,56.602688 -45.882127 -0.31496063,
  56.660039 -45.858372 -0.31496063,56.660043 -45.85837 -0.31496063,
  56.720927 -45.84626 -0.31496063,56.720928 -45.84626 -0.31496063,
  56.783009 -45.84626 -0.31496063,56.78301 -45.84626 -0.31496063,
  56.843893 -45.85837 -0.31496063,56.843898 -45.858372 -0.31496063,
  56.901249 -45.882127 -0.31496063,56.901254 -45.88213 -0.31496063,
  56.952869 -45.916618 -0.31496063,56.952871 -45.916619 -0.31496063,
  56.996766 -45.960515 -0.31496063,56.996767 -45.960516 -0.31496063,
  57.031256 -46.012131 -0.31496063,57.031259 -46.012137 -0.31496063,
  57.055014 -46.069487 -0.31496063,57.055015 -46.069489 -0.31496063,
  57.055015 -46.069492 -0.31496063,57.067126 -46.130375 -0.31496063,
  49.419094 -46.172774 -0.31496063,49.419094 -46.11069 -0.31496063,
  49.431205 -46.049807 -0.31496063,49.431206 -46.049802 -0.31496063,
  49.454961 -45.992452 -0.31496063,49.454964 -45.992446 -0.31496063,
  49.489453 -45.940831 -0.31496063,49.489454 -45.94083 -0.31496063,
  49.533349 -45.896934 -0.31496063,49.533351 -45.896933 -0.31496063,
  49.584966 -45.862444 -0.31496063,49.584971 -45.862442 -0.31496063,
  49.642322 -45.838687 -0.31496063,49.642327 -45.838685 -0.31496063,
  49.703211 -45.826575 -0.31496063,49.703212 -45.826575 -0.31496063,
  49.765292 -45.826575 -0.31496063,49.765293 -45.826575 -0.31496063,
  49.826177 -45.838685 -0.31496063,49.826181 -45.838687 -0.31496063,
  49.883532 -45.862442 -0.31496063,49.883537 -45.862444 -0.31496063,
  49.935153 -45.896933 -0.31496063,49.935154 -45.896934 -0.31496063,
  49.97905 -45.94083 -0.31496063,49.979051 -45.940831 -0.31496063,
  50.013539 -45.992446 -0.31496063,50.013542 -45.992452 -0.31496063,
  50.021694 -46.012131 -0.31496063,50.037298 -46.049804 -0.31496063,
  50.041214 -46.069492 -0.31496063,50.049409 -46.11069 -0.31496063,
  50.049409 -46.110691 -0.31496063,50.049409 -46.110692 -0.31496063,
  50.049409 -46.130375 -0.31496063,50.049409 -46.172772 -0.31496063,
  50.037298 -46.23366 -0.31496063,50.013541 -46.291015 -0.31496063,
  49.979051 -46.342633 -0.31496063,49.935153 -46.386531 -0.31496063,
  49.883535 -46.421021 -0.31496063,49.82618 -46.444778 -0.31496063,
  49.765293 -46.456889 -0.31496063,49.765293 -46.45689 -0.31496063,
  49.703212 -46.45689 -0.31496063,49.703211 -46.45689 -0.31496063,
  49.70321 -46.456889 -0.31496063,49.642324 -46.444778 -0.31496063,
  49.642322 -46.444778 -0.31496063,49.584971 -46.421022 -0.31496063,
  49.584966 -46.42102 -0.31496063,49.533351 -46.386531 -0.31496063,
  49.533349 -46.38653 -0.31496063,49.489454 -46.342635 -0.31496063,
  49.489453 -46.342633 -0.31496063,49.454964 -46.291018 -0.31496063,
  49.454961 -46.291013 -0.31496063,49.431206 -46.233662 -0.31496063,
  49.431205 -46.233657 -0.31496063] }
 coordIndex [
  12,33,19,-1,12,19,13,-1,13,19,18,-1,13,18,14,-1,14,18,17,-1,14,17,15,-1,15,17,16,-1,29,28,21,-1,
  29,21,30,-1,30,21,20,-1,30,20,31,-1,31,20,19,-1,31,19,32,-1,32,19,33,-1,26,25,23,-1,26,23,27,-1,
  27,23,22,-1,27,22,28,-1,28,22,21,-1,25,24,23,-1,23,24,0,-1,0,24,8,-1,8,24,41,-1,34,33,12,-1,
  34,12,35,-1,35,12,11,-1,35,11,36,-1,36,11,10,-1,36,10,37,-1,37,10,38,-1,38,10,9,-1,38,9,39,-1,
  39,9,8,-1,39,8,40,-1,40,8,41,-1,0,8,7,-1,0,7,1,-1,1,7,6,-1,1,6,2,-1,2,6,5,-1,
  2,5,3,-1,3,5,4,-1,54,75,61,-1,54,61,55,-1,55,61,60,-1,55,60,56,-1,56,60,59,-1,56,59,57,-1,
  57,59,58,-1,71,70,63,-1,71,63,72,-1,72,63,62,-1,72,62,73,-1,73,62,61,-1,73,61,74,-1,74,61,75,-1,
  68,67,65,-1,68,65,69,-1,69,65,64,-1,69,64,70,-1,70,64,63,-1,67,66,65,-1,65,66,42,-1,42,66,50,-1,
  50,66,83,-1,76,75,54,-1,76,54,77,-1,77,54,53,-1,77,53,78,-1,78,53,52,-1,78,52,79,-1,79,52,80,-1,
  80,52,51,-1,80,51,81,-1,81,51,50,-1,81,50,82,-1,82,50,83,-1,42,50,49,-1,42,49,43,-1,43,49,48,-1,
  43,48,44,-1,44,48,47,-1,44,47,45,-1,45,47,46,-1,96,117,103,-1,96,103,97,-1,97,103,102,-1,97,102,98,-1,
  98,102,101,-1,98,101,99,-1,99,101,100,-1,113,112,105,-1,113,105,114,-1,114,105,104,-1,114,104,115,-1,115,104,103,-1,
  115,103,116,-1,116,103,117,-1,110,109,107,-1,110,107,111,-1,111,107,106,-1,111,106,112,-1,112,106,105,-1,109,108,107,-1,
  107,108,84,-1,84,108,92,-1,92,108,125,-1,118,117,96,-1,118,96,119,-1,119,96,95,-1,119,95,120,-1,120,95,94,-1,
  120,94,121,-1,121,94,122,-1,122,94,93,-1,122,93,123,-1,123,93,92,-1,123,92,124,-1,124,92,125,-1,84,92,91,-1,
  84,91,85,-1,85,91,90,-1,85,90,86,-1,86,90,89,-1,86,89,87,-1,87,89,88,-1,212,238,219,-1,212,219,213,-1,
  213,219,218,-1,213,218,214,-1,214,218,217,-1,214,217,215,-1,215,217,216,-1,202,219,130,-1,130,219,131,-1,131,219,132,-1,
  132,219,133,-1,133,219,134,-1,134,219,135,-1,135,219,250,-1,250,219,251,-1,251,219,252,-1,252,219,253,-1,253,219,254,-1,
  254,219,255,-1,255,219,238,-1,212,256,245,-1,245,256,246,-1,246,256,247,-1,247,256,248,-1,248,256,249,-1,250,249,303,-1,
  303,249,304,-1,305,249,306,-1,307,249,308,-1,309,249,310,-1,312,249,313,-1,135,250,292,-1,293,250,294,-1,295,250,296,-1,
  297,250,298,-1,299,250,300,-1,301,250,302,-1,136,135,278,-1,279,135,280,-1,281,135,282,-1,282,135,283,-1,283,135,284,-1,
  285,135,286,-1,287,135,288,-1,289,135,290,-1,291,135,292,-1,128,127,346,-1,346,127,174,-1,175,127,176,-1,177,127,178,-1,
  179,127,180,-1,181,127,182,-1,183,127,184,-1,185,127,186,-1,187,127,188,-1,189,127,190,-1,191,127,192,-1,193,127,194,-1,
  195,127,196,-1,197,127,198,-1,200,127,201,-1,144,127,126,-1,212,346,163,-1,163,346,164,-1,165,346,166,-1,167,346,168,-1,
  169,346,170,-1,170,346,171,-1,171,346,172,-1,173,346,174,-1,129,128,229,-1,229,128,322,-1,323,128,324,-1,325,128,326,-1,
  327,128,328,-1,329,128,330,-1,331,128,332,-1,333,128,334,-1,335,128,336,-1,337,128,338,-1,339,128,340,-1,341,128,342,-1,
  342,128,343,-1,343,128,344,-1,344,128,345,-1,230,229,367,-1,368,229,369,-1,370,229,371,-1,372,229,314,-1,314,229,315,-1,
  315,229,316,-1,317,229,318,-1,319,229,320,-1,321,229,322,-1,130,129,202,-1,202,129,223,-1,223,129,224,-1,224,129,225,-1,
  225,129,226,-1,226,129,227,-1,227,129,228,-1,228,129,229,-1,203,202,211,-1,211,202,212,-1,212,202,365,-1,366,202,367,-1,
  367,202,236,-1,236,202,237,-1,237,202,220,-1,220,202,221,-1,221,202,222,-1,222,202,223,-1,238,212,239,-1,239,212,240,-1,
  240,212,241,-1,241,212,242,-1,242,212,243,-1,243,212,244,-1,244,212,245,-1,257,212,258,-1,258,212,259,-1,259,212,260,-1,
  260,212,261,-1,261,212,262,-1,262,212,263,-1,263,212,264,-1,264,212,265,-1,266,212,267,-1,269,212,270,-1,270,212,271,-1,
  271,212,272,-1,273,212,274,-1,275,212,276,-1,276,212,144,-1,145,212,146,-1,146,212,147,-1,147,212,148,-1,148,212,149,-1,
  149,212,150,-1,150,212,151,-1,151,212,152,-1,152,212,153,-1,154,212,155,-1,157,212,158,-1,159,212,160,-1,161,212,162,-1,
  136,278,137,-1,137,278,138,-1,138,278,139,-1,139,278,140,-1,140,278,141,-1,141,278,142,-1,142,278,144,-1,144,278,277,-1,
  142,144,143,-1,143,144,126,-1,347,212,348,-1,348,212,349,-1,349,212,350,-1,350,212,351,-1,351,212,352,-1,352,212,353,-1,
  353,212,354,-1,354,212,355,-1,355,212,356,-1,357,212,358,-1,360,212,361,-1,362,212,363,-1,364,212,365,-1,230,367,231,-1,
  231,367,232,-1,232,367,233,-1,233,367,234,-1,234,367,235,-1,235,367,236,-1,203,211,210,-1,203,210,204,-1,204,210,209,-1,
  204,209,205,-1,205,209,206,-1,208,207,209,-1,209,207,206,-1]
  normalPerVertex TRUE
  normal DEF NORM_316 Normal { vector [
  0 0 -1,0 0 -1,
  0 0 -1,0 0 -1,
  0 0 -1,0 0 -1,
  0 0 -1,0 0 -1,
  0 0 -1,0 0 -1,
  0 0 -1,0 0 -1,
  0 0 -1,0 0 -1,
  0 0 -1,0 0 -1,
  0 0 -1,0 0 -1,
  0 0 -1,0 0 -1,
  0 0 -1,0 0 -1,
  0 0 -1,0 0 -1,
  0 0 -1,0 0 -1,
  0 0 -1,0 0 -1,
  0 0 -1,0 0 -1,
  0 0 -1,0 0 -1,
  0 0 -1,0 0 -1,
  0 0 -1,0 0 -1,
  0 0 -1,0 0 -1,
  0 0 -1,0 0 -1,
  0 0 -1,0 0 -1,
  0 0 -1,0 0 -1,
  0 0 -1,0 0 -1,
  0 0 -1,0 0 -1,
  0 0 -1,0 0 -1,
  0 0 -1,0 0 -1,
  0 0 -1,0 0 -1,
  0 0 -1,0 0 -1,
  0 0 -1,0 0 -1,
  0 0 -1,0 0 -1,
  0 0 -1,0 0 -1,
  0 0 -1,0 0 -1,
  0 0 -1,0 0 -1,
  0 0 -1,0 0 -1,
  0 0 -1,0 0 -1,
  0 0 -1,0 0 -1,
  0 0 -1,0 0 -1,
  0 0 -1,0 0 -1,
  0 0 -1,0 0 -1,
  0 0 -1,0 0 -1,
  0 0 -1,0 0 -1,
  0 0 -1,0 0 -1,
  0 0 -1,0 0 -1,
  0 0 -1,0 0 -1,
  0 0 -1,0 0 -1,
  0 0 -1,0 0 -1,
  0 0 -1,0 0 -1,
  0 0 -1,0 0 -1,
  0 0 -1,0 0 -1,
  0 0 -1,0 0 -1,
  0 0 -1,0 0 -1,
  0 0 -1,0 0 -1,
  0 0 -1,0 0 -1,
  0 0 -1,0 0 -1,
  0 0 -1,0 0 -1,
  0 0 -1,0 0 -1,
  0 0 -1,0 0 -1,
  0 0 -1,0 0 -1,
  0 0 -1,0 0 -1,
  0 0 -1,0 0 -1,
  0 0 -1,0 0 -1,
  0 0 -1,0 0 -1,
  0 0 -1,0 0 -1,
  0 0 -1,0 0 -1,
  0 0 -1,0 0 -1,
  0 0 -1,0 0 -1,
  0 0 -1,0 0 -1,
  0 0 -1,0 0 -1,
  0 0 -1,0 0 -1,
  0 0 -1,0 0 -1,
  0 0 -1,0 0 -1,
  0 0 -1,0 0 -1,
  0 0 -1,0 0 -1,
  0 0 -1,0 0 -1,
  0 0 -1,0 0 -1,
  0 0 -1,0 0 -1,
  0 0 -1,0 0 -1,
  0 0 -1,0 0 -1,
  0 0 -1,0 0 -1,
  0 0 -1,0 0 -1,
  0 0 -1,0 0 -1,
  0 0 -1,0 0 -1,
  0 0 -1,0 0 -1,
  0 0 -1,0 0 -1,
  0 0 -1,0 0 -1,
  0 0 -1,0 0 -1,
  0 0 -1,0 0 -1,
  0 0 -1,0 0 -1,
  0 0 -1,0 0 -1,
  0 0 -1,0 0 -1,
  0 0 -1,0 0 -1,
  0 0 -1,0 0 -1,
  0 0 -1,0 0 -1,
  0 0 -1,0 0 -1,
  0 0 -1,0 0 -1,
  0 0 -1,0 0 -1,
  0 0 -1,0 0 -1,
  0 0 -1,0 0 -1,
  0 0 -1,0 0 -1,
  0 0 -1,0 0 -1,
  0 0 -1,0 0 -1,
  0 0 -1,0 0 -1,
  0 0 -1,0 0 -1,
  0 0 -1,0 0 -1,
  0 0 -1,0 0 -1,
  0 0 -1,0 0 -1,
  0 0 -1,0 0 -1,
  0 0 -1,0 0 -1,
  0 0 -1,0 0 -1,
  0 0 -1,0 0 -1,
  0 0 -1,0 0 -1,
  0 0 -1,0 0 -1,
  0 0 -1,0 0 -1,
  0 0 -1,0 0 -1,
  0 0 -1,0 0 -1,
  0 0 -1,0 0 -1,
  0 0 -1,0 0 -1,
  0 0 -1,0 0 -1,
  0 0 -1,0 0 -1,
  0 0 -1,0 0 -1,
  0 0 -1,0 0 -1,
  0 0 -1,0 0 -1,
  0 0 -1,0 0 -1,
  0 0 -1,0 0 -1,
  0 0 -1,0 0 -1,
  0 0 -1,0 0 -1,
  0 0 -1,0 0 -1,
  0 0 -1,0 0 -1,
  0 0 -1,0 0 -1,
  0 0 -1,0 0 -1,
  0 0 -1,0 0 -1,
  0 0 -1,0 0 -1,
  0 0 -1,0 0 -1,
  0 0 -1,0 0 -1,
  0 0 -1,0 0 -1,
  0 0 -1,0 0 -1,
  0 0 -1,0 0 -1,
  0 0 -1,0 0 -1,
  0 0 -1,0 0 -1,
  0 0 -1,0 0 -1,
  0 0 -1,0 0 -1,
  0 0 -1,0 0 -1,
  0 0 -1,0 0 -1,
  0 0 -1,0 0 -1,
  0 0 -1,0 0 -1,
  0 0 -1,0 0 -1,
  0 0 -1,0 0 -1,
  0 0 -1,0 0 -1,
  0 0 -1,0 0 -1,
  0 0 -1,0 0 -1,
  0 0 -1,0 0 -1,
  0 0 -1,0 0 -1,
  0 0 -1,0 0 -1,
  0 0 -1,0 0 -1,
  0 0 -1,0 0 -1,
  0 0 -1,0 0 -1,
  0 0 -1,0 0 -1,
  0 0 -1,0 0 -1,
  0 0 -1,0 0 -1,
  0 0 -1,0 0 -1,
  0 0 -1,0 0 -1,
  0 0 -1,0 0 -1,
  0 0 -1,0 0 -1,
  0 0 -1,0 0 -1,
  0 0 -1,0 0 -1,
  0 0 -1,0 0 -1,
  0 0 -1,0 0 -1,
  0 0 -1,0 0 -1,
  0 0 -1,0 0 -1,
  0 0 -1,0 0 -1,
  0 0 -1,0 0 -1,
  0 0 -1,0 0 -1,
  0 0 -1,0 0 -1,
  0 0 -1,0 0 -1,
  0 0 -1,0 0 -1,
  0 0 -1,0 0 -1,
  0 0 -1,0 0 -1,
  0 0 -1,0 0 -1,
  0 0 -1,0 0 -1,
  0 0 -1,0 0 -1,
  0 0 -1,0 0 -1,
  0 0 -1,0 0 -1,
  0 0 -1,0 0 -1,
  0 0 -1,0 0 -1,
  0 0 -1,0 0 -1,
  0 0 -1,0 0 -1,
  0 0 -1] }
}
}
] }
DEF TXFM_28 Transform {
  center 0 0 0
  rotation 0 0 1 0
  scale 1 1 1
  scaleOrientation 0 0 1 0
  translation 0 0 0
 children [
DEF SHAPE_317 Shape {
 appearance DEF APP_14 Appearance {
  material Material {
   ambientIntensity 1
   diffuseColor 0.078431375 0.2 0.14117648
   emissiveColor 0 0 0
   shininess 0.30000001
   specularColor 0.35490197 0.44 0.39882353
   transparency 0.17
} }
 geometry DEF FACE_317 IndexedFaceSet {
  coord DEF COORD_317 Coordinate { point [
  53.848425 -41.958661 -0.31988189,53.851987 -41.938463 -0.31988189,
  53.862241 -41.920702 -0.31988189,53.877953 -41.907518 -0.31988189,
  53.897226 -41.900503 -0.31988189,53.917735 -41.900503 -0.31988189,
  53.937008 -41.907518 -0.31988189,53.952719 -41.920702 -0.31988189,
  53.962974 -41.938463 -0.31988189,53.966535 -41.958661 -0.31988189,
  53.962974 -41.978859 -0.31988189,53.952719 -41.996621 -0.31988189,
  53.937008 -42.009805 -0.31988189,53.917735 -42.016819 -0.31988189,
  53.897226 -42.016819 -0.31988189,53.877953 -42.009805 -0.31988189,
  53.862241 -41.996621 -0.31988189,53.851987 -41.978859 -0.31988189,
  52.962598 -44.96063 -0.31988189,52.959037 -44.980828 -0.31988189,
  52.948782 -44.99859 -0.31988189,52.933071 -45.011773 -0.31988189,
  52.913798 -45.018788 -0.31988189,52.893288 -45.018788 -0.31988189,
  52.874016 -45.011773 -0.31988189,52.858304 -44.99859 -0.31988189,
  52.84805 -44.980828 -0.31988189,52.844488 -44.96063 -0.31988189,
  52.84805 -44.940432 -0.31988189,52.858304 -44.92267 -0.31988189,
  52.874016 -44.909487 -0.31988189,52.893288 -44.902472 -0.31988189,
  52.913798 -44.902472 -0.31988189,52.933071 -44.909487 -0.31988189,
  52.948782 -44.92267 -0.31988189,52.959037 -44.940432 -0.31988189,
  39.370079 -39.370079 -0.31988189,39.370079 -59.055118 -0.31988189,
  66.929134 -59.055118 -0.31988189,66.929134 -39.370079 -0.31988189,
  48.267717 -44.891732 -0.31988189,48.271278 -44.871534 -0.31988189,
  48.281533 -44.853772 -0.31988189,48.297244 -44.840589 -0.31988189,
  48.316517 -44.833574 -0.31988189,48.337026 -44.833574 -0.31988189,
  48.356299 -44.840589 -0.31988189,48.37201 -44.853772 -0.31988189,
  48.382265 -44.871534 -0.31988189,48.385827 -44.891732 -0.31988189,
  48.382265 -44.91193 -0.31988189,48.37201 -44.929692 -0.31988189,
  48.356299 -44.942876 -0.31988189,48.337026 -44.94989 -0.31988189,
  48.316517 -44.94989 -0.31988189,48.297244 -44.942876 -0.31988189,
  48.281533 -44.929692 -0.31988189,48.271278 -44.91193 -0.31988189,
  58.267717 -44.92126 -0.31988189,58.264155 -44.941458 -0.31988189,
  58.2539 -44.95922 -0.31988189,58.238189 -44.972403 -0.31988189,
  58.218916 -44.979418 -0.31988189,58.198407 -44.979418 -0.31988189,
  58.179134 -44.972403 -0.31988189,58.163423 -44.95922 -0.31988189,
  58.153168 -44.941458 -0.31988189,58.149606 -44.92126 -0.31988189,
  58.153168 -44.901062 -0.31988189,58.163423 -44.8833 -0.31988189,
  58.179134 -44.870117 -0.31988189,58.198407 -44.863102 -0.31988189,
  58.218916 -44.863102 -0.31988189,58.238189 -44.870117 -0.31988189,
  58.2539 -44.8833 -0.31988189,58.264155 -44.901062 -0.31988189,
  49.675197 -46.141732 -0.31988189,49.678758 -46.121534 -0.31988189,
  49.689013 -46.103772 -0.31988189,49.704724 -46.090589 -0.31988189,
  49.723997 -46.083574 -0.31988189,49.744507 -46.083574 -0.31988189,
  49.76378 -46.090589 -0.31988189,49.779491 -46.103772 -0.31988189,
  49.789746 -46.121534 -0.31988189,49.793307 -46.141732 -0.31988189,
  49.789746 -46.16193 -0.31988189,49.779491 -46.179692 -0.31988189,
  49.76378 -46.192876 -0.31988189,49.744507 -46.19989 -0.31988189,
  49.723997 -46.19989 -0.31988189,49.704724 -46.192876 -0.31988189,
  49.689013 -46.179692 -0.31988189,49.678758 -46.16193 -0.31988189,
  56.692913 -46.161417 -0.31988189,56.696475 -46.141219 -0.31988189,
  56.70673 -46.123457 -0.31988189,56.722441 -46.110274 -0.31988189,
  56.741714 -46.103259 -0.31988189,56.762223 -46.103259 -0.31988189,
  56.781496 -46.110274 -0.31988189,56.797207 -46.123457 -0.31988189,
  56.807462 -46.141219 -0.31988189,56.811024 -46.161417 -0.31988189,
  56.807462 -46.181615 -0.31988189,56.797207 -46.199377 -0.31988189,
  56.781496 -46.212561 -0.31988189,56.762223 -46.219575 -0.31988189,
  56.741714 -46.219575 -0.31988189,56.722441 -46.212561 -0.31988189,
  56.70673 -46.199377 -0.31988189,56.696475 -46.181615 -0.31988189] }
 coordIndex [
  39,38,58,-1,58,38,59,-1,59,38,60,-1,60,38,61,-1,61,38,62,-1,62,38,63,-1,63,38,64,-1,64,38,65,-1,
  65,38,103,-1,103,38,104,-1,104,38,105,-1,105,38,106,-1,106,38,107,-1,107,38,108,-1,108,38,109,-1,109,38,110,-1,
  110,38,18,-1,18,38,19,-1,19,38,20,-1,20,38,21,-1,21,38,22,-1,22,38,23,-1,23,38,24,-1,24,38,25,-1,
  25,38,85,-1,85,38,86,-1,86,38,87,-1,87,38,88,-1,88,38,89,-1,89,38,90,-1,90,38,91,-1,91,38,36,-1,
  36,38,37,-1,36,39,4,-1,4,39,5,-1,5,39,6,-1,6,39,7,-1,7,39,8,-1,8,39,9,-1,9,39,70,-1,
  70,39,71,-1,71,39,72,-1,72,39,73,-1,73,39,74,-1,74,39,75,-1,75,39,58,-1,65,103,66,-1,66,103,67,-1,
  67,103,68,-1,68,103,69,-1,69,103,102,-1,70,69,9,-1,9,69,96,-1,96,69,97,-1,97,69,98,-1,98,69,99,-1,
  99,69,100,-1,100,69,101,-1,101,69,102,-1,10,9,110,-1,110,9,111,-1,111,9,94,-1,94,9,95,-1,95,9,96,-1,
  2,1,85,-1,85,1,28,-1,28,1,29,-1,29,1,30,-1,30,1,31,-1,31,1,32,-1,32,1,33,-1,33,1,34,-1,
  34,1,35,-1,35,1,18,-1,18,1,0,-1,25,85,26,-1,26,85,27,-1,27,85,28,-1,3,2,49,-1,49,2,78,-1,
  78,2,79,-1,79,2,80,-1,80,2,81,-1,81,2,82,-1,82,2,83,-1,83,2,84,-1,84,2,85,-1,50,49,92,-1,
  92,49,93,-1,93,49,76,-1,76,49,77,-1,77,49,78,-1,4,3,36,-1,36,3,43,-1,43,3,44,-1,44,3,45,-1,
  45,3,46,-1,46,3,47,-1,47,3,48,-1,48,3,49,-1,91,36,92,-1,92,36,56,-1,56,36,57,-1,57,36,40,-1,
  40,36,41,-1,41,36,42,-1,42,36,43,-1,10,110,11,-1,11,110,12,-1,12,110,13,-1,13,110,14,-1,14,110,15,-1,
  15,110,16,-1,16,110,18,-1,16,18,17,-1,17,18,0,-1,50,92,51,-1,51,92,52,-1,52,92,53,-1,53,92,54,-1,
  54,92,55,-1,55,92,56,-1]
  normalPerVertex TRUE
  normal DEF NORM_317 Normal { vector [
  0 0 -1,0 0 -1,
  0 0 -1,0 0 -1,
  0 0 -1,0 0 -1,
  0 0 -1,0 0 -1,
  0 0 -1,0 0 -1,
  0 0 -1,0 0 -1,
  0 0 -1,0 0 -1,
  0 0 -1,0 0 -1,
  0 0 -1,0 0 -1,
  0 0 -1,0 0 -1,
  0 0 -1,0 0 -1,
  0 0 -1,0 0 -1,
  0 0 -1,0 0 -1,
  0 0 -1,0 0 -1,
  0 0 -1,0 0 -1,
  0 0 -1,0 0 -1,
  0 0 -1,0 0 -1,
  0 0 -1,0 0 -1,
  0 0 -1,0 0 -1,
  0 0 -1,0 0 -1,
  0 0 -1,0 0 -1,
  0 0 -1,0 0 -1,
  0 0 -1,0 0 -1,
  0 0 -1,0 0 -1,
  0 0 -1,0 0 -1,
  0 0 -1,0 0 -1,
  0 0 -1,0 0 -1,
  0 0 -1,0 0 -1,
  0 0 -1,0 0 -1,
  0 0 -1,0 0 -1,
  0 0 -1,0 0 -1,
  0 0 -1,0 0 -1,
  0 0 -1,0 0 -1,
  0 0 -1,0 0 -1,
  0 0 -1,0 0 -1,
  0 0 -1,0 0 -1,
  0 0 -1,0 0 -1,
  0 0 -1,0 0 -1,
  0 0 -1,0 0 -1,
  0 0 -1,0 0 -1,
  0 0 -1,0 0 -1,
  0 0 -1,0 0 -1,
  0 0 -1,0 0 -1,
  0 0 -1,0 0 -1,
  0 0 -1,0 0 -1,
  0 0 -1,0 0 -1,
  0 0 -1,0 0 -1,
  0 0 -1,0 0 -1,
  0 0 -1,0 0 -1,
  0 0 -1,0 0 -1,
  0 0 -1,0 0 -1,
  0 0 -1,0 0 -1,
  0 0 -1,0 0 -1,
  0 0 -1,0 0 -1,
  0 0 -1,0 0 -1,
  0 0 -1,0 0 -1] }
}
}
] }
DEF TXFM_29 Transform {
  center 0 0 0
  rotation 0 0 1 0
  scale 1 1 1
  scaleOrientation 0 0 1 0
  translation 0 0 0
 children [
DEF SHAPE_318 Shape {
 appearance DEF APP_15 Appearance {
  material Material {
   ambientIntensity 0.72857141
   diffuseColor 0.96078432 0.96078432 0.96078432
   emissiveColor 0 0 0
   shininess 0.02
   specularColor 0.96470588 0.96470588 0.96470588
   transparency 0
} }
 geometry DEF FACE_318 IndexedFaceSet {
  coord DEF COORD_318 Coordinate { point [
  49.187659 -49.14968 0.34448819,49.18325 -49.139036 0.34448819,
  49.175104 -49.130889 0.34448819,49.164459 -49.12648 0.34448819,
  49.152938 -49.12648 0.34448819,49.142294 -49.130889 0.34448819,
  49.134148 -49.139036 0.34448819,49.129739 -49.14968 0.34448819,
  49.129171 -49.155441 0.34448819,49.129171 -49.47415 0.34448819,
  49.129739 -49.479911 0.34448819,49.130144 -49.480891 0.34448819,
  49.13022 -49.481949 0.34448819,49.132289 -49.487356 0.34448819,
  49.151036 -49.524851 0.34448819,49.152596 -49.52733 0.34448819,
  49.152895 -49.52805 0.34448819,49.15356 -49.52886 0.34448819,
  49.15412 -49.52975 0.34448819,49.154709 -49.530261 0.34448819,
  49.156567 -49.532524 0.34448819,49.175315 -49.551272 0.34448819,
  49.177578 -49.55313 0.34448819,49.17809 -49.55372 0.34448819,
  49.17898 -49.55428 0.34448819,49.179789 -49.554945 0.34448819,
  49.180509 -49.555243 0.34448819,49.182989 -49.556804 0.34448819,
  49.220484 -49.575552 0.34448819,49.22589 -49.57762 0.34448819,
  49.226949 -49.577696 0.34448819,49.227929 -49.578102 0.34448819,
  49.233689 -49.578669 0.34448819,49.30868 -49.578669 0.34448819,
  49.314441 -49.578102 0.34448819,49.31542 -49.577695 0.34448819,
  49.316479 -49.57762 0.34448819,49.321885 -49.575552 0.34448819,
  49.35938 -49.556804 0.34448819,49.36186 -49.555243 0.34448819,
  49.36258 -49.554945 0.34448819,49.363389 -49.55428 0.34448819,
  49.364279 -49.55372 0.34448819,49.364791 -49.55313 0.34448819,
  49.367055 -49.551272 0.34448819,49.385802 -49.532525 0.34448819,
  49.387659 -49.530261 0.34448819,49.38825 -49.52975 0.34448819,
  49.388809 -49.52886 0.34448819,49.389474 -49.52805 0.34448819,
  49.389772 -49.52733 0.34448819,49.391333 -49.524851 0.34448819,
  49.410081 -49.487356 0.34448819,49.41215 -49.48195 0.34448819,
  49.412225 -49.480891 0.34448819,49.412631 -49.479911 0.34448819,
  49.413198 -49.47415 0.34448819,49.413198 -49.155441 0.34448819,
  49.412631 -49.14968 0.34448819,49.408222 -49.139036 0.34448819,
  49.400075 -49.130889 0.34448819,49.389431 -49.12648 0.34448819,
  49.37791 -49.12648 0.34448819,49.367266 -49.130889 0.34448819,
  49.359119 -49.139036 0.34448819,49.35471 -49.14968 0.34448819,
  49.354143 -49.155441 0.34448819,49.354143 -49.46718 0.34448819,
  49.340655 -49.494155 0.34448819,49.328684 -49.506126 0.34448819,
  49.301709 -49.519614 0.34448819,49.24066 -49.519614 0.34448819,
  49.213685 -49.506126 0.34448819,49.201714 -49.494155 0.34448819,
  49.188226 -49.46718 0.34448819,49.188226 -49.155441 0.34448819,
  49.505906 -45.664861 0.34448819,49.504107 -45.655822 0.34448819,
  49.491323 -45.643037 0.34448819,49.473244 -45.643037 0.34448819,
  49.460459 -45.655822 0.34448819,49.458661 -45.664861 0.34448819,
  49.458661 -45.870572 0.34448819,49.460459 -45.879611 0.34448819,
  49.473244 -45.892396 0.34448819,49.491323 -45.892396 0.34448819,
  49.504107 -45.879611 0.34448819,49.505906 -45.870572 0.34448819,
  51.586983 -43.500594 0.34448819,51.58727 -43.497679 0.34448819,
  51.58727 -43.216464 0.34448819,51.586703 -43.210704 0.34448819,
  51.582294 -43.200059 0.34448819,51.574147 -43.191913 0.34448819,
  51.563503 -43.187504 0.34448819,51.551982 -43.187504 0.34448819,
  51.541338 -43.191913 0.34448819,51.533191 -43.200059 0.34448819,
  51.528782 -43.210704 0.34448819,51.528215 -43.216464 0.34448819,
  51.528215 -43.492887 0.34448819,51.513187 -43.537971 0.34448819,
  51.485549 -43.565609 0.34448819,51.440465 -43.580637 0.34448819,
  51.407761 -43.580637 0.34448819,51.402001 -43.581205 0.34448819,
  51.391357 -43.585614 0.34448819,51.38321 -43.59376 0.34448819,
  51.378801 -43.604404 0.34448819,51.378801 -43.615926 0.34448819,
  51.38321 -43.62657 0.34448819,51.391357 -43.634716 0.34448819,
  51.402001 -43.639125 0.34448819,51.407761 -43.639693 0.34448819,
  51.445257 -43.639693 0.34448819,51.448172 -43.639405 0.34448819,
  51.44895 -43.639461 0.34448819,51.449972 -43.639228 0.34448819,
  51.451017 -43.639125 0.34448819,51.451738 -43.638826 0.34448819,
  51.454594 -43.638177 0.34448819,51.510837 -43.61943 0.34448819,
  51.516122 -43.61707 0.34448819,51.516924 -43.616374 0.34448819,
  51.517904 -43.615969 0.34448819,51.522379 -43.612296 0.34448819,
  51.559874 -43.5748 0.34448819,51.563546 -43.570326 0.34448819,
  51.563952 -43.569346 0.34448819,51.564647 -43.568545 0.34448819,
  51.567007 -43.563259 0.34448819,51.585755 -43.507017 0.34448819,
  51.586404 -43.50416 0.34448819,51.586703 -43.503439 0.34448819,
  51.586806 -43.502394 0.34448819,51.587038 -43.501372 0.34448819,
  49.753081 -49.147778 0.34448819,49.715586 -49.12903 0.34448819,
  49.71018 -49.126961 0.34448819,49.709121 -49.126886 0.34448819,
  49.708141 -49.12648 0.34448819,49.702381 -49.125913 0.34448819,
  49.608643 -49.125913 0.34448819,49.602882 -49.12648 0.34448819,
  49.601902 -49.126886 0.34448819,49.600843 -49.126961 0.34448819,
  49.595437 -49.12903 0.34448819,49.557942 -49.147778 0.34448819,
  49.555462 -49.149339 0.34448819,49.554743 -49.149637 0.34448819,
  49.553933 -49.150302 0.34448819,49.553043 -49.150861 0.34448819,
  49.552531 -49.151451 0.34448819,49.550268 -49.153309 0.34448819,
  49.53152 -49.172057 0.34448819,49.527848 -49.176531 0.34448819,
  49.523439 -49.187176 0.34448819,49.523439 -49.198696 0.34448819,
  49.527848 -49.209341 0.34448819,49.535995 -49.217487 0.34448819,
  49.546639 -49.221896 0.34448819,49.55816 -49.221896 0.34448819,
  49.568804 -49.217487 0.34448819,49.573279 -49.213815 0.34448819,
  49.588638 -49.198456 0.34448819,49.615613 -49.184968 0.34448819,
  49.69541 -49.184968 0.34448819,49.722385 -49.198456 0.34448819,
  49.734356 -49.210427 0.34448819,49.747844 -49.237402 0.34448819,
  49.747844 -49.263135 0.34448819,49.732815 -49.308219 0.34448819,
  49.512773 -49.528262 0.34448819,49.509101 -49.532737 0.34448819,
  49.504692 -49.543381 0.34448819,49.504692 -49.554902 0.34448819,
  49.509101 -49.565546 0.34448819,49.517247 -49.573693 0.34448819,
  49.527891 -49.578102 0.34448819,49.533652 -49.578669 0.34448819,
  49.777371 -49.578669 0.34448819,49.783132 -49.578102 0.34448819,
  49.793776 -49.573693 0.34448819,49.801922 -49.565546 0.34448819,
  49.806331 -49.554902 0.34448819,49.806331 -49.543381 0.34448819,
  49.801922 -49.532737 0.34448819,49.793776 -49.52459 0.34448819,
  49.783132 -49.520181 0.34448819,49.777371 -49.519614 0.34448819,
  49.604938 -49.519614 0.34448819,49.779503 -49.345048 0.34448819,
  49.783175 -49.340574 0.34448819,49.783581 -49.339593 0.34448819,
  49.784276 -49.338793 0.34448819,49.786636 -49.333507 0.34448819,
  49.805383 -49.277264 0.34448819,49.806033 -49.274407 0.34448819,
  49.806331 -49.273687 0.34448819,49.806434 -49.272642 0.34448819,
  49.806667 -49.27162 0.34448819,49.806611 -49.270842 0.34448819,
  49.806899 -49.267926 0.34448819,49.806899 -49.230431 0.34448819,
  49.806331 -49.22467 0.34448819,49.805926 -49.223691 0.34448819,
  49.80585 -49.222632 0.34448819,49.803781 -49.217226 0.34448819,
  49.785034 -49.179731 0.34448819,49.783473 -49.17725 0.34448819,
  49.783175 -49.176531 0.34448819,49.78251 -49.175721 0.34448819,
  49.78195 -49.174832 0.34448819,49.78136 -49.17432 0.34448819,
  49.779503 -49.172057 0.34448819,49.760755 -49.153309 0.34448819,
  49.758491 -49.151451 0.34448819,49.75798 -49.150861 0.34448819,
  49.75709 -49.150302 0.34448819,49.756281 -49.149637 0.34448819,
  49.755561 -49.149339 0.34448819,64.996431 -49.429728 0.34448819,
  64.996719 -49.426813 0.34448819,64.996719 -49.145598 0.34448819,
  64.996152 -49.139837 0.34448819,64.991743 -49.129193 0.34448819,
  64.983596 -49.121047 0.34448819,64.972952 -49.116638 0.34448819,
  64.961431 -49.116638 0.34448819,64.950787 -49.121047 0.34448819,
  64.94264 -49.129193 0.34448819,64.938231 -49.139837 0.34448819,
  64.937664 -49.145598 0.34448819,64.937664 -49.422021 0.34448819,
  64.922635 -49.467105 0.34448819,64.894998 -49.494743 0.34448819,
  64.849914 -49.509771 0.34448819,64.81721 -49.509771 0.34448819,
  64.81145 -49.510339 0.34448819,64.800806 -49.514748 0.34448819,
  64.792659 -49.522894 0.34448819,64.78825 -49.533538 0.34448819,
  64.78825 -49.545059 0.34448819,64.792659 -49.555704 0.34448819,
  64.800806 -49.56385 0.34448819,64.81145 -49.568259 0.34448819,
  64.81721 -49.568826 0.34448819,64.854706 -49.568826 0.34448819,
  64.857621 -49.568539 0.34448819,64.858398 -49.568594 0.34448819,
  64.859421 -49.568362 0.34448819,64.860466 -49.568259 0.34448819,
  64.861187 -49.56796 0.34448819,64.864043 -49.567311 0.34448819,
  64.920286 -49.548563 0.34448819,64.925571 -49.546204 0.34448819,
  64.926372 -49.545508 0.34448819,64.927353 -49.545102 0.34448819,
  64.931828 -49.54143 0.34448819,64.969323 -49.503934 0.34448819,
  64.972995 -49.49946 0.34448819,64.973401 -49.49848 0.34448819,
  64.974096 -49.497679 0.34448819,64.976456 -49.492393 0.34448819,
  64.995204 -49.43615 0.34448819,64.995853 -49.433294 0.34448819,
  64.996152 -49.432573 0.34448819,64.996254 -49.431528 0.34448819,
  64.996487 -49.430506 0.34448819,66.354331 -47.017717 0.34448819,
  66.352533 -47.008677 0.34448819,66.339748 -46.995893 0.34448819,
  66.321669 -46.995893 0.34448819,66.308885 -47.008677 0.34448819,
  66.307087 -47.017717 0.34448819,66.307087 -47.757874 0.34448819,
  66.308885 -47.766914 0.34448819,66.321669 -47.779698 0.34448819,
  66.339748 -47.779698 0.34448819,66.352533 -47.766914 0.34448819,
  66.354331 -47.757874 0.34448819,65.336602 -49.137935 0.34448819,
  65.299107 -49.119188 0.34448819,65.2937 -49.117119 0.34448819,
  65.292642 -49.117044 0.34448819,65.291662 -49.116638 0.34448819,
  65.285902 -49.11607 0.34448819,65.192163 -49.11607 0.34448819,
  65.186403 -49.116638 0.34448819,65.185423 -49.117043 0.34448819,
  65.184364 -49.117119 0.34448819,65.178958 -49.119188 0.34448819,
  65.141463 -49.137935 0.34448819,65.138983 -49.139496 0.34448819,
  65.138263 -49.139794 0.34448819,65.137454 -49.140459 0.34448819,
  65.136564 -49.141019 0.34448819,65.136052 -49.141609 0.34448819,
  65.133789 -49.143467 0.34448819,65.115041 -49.162214 0.34448819,
  65.111369 -49.166689 0.34448819,65.10696 -49.177333 0.34448819,
  65.10696 -49.188854 0.34448819,65.111369 -49.199498 0.34448819,
  65.119516 -49.207644 0.34448819,65.13016 -49.212054 0.34448819,
  65.141681 -49.212054 0.34448819,65.152325 -49.207644 0.34448819,
  65.1568 -49.203972 0.34448819,65.172159 -49.188613 0.34448819,
  65.199134 -49.175126 0.34448819,65.278931 -49.175126 0.34448819,
  65.305906 -49.188613 0.34448819,65.317877 -49.200584 0.34448819,
  65.331365 -49.227559 0.34448819,65.331365 -49.253293 0.34448819,
  65.316336 -49.298376 0.34448819,65.096294 -49.51842 0.34448819,
  65.092622 -49.522894 0.34448819,65.088213 -49.533538 0.34448819,
  65.088213 -49.545059 0.34448819,65.092622 -49.555704 0.34448819,
  65.100768 -49.56385 0.34448819,65.111412 -49.568259 0.34448819,
  65.117173 -49.568826 0.34448819,65.360892 -49.568826 0.34448819,
  65.366653 -49.568259 0.34448819,65.377297 -49.56385 0.34448819,
  65.385443 -49.555704 0.34448819,65.389852 -49.545059 0.34448819,
  65.389852 -49.533538 0.34448819,65.385443 -49.522894 0.34448819,
  65.377297 -49.514748 0.34448819,65.366653 -49.510339 0.34448819,
  65.360892 -49.509771 0.34448819,65.188459 -49.509771 0.34448819,
  65.363024 -49.335206 0.34448819,65.366696 -49.330731 0.34448819,
  65.367102 -49.329751 0.34448819,65.367797 -49.32895 0.34448819,
  65.370157 -49.323664 0.34448819,65.388904 -49.267422 0.34448819,
  65.389554 -49.264565 0.34448819,65.389852 -49.263844 0.34448819,
  65.389955 -49.2628 0.34448819,65.390188 -49.261777 0.34448819,
  65.390132 -49.261 0.34448819,65.39042 -49.258084 0.34448819,
  65.39042 -49.220589 0.34448819,65.389852 -49.214828 0.34448819,
  65.389446 -49.213848 0.34448819,65.389371 -49.212789 0.34448819,
  65.387302 -49.207383 0.34448819,65.368555 -49.169888 0.34448819,
  65.366994 -49.167408 0.34448819,65.366696 -49.166689 0.34448819,
  65.366031 -49.165879 0.34448819,65.365471 -49.164989 0.34448819,
  65.364881 -49.164478 0.34448819,65.363024 -49.162214 0.34448819,
  65.344276 -49.143467 0.34448819,65.342012 -49.141609 0.34448819,
  65.341501 -49.141019 0.34448819,65.340611 -49.140459 0.34448819,
  65.339802 -49.139794 0.34448819,65.339082 -49.139496 0.34448819,
  41.513208 -49.080006 0.34448819,41.477334 -49.133817 0.34448819,
  41.445295 -49.165856 0.34448819,41.412085 -49.182461 0.34448819,
  41.407187 -49.185544 0.34448819,41.399638 -49.194248 0.34448819,
  41.395995 -49.205178 0.34448819,41.396811 -49.21667 0.34448819,
  41.401964 -49.226975 0.34448819,41.410668 -49.234524 0.34448819,
  41.421597 -49.238167 0.34448819,41.433089 -49.23735 0.34448819,
  41.438496 -49.235281 0.34448819,41.475991 -49.216534 0.34448819,
  41.478471 -49.214973 0.34448819,41.479191 -49.214675 0.34448819,
  41.48 -49.21401 0.34448819,41.48089 -49.21345 0.34448819,
  41.481401 -49.21286 0.34448819,41.483665 -49.211003 0.34448819,
  41.508249 -49.186419 0.34448819,41.508249 -49.460559 0.34448819,
  41.425291 -49.460559 0.34448819,41.41953 -49.461126 0.34448819,
  41.408886 -49.465535 0.34448819,41.400739 -49.473681 0.34448819,
  41.39633 -49.484326 0.34448819,41.39633 -49.495847 0.34448819,
  41.400739 -49.506491 0.34448819,41.408886 -49.514637 0.34448819,
  41.41953 -49.519046 0.34448819,41.425291 -49.519614 0.34448819,
  41.650262 -49.519614 0.34448819,41.656023 -49.519046 0.34448819,
  41.666667 -49.514637 0.34448819,41.674813 -49.506491 0.34448819,
  41.679222 -49.495847 0.34448819,41.679222 -49.484326 0.34448819,
  41.674813 -49.473681 0.34448819,41.666667 -49.465535 0.34448819,
  41.656023 -49.461126 0.34448819,41.650262 -49.460559 0.34448819,
  41.567304 -49.460559 0.34448819,41.567304 -49.096385 0.34448819,
  41.567302 -49.096365 0.34448819,41.567304 -49.096354 0.34448819,
  41.567298 -49.096324 0.34448819,41.566737 -49.090625 0.34448819,
  41.565618 -49.087924 0.34448819,41.565044 -49.085057 0.34448819,
  41.563434 -49.082653 0.34448819,41.562328 -49.079981 0.34448819,
  41.560261 -49.077914 0.34448819,41.558634 -49.075484 0.34448819,
  41.556226 -49.073879 0.34448819,41.554181 -49.071834 0.34448819,
  41.55148 -49.070715 0.34448819,41.549048 -49.069094 0.34448819,
  41.546209 -49.068532 0.34448819,41.543537 -49.067425 0.34448819,
  41.540613 -49.067425 0.34448819,41.537745 -49.066858 0.34448819,
  41.534909 -49.067425 0.34448819,41.532016 -49.067425 0.34448819,
  41.529315 -49.068544 0.34448819,41.526448 -49.069117 0.34448819,
  41.524044 -49.070727 0.34448819,41.521372 -49.071834 0.34448819,
  41.519304 -49.073901 0.34448819,41.516876 -49.075528 0.34448819,
  41.513245 -49.07996 0.34448819,41.513225 -49.079981 0.34448819,
  41.513221 -49.079989 0.34448819,47.12854 -45.982143 0.34448819,
  47.126682 -45.984406 0.34448819,47.126092 -45.984918 0.34448819,
  47.125532 -45.985807 0.34448819,47.124868 -45.986617 0.34448819,
  47.124569 -45.987337 0.34448819,47.123009 -45.989817 0.34448819,
  47.104261 -46.027312 0.34448819,47.1041 -46.027733 0.34448819,
  47.103973 -46.027905 0.34448819,47.103112 -46.030314 0.34448819,
  47.102192 -46.032719 0.34448819,47.102177 -46.032931 0.34448819,
  47.102025 -46.033356 0.34448819,47.083278 -46.108346 0.34448819,
  47.08313 -46.109345 0.34448819,47.082963 -46.109747 0.34448819,
  47.08275 -46.111917 0.34448819,47.082431 -46.114072 0.34448819,
  47.082495 -46.114502 0.34448819,47.082396 -46.115508 0.34448819,
  47.082396 -46.171751 0.34448819,47.082495 -46.172756 0.34448819,
  47.082431 -46.173186 0.34448819,47.08275 -46.175341 0.34448819,
  47.082963 -46.177511 0.34448819,47.08313 -46.177913 0.34448819,
  47.083278 -46.178912 0.34448819,47.102025 -46.253903 0.34448819,
  47.102177 -46.254328 0.34448819,47.102192 -46.25454 0.34448819,
  47.103108 -46.256934 0.34448819,47.103973 -46.259354 0.34448819,
  47.1041 -46.259525 0.34448819,47.104261 -46.259946 0.34448819,
  47.123009 -46.297442 0.34448819,47.124569 -46.29992 0.34448819,
  47.124867 -46.300641 0.34448819,47.125532 -46.301451 0.34448819,
  47.126092 -46.302341 0.34448819,47.126682 -46.302852 0.34448819,
  47.12854 -46.305116 0.34448819,47.166035 -46.342611 0.34448819,
  47.170509 -46.346284 0.34448819,47.17149 -46.34669 0.34448819,
  47.172291 -46.347385 0.34448819,47.177577 -46.349744 0.34448819,
  47.233819 -46.368492 0.34448819,47.236676 -46.369141 0.34448819,
  47.237396 -46.36944 0.34448819,47.238441 -46.369543 0.34448819,
  47.239464 -46.369776 0.34448819,47.240241 -46.36972 0.34448819,
  47.243157 -46.370007 0.34448819,47.280652 -46.370007 0.34448819,
  47.283568 -46.36972 0.34448819,47.284345 -46.369776 0.34448819,
  47.285368 -46.369543 0.34448819,47.286413 -46.36944 0.34448819,
  47.287134 -46.369141 0.34448819,47.28999 -46.368492 0.34448819,
  47.346233 -46.349744 0.34448819,47.351518 -46.347385 0.34448819,
  47.352319 -46.346689 0.34448819,47.3533 -46.346283 0.34448819,
  47.357775 -46.342611 0.34448819,47.376522 -46.323863 0.34448819,
  47.380194 -46.319389 0.34448819,47.384603 -46.308744 0.34448819,
  47.384603 -46.297224 0.34448819,47.380194 -46.28658 0.34448819,
  47.372047 -46.278433 0.34448819,47.361403 -46.274024 0.34448819,
  47.349882 -46.274024 0.34448819,47.339238 -46.278433 0.34448819,
  47.334763 -46.282106 0.34448819,47.320945 -46.295924 0.34448819,
  47.275861 -46.310952 0.34448819,47.247948 -46.310952 0.34448819,
  47.202865 -46.295924 0.34448819,47.173686 -46.266746 0.34448819,
  47.158531 -46.236436 0.34448819,47.141451 -46.168115 0.34448819,
  47.141451 -46.119143 0.34448819,47.158531 -46.050823 0.34448819,
  47.173686 -46.020513 0.34448819,47.202865 -45.991335 0.34448819,
  47.247948 -45.976307 0.34448819,47.275861 -45.976307 0.34448819,
  47.320945 -45.991335 0.34448819,47.334764 -46.005154 0.34448819,
  47.339238 -46.008826 0.34448819,47.349882 -46.013235 0.34448819,
  47.361403 -46.013235 0.34448819,47.372047 -46.008826 0.34448819,
  47.380194 -46.000679 0.34448819,47.384603 -45.990035 0.34448819,
  47.384603 -45.978514 0.34448819,47.380194 -45.96787 0.34448819,
  47.376522 -45.963395 0.34448819,47.357774 -45.944648 0.34448819,
  47.3533 -45.940976 0.34448819,47.352319 -45.940569 0.34448819,
  47.351518 -45.939874 0.34448819,47.346233 -45.937515 0.34448819,
  47.28999 -45.918767 0.34448819,47.287134 -45.918117 0.34448819,
  47.286413 -45.917819 0.34448819,47.285368 -45.917716 0.34448819,
  47.284345 -45.917483 0.34448819,47.283568 -45.917539 0.34448819,
  47.280652 -45.917252 0.34448819,47.243157 -45.917252 0.34448819,
  47.240241 -45.917539 0.34448819,47.239464 -45.917483 0.34448819,
  47.238441 -45.917716 0.34448819,47.237396 -45.917819 0.34448819,
  47.236676 -45.918117 0.34448819,47.233819 -45.918767 0.34448819,
  47.177577 -45.937515 0.34448819,47.172291 -45.939874 0.34448819,
  47.17149 -45.940569 0.34448819,47.170509 -45.940975 0.34448819,
  47.166035 -45.944648 0.34448819,42.732283 -47.017717 0.34448819,
  42.730485 -47.008677 0.34448819,42.717701 -46.995893 0.34448819,
  42.699622 -46.995893 0.34448819,42.686837 -47.008677 0.34448819,
  42.685039 -47.017717 0.34448819,42.685039 -47.757874 0.34448819,
  42.686837 -47.766914 0.34448819,42.699622 -47.779698 0.34448819,
  42.717701 -47.779698 0.34448819,42.730485 -47.766914 0.34448819,
  42.732283 -47.757874 0.34448819,41.285802 -49.380516 0.34448819,
  41.286089 -49.3776 0.34448819,41.286089 -49.096385 0.34448819,
  41.285522 -49.090625 0.34448819,41.281113 -49.079981 0.34448819,
  41.272966 -49.071834 0.34448819,41.262322 -49.067425 0.34448819,
  41.250801 -49.067425 0.34448819,41.240157 -49.071834 0.34448819,
  41.23201 -49.079981 0.34448819,41.227601 -49.090625 0.34448819,
  41.227034 -49.096385 0.34448819,41.227034 -49.372809 0.34448819,
  41.212006 -49.417893 0.34448819,41.184368 -49.44553 0.34448819,
  41.139284 -49.460559 0.34448819,41.10658 -49.460559 0.34448819,
  41.10082 -49.461126 0.34448819,41.090176 -49.465535 0.34448819,
  41.082029 -49.473681 0.34448819,41.07762 -49.484326 0.34448819,
  41.07762 -49.495847 0.34448819,41.082029 -49.506491 0.34448819,
  41.090176 -49.514637 0.34448819,41.10082 -49.519046 0.34448819,
  41.10658 -49.519614 0.34448819,41.144076 -49.519614 0.34448819,
  41.146991 -49.519326 0.34448819,41.147769 -49.519382 0.34448819,
  41.148791 -49.519149 0.34448819,41.149836 -49.519046 0.34448819,
  41.150557 -49.518748 0.34448819,41.153413 -49.518098 0.34448819,
  41.209656 -49.499351 0.34448819,41.214941 -49.496991 0.34448819,
  41.215743 -49.496296 0.34448819,41.216723 -49.49589 0.34448819,
  41.221198 -49.492218 0.34448819,41.258693 -49.454722 0.34448819,
  41.262365 -49.450247 0.34448819,41.262771 -49.449267 0.34448819,
  41.263466 -49.448466 0.34448819,41.265826 -49.44318 0.34448819,
  41.284574 -49.386938 0.34448819,41.285223 -49.384081 0.34448819,
  41.285522 -49.383361 0.34448819,41.285624 -49.382316 0.34448819,
  41.285857 -49.381293 0.34448819,56.914037 -48.972515 0.34448819,
  56.909628 -48.96187 0.34448819,56.901481 -48.953724 0.34448819,
  56.890837 -48.949315 0.34448819,56.879316 -48.949315 0.34448819,
  56.868672 -48.953724 0.34448819,56.860526 -48.96187 0.34448819,
  56.856117 -48.972515 0.34448819,56.855549 -48.978275 0.34448819,
  56.855549 -49.296985 0.34448819,56.856117 -49.302746 0.34448819,
  56.856522 -49.303726 0.34448819,56.856598 -49.304784 0.34448819,
  56.858667 -49.31019 0.34448819,56.877414 -49.347685 0.34448819,
  56.878974 -49.350164 0.34448819,56.879273 -49.350885 0.34448819,
  56.879938 -49.351695 0.34448819,56.880498 -49.352584 0.34448819,
  56.881087 -49.353096 0.34448819,56.882945 -49.355359 0.34448819,
  56.901693 -49.374107 0.34448819,56.903956 -49.375965 0.34448819,
  56.904468 -49.376555 0.34448819,56.905357 -49.377115 0.34448819,
  56.906167 -49.37778 0.34448819,56.906887 -49.378078 0.34448819,
  56.909367 -49.379639 0.34448819,56.946862 -49.398386 0.34448819,
  56.952268 -49.400455 0.34448819,56.953327 -49.40053 0.34448819,
  56.954307 -49.400936 0.34448819,56.960067 -49.401504 0.34448819,
  57.035058 -49.401504 0.34448819,57.040819 -49.400936 0.34448819,
  57.041798 -49.40053 0.34448819,57.042857 -49.400455 0.34448819,
  57.048263 -49.398386 0.34448819,57.085758 -49.379639 0.34448819,
  57.088238 -49.378078 0.34448819,57.088958 -49.37778 0.34448819,
  57.089767 -49.377115 0.34448819,57.090657 -49.376555 0.34448819,
  57.091169 -49.375965 0.34448819,57.093433 -49.374107 0.34448819,
  57.11218 -49.355359 0.34448819,57.114037 -49.353096 0.34448819,
  57.114628 -49.352584 0.34448819,57.115187 -49.351695 0.34448819,
  57.115852 -49.350885 0.34448819,57.11615 -49.350164 0.34448819,
  57.117711 -49.347685 0.34448819,57.136459 -49.31019 0.34448819,
  57.138528 -49.304784 0.34448819,57.138603 -49.303725 0.34448819,
  57.139009 -49.302746 0.34448819,57.139576 -49.296985 0.34448819,
  57.139576 -48.978275 0.34448819,57.139009 -48.972515 0.34448819,
  57.1346 -48.96187 0.34448819,57.126453 -48.953724 0.34448819,
  57.115809 -48.949315 0.34448819,57.104288 -48.949315 0.34448819,
  57.093644 -48.953724 0.34448819,57.085497 -48.96187 0.34448819,
  57.081088 -48.972515 0.34448819,57.080521 -48.978275 0.34448819,
  57.080521 -49.290015 0.34448819,57.067033 -49.316989 0.34448819,
  57.055062 -49.328961 0.34448819,57.028087 -49.342448 0.34448819,
  56.967038 -49.342448 0.34448819,56.940063 -49.328961 0.34448819,
  56.928092 -49.316989 0.34448819,56.914604 -49.290015 0.34448819,
  56.914604 -48.978275 0.34448819,58.821453 -45.263639 0.34448819,
  58.819595 -45.265902 0.34448819,58.819006 -45.266414 0.34448819,
  58.818446 -45.267304 0.34448819,58.817781 -45.268113 0.34448819,
  58.817483 -45.268833 0.34448819,58.815922 -45.271313 0.34448819,
  58.797174 -45.308808 0.34448819,58.797013 -45.309229 0.34448819,
  58.796886 -45.309401 0.34448819,58.796022 -45.31182 0.34448819,
  58.795106 -45.314215 0.34448819,58.79509 -45.314427 0.34448819,
  58.794939 -45.314852 0.34448819,58.776191 -45.389843 0.34448819,
  58.776043 -45.390841 0.34448819,58.775877 -45.391243 0.34448819,
  58.775663 -45.393413 0.34448819,58.775344 -45.395569 0.34448819,
  58.775408 -45.395998 0.34448819,58.775309 -45.397004 0.34448819,
  58.775309 -45.453247 0.34448819,58.775408 -45.454252 0.34448819,
  58.775344 -45.454682 0.34448819,58.775663 -45.456837 0.34448819,
  58.775877 -45.459007 0.34448819,58.776043 -45.459409 0.34448819,
  58.776191 -45.460408 0.34448819,58.794939 -45.535399 0.34448819,
  58.79509 -45.535824 0.34448819,58.795106 -45.536036 0.34448819,
  58.796022 -45.53843 0.34448819,58.796886 -45.54085 0.34448819,
  58.797013 -45.541021 0.34448819,58.797174 -45.541443 0.34448819,
  58.815922 -45.578938 0.34448819,58.817482 -45.581417 0.34448819,
  58.817781 -45.582137 0.34448819,58.818446 -45.582947 0.34448819,
  58.819006 -45.583837 0.34448819,58.819595 -45.584348 0.34448819,
  58.821453 -45.586612 0.34448819,58.858948 -45.624107 0.34448819,
  58.863423 -45.62778 0.34448819,58.864403 -45.628186 0.34448819,
  58.865204 -45.628881 0.34448819,58.87049 -45.631241 0.34448819,
  58.926733 -45.649988 0.34448819,58.929589 -45.650637 0.34448819,
  58.93031 -45.650936 0.34448819,58.931354 -45.651039 0.34448819,
  58.932377 -45.651272 0.34448819,58.933154 -45.651216 0.34448819,
  58.93607 -45.651504 0.34448819,58.973566 -45.651504 0.34448819,
  58.976481 -45.651216 0.34448819,58.977259 -45.651272 0.34448819,
  58.978281 -45.651039 0.34448819,58.979326 -45.650936 0.34448819,
  58.980047 -45.650637 0.34448819,58.982903 -45.649988 0.34448819,
  59.039146 -45.631241 0.34448819,59.044431 -45.628881 0.34448819,
  59.045233 -45.628185 0.34448819,59.046213 -45.62778 0.34448819,
  59.050688 -45.624107 0.34448819,59.069435 -45.605359 0.34448819,
  59.073108 -45.600885 0.34448819,59.077517 -45.590241 0.34448819,
  59.077517 -45.57872 0.34448819,59.073107 -45.568076 0.34448819,
  59.064961 -45.559929 0.34448819,59.054317 -45.55552 0.34448819,
  59.042796 -45.55552 0.34448819,59.032152 -45.559929 0.34448819,
  59.027677 -45.563602 0.34448819,59.013858 -45.57742 0.34448819,
  58.968774 -45.592448 0.34448819,58.940862 -45.592448 0.34448819,
  58.895778 -45.57742 0.34448819,58.8666 -45.548242 0.34448819,
  58.851444 -45.517932 0.34448819,58.834365 -45.449611 0.34448819,
  58.834365 -45.400639 0.34448819,58.851444 -45.332319 0.34448819,
  58.8666 -45.302009 0.34448819,58.895778 -45.272831 0.34448819,
  58.940862 -45.257803 0.34448819,58.968774 -45.257803 0.34448819,
  59.013858 -45.272831 0.34448819,59.027677 -45.28665 0.34448819,
  59.032152 -45.290322 0.34448819,59.042796 -45.294731 0.34448819,
  59.054317 -45.294731 0.34448819,59.064961 -45.290322 0.34448819,
  59.073107 -45.282175 0.34448819,59.077517 -45.271531 0.34448819,
  59.077517 -45.26001 0.34448819,59.073107 -45.249366 0.34448819,
  59.069435 -45.244891 0.34448819,59.050688 -45.226144 0.34448819,
  59.046213 -45.222472 0.34448819,59.045233 -45.222065 0.34448819,
  59.044431 -45.22137 0.34448819,59.039146 -45.219011 0.34448819,
  58.982903 -45.200263 0.34448819,58.980047 -45.199613 0.34448819,
  58.979326 -45.199315 0.34448819,58.978281 -45.199212 0.34448819,
  58.977259 -45.19898 0.34448819,58.976481 -45.199035 0.34448819,
  58.973566 -45.198748 0.34448819,58.93607 -45.198748 0.34448819,
  58.933154 -45.199035 0.34448819,58.932377 -45.19898 0.34448819,
  58.931354 -45.199212 0.34448819,58.93031 -45.199315 0.34448819,
  58.929589 -45.199613 0.34448819,58.926733 -45.200263 0.34448819,
  58.87049 -45.219011 0.34448819,58.865204 -45.22137 0.34448819,
  58.864403 -45.222065 0.34448819,58.863423 -45.222471 0.34448819,
  58.858948 -45.226144 0.34448819,63.712598 -47.017717 0.34448819,
  63.7108 -47.008677 0.34448819,63.698016 -46.995893 0.34448819,
  63.679937 -46.995893 0.34448819,63.667152 -47.008677 0.34448819,
  63.665354 -47.017717 0.34448819,63.665354 -47.757874 0.34448819,
  63.667152 -47.766914 0.34448819,63.679937 -47.779698 0.34448819,
  63.698016 -47.779698 0.34448819,63.7108 -47.766914 0.34448819,
  63.712598 -47.757874 0.34448819,59.169578 -45.485574 0.34448819,
  59.169242 -45.487049 0.34448819,59.169578 -45.491768 0.34448819,
  59.169578 -45.496503 0.34448819,59.169984 -45.497483 0.34448819,
  59.170059 -45.498541 0.34448819,59.172175 -45.502773 0.34448819,
  59.173987 -45.507147 0.34448819,59.174737 -45.507897 0.34448819,
  59.175211 -45.508846 0.34448819,59.178787 -45.511947 0.34448819,
  59.182133 -45.515293 0.34448819,59.183113 -45.515699 0.34448819,
  59.183915 -45.516394 0.34448819,59.188404 -45.517891 0.34448819,
  59.192777 -45.519702 0.34448819,59.194283 -45.51985 0.34448819,
  59.194845 -45.520038 0.34448819,59.195622 -45.519982 0.34448819,
  59.198538 -45.52027 0.34448819,59.356487 -45.52027 0.34448819,
  59.356487 -45.621976 0.34448819,59.357054 -45.627737 0.34448819,
  59.361463 -45.638381 0.34448819,59.369609 -45.646527 0.34448819,
  59.380254 -45.650936 0.34448819,59.391775 -45.650936 0.34448819,
  59.402419 -45.646527 0.34448819,59.410565 -45.638381 0.34448819,
  59.414974 -45.627737 0.34448819,59.415542 -45.621976 0.34448819,
  59.415542 -45.52027 0.34448819,59.442257 -45.52027 0.34448819,
  59.448018 -45.519702 0.34448819,59.458662 -45.515293 0.34448819,
  59.466808 -45.507147 0.34448819,59.471217 -45.496503 0.34448819,
  59.471217 -45.484981 0.34448819,59.466808 -45.474337 0.34448819,
  59.458662 -45.466191 0.34448819,59.448018 -45.461782 0.34448819,
  59.442257 -45.461215 0.34448819,59.415542 -45.461215 0.34448819,
  59.415542 -45.359509 0.34448819,59.414974 -45.353748 0.34448819,
  59.410565 -45.343104 0.34448819,59.402419 -45.334957 0.34448819,
  59.391775 -45.330548 0.34448819,59.380254 -45.330548 0.34448819,
  59.369609 -45.334957 0.34448819,59.361463 -45.343104 0.34448819,
  59.357054 -45.353748 0.34448819,59.356487 -45.359509 0.34448819,
  59.356487 -45.461215 0.34448819,59.239505 -45.461215 0.34448819,
  59.320288 -45.218865 0.34448819,59.321572 -45.213221 0.34448819,
  59.320755 -45.201729 0.34448819,59.315603 -45.191424 0.34448819,
  59.306899 -45.183875 0.34448819,59.295969 -45.180232 0.34448819,
  59.284477 -45.181049 0.34448819,59.274172 -45.186201 0.34448819,
  59.266624 -45.194905 0.34448819,59.264264 -45.20019 0.34448819,
  59.170526 -45.481405 0.34448819,59.169876 -45.48426 0.34448819,
  59.169578 -45.484981 0.34448819,58.521654 -45.684546 0.34448819,
  58.519856 -45.675507 0.34448819,58.507071 -45.662722 0.34448819,
  58.488992 -45.662722 0.34448819,58.476207 -45.675507 0.34448819,
  58.474409 -45.684546 0.34448819,58.474409 -45.890257 0.34448819,
  58.476207 -45.899296 0.34448819,58.488992 -45.912081 0.34448819,
  58.507071 -45.912081 0.34448819,58.519856 -45.899296 0.34448819,
  58.521654 -45.890257 0.34448819,57.942913 -45.684546 0.34448819,
  57.941115 -45.675507 0.34448819,57.928331 -45.662722 0.34448819,
  57.910252 -45.662722 0.34448819,57.897467 -45.675507 0.34448819,
  57.895669 -45.684546 0.34448819,57.895669 -45.890257 0.34448819,
  57.897467 -45.899296 0.34448819,57.910252 -45.912081 0.34448819,
  57.928331 -45.912081 0.34448819,57.941115 -45.899296 0.34448819,
  57.942913 -45.890257 0.34448819,57.625984 -45.684546 0.34448819,
  57.624186 -45.675507 0.34448819,57.611402 -45.662722 0.34448819,
  57.593322 -45.662722 0.34448819,57.580538 -45.675507 0.34448819,
  57.57874 -45.684546 0.34448819,57.57874 -45.890257 0.34448819,
  57.580538 -45.899296 0.34448819,57.593322 -45.912081 0.34448819,
  57.611402 -45.912081 0.34448819,57.624186 -45.899296 0.34448819,
  57.625984 -45.890257 0.34448819,57.503749 -48.948748 0.34448819,
  57.26003 -48.948748 0.34448819,57.254269 -48.949315 0.34448819,
  57.243625 -48.953724 0.34448819,57.235479 -48.96187 0.34448819,
  57.23107 -48.972515 0.34448819,57.23107 -48.984036 0.34448819,
  57.235479 -48.99468 0.34448819,57.243625 -49.002826 0.34448819,
  57.254269 -49.007235 0.34448819,57.26003 -49.007803 0.34448819,
  57.438678 -49.007803 0.34448819,57.350294 -49.108812 0.34448819,
  57.348514 -49.111302 0.34448819,57.347965 -49.111852 0.34448819,
  57.347748 -49.112372 0.34448819,57.346928 -49.113521 0.34448819,
  57.345391 -49.118063 0.34448819,57.343556 -49.122496 0.34448819,
  57.343556 -49.123492 0.34448819,57.343237 -49.124435 0.34448819,
  57.343556 -49.12922 0.34448819,57.343556 -49.134017 0.34448819,
  57.343936 -49.134937 0.34448819,57.344003 -49.13593 0.34448819,
  57.34613 -49.140231 0.34448819,57.347965 -49.144661 0.34448819,
  57.348668 -49.145364 0.34448819,57.34911 -49.146258 0.34448819,
  57.352721 -49.149417 0.34448819,57.356111 -49.152807 0.34448819,
  57.357031 -49.153189 0.34448819,57.357781 -49.153844 0.34448819,
  57.362323 -49.15538 0.34448819,57.366755 -49.157217 0.34448819,
  57.368161 -49.157355 0.34448819,57.368694 -49.157535 0.34448819,
  57.369469 -49.157483 0.34448819,57.372516 -49.157784 0.34448819,
  57.421788 -49.157784 0.34448819,57.448763 -49.171271 0.34448819,
  57.460734 -49.183243 0.34448819,57.474222 -49.210217 0.34448819,
  57.474222 -49.290015 0.34448819,57.460734 -49.316989 0.34448819,
  57.448763 -49.328961 0.34448819,57.421788 -49.342448 0.34448819,
  57.323243 -49.342448 0.34448819,57.296269 -49.328961 0.34448819,
  57.280909 -49.313602 0.34448819,57.276435 -49.309929 0.34448819,
  57.265791 -49.30552 0.34448819,57.25427 -49.30552 0.34448819,
  57.243626 -49.309929 0.34448819,57.235479 -49.318076 0.34448819,
  57.23107 -49.32872 0.34448819,57.23107 -49.340241 0.34448819,
  57.235478 -49.350885 0.34448819,57.23915 -49.355359 0.34448819,
  57.257898 -49.374107 0.34448819,57.260161 -49.375965 0.34448819,
  57.260674 -49.376555 0.34448819,57.261563 -49.377115 0.34448819,
  57.262373 -49.37778 0.34448819,57.263092 -49.378078 0.34448819,
  57.265572 -49.379639 0.34448819,57.303068 -49.398386 0.34448819,
  57.308474 -49.400455 0.34448819,57.309532 -49.40053 0.34448819,
  57.310512 -49.400936 0.34448819,57.316273 -49.401504 0.34448819,
  57.428759 -49.401504 0.34448819,57.434519 -49.400936 0.34448819,
  57.435499 -49.40053 0.34448819,57.436557 -49.400455 0.34448819,
  57.441964 -49.398386 0.34448819,57.479459 -49.379639 0.34448819,
  57.481939 -49.378078 0.34448819,57.482659 -49.37778 0.34448819,
  57.483468 -49.377115 0.34448819,57.484358 -49.376555 0.34448819,
  57.48487 -49.375965 0.34448819,57.487133 -49.374107 0.34448819,
  57.505881 -49.355359 0.34448819,57.507738 -49.353096 0.34448819,
  57.508328 -49.352584 0.34448819,57.508888 -49.351695 0.34448819,
  57.509553 -49.350885 0.34448819,57.509851 -49.350164 0.34448819,
  57.511412 -49.347685 0.34448819,57.530159 -49.31019 0.34448819,
  57.532228 -49.304784 0.34448819,57.532304 -49.303725 0.34448819,
  57.532709 -49.302746 0.34448819,57.533277 -49.296985 0.34448819,
  57.533277 -49.203247 0.34448819,57.532709 -49.197486 0.34448819,
  57.532304 -49.196506 0.34448819,57.532228 -49.195448 0.34448819,
  57.530159 -49.190042 0.34448819,57.511412 -49.152546 0.34448819,
  57.509851 -49.150066 0.34448819,57.509553 -49.149347 0.34448819,
  57.508888 -49.148537 0.34448819,57.508328 -49.147648 0.34448819,
  57.507738 -49.147136 0.34448819,57.505881 -49.144872 0.34448819,
  57.487133 -49.126125 0.34448819,57.484869 -49.124267 0.34448819,
  57.484358 -49.123677 0.34448819,57.483468 -49.123117 0.34448819,
  57.482659 -49.122453 0.34448819,57.481939 -49.122154 0.34448819,
  57.479459 -49.120594 0.34448819,57.441964 -49.101846 0.34448819,
  57.436642 -49.099809 0.34448819,57.525971 -48.997719 0.34448819,
  57.527751 -48.995229 0.34448819,57.5283 -48.99468 0.34448819,
  57.528516 -48.994159 0.34448819,57.529337 -48.99301 0.34448819,
  57.530873 -48.988468 0.34448819,57.532709 -48.984036 0.34448819,
  57.532709 -48.983039 0.34448819,57.533028 -48.982096 0.34448819,
  57.532709 -48.977311 0.34448819,57.532709 -48.972515 0.34448819,
  57.532328 -48.971594 0.34448819,57.532262 -48.970601 0.34448819,
  57.530135 -48.9663 0.34448819,57.5283 -48.96187 0.34448819,
  57.527597 -48.961167 0.34448819,57.527155 -48.960274 0.34448819,
  57.523544 -48.957114 0.34448819,57.520154 -48.953724 0.34448819,
  57.519234 -48.953343 0.34448819,57.518484 -48.952687 0.34448819,
  57.513942 -48.951151 0.34448819,57.50951 -48.949315 0.34448819,
  57.508104 -48.949176 0.34448819,57.50757 -48.948996 0.34448819,
  57.506796 -48.949048 0.34448819,48.620249 -48.599228 0.34448819,
  48.607465 -48.586444 0.34448819,48.589385 -48.586444 0.34448819,
  48.576601 -48.599228 0.34448819,48.574803 -48.608268 0.34448819,
  48.574803 -48.645669 0.34448819,48.576601 -48.654709 0.34448819,
  48.589385 -48.667493 0.34448819,48.598425 -48.669291 0.34448819,
  50.220472 -48.669291 0.34448819,50.229512 -48.667493 0.34448819,
  50.242296 -48.654709 0.34448819,50.244094 -48.645669 0.34448819,
  50.244094 -48.608268 0.34448819,50.242296 -48.599228 0.34448819,
  50.229512 -48.586444 0.34448819,50.211433 -48.586444 0.34448819,
  50.198648 -48.599228 0.34448819,50.19685 -48.608268 0.34448819,
  50.19685 -48.622047 0.34448819,48.622047 -48.622047 0.34448819,
  48.622047 -48.608268 0.34448819,56.35647 -48.599228 0.34448819,
  56.343685 -48.586444 0.34448819,56.325606 -48.586444 0.34448819,
  56.312822 -48.599228 0.34448819,56.311024 -48.608268 0.34448819,
  56.311024 -48.645669 0.34448819,56.312822 -48.654709 0.34448819,
  56.325606 -48.667493 0.34448819,56.334646 -48.669291 0.34448819,
  57.956693 -48.669291 0.34448819,57.965733 -48.667493 0.34448819,
  57.978517 -48.654709 0.34448819,57.980315 -48.645669 0.34448819,
  57.980315 -48.608268 0.34448819,57.978517 -48.599228 0.34448819,
  57.965733 -48.586444 0.34448819,57.947653 -48.586444 0.34448819,
  57.934869 -48.599228 0.34448819,57.933071 -48.608268 0.34448819,
  57.933071 -48.622047 0.34448819,56.358268 -48.622047 0.34448819,
  56.358268 -48.608268 0.34448819,40.090551 -47.017717 0.34448819,
  40.088753 -47.008677 0.34448819,40.075969 -46.995893 0.34448819,
  40.057889 -46.995893 0.34448819,40.045105 -47.008677 0.34448819,
  40.043307 -47.017717 0.34448819,40.043307 -47.757874 0.34448819,
  40.045105 -47.766914 0.34448819,40.057889 -47.779698 0.34448819,
  40.075969 -47.779698 0.34448819,40.088753 -47.766914 0.34448819,
  40.090551 -47.757874 0.34448819,50.198648 -46.676363 0.34448819,
  50.211433 -46.689147 0.34448819,50.229512 -46.689147 0.34448819,
  50.242296 -46.676363 0.34448819,50.244094 -46.667323 0.34448819,
  50.244094 -46.629921 0.34448819,50.242296 -46.620881 0.34448819,
  50.229512 -46.608097 0.34448819,50.220472 -46.606299 0.34448819,
  48.598425 -46.606299 0.34448819,48.589385 -46.608097 0.34448819,
  48.576601 -46.620881 0.34448819,48.574803 -46.629921 0.34448819,
  48.574803 -46.667323 0.34448819,48.576601 -46.676363 0.34448819,
  48.589385 -46.689147 0.34448819,48.607465 -46.689147 0.34448819,
  48.620249 -46.676363 0.34448819,48.622047 -46.667323 0.34448819,
  48.622047 -46.653543 0.34448819,50.19685 -46.653543 0.34448819,
  50.19685 -46.667323 0.34448819,57.934869 -46.676363 0.34448819,
  57.947653 -46.689147 0.34448819,57.965733 -46.689147 0.34448819,
  57.978517 -46.676363 0.34448819,57.980315 -46.667323 0.34448819,
  57.980315 -46.629921 0.34448819,57.978517 -46.620881 0.34448819,
  57.965733 -46.608097 0.34448819,57.956693 -46.606299 0.34448819,
  56.334646 -46.606299 0.34448819,56.325606 -46.608097 0.34448819,
  56.312822 -46.620881 0.34448819,56.311024 -46.629921 0.34448819,
  56.311024 -46.667323 0.34448819,56.312822 -46.676363 0.34448819,
  56.325606 -46.689147 0.34448819,56.343685 -46.689147 0.34448819,
  56.35647 -46.676363 0.34448819,56.358268 -46.667323 0.34448819,
  56.358268 -46.653543 0.34448819,57.933071 -46.653543 0.34448819,
  57.933071 -46.667323 0.34448819,48.503937 -46.535433 0.34448819,
  48.497018 -46.51873 0.34448819,48.480315 -46.511811 0.34448819,
  48.291339 -46.511811 0.34448819,48.277445 -46.516329 0.34448819,
  48.268006 -46.531749 0.34448819,48.272235 -46.549327 0.34448819,
  48.366723 -46.679248 0.34448819,48.371933 -46.684458 0.34448819,
  48.389511 -46.688687 0.34448819,48.404931 -46.679248 0.34448819,
  48.499419 -46.549327 0.34448819,56.240157 -46.535433 0.34448819,
  56.233239 -46.51873 0.34448819,56.216535 -46.511811 0.34448819,
  56.027559 -46.511811 0.34448819,56.013665 -46.516329 0.34448819,
  56.004226 -46.531749 0.34448819,56.008455 -46.549327 0.34448819,
  56.102943 -46.679248 0.34448819,56.108154 -46.684458 0.34448819,
  56.125731 -46.688687 0.34448819,56.141151 -46.679248 0.34448819,
  56.235639 -46.549327 0.34448819,47.593542 -45.9304 0.34448819,
  47.557668 -45.984211 0.34448819,47.525629 -46.01625 0.34448819,
  47.492419 -46.032855 0.34448819,47.48752 -46.035938 0.34448819,
  47.479972 -46.044642 0.34448819,47.476329 -46.055572 0.34448819,
  47.477145 -46.067064 0.34448819,47.482298 -46.077369 0.34448819,
  47.491002 -46.084917 0.34448819,47.501931 -46.088561 0.34448819,
  47.513423 -46.087744 0.34448819,47.51883 -46.085675 0.34448819,
  47.556325 -46.066928 0.34448819,47.558805 -46.065367 0.34448819,
  47.559524 -46.065069 0.34448819,47.560334 -46.064404 0.34448819,
  47.561224 -46.063844 0.34448819,47.561735 -46.063254 0.34448819,
  47.563999 -46.061396 0.34448819,47.588583 -46.036813 0.34448819,
  47.588583 -46.310952 0.34448819,47.505624 -46.310952 0.34448819,
  47.499864 -46.31152 0.34448819,47.48922 -46.315929 0.34448819,
  47.481073 -46.324075 0.34448819,47.476664 -46.334719 0.34448819,
  47.476664 -46.346241 0.34448819,47.481073 -46.356885 0.34448819,
  47.48922 -46.365031 0.34448819,47.499864 -46.36944 0.34448819,
  47.505624 -46.370007 0.34448819,47.730596 -46.370007 0.34448819,
  47.736357 -46.36944 0.34448819,47.747001 -46.365031 0.34448819,
  47.755147 -46.356885 0.34448819,47.759556 -46.346241 0.34448819,
  47.759556 -46.334719 0.34448819,47.755147 -46.324075 0.34448819,
  47.747001 -46.315929 0.34448819,47.736357 -46.31152 0.34448819,
  47.730596 -46.310952 0.34448819,47.647638 -46.310952 0.34448819,
  47.647638 -45.946779 0.34448819,47.647635 -45.946758 0.34448819,
  47.647638 -45.946748 0.34448819,47.647631 -45.946718 0.34448819,
  47.64707 -45.941019 0.34448819,47.645952 -45.938317 0.34448819,
  47.645378 -45.935451 0.34448819,47.643768 -45.933046 0.34448819,
  47.642661 -45.930374 0.34448819,47.640595 -45.928308 0.34448819,
  47.638968 -45.925878 0.34448819,47.636559 -45.924272 0.34448819,
  47.634515 -45.922228 0.34448819,47.631814 -45.921109 0.34448819,
  47.629381 -45.919487 0.34448819,47.626543 -45.918926 0.34448819,
  47.623871 -45.917819 0.34448819,47.620947 -45.917819 0.34448819,
  47.618079 -45.917252 0.34448819,47.615243 -45.917819 0.34448819,
  47.61235 -45.917819 0.34448819,47.609648 -45.918937 0.34448819,
  47.606782 -45.919511 0.34448819,47.604378 -45.92112 0.34448819,
  47.601706 -45.922228 0.34448819,47.599638 -45.924295 0.34448819,
  47.597209 -45.925922 0.34448819,47.593579 -45.930354 0.34448819,
  47.593559 -45.930374 0.34448819,47.593555 -45.930383 0.34448819,
  58.850981 -45.982143 0.34448819,58.849123 -45.984406 0.34448819,
  58.848533 -45.984918 0.34448819,58.847973 -45.985807 0.34448819,
  58.847309 -45.986617 0.34448819,58.84701 -45.987337 0.34448819,
  58.84545 -45.989817 0.34448819,58.826702 -46.027312 0.34448819,
  58.826541 -46.027733 0.34448819,58.826414 -46.027905 0.34448819,
  58.825549 -46.030324 0.34448819,58.824633 -46.032719 0.34448819,
  58.824618 -46.032931 0.34448819,58.824466 -46.033356 0.34448819,
  58.805719 -46.108346 0.34448819,58.80557 -46.109345 0.34448819,
  58.805404 -46.109747 0.34448819,58.805191 -46.111917 0.34448819,
  58.804872 -46.114072 0.34448819,58.804936 -46.114502 0.34448819,
  58.804837 -46.115508 0.34448819,58.804837 -46.171751 0.34448819,
  58.804936 -46.172756 0.34448819,58.804872 -46.173186 0.34448819,
  58.805191 -46.175341 0.34448819,58.805404 -46.177511 0.34448819,
  58.80557 -46.177913 0.34448819,58.805719 -46.178912 0.34448819,
  58.824466 -46.253903 0.34448819,58.824618 -46.254328 0.34448819,
  58.824633 -46.25454 0.34448819,58.825549 -46.256934 0.34448819,
  58.826414 -46.259354 0.34448819,58.826541 -46.259525 0.34448819,
  58.826702 -46.259946 0.34448819,58.84545 -46.297442 0.34448819,
  58.84701 -46.29992 0.34448819,58.847308 -46.300641 0.34448819,
  58.847973 -46.301451 0.34448819,58.848533 -46.302341 0.34448819,
  58.849123 -46.302852 0.34448819,58.850981 -46.305116 0.34448819,
  58.888476 -46.342611 0.34448819,58.89295 -46.346284 0.34448819,
  58.893931 -46.34669 0.34448819,58.894732 -46.347385 0.34448819,
  58.900018 -46.349744 0.34448819,58.95626 -46.368492 0.34448819,
  58.959117 -46.369141 0.34448819,58.959837 -46.36944 0.34448819,
  58.960882 -46.369543 0.34448819,58.961905 -46.369776 0.34448819,
  58.962682 -46.36972 0.34448819,58.965598 -46.370007 0.34448819,
  59.003093 -46.370007 0.34448819,59.006009 -46.36972 0.34448819,
  59.006786 -46.369776 0.34448819,59.007809 -46.369543 0.34448819,
  59.008854 -46.36944 0.34448819,59.009575 -46.369141 0.34448819,
  59.012431 -46.368492 0.34448819,59.068674 -46.349744 0.34448819,
  59.073959 -46.347385 0.34448819,59.07476 -46.346689 0.34448819,
  59.075741 -46.346283 0.34448819,59.080216 -46.342611 0.34448819,
  59.098963 -46.323863 0.34448819,59.102635 -46.319389 0.34448819,
  59.107044 -46.308744 0.34448819,59.107044 -46.297224 0.34448819,
  59.102635 -46.28658 0.34448819,59.094488 -46.278433 0.34448819,
  59.083844 -46.274024 0.34448819,59.072323 -46.274024 0.34448819,
  59.061679 -46.278433 0.34448819,59.057204 -46.282106 0.34448819,
  59.043386 -46.295924 0.34448819,58.998302 -46.310952 0.34448819,
  58.970389 -46.310952 0.34448819,58.925306 -46.295924 0.34448819,
  58.896127 -46.266746 0.34448819,58.880972 -46.236436 0.34448819,
  58.863892 -46.168115 0.34448819,58.863892 -46.119143 0.34448819,
  58.880972 -46.050823 0.34448819,58.896127 -46.020513 0.34448819,
  58.925306 -45.991335 0.34448819,58.970389 -45.976307 0.34448819,
  58.998302 -45.976307 0.34448819,59.043386 -45.991335 0.34448819,
  59.057205 -46.005154 0.34448819,59.061679 -46.008826 0.34448819,
  59.072323 -46.013235 0.34448819,59.083844 -46.013235 0.34448819,
  59.094488 -46.008826 0.34448819,59.102635 -46.000679 0.34448819,
  59.107044 -45.990035 0.34448819,59.107044 -45.978514 0.34448819,
  59.102635 -45.96787 0.34448819,59.098963 -45.963395 0.34448819,
  59.080215 -45.944648 0.34448819,59.075741 -45.940976 0.34448819,
  59.07476 -45.940569 0.34448819,59.073959 -45.939874 0.34448819,
  59.068674 -45.937515 0.34448819,59.012431 -45.918767 0.34448819,
  59.009575 -45.918117 0.34448819,59.008854 -45.917819 0.34448819,
  59.007809 -45.917716 0.34448819,59.006786 -45.917483 0.34448819,
  59.006009 -45.917539 0.34448819,59.003093 -45.917252 0.34448819,
  58.965598 -45.917252 0.34448819,58.962682 -45.917539 0.34448819,
  58.961905 -45.917483 0.34448819,58.960882 -45.917716 0.34448819,
  58.959837 -45.917819 0.34448819,58.959117 -45.918117 0.34448819,
  58.95626 -45.918767 0.34448819,58.900018 -45.937515 0.34448819,
  58.894732 -45.939874 0.34448819,58.893931 -45.940569 0.34448819,
  58.89295 -45.940975 0.34448819,58.888476 -45.944648 0.34448819,
  59.453037 -45.917252 0.34448819,59.209318 -45.917252 0.34448819,
  59.203557 -45.917819 0.34448819,59.192913 -45.922228 0.34448819,
  59.184767 -45.930374 0.34448819,59.180357 -45.941019 0.34448819,
  59.180357 -45.95254 0.34448819,59.184767 -45.963184 0.34448819,
  59.192913 -45.97133 0.34448819,59.203557 -45.975739 0.34448819,
  59.209318 -45.976307 0.34448819,59.387965 -45.976307 0.34448819,
  59.299582 -46.077316 0.34448819,59.297802 -46.079806 0.34448819,
  59.297252 -46.080356 0.34448819,59.297036 -46.080876 0.34448819,
  59.296215 -46.082025 0.34448819,59.294679 -46.086567 0.34448819,
  59.292843 -46.091 0.34448819,59.292843 -46.091996 0.34448819,
  59.292524 -46.092939 0.34448819,59.292843 -46.097724 0.34448819,
  59.292843 -46.102521 0.34448819,59.293224 -46.103441 0.34448819,
  59.293291 -46.104434 0.34448819,59.295417 -46.108735 0.34448819,
  59.297252 -46.113165 0.34448819,59.297956 -46.113868 0.34448819,
  59.298398 -46.114762 0.34448819,59.302009 -46.117921 0.34448819,
  59.305399 -46.121311 0.34448819,59.306319 -46.121693 0.34448819,
  59.307069 -46.122348 0.34448819,59.311611 -46.123884 0.34448819,
  59.316043 -46.12572 0.34448819,59.317448 -46.125859 0.34448819,
  59.317982 -46.126039 0.34448819,59.318757 -46.125987 0.34448819,
  59.321804 -46.126288 0.34448819,59.371076 -46.126288 0.34448819,
  59.398051 -46.139775 0.34448819,59.410022 -46.151746 0.34448819,
  59.423509 -46.178721 0.34448819,59.423509 -46.258519 0.34448819,
  59.410022 -46.285493 0.34448819,59.39805 -46.297465 0.34448819,
  59.371076 -46.310952 0.34448819,59.272531 -46.310952 0.34448819,
  59.245556 -46.297465 0.34448819,59.230197 -46.282106 0.34448819,
  59.225722 -46.278433 0.34448819,59.215078 -46.274024 0.34448819,
  59.203557 -46.274024 0.34448819,59.192913 -46.278433 0.34448819,
  59.184767 -46.28658 0.34448819,59.180357 -46.297224 0.34448819,
  59.180357 -46.308744 0.34448819,59.184766 -46.319389 0.34448819,
  59.188438 -46.323863 0.34448819,59.207186 -46.342611 0.34448819,
  59.209449 -46.344469 0.34448819,59.209961 -46.345059 0.34448819,
  59.210851 -46.345619 0.34448819,59.211661 -46.346283 0.34448819,
  59.21238 -46.346581 0.34448819,59.21486 -46.348143 0.34448819,
  59.252356 -46.36689 0.34448819,59.257761 -46.368959 0.34448819,
  59.25882 -46.369034 0.34448819,59.2598 -46.36944 0.34448819,
  59.265561 -46.370007 0.34448819,59.378046 -46.370007 0.34448819,
  59.383807 -46.36944 0.34448819,59.384787 -46.369034 0.34448819,
  59.385845 -46.368959 0.34448819,59.391252 -46.36689 0.34448819,
  59.428747 -46.348143 0.34448819,59.431227 -46.346581 0.34448819,
  59.431946 -46.346283 0.34448819,59.432756 -46.345619 0.34448819,
  59.433646 -46.345059 0.34448819,59.434157 -46.344469 0.34448819,
  59.436421 -46.342611 0.34448819,59.455169 -46.323863 0.34448819,
  59.457026 -46.3216 0.34448819,59.457616 -46.321088 0.34448819,
  59.458176 -46.320199 0.34448819,59.458841 -46.319389 0.34448819,
  59.459139 -46.318668 0.34448819,59.4607 -46.316189 0.34448819,
  59.479447 -46.278694 0.34448819,59.481516 -46.273288 0.34448819,
  59.481591 -46.272229 0.34448819,59.481997 -46.27125 0.34448819,
  59.482565 -46.265489 0.34448819,59.482565 -46.171751 0.34448819,
  59.481997 -46.16599 0.34448819,59.481591 -46.16501 0.34448819,
  59.481516 -46.163952 0.34448819,59.479447 -46.158546 0.34448819,
  59.4607 -46.12105 0.34448819,59.459139 -46.11857 0.34448819,
  59.458841 -46.117851 0.34448819,59.458176 -46.117041 0.34448819,
  59.457616 -46.116152 0.34448819,59.457026 -46.11564 0.34448819,
  59.455169 -46.113376 0.34448819,59.436421 -46.094629 0.34448819,
  59.434157 -46.092771 0.34448819,59.433646 -46.092181 0.34448819,
  59.432756 -46.091621 0.34448819,59.431946 -46.090957 0.34448819,
  59.431227 -46.090658 0.34448819,59.428747 -46.089098 0.34448819,
  59.391252 -46.07035 0.34448819,59.38593 -46.068313 0.34448819,
  59.475259 -45.966223 0.34448819,59.477039 -45.963733 0.34448819,
  59.477588 -45.963184 0.34448819,59.477804 -45.962663 0.34448819,
  59.478625 -45.961514 0.34448819,59.480161 -45.956972 0.34448819,
  59.481997 -45.95254 0.34448819,59.481997 -45.951543 0.34448819,
  59.482316 -45.9506 0.34448819,59.481997 -45.945815 0.34448819,
  59.481997 -45.941019 0.34448819,59.481616 -45.940098 0.34448819,
  59.48155 -45.939105 0.34448819,59.479423 -45.934804 0.34448819,
  59.477588 -45.930374 0.34448819,59.476885 -45.929671 0.34448819,
  59.476443 -45.928778 0.34448819,59.472831 -45.925618 0.34448819,
  59.469442 -45.922228 0.34448819,59.468522 -45.921846 0.34448819,
  59.467772 -45.921191 0.34448819,59.46323 -45.919655 0.34448819,
  59.458798 -45.917819 0.34448819,59.457392 -45.91768 0.34448819,
  59.456858 -45.9175 0.34448819,59.456083 -45.917552 0.34448819,
  48.061024 -45.674704 0.34448819,48.059226 -45.665664 0.34448819,
  48.046441 -45.65288 0.34448819,48.028362 -45.65288 0.34448819,
  48.015578 -45.665664 0.34448819,48.01378 -45.674704 0.34448819,
  48.01378 -45.880414 0.34448819,48.015578 -45.889454 0.34448819,
  48.028362 -45.902238 0.34448819,48.046441 -45.902238 0.34448819,
  48.059226 -45.889454 0.34448819,48.061024 -45.880414 0.34448819,
  48.639764 -45.674704 0.34448819,48.637966 -45.665664 0.34448819,
  48.625181 -45.65288 0.34448819,48.607102 -45.65288 0.34448819,
  48.594318 -45.665664 0.34448819,48.59252 -45.674704 0.34448819,
  48.59252 -45.880414 0.34448819,48.594318 -45.889454 0.34448819,
  48.607102 -45.902238 0.34448819,48.625181 -45.902238 0.34448819,
  48.637966 -45.889454 0.34448819,48.639764 -45.880414 0.34448819,
  48.927165 -45.664861 0.34448819,48.925367 -45.655822 0.34448819,
  48.912583 -45.643037 0.34448819,48.894504 -45.643037 0.34448819,
  48.881719 -45.655822 0.34448819,48.879921 -45.664861 0.34448819,
  48.879921 -45.870572 0.34448819,48.881719 -45.879611 0.34448819,
  48.894504 -45.892396 0.34448819,48.912583 -45.892396 0.34448819,
  48.925367 -45.879611 0.34448819,48.927165 -45.870572 0.34448819,
  47.138382 -45.184899 0.34448819,47.136524 -45.187162 0.34448819,
  47.135935 -45.187674 0.34448819,47.135375 -45.188563 0.34448819,
  47.13471 -45.189373 0.34448819,47.134412 -45.190093 0.34448819,
  47.132851 -45.192573 0.34448819,47.114104 -45.230068 0.34448819,
  47.113942 -45.230489 0.34448819,47.113815 -45.230661 0.34448819,
  47.112951 -45.23308 0.34448819,47.112035 -45.235474 0.34448819,
  47.112019 -45.235687 0.34448819,47.111868 -45.236112 0.34448819,
  47.09312 -45.311102 0.34448819,47.092972 -45.312101 0.34448819,
  47.092806 -45.312503 0.34448819,47.092592 -45.314673 0.34448819,
  47.092274 -45.316828 0.34448819,47.092337 -45.317258 0.34448819,
  47.092239 -45.318264 0.34448819,47.092239 -45.374507 0.34448819,
  47.092337 -45.375512 0.34448819,47.092274 -45.375942 0.34448819,
  47.092592 -45.378097 0.34448819,47.092806 -45.380267 0.34448819,
  47.092972 -45.380669 0.34448819,47.09312 -45.381668 0.34448819,
  47.111868 -45.456659 0.34448819,47.112019 -45.457083 0.34448819,
  47.112035 -45.457296 0.34448819,47.112951 -45.45969 0.34448819,
  47.113815 -45.46211 0.34448819,47.113942 -45.462281 0.34448819,
  47.114104 -45.462702 0.34448819,47.132851 -45.500198 0.34448819,
  47.134411 -45.502676 0.34448819,47.13471 -45.503397 0.34448819,
  47.135375 -45.504207 0.34448819,47.135935 -45.505096 0.34448819,
  47.136524 -45.505608 0.34448819,47.138382 -45.507872 0.34448819,
  47.175878 -45.545367 0.34448819,47.180352 -45.54904 0.34448819,
  47.181332 -45.549446 0.34448819,47.182133 -45.550141 0.34448819,
  47.187419 -45.5525 0.34448819,47.243662 -45.571248 0.34448819,
  47.246518 -45.571897 0.34448819,47.247239 -45.572196 0.34448819,
  47.248283 -45.572299 0.34448819,47.249306 -45.572531 0.34448819,
  47.250083 -45.572476 0.34448819,47.253 -45.572763 0.34448819,
  47.290495 -45.572763 0.34448819,47.29341 -45.572476 0.34448819,
  47.294188 -45.572531 0.34448819,47.29521 -45.572299 0.34448819,
  47.296256 -45.572196 0.34448819,47.296976 -45.571897 0.34448819,
  47.299832 -45.571248 0.34448819,47.356075 -45.5525 0.34448819,
  47.361361 -45.550141 0.34448819,47.362162 -45.549445 0.34448819,
  47.363143 -45.549039 0.34448819,47.367617 -45.545367 0.34448819,
  47.386365 -45.526619 0.34448819,47.390037 -45.522144 0.34448819,
  47.394446 -45.5115 0.34448819,47.394446 -45.49998 0.34448819,
  47.390037 -45.489335 0.34448819,47.38189 -45.481189 0.34448819,
  47.371246 -45.47678 0.34448819,47.359725 -45.47678 0.34448819,
  47.349081 -45.481189 0.34448819,47.344606 -45.484861 0.34448819,
  47.330787 -45.49868 0.34448819,47.285704 -45.513708 0.34448819,
  47.257791 -45.513708 0.34448819,47.212707 -45.49868 0.34448819,
  47.183529 -45.469502 0.34448819,47.168374 -45.439192 0.34448819,
  47.151294 -45.370871 0.34448819,47.151294 -45.321899 0.34448819,
  47.168374 -45.253579 0.34448819,47.183529 -45.223269 0.34448819,
  47.212707 -45.194091 0.34448819,47.257791 -45.179063 0.34448819,
  47.285704 -45.179063 0.34448819,47.330787 -45.194091 0.34448819,
  47.344606 -45.207909 0.34448819,47.349081 -45.211581 0.34448819,
  47.359725 -45.215991 0.34448819,47.371246 -45.215991 0.34448819,
  47.38189 -45.211581 0.34448819,47.390037 -45.203435 0.34448819,
  47.394446 -45.192791 0.34448819,47.394446 -45.18127 0.34448819,
  47.390037 -45.170626 0.34448819,47.386365 -45.166151 0.34448819,
  47.367617 -45.147404 0.34448819,47.363143 -45.143731 0.34448819,
  47.362162 -45.143325 0.34448819,47.361361 -45.14263 0.34448819,
  47.356075 -45.14027 0.34448819,47.299832 -45.121523 0.34448819,
  47.296976 -45.120873 0.34448819,47.296256 -45.120575 0.34448819,
  47.29521 -45.120472 0.34448819,47.294188 -45.120239 0.34448819,
  47.29341 -45.120294 0.34448819,47.290495 -45.120007 0.34448819,
  47.253 -45.120007 0.34448819,47.250083 -45.120294 0.34448819,
  47.249306 -45.120239 0.34448819,47.248283 -45.120472 0.34448819,
  47.247239 -45.120575 0.34448819,47.246518 -45.120873 0.34448819,
  47.243662 -45.121523 0.34448819,47.187419 -45.14027 0.34448819,
  47.182133 -45.14263 0.34448819,47.181332 -45.143325 0.34448819,
  47.180352 -45.143731 0.34448819,47.175878 -45.147404 0.34448819,
  47.716148 -45.141872 0.34448819,47.678653 -45.123125 0.34448819,
  47.673247 -45.121056 0.34448819,47.672189 -45.120981 0.34448819,
  47.671209 -45.120575 0.34448819,47.665448 -45.120007 0.34448819,
  47.57171 -45.120007 0.34448819,47.565949 -45.120575 0.34448819,
  47.564969 -45.12098 0.34448819,47.563911 -45.121056 0.34448819,
  47.558505 -45.123125 0.34448819,47.521009 -45.141872 0.34448819,
  47.518529 -45.143433 0.34448819,47.51781 -45.143731 0.34448819,
  47.517 -45.144396 0.34448819,47.516111 -45.144956 0.34448819,
  47.515599 -45.145546 0.34448819,47.513335 -45.147404 0.34448819,
  47.494588 -45.166151 0.34448819,47.490916 -45.170626 0.34448819,
  47.486507 -45.18127 0.34448819,47.486507 -45.192791 0.34448819,
  47.490916 -45.203435 0.34448819,47.499062 -45.211581 0.34448819,
  47.509707 -45.215991 0.34448819,47.521227 -45.215991 0.34448819,
  47.531872 -45.211581 0.34448819,47.536346 -45.207909 0.34448819,
  47.551706 -45.19255 0.34448819,47.57868 -45.179063 0.34448819,
  47.658478 -45.179063 0.34448819,47.685452 -45.19255 0.34448819,
  47.697424 -45.204521 0.34448819,47.710911 -45.231496 0.34448819,
  47.710911 -45.25723 0.34448819,47.695883 -45.302313 0.34448819,
  47.47584 -45.522357 0.34448819,47.472168 -45.526831 0.34448819,
  47.467759 -45.537475 0.34448819,47.467759 -45.548996 0.34448819,
  47.472168 -45.559641 0.34448819,47.480315 -45.567787 0.34448819,
  47.490959 -45.572196 0.34448819,47.496719 -45.572763 0.34448819,
  47.740439 -45.572763 0.34448819,47.746199 -45.572196 0.34448819,
  47.756843 -45.567787 0.34448819,47.76499 -45.559641 0.34448819,
  47.769399 -45.548996 0.34448819,47.769399 -45.537475 0.34448819,
  47.76499 -45.526831 0.34448819,47.756843 -45.518685 0.34448819,
  47.746199 -45.514276 0.34448819,47.740439 -45.513708 0.34448819,
  47.568005 -45.513708 0.34448819,47.74257 -45.339143 0.34448819,
  47.746243 -45.334669 0.34448819,47.746648 -45.333688 0.34448819,
  47.747343 -45.332887 0.34448819,47.749703 -45.327601 0.34448819,
  47.768451 -45.271359 0.34448819,47.7691 -45.268502 0.34448819,
  47.769399 -45.267781 0.34448819,47.769502 -45.266737 0.34448819,
  47.769734 -45.265714 0.34448819,47.769679 -45.264937 0.34448819,
  47.769966 -45.262021 0.34448819,47.769966 -45.224526 0.34448819,
  47.769399 -45.218765 0.34448819,47.768993 -45.217785 0.34448819,
  47.768918 -45.216726 0.34448819,47.766849 -45.21132 0.34448819,
  47.748101 -45.173825 0.34448819,47.74654 -45.171345 0.34448819,
  47.746242 -45.170626 0.34448819,47.745577 -45.169816 0.34448819,
  47.745018 -45.168926 0.34448819,47.744428 -45.168415 0.34448819,
  47.74257 -45.166151 0.34448819,47.723822 -45.147404 0.34448819,
  47.721559 -45.145546 0.34448819,47.721047 -45.144956 0.34448819,
  47.720157 -45.144396 0.34448819,47.719348 -45.143731 0.34448819,
  47.718628 -45.143433 0.34448819,52.38206 -42.910252 0.34448819,
  52.369276 -42.897467 0.34448819,52.351196 -42.897467 0.34448819,
  52.338412 -42.910252 0.34448819,52.336614 -42.919291 0.34448819,
  52.336614 -44.005906 0.34448819,52.338412 -44.014945 0.34448819,
  52.351196 -44.02773 0.34448819,52.360236 -44.029528 0.34448819,
  52.561024 -44.029528 0.34448819,52.561024 -44.584646 0.34448819,
  52.562822 -44.593685 0.34448819,52.575606 -44.60647 0.34448819,
  52.593685 -44.60647 0.34448819,52.60647 -44.593685 0.34448819,
  52.608268 -44.584646 0.34448819,52.608268 -44.005906 0.34448819,
  52.60647 -43.996866 0.34448819,52.593685 -43.984081 0.34448819,
  52.584646 -43.982283 0.34448819,52.383858 -43.982283 0.34448819,
  52.383858 -42.919291 0.34448819,54.44685 -44.029528 0.34448819,
  54.45589 -44.02773 0.34448819,54.468674 -44.014945 0.34448819,
  54.470472 -44.005906 0.34448819,54.470472 -42.919291 0.34448819,
  54.468674 -42.910252 0.34448819,54.45589 -42.897467 0.34448819,
  54.44685 -42.895669 0.34448819,54.222441 -42.895669 0.34448819,
  54.213401 -42.897467 0.34448819,54.200617 -42.910252 0.34448819,
  54.200617 -42.928331 0.34448819,54.213401 -42.941115 0.34448819,
  54.222441 -42.942913 0.34448819,54.423228 -42.942913 0.34448819,
  54.423228 -43.982283 0.34448819,53.222441 -43.982283 0.34448819,
  53.213401 -43.984081 0.34448819,53.200617 -43.996866 0.34448819,
  53.200617 -44.014945 0.34448819,53.213401 -44.02773 0.34448819,
  53.222441 -44.029528 0.34448819,53.60647 -42.910252 0.34448819,
  53.593685 -42.897467 0.34448819,53.584646 -42.895669 0.34448819,
  52.584646 -42.895669 0.34448819,52.575606 -42.897467 0.34448819,
  52.562822 -42.910252 0.34448819,52.562822 -42.928331 0.34448819,
  52.575606 -42.941115 0.34448819,52.584646 -42.942913 0.34448819,
  53.584646 -42.942913 0.34448819,53.593685 -42.941115 0.34448819,
  53.60647 -42.928331 0.34448819,51.951443 -43.186937 0.34448819,
  51.707724 -43.186937 0.34448819,51.701963 -43.187504 0.34448819,
  51.691319 -43.191913 0.34448819,51.683173 -43.200059 0.34448819,
  51.678764 -43.210704 0.34448819,51.678764 -43.222225 0.34448819,
  51.683173 -43.232869 0.34448819,51.691319 -43.241015 0.34448819,
  51.701963 -43.245424 0.34448819,51.707724 -43.245992 0.34448819,
  51.886372 -43.245992 0.34448819,51.797988 -43.347001 0.34448819,
  51.796208 -43.349491 0.34448819,51.795659 -43.350041 0.34448819,
  51.795443 -43.350561 0.34448819,51.794622 -43.35171 0.34448819,
  51.793085 -43.356252 0.34448819,51.79125 -43.360685 0.34448819,
  51.79125 -43.361681 0.34448819,51.790931 -43.362624 0.34448819,
  51.79125 -43.367409 0.34448819,51.79125 -43.372206 0.34448819,
  51.79163 -43.373126 0.34448819,51.791697 -43.374119 0.34448819,
  51.793824 -43.37842 0.34448819,51.795659 -43.38285 0.34448819,
  51.796362 -43.383553 0.34448819,51.796804 -43.384447 0.34448819,
  51.800415 -43.387606 0.34448819,51.803805 -43.390996 0.34448819,
  51.804725 -43.391378 0.34448819,51.805475 -43.392033 0.34448819,
  51.810017 -43.393569 0.34448819,51.814449 -43.395406 0.34448819,
  51.815855 -43.395544 0.34448819,51.816389 -43.395724 0.34448819,
  51.817163 -43.395672 0.34448819,51.82021 -43.395973 0.34448819,
  51.869482 -43.395973 0.34448819,51.896457 -43.40946 0.34448819,
  51.908428 -43.421431 0.34448819,51.921916 -43.448406 0.34448819,
  51.921916 -43.528204 0.34448819,51.908428 -43.555178 0.34448819,
  51.896457 -43.56715 0.34448819,51.869482 -43.580637 0.34448819,
  51.770937 -43.580637 0.34448819,51.743963 -43.56715 0.34448819,
  51.728604 -43.551791 0.34448819,51.724129 -43.548118 0.34448819,
  51.713485 -43.543709 0.34448819,51.701964 -43.543709 0.34448819,
  51.69132 -43.548118 0.34448819,51.683173 -43.556265 0.34448819,
  51.678764 -43.566909 0.34448819,51.678764 -43.57843 0.34448819,
  51.683172 -43.589074 0.34448819,51.686844 -43.593548 0.34448819,
  51.705592 -43.612296 0.34448819,51.707856 -43.614154 0.34448819,
  51.708368 -43.614744 0.34448819,51.709257 -43.615304 0.34448819,
  51.710067 -43.615969 0.34448819,51.710786 -43.616267 0.34448819,
  51.713267 -43.617828 0.34448819,51.750762 -43.636575 0.34448819,
  51.756168 -43.638644 0.34448819,51.757226 -43.638719 0.34448819,
  51.758206 -43.639125 0.34448819,51.763967 -43.639693 0.34448819,
  51.876453 -43.639693 0.34448819,51.882213 -43.639125 0.34448819,
  51.883193 -43.638719 0.34448819,51.884252 -43.638644 0.34448819,
  51.889658 -43.636575 0.34448819,51.927153 -43.617828 0.34448819,
  51.929633 -43.616267 0.34448819,51.930353 -43.615969 0.34448819,
  51.931162 -43.615304 0.34448819,51.932052 -43.614744 0.34448819,
  51.932564 -43.614154 0.34448819,51.934828 -43.612296 0.34448819,
  51.953575 -43.593548 0.34448819,51.955432 -43.591285 0.34448819,
  51.956022 -43.590773 0.34448819,51.956582 -43.589884 0.34448819,
  51.957247 -43.589074 0.34448819,51.957545 -43.588353 0.34448819,
  51.959106 -43.585874 0.34448819,51.977854 -43.548379 0.34448819,
  51.979922 -43.542973 0.34448819,51.979998 -43.541914 0.34448819,
  51.980404 -43.540935 0.34448819,51.980971 -43.535174 0.34448819,
  51.980971 -43.441436 0.34448819,51.980404 -43.435675 0.34448819,
  51.979998 -43.434695 0.34448819,51.979922 -43.433637 0.34448819,
  51.977854 -43.428231 0.34448819,51.959106 -43.390735 0.34448819,
  51.957545 -43.388255 0.34448819,51.957247 -43.387536 0.34448819,
  51.956582 -43.386726 0.34448819,51.956022 -43.385837 0.34448819,
  51.955432 -43.385325 0.34448819,51.953575 -43.383061 0.34448819,
  51.934827 -43.364314 0.34448819,51.932563 -43.362456 0.34448819,
  51.932052 -43.361866 0.34448819,51.931162 -43.361306 0.34448819,
  51.930353 -43.360642 0.34448819,51.929633 -43.360343 0.34448819,
  51.927153 -43.358783 0.34448819,51.889658 -43.340035 0.34448819,
  51.884336 -43.337998 0.34448819,51.973665 -43.235908 0.34448819,
  51.975445 -43.233418 0.34448819,51.975994 -43.232869 0.34448819,
  51.97621 -43.232348 0.34448819,51.977031 -43.231199 0.34448819,
  51.978567 -43.226657 0.34448819,51.980404 -43.222225 0.34448819,
  51.980404 -43.221228 0.34448819,51.980722 -43.220285 0.34448819,
  51.980404 -43.2155 0.34448819,51.980404 -43.210704 0.34448819,
  51.980022 -43.209783 0.34448819,51.979956 -43.20879 0.34448819,
  51.977829 -43.204489 0.34448819,51.975994 -43.200059 0.34448819,
  51.975291 -43.199356 0.34448819,51.974849 -43.198463 0.34448819,
  51.971238 -43.195303 0.34448819,51.967848 -43.191913 0.34448819,
  51.966928 -43.191531 0.34448819,51.966178 -43.190876 0.34448819,
  51.961636 -43.18934 0.34448819,51.957204 -43.187504 0.34448819,
  51.955798 -43.187365 0.34448819,51.955265 -43.187185 0.34448819,
  51.95449 -43.187237 0.34448819,57.047244 -45.684546 0.34448819,
  57.045446 -45.675507 0.34448819,57.032662 -45.662722 0.34448819,
  57.014582 -45.662722 0.34448819,57.001798 -45.675507 0.34448819,
  57 -45.684546 0.34448819,57 -45.890257 0.34448819,
  57.001798 -45.899296 0.34448819,57.014582 -45.912081 0.34448819,
  57.032662 -45.912081 0.34448819,57.045446 -45.899296 0.34448819,
  57.047244 -45.890257 0.34448819] }
 coordIndex [
  74,75,0,-1,74,0,1,-1,74,1,27,-1,74,27,28,-1,74,28,73,-1,81,83,80,-1,80,83,84,-1,80,84,79,-1,
  79,84,85,-1,79,85,78,-1,78,85,86,-1,78,86,77,-1,77,86,87,-1,77,87,76,-1,58,59,52,-1,58,52,53,-1,
  58,53,54,-1,58,54,55,-1,58,55,56,-1,58,56,57,-1,60,61,49,-1,60,49,50,-1,60,50,51,-1,60,51,52,-1,
  60,52,59,-1,61,62,45,-1,61,45,46,-1,61,46,47,-1,61,47,48,-1,61,48,49,-1,63,64,38,-1,63,38,39,-1,
  63,39,40,-1,63,40,41,-1,63,41,42,-1,63,42,43,-1,63,43,44,-1,63,44,45,-1,63,45,62,-1,38,64,65,-1,
  38,65,66,-1,38,66,67,-1,38,67,68,-1,38,68,69,-1,38,69,37,-1,69,70,33,-1,69,33,34,-1,69,34,35,-1,
  69,35,36,-1,69,36,37,-1,71,72,28,-1,71,28,29,-1,71,29,30,-1,71,30,31,-1,71,31,32,-1,71,32,33,-1,
  71,33,70,-1,1,2,21,-1,1,21,22,-1,1,22,23,-1,1,23,24,-1,1,24,25,-1,1,25,26,-1,1,26,27,-1,
  3,4,17,-1,3,17,18,-1,3,18,19,-1,3,19,20,-1,3,20,21,-1,3,21,2,-1,4,5,14,-1,4,14,15,-1,
  4,15,16,-1,4,16,17,-1,6,7,11,-1,6,11,12,-1,6,12,13,-1,6,13,14,-1,6,14,5,-1,10,11,7,-1,
  10,7,8,-1,10,8,9,-1,132,133,91,-1,91,133,134,-1,91,134,90,-1,90,134,88,-1,90,88,89,-1,131,132,91,-1,
  131,91,92,-1,131,92,93,-1,131,93,130,-1,93,94,127,-1,93,127,128,-1,93,128,129,-1,93,129,130,-1,126,127,94,-1,
  126,94,95,-1,126,95,96,-1,126,96,97,-1,126,97,98,-1,126,98,99,-1,126,99,100,-1,126,100,125,-1,100,101,122,-1,
  100,122,123,-1,100,123,124,-1,100,124,125,-1,119,120,102,-1,102,120,121,-1,102,121,101,-1,101,121,122,-1,102,103,114,-1,
  102,114,115,-1,102,115,116,-1,102,116,117,-1,102,117,118,-1,102,118,119,-1,108,110,107,-1,107,110,111,-1,107,111,106,-1,
  106,111,112,-1,106,112,105,-1,105,112,113,-1,105,113,104,-1,104,113,114,-1,104,114,103,-1,136,137,167,-1,136,167,168,-1,
  136,168,169,-1,136,169,191,-1,136,191,220,-1,167,137,138,-1,167,138,139,-1,167,139,140,-1,167,140,141,-1,167,141,166,-1,
  165,166,141,-1,165,141,142,-1,165,142,143,-1,165,143,144,-1,165,144,145,-1,165,145,146,-1,165,146,164,-1,146,147,161,-1,
  146,161,162,-1,146,162,163,-1,146,163,164,-1,161,147,148,-1,161,148,149,-1,161,149,150,-1,161,150,151,-1,161,151,152,-1,
  161,152,153,-1,161,153,160,-1,159,160,153,-1,159,153,154,-1,159,154,155,-1,159,155,158,-1,156,157,158,-1,156,158,155,-1,
  197,198,204,-1,204,198,199,-1,204,199,203,-1,203,199,201,-1,203,201,202,-1,193,194,208,-1,208,194,195,-1,208,195,207,-1,
  207,195,196,-1,207,196,206,-1,206,196,197,-1,206,197,205,-1,205,197,204,-1,209,210,192,-1,209,192,193,-1,209,193,208,-1,
  192,210,211,-1,192,211,212,-1,192,212,213,-1,192,213,214,-1,192,214,191,-1,191,214,215,-1,191,215,216,-1,191,216,217,-1,
  191,217,218,-1,191,218,219,-1,191,219,220,-1,169,170,191,-1,191,170,171,-1,191,171,190,-1,190,171,179,-1,190,179,180,-1,
  171,172,177,-1,171,177,178,-1,171,178,179,-1,173,174,176,-1,173,176,177,-1,173,177,172,-1,190,180,189,-1,189,180,181,-1,
  189,181,188,-1,188,181,182,-1,188,182,187,-1,187,182,183,-1,187,183,186,-1,186,183,184,-1,186,184,185,-1,265,266,224,-1,
  224,266,267,-1,224,267,223,-1,223,267,221,-1,223,221,222,-1,264,265,224,-1,264,224,225,-1,264,225,226,-1,264,226,263,-1,
  226,227,260,-1,226,260,261,-1,226,261,262,-1,226,262,263,-1,259,260,227,-1,259,227,228,-1,259,228,229,-1,259,229,230,-1,
  259,230,231,-1,259,231,232,-1,259,232,233,-1,259,233,258,-1,233,234,255,-1,233,255,256,-1,233,256,257,-1,233,257,258,-1,
  252,253,235,-1,235,253,254,-1,235,254,234,-1,234,254,255,-1,235,236,247,-1,235,247,248,-1,235,248,249,-1,235,249,250,-1,
  235,250,251,-1,235,251,252,-1,241,243,240,-1,240,243,244,-1,240,244,239,-1,239,244,245,-1,239,245,238,-1,238,245,246,-1,
  238,246,237,-1,237,246,247,-1,237,247,236,-1,274,276,273,-1,273,276,277,-1,273,277,272,-1,272,277,278,-1,272,278,271,-1,
  271,278,279,-1,271,279,270,-1,270,279,280,-1,270,280,269,-1,281,282,312,-1,281,312,313,-1,281,313,314,-1,281,314,336,-1,
  281,336,365,-1,312,282,283,-1,312,283,284,-1,312,284,285,-1,312,285,286,-1,312,286,311,-1,310,311,286,-1,310,286,287,-1,
  310,287,288,-1,310,288,289,-1,310,289,290,-1,310,290,291,-1,310,291,309,-1,291,292,306,-1,291,306,307,-1,291,307,308,-1,
  291,308,309,-1,306,292,293,-1,306,293,294,-1,306,294,295,-1,306,295,296,-1,306,296,297,-1,306,297,298,-1,306,298,305,-1,
  304,305,298,-1,304,298,299,-1,304,299,300,-1,304,300,303,-1,301,302,303,-1,301,303,300,-1,342,343,349,-1,349,343,344,-1,
  349,344,348,-1,348,344,346,-1,348,346,347,-1,338,339,353,-1,353,339,340,-1,353,340,352,-1,352,340,341,-1,352,341,351,-1,
  351,341,342,-1,351,342,350,-1,350,342,349,-1,354,355,337,-1,354,337,338,-1,354,338,353,-1,337,355,356,-1,337,356,357,-1,
  337,357,358,-1,337,358,359,-1,337,359,336,-1,336,359,360,-1,336,360,361,-1,336,361,362,-1,336,362,363,-1,336,363,364,-1,
  336,364,365,-1,314,315,336,-1,336,315,316,-1,336,316,335,-1,335,316,324,-1,335,324,325,-1,316,317,322,-1,316,322,323,-1,
  316,323,324,-1,318,319,321,-1,318,321,322,-1,318,322,317,-1,335,325,334,-1,334,325,326,-1,334,326,333,-1,333,326,327,-1,
  333,327,332,-1,332,327,328,-1,332,328,331,-1,331,328,329,-1,331,329,330,-1,619,620,578,-1,578,620,621,-1,578,621,577,-1,
  577,621,575,-1,577,575,576,-1,618,619,578,-1,618,578,579,-1,618,579,580,-1,618,580,617,-1,580,581,614,-1,580,614,615,-1,
  580,615,616,-1,580,616,617,-1,613,614,581,-1,613,581,582,-1,613,582,583,-1,613,583,584,-1,613,584,585,-1,613,585,586,-1,
  613,586,587,-1,613,587,612,-1,587,588,609,-1,587,609,610,-1,587,610,611,-1,587,611,612,-1,606,607,589,-1,589,607,608,-1,
  589,608,588,-1,588,608,609,-1,589,590,601,-1,589,601,602,-1,589,602,603,-1,589,603,604,-1,589,604,605,-1,589,605,606,-1,
  595,597,594,-1,594,597,598,-1,594,598,593,-1,593,598,599,-1,593,599,592,-1,592,599,600,-1,592,600,591,-1,591,600,601,-1,
  591,601,590,-1,412,413,408,-1,412,408,410,-1,532,533,538,-1,538,533,534,-1,538,534,537,-1,537,534,535,-1,537,535,536,-1,
  532,538,539,-1,532,539,540,-1,532,540,541,-1,532,541,542,-1,532,542,531,-1,543,544,528,-1,543,528,529,-1,543,529,530,-1,
  543,530,531,-1,543,531,542,-1,528,544,545,-1,528,545,546,-1,528,546,547,-1,528,547,548,-1,528,548,549,-1,528,549,550,-1,
  528,550,527,-1,526,527,550,-1,526,550,551,-1,526,551,552,-1,526,552,553,-1,526,553,554,-1,526,554,555,-1,526,555,556,-1,
  526,556,557,-1,526,557,525,-1,558,559,524,-1,558,524,525,-1,558,525,557,-1,524,559,560,-1,524,560,561,-1,524,561,562,-1,
  524,562,523,-1,523,562,522,-1,522,562,439,-1,522,439,521,-1,521,439,480,-1,521,480,481,-1,507,508,506,-1,506,508,509,-1,
  506,509,505,-1,505,509,510,-1,505,510,511,-1,511,512,501,-1,511,501,502,-1,511,502,503,-1,511,503,504,-1,511,504,505,-1,
  500,501,512,-1,500,512,513,-1,500,513,514,-1,500,514,515,-1,500,515,499,-1,515,516,493,-1,515,493,494,-1,515,494,495,-1,
  515,495,496,-1,515,496,497,-1,515,497,498,-1,515,498,499,-1,517,518,486,-1,517,486,487,-1,517,487,488,-1,517,488,489,-1,
  517,489,490,-1,517,490,491,-1,517,491,492,-1,517,492,493,-1,517,493,516,-1,483,484,519,-1,519,484,485,-1,519,485,518,-1,
  518,485,486,-1,519,520,481,-1,519,481,482,-1,519,482,483,-1,459,461,458,-1,458,461,463,-1,458,463,456,-1,456,463,464,-1,
  456,464,455,-1,455,464,465,-1,455,465,454,-1,454,465,466,-1,454,466,453,-1,453,466,467,-1,453,467,452,-1,452,467,468,-1,
  452,468,451,-1,451,468,469,-1,451,469,450,-1,450,469,470,-1,450,470,449,-1,449,470,471,-1,449,471,448,-1,448,471,472,-1,
  448,472,447,-1,447,472,473,-1,447,473,446,-1,446,473,474,-1,446,474,445,-1,445,474,475,-1,445,475,444,-1,444,475,476,-1,
  444,476,443,-1,443,476,477,-1,443,477,442,-1,442,477,478,-1,442,478,441,-1,441,478,479,-1,441,479,440,-1,440,479,480,-1,
  440,480,439,-1,568,570,567,-1,567,570,571,-1,567,571,566,-1,566,571,572,-1,566,572,565,-1,565,572,573,-1,565,573,564,-1,
  564,573,574,-1,564,574,563,-1,386,387,408,-1,408,387,398,-1,408,398,407,-1,407,398,399,-1,407,399,406,-1,406,399,400,-1,
  406,400,405,-1,405,400,401,-1,405,401,404,-1,404,401,402,-1,404,402,403,-1,408,413,414,-1,408,414,415,-1,408,415,416,-1,
  408,416,417,-1,408,417,418,-1,408,418,419,-1,408,419,420,-1,408,420,421,-1,408,421,422,-1,408,422,423,-1,408,423,424,-1,
  408,424,425,-1,408,425,426,-1,408,426,427,-1,408,427,428,-1,408,428,429,-1,408,429,430,-1,408,430,431,-1,408,431,432,-1,
  408,432,433,-1,408,433,434,-1,408,434,435,-1,408,435,436,-1,408,436,437,-1,408,438,366,-1,408,366,386,-1,392,394,391,-1,
  391,394,395,-1,391,395,390,-1,390,395,396,-1,390,396,389,-1,389,396,397,-1,389,397,388,-1,388,397,398,-1,388,398,387,-1,
  366,367,380,-1,366,380,381,-1,366,381,382,-1,366,382,383,-1,366,383,384,-1,366,384,385,-1,366,385,386,-1,377,378,368,-1,
  368,378,379,-1,368,379,367,-1,367,379,380,-1,372,373,371,-1,371,373,374,-1,371,374,370,-1,370,374,375,-1,370,375,369,-1,
  369,375,376,-1,369,376,368,-1,368,376,377,-1,697,698,623,-1,697,623,624,-1,697,624,650,-1,697,650,651,-1,697,651,696,-1,
  681,682,675,-1,681,675,676,-1,681,676,677,-1,681,677,678,-1,681,678,679,-1,681,679,680,-1,683,684,672,-1,683,672,673,-1,
  683,673,674,-1,683,674,675,-1,683,675,682,-1,684,685,668,-1,684,668,669,-1,684,669,670,-1,684,670,671,-1,684,671,672,-1,
  686,687,661,-1,686,661,662,-1,686,662,663,-1,686,663,664,-1,686,664,665,-1,686,665,666,-1,686,666,667,-1,686,667,668,-1,
  686,668,685,-1,661,687,688,-1,661,688,689,-1,661,689,690,-1,661,690,691,-1,661,691,692,-1,661,692,660,-1,692,693,656,-1,
  692,656,657,-1,692,657,658,-1,692,658,659,-1,692,659,660,-1,694,695,651,-1,694,651,652,-1,694,652,653,-1,694,653,654,-1,
  694,654,655,-1,694,655,656,-1,694,656,693,-1,624,625,644,-1,624,644,645,-1,624,645,646,-1,624,646,647,-1,624,647,648,-1,
  624,648,649,-1,624,649,650,-1,626,627,640,-1,626,640,641,-1,626,641,642,-1,626,642,643,-1,626,643,644,-1,626,644,625,-1,
  627,628,637,-1,627,637,638,-1,627,638,639,-1,627,639,640,-1,629,630,634,-1,629,634,635,-1,629,635,636,-1,629,636,637,-1,
  629,637,628,-1,633,634,630,-1,633,630,631,-1,633,631,632,-1,792,793,798,-1,798,793,794,-1,798,794,797,-1,797,794,795,-1,
  797,795,796,-1,792,798,799,-1,792,799,800,-1,792,800,801,-1,792,801,802,-1,792,802,791,-1,803,804,788,-1,803,788,789,-1,
  803,789,790,-1,803,790,791,-1,803,791,802,-1,788,804,805,-1,788,805,806,-1,788,806,807,-1,788,807,808,-1,788,808,809,-1,
  788,809,810,-1,788,810,787,-1,786,787,810,-1,786,810,811,-1,786,811,812,-1,786,812,813,-1,786,813,814,-1,786,814,815,-1,
  786,815,816,-1,786,816,817,-1,786,817,785,-1,818,819,784,-1,818,784,785,-1,818,785,817,-1,784,819,820,-1,784,820,821,-1,
  784,821,822,-1,784,822,783,-1,783,822,782,-1,782,822,699,-1,782,699,781,-1,781,699,740,-1,781,740,741,-1,828,830,827,-1,
  827,830,831,-1,827,831,826,-1,826,831,832,-1,826,832,825,-1,825,832,833,-1,825,833,824,-1,824,833,834,-1,824,834,823,-1,
  901,902,839,-1,839,902,835,-1,839,835,837,-1,837,835,836,-1,890,891,892,-1,890,892,893,-1,890,893,894,-1,890,894,895,-1,
  890,895,896,-1,890,896,897,-1,890,897,898,-1,890,898,899,-1,890,899,889,-1,899,900,841,-1,899,841,842,-1,899,842,843,-1,
  899,843,844,-1,899,844,845,-1,899,845,846,-1,899,846,847,-1,899,847,848,-1,899,848,849,-1,899,849,850,-1,899,850,851,-1,
  899,851,852,-1,899,852,853,-1,899,853,854,-1,899,854,889,-1,900,901,839,-1,900,839,840,-1,900,840,841,-1,886,887,857,-1,
  857,887,888,-1,857,888,855,-1,855,888,889,-1,855,889,854,-1,886,858,885,-1,885,858,859,-1,885,859,884,-1,884,859,860,-1,
  884,860,883,-1,883,860,861,-1,883,861,882,-1,882,861,862,-1,882,862,881,-1,881,862,863,-1,881,863,880,-1,880,863,864,-1,
  880,864,879,-1,879,864,865,-1,879,865,878,-1,878,865,866,-1,878,866,877,-1,877,866,867,-1,877,867,876,-1,876,867,868,-1,
  876,868,875,-1,875,868,869,-1,875,869,874,-1,874,869,870,-1,874,870,873,-1,873,870,871,-1,873,871,872,-1,767,768,766,-1,
  766,768,769,-1,766,769,765,-1,765,769,770,-1,765,770,771,-1,771,772,761,-1,771,761,762,-1,771,762,763,-1,771,763,764,-1,
  771,764,765,-1,760,761,772,-1,760,772,773,-1,760,773,774,-1,760,774,775,-1,760,775,759,-1,775,776,753,-1,775,753,754,-1,
  775,754,755,-1,775,755,756,-1,775,756,757,-1,775,757,758,-1,775,758,759,-1,777,778,746,-1,777,746,747,-1,777,747,748,-1,
  777,748,749,-1,777,749,750,-1,777,750,751,-1,777,751,752,-1,777,752,753,-1,777,753,776,-1,743,744,779,-1,779,744,745,-1,
  779,745,778,-1,778,745,746,-1,779,780,741,-1,779,741,742,-1,779,742,743,-1,719,721,718,-1,718,721,723,-1,718,723,716,-1,
  716,723,724,-1,716,724,715,-1,715,724,725,-1,715,725,714,-1,714,725,726,-1,714,726,713,-1,713,726,727,-1,713,727,712,-1,
  712,727,728,-1,712,728,711,-1,711,728,729,-1,711,729,710,-1,710,729,730,-1,710,730,709,-1,709,730,731,-1,709,731,708,-1,
  708,731,732,-1,708,732,707,-1,707,732,733,-1,707,733,706,-1,706,733,734,-1,706,734,705,-1,705,734,735,-1,705,735,704,-1,
  704,735,736,-1,704,736,703,-1,703,736,737,-1,703,737,702,-1,702,737,738,-1,702,738,701,-1,701,738,739,-1,701,739,700,-1,
  700,739,740,-1,700,740,699,-1,908,910,907,-1,907,910,911,-1,907,911,906,-1,906,911,912,-1,906,912,905,-1,905,912,913,-1,
  905,913,904,-1,904,913,914,-1,904,914,903,-1,920,922,919,-1,919,922,923,-1,919,923,918,-1,918,923,924,-1,918,924,917,-1,
  917,924,925,-1,917,925,916,-1,916,925,926,-1,916,926,915,-1,932,934,931,-1,931,934,935,-1,931,935,930,-1,930,935,936,-1,
  930,936,929,-1,929,936,937,-1,929,937,928,-1,928,937,938,-1,928,938,927,-1,956,957,962,-1,962,957,958,-1,962,958,960,-1,
  960,958,959,-1,950,951,968,-1,950,968,969,-1,950,969,970,-1,950,970,971,-1,950,971,972,-1,950,972,973,-1,950,973,974,-1,
  950,974,975,-1,950,975,976,-1,950,976,977,-1,950,977,978,-1,950,978,1054,-1,950,1054,1055,-1,950,1055,939,-1,950,939,940,-1,
  950,940,949,-1,944,946,943,-1,943,946,947,-1,943,947,942,-1,942,947,948,-1,942,948,941,-1,941,948,949,-1,941,949,940,-1,
  1063,1064,1062,-1,1062,1064,1065,-1,1062,1065,1061,-1,1061,1065,1066,-1,1061,1066,1067,-1,1058,1059,1068,-1,1068,1059,1060,-1,1068,1060,1067,-1,
  1067,1060,1061,-1,1069,1070,1056,-1,1069,1056,1057,-1,1069,1057,1058,-1,1069,1058,1068,-1,1071,1072,1055,-1,1071,1055,1056,-1,1071,1056,1070,-1,
  1055,1072,1073,-1,1055,1073,1074,-1,1055,1074,1075,-1,1055,1075,1076,-1,1055,1076,1077,-1,1055,1077,1078,-1,1055,1078,1079,-1,1055,1079,1080,-1,
  1055,1080,939,-1,951,952,966,-1,951,966,967,-1,951,967,968,-1,953,954,965,-1,953,965,966,-1,953,966,952,-1,962,963,956,-1,
  956,963,964,-1,956,964,955,-1,955,964,965,-1,955,965,954,-1,1027,1028,1039,-1,1039,1028,1029,-1,1039,1029,1038,-1,1038,1029,1030,-1,
  1038,1030,1037,-1,1037,1030,1031,-1,1037,1031,1036,-1,1036,1031,1032,-1,1036,1032,1035,-1,1035,1032,1033,-1,1035,1033,1034,-1,1040,1041,1026,-1,
  1040,1026,1027,-1,1040,1027,1039,-1,1021,1022,1045,-1,1045,1022,1023,-1,1045,1023,1044,-1,1044,1023,1024,-1,1044,1024,1043,-1,1043,1024,1025,-1,
  1043,1025,1042,-1,1042,1025,1026,-1,1042,1026,1041,-1,1046,1047,1020,-1,1046,1020,1021,-1,1046,1021,1045,-1,981,1015,1052,-1,1052,1015,1016,-1,
  1052,1016,1051,-1,1051,1016,1017,-1,1051,1017,1050,-1,1050,1017,1018,-1,1050,1018,1049,-1,1049,1018,1019,-1,1049,1019,1048,-1,1048,1019,1020,-1,
  1048,1020,1047,-1,1052,1053,979,-1,1052,979,980,-1,1052,980,981,-1,1054,978,979,-1,1054,979,1053,-1,1015,981,982,-1,1015,982,983,-1,
  1015,983,984,-1,1015,984,1014,-1,984,985,1010,-1,984,1010,1011,-1,984,1011,1012,-1,984,1012,1013,-1,984,1013,1014,-1,986,987,1005,-1,
  986,1005,1006,-1,986,1006,1007,-1,986,1007,1008,-1,986,1008,1009,-1,986,1009,1010,-1,986,1010,985,-1,1005,987,988,-1,1005,988,989,-1,
  1005,989,990,-1,1005,990,1004,-1,990,991,998,-1,990,998,999,-1,990,999,1000,-1,990,1000,1001,-1,990,1001,1002,-1,990,1002,1003,-1,
  990,1003,1004,-1,994,996,993,-1,993,996,997,-1,993,997,992,-1,992,997,998,-1,992,998,991,-1,1102,1081,1101,-1,1101,1081,1082,-1,
  1101,1082,1089,-1,1089,1082,1083,-1,1089,1083,1088,-1,1088,1083,1084,-1,1088,1084,1087,-1,1087,1084,1085,-1,1087,1085,1086,-1,1090,1091,1096,-1,
  1096,1091,1092,-1,1096,1092,1095,-1,1095,1092,1093,-1,1095,1093,1094,-1,1090,1096,1097,-1,1090,1097,1098,-1,1090,1098,1099,-1,1090,1099,1100,-1,
  1090,1100,1101,-1,1090,1101,1089,-1,1124,1103,1123,-1,1123,1103,1104,-1,1123,1104,1111,-1,1111,1104,1105,-1,1111,1105,1110,-1,1110,1105,1106,-1,
  1110,1106,1109,-1,1109,1106,1107,-1,1109,1107,1108,-1,1112,1113,1118,-1,1118,1113,1114,-1,1118,1114,1117,-1,1117,1114,1115,-1,1117,1115,1116,-1,
  1112,1118,1119,-1,1112,1119,1120,-1,1112,1120,1121,-1,1112,1121,1122,-1,1112,1122,1123,-1,1112,1123,1111,-1,1130,1132,1129,-1,1129,1132,1133,-1,
  1129,1133,1128,-1,1128,1133,1134,-1,1128,1134,1127,-1,1127,1134,1135,-1,1127,1135,1126,-1,1126,1135,1136,-1,1126,1136,1125,-1,1137,1138,1145,-1,
  1145,1138,1139,-1,1145,1139,1144,-1,1144,1139,1140,-1,1144,1140,1143,-1,1143,1140,1141,-1,1143,1141,1142,-1,1158,1137,1157,-1,1157,1137,1145,-1,
  1157,1145,1156,-1,1156,1145,1146,-1,1156,1146,1153,-1,1153,1146,1147,-1,1153,1147,1152,-1,1152,1147,1148,-1,1152,1148,1151,-1,1151,1148,1149,-1,
  1151,1149,1150,-1,1156,1153,1154,-1,1156,1154,1155,-1,1159,1160,1167,-1,1167,1160,1161,-1,1167,1161,1166,-1,1166,1161,1162,-1,1166,1162,1165,-1,
  1165,1162,1163,-1,1165,1163,1164,-1,1180,1159,1179,-1,1179,1159,1167,-1,1179,1167,1178,-1,1178,1167,1168,-1,1178,1168,1175,-1,1175,1168,1169,-1,
  1175,1169,1174,-1,1174,1169,1170,-1,1174,1170,1173,-1,1173,1170,1171,-1,1173,1171,1172,-1,1178,1175,1176,-1,1178,1176,1177,-1,1190,1191,1183,-1,
  1183,1191,1192,-1,1183,1192,1182,-1,1182,1192,1181,-1,1183,1184,1188,-1,1183,1188,1189,-1,1183,1189,1190,-1,1185,1186,1187,-1,1185,1187,1188,-1,
  1185,1188,1184,-1,1202,1203,1195,-1,1195,1203,1204,-1,1195,1204,1194,-1,1194,1204,1193,-1,1195,1196,1200,-1,1195,1200,1201,-1,1195,1201,1202,-1,
  1197,1198,1199,-1,1197,1199,1200,-1,1197,1200,1196,-1,1251,1252,1247,-1,1251,1247,1249,-1,1225,1226,1247,-1,1247,1226,1237,-1,1247,1237,1246,-1,
  1246,1237,1238,-1,1246,1238,1245,-1,1245,1238,1239,-1,1245,1239,1244,-1,1244,1239,1240,-1,1244,1240,1243,-1,1243,1240,1241,-1,1243,1241,1242,-1,
  1247,1252,1253,-1,1247,1253,1254,-1,1247,1254,1255,-1,1247,1255,1256,-1,1247,1256,1257,-1,1247,1257,1258,-1,1247,1258,1259,-1,1247,1259,1260,-1,
  1247,1260,1261,-1,1247,1261,1262,-1,1247,1262,1263,-1,1247,1263,1264,-1,1247,1264,1265,-1,1247,1265,1266,-1,1247,1266,1267,-1,1247,1267,1268,-1,
  1247,1268,1269,-1,1247,1269,1270,-1,1247,1270,1271,-1,1247,1271,1272,-1,1247,1272,1273,-1,1247,1273,1274,-1,1247,1274,1275,-1,1247,1275,1276,-1,
  1247,1277,1205,-1,1247,1205,1225,-1,1231,1233,1230,-1,1230,1233,1234,-1,1230,1234,1229,-1,1229,1234,1235,-1,1229,1235,1228,-1,1228,1235,1236,-1,
  1228,1236,1227,-1,1227,1236,1237,-1,1227,1237,1226,-1,1205,1206,1219,-1,1205,1219,1220,-1,1205,1220,1221,-1,1205,1221,1222,-1,1205,1222,1223,-1,
  1205,1223,1224,-1,1205,1224,1225,-1,1216,1217,1207,-1,1207,1217,1218,-1,1207,1218,1206,-1,1206,1218,1219,-1,1211,1212,1210,-1,1210,1212,1213,-1,
  1210,1213,1209,-1,1209,1213,1214,-1,1209,1214,1208,-1,1208,1214,1215,-1,1208,1215,1207,-1,1207,1215,1216,-1,1371,1372,1377,-1,1377,1372,1373,-1,
  1377,1373,1376,-1,1376,1373,1374,-1,1376,1374,1375,-1,1371,1377,1378,-1,1371,1378,1379,-1,1371,1379,1380,-1,1371,1380,1381,-1,1371,1381,1370,-1,
  1382,1383,1367,-1,1382,1367,1368,-1,1382,1368,1369,-1,1382,1369,1370,-1,1382,1370,1381,-1,1367,1383,1384,-1,1367,1384,1385,-1,1367,1385,1386,-1,
  1367,1386,1387,-1,1367,1387,1388,-1,1367,1388,1389,-1,1367,1389,1366,-1,1365,1366,1389,-1,1365,1389,1390,-1,1365,1390,1391,-1,1365,1391,1392,-1,
  1365,1392,1393,-1,1365,1393,1394,-1,1365,1394,1395,-1,1365,1395,1396,-1,1365,1396,1364,-1,1397,1398,1363,-1,1397,1363,1364,-1,1397,1364,1396,-1,
  1363,1398,1399,-1,1363,1399,1400,-1,1363,1400,1401,-1,1363,1401,1362,-1,1362,1401,1361,-1,1361,1401,1278,-1,1361,1278,1360,-1,1360,1278,1319,-1,
  1360,1319,1320,-1,1346,1347,1345,-1,1345,1347,1348,-1,1345,1348,1344,-1,1344,1348,1349,-1,1344,1349,1350,-1,1350,1351,1340,-1,1350,1340,1341,-1,
  1350,1341,1342,-1,1350,1342,1343,-1,1350,1343,1344,-1,1339,1340,1351,-1,1339,1351,1352,-1,1339,1352,1353,-1,1339,1353,1354,-1,1339,1354,1338,-1,
  1354,1355,1332,-1,1354,1332,1333,-1,1354,1333,1334,-1,1354,1334,1335,-1,1354,1335,1336,-1,1354,1336,1337,-1,1354,1337,1338,-1,1356,1357,1325,-1,
  1356,1325,1326,-1,1356,1326,1327,-1,1356,1327,1328,-1,1356,1328,1329,-1,1356,1329,1330,-1,1356,1330,1331,-1,1356,1331,1332,-1,1356,1332,1355,-1,
  1322,1323,1358,-1,1358,1323,1324,-1,1358,1324,1357,-1,1357,1324,1325,-1,1358,1359,1320,-1,1358,1320,1321,-1,1358,1321,1322,-1,1298,1300,1297,-1,
  1297,1300,1302,-1,1297,1302,1295,-1,1295,1302,1303,-1,1295,1303,1294,-1,1294,1303,1304,-1,1294,1304,1293,-1,1293,1304,1305,-1,1293,1305,1292,-1,
  1292,1305,1306,-1,1292,1306,1291,-1,1291,1306,1307,-1,1291,1307,1290,-1,1290,1307,1308,-1,1290,1308,1289,-1,1289,1308,1309,-1,1289,1309,1288,-1,
  1288,1309,1310,-1,1288,1310,1287,-1,1287,1310,1311,-1,1287,1311,1286,-1,1286,1311,1312,-1,1286,1312,1285,-1,1285,1312,1313,-1,1285,1313,1284,-1,
  1284,1313,1314,-1,1284,1314,1283,-1,1283,1314,1315,-1,1283,1315,1282,-1,1282,1315,1316,-1,1282,1316,1281,-1,1281,1316,1317,-1,1281,1317,1280,-1,
  1280,1317,1318,-1,1280,1318,1279,-1,1279,1318,1319,-1,1279,1319,1278,-1,1419,1420,1425,-1,1425,1420,1421,-1,1425,1421,1423,-1,1423,1421,1422,-1,
  1413,1414,1431,-1,1413,1431,1432,-1,1413,1432,1433,-1,1413,1433,1434,-1,1413,1434,1435,-1,1413,1435,1436,-1,1413,1436,1437,-1,1413,1437,1438,-1,
  1413,1438,1439,-1,1413,1439,1440,-1,1413,1440,1441,-1,1413,1441,1517,-1,1413,1517,1518,-1,1413,1518,1402,-1,1413,1402,1403,-1,1413,1403,1412,-1,
  1407,1409,1406,-1,1406,1409,1410,-1,1406,1410,1405,-1,1405,1410,1411,-1,1405,1411,1404,-1,1404,1411,1412,-1,1404,1412,1403,-1,1526,1527,1525,-1,
  1525,1527,1528,-1,1525,1528,1524,-1,1524,1528,1529,-1,1524,1529,1530,-1,1521,1522,1531,-1,1531,1522,1523,-1,1531,1523,1530,-1,1530,1523,1524,-1,
  1532,1533,1519,-1,1532,1519,1520,-1,1532,1520,1521,-1,1532,1521,1531,-1,1534,1535,1518,-1,1534,1518,1519,-1,1534,1519,1533,-1,1518,1535,1536,-1,
  1518,1536,1537,-1,1518,1537,1538,-1,1518,1538,1539,-1,1518,1539,1540,-1,1518,1540,1541,-1,1518,1541,1542,-1,1518,1542,1543,-1,1518,1543,1402,-1,
  1414,1415,1429,-1,1414,1429,1430,-1,1414,1430,1431,-1,1416,1417,1428,-1,1416,1428,1429,-1,1416,1429,1415,-1,1425,1426,1419,-1,1419,1426,1427,-1,
  1419,1427,1418,-1,1418,1427,1428,-1,1418,1428,1417,-1,1490,1491,1502,-1,1502,1491,1492,-1,1502,1492,1501,-1,1501,1492,1493,-1,1501,1493,1500,-1,
  1500,1493,1494,-1,1500,1494,1499,-1,1499,1494,1495,-1,1499,1495,1498,-1,1498,1495,1496,-1,1498,1496,1497,-1,1503,1504,1489,-1,1503,1489,1490,-1,
  1503,1490,1502,-1,1484,1485,1508,-1,1508,1485,1486,-1,1508,1486,1507,-1,1507,1486,1487,-1,1507,1487,1506,-1,1506,1487,1488,-1,1506,1488,1505,-1,
  1505,1488,1489,-1,1505,1489,1504,-1,1509,1510,1483,-1,1509,1483,1484,-1,1509,1484,1508,-1,1444,1478,1515,-1,1515,1478,1479,-1,1515,1479,1514,-1,
  1514,1479,1480,-1,1514,1480,1513,-1,1513,1480,1481,-1,1513,1481,1512,-1,1512,1481,1482,-1,1512,1482,1511,-1,1511,1482,1483,-1,1511,1483,1510,-1,
  1515,1516,1442,-1,1515,1442,1443,-1,1515,1443,1444,-1,1517,1441,1442,-1,1517,1442,1516,-1,1478,1444,1445,-1,1478,1445,1446,-1,1478,1446,1447,-1,
  1478,1447,1477,-1,1447,1448,1473,-1,1447,1473,1474,-1,1447,1474,1475,-1,1447,1475,1476,-1,1447,1476,1477,-1,1449,1450,1468,-1,1449,1468,1469,-1,
  1449,1469,1470,-1,1449,1470,1471,-1,1449,1471,1472,-1,1449,1472,1473,-1,1449,1473,1448,-1,1468,1450,1451,-1,1468,1451,1452,-1,1468,1452,1453,-1,
  1468,1453,1467,-1,1453,1454,1461,-1,1453,1461,1462,-1,1453,1462,1463,-1,1453,1463,1464,-1,1453,1464,1465,-1,1453,1465,1466,-1,1453,1466,1467,-1,
  1457,1459,1456,-1,1456,1459,1460,-1,1456,1460,1455,-1,1455,1460,1461,-1,1455,1461,1454,-1,1549,1551,1548,-1,1548,1551,1552,-1,1548,1552,1547,-1,
  1547,1552,1553,-1,1547,1553,1546,-1,1546,1553,1554,-1,1546,1554,1545,-1,1545,1554,1555,-1,1545,1555,1544,-1,1561,1563,1560,-1,1560,1563,1564,-1,
  1560,1564,1559,-1,1559,1564,1565,-1,1559,1565,1558,-1,1558,1565,1566,-1,1558,1566,1557,-1,1557,1566,1567,-1,1557,1567,1556,-1,1573,1575,1572,-1,
  1572,1575,1576,-1,1572,1576,1571,-1,1571,1576,1577,-1,1571,1577,1570,-1,1570,1577,1578,-1,1570,1578,1569,-1,1569,1578,1579,-1,1569,1579,1568,-1,
  1673,1674,1679,-1,1679,1674,1675,-1,1679,1675,1678,-1,1678,1675,1676,-1,1678,1676,1677,-1,1673,1679,1680,-1,1673,1680,1681,-1,1673,1681,1682,-1,
  1673,1682,1683,-1,1673,1683,1672,-1,1684,1685,1669,-1,1684,1669,1670,-1,1684,1670,1671,-1,1684,1671,1672,-1,1684,1672,1683,-1,1669,1685,1686,-1,
  1669,1686,1687,-1,1669,1687,1688,-1,1669,1688,1689,-1,1669,1689,1690,-1,1669,1690,1691,-1,1669,1691,1668,-1,1667,1668,1691,-1,1667,1691,1692,-1,
  1667,1692,1693,-1,1667,1693,1694,-1,1667,1694,1695,-1,1667,1695,1696,-1,1667,1696,1697,-1,1667,1697,1698,-1,1667,1698,1666,-1,1699,1700,1665,-1,
  1699,1665,1666,-1,1699,1666,1698,-1,1665,1700,1701,-1,1665,1701,1702,-1,1665,1702,1703,-1,1665,1703,1664,-1,1664,1703,1663,-1,1663,1703,1580,-1,
  1663,1580,1662,-1,1662,1580,1621,-1,1662,1621,1622,-1,1648,1649,1647,-1,1647,1649,1650,-1,1647,1650,1646,-1,1646,1650,1651,-1,1646,1651,1652,-1,
  1652,1653,1642,-1,1652,1642,1643,-1,1652,1643,1644,-1,1652,1644,1645,-1,1652,1645,1646,-1,1641,1642,1653,-1,1641,1653,1654,-1,1641,1654,1655,-1,
  1641,1655,1656,-1,1641,1656,1640,-1,1656,1657,1634,-1,1656,1634,1635,-1,1656,1635,1636,-1,1656,1636,1637,-1,1656,1637,1638,-1,1656,1638,1639,-1,
  1656,1639,1640,-1,1658,1659,1627,-1,1658,1627,1628,-1,1658,1628,1629,-1,1658,1629,1630,-1,1658,1630,1631,-1,1658,1631,1632,-1,1658,1632,1633,-1,
  1658,1633,1634,-1,1658,1634,1657,-1,1624,1625,1660,-1,1660,1625,1626,-1,1660,1626,1659,-1,1659,1626,1627,-1,1660,1661,1622,-1,1660,1622,1623,-1,
  1660,1623,1624,-1,1600,1602,1599,-1,1599,1602,1604,-1,1599,1604,1597,-1,1597,1604,1605,-1,1597,1605,1596,-1,1596,1605,1606,-1,1596,1606,1595,-1,
  1595,1606,1607,-1,1595,1607,1594,-1,1594,1607,1608,-1,1594,1608,1593,-1,1593,1608,1609,-1,1593,1609,1592,-1,1592,1609,1610,-1,1592,1610,1591,-1,
  1591,1610,1611,-1,1591,1611,1590,-1,1590,1611,1612,-1,1590,1612,1589,-1,1589,1612,1613,-1,1589,1613,1588,-1,1588,1613,1614,-1,1588,1614,1587,-1,
  1587,1614,1615,-1,1587,1615,1586,-1,1586,1615,1616,-1,1586,1616,1585,-1,1585,1616,1617,-1,1585,1617,1584,-1,1584,1617,1618,-1,1584,1618,1583,-1,
  1583,1618,1619,-1,1583,1619,1582,-1,1582,1619,1620,-1,1582,1620,1581,-1,1581,1620,1621,-1,1581,1621,1580,-1,1704,1705,1735,-1,1704,1735,1736,-1,
  1704,1736,1737,-1,1704,1737,1759,-1,1704,1759,1788,-1,1735,1705,1706,-1,1735,1706,1707,-1,1735,1707,1708,-1,1735,1708,1709,-1,1735,1709,1734,-1,
  1733,1734,1709,-1,1733,1709,1710,-1,1733,1710,1711,-1,1733,1711,1712,-1,1733,1712,1713,-1,1733,1713,1714,-1,1733,1714,1732,-1,1714,1715,1729,-1,
  1714,1729,1730,-1,1714,1730,1731,-1,1714,1731,1732,-1,1729,1715,1716,-1,1729,1716,1717,-1,1729,1717,1718,-1,1729,1718,1719,-1,1729,1719,1720,-1,
  1729,1720,1721,-1,1729,1721,1728,-1,1727,1728,1721,-1,1727,1721,1722,-1,1727,1722,1723,-1,1727,1723,1726,-1,1724,1725,1726,-1,1724,1726,1723,-1,
  1765,1766,1772,-1,1772,1766,1767,-1,1772,1767,1771,-1,1771,1767,1769,-1,1771,1769,1770,-1,1761,1762,1776,-1,1776,1762,1763,-1,1776,1763,1775,-1,
  1775,1763,1764,-1,1775,1764,1774,-1,1774,1764,1765,-1,1774,1765,1773,-1,1773,1765,1772,-1,1777,1778,1760,-1,1777,1760,1761,-1,1777,1761,1776,-1,
  1760,1778,1779,-1,1760,1779,1780,-1,1760,1780,1781,-1,1760,1781,1782,-1,1760,1782,1759,-1,1759,1782,1783,-1,1759,1783,1784,-1,1759,1784,1785,-1,
  1759,1785,1786,-1,1759,1786,1787,-1,1759,1787,1788,-1,1737,1738,1759,-1,1759,1738,1739,-1,1759,1739,1758,-1,1758,1739,1747,-1,1758,1747,1748,-1,
  1739,1740,1745,-1,1739,1745,1746,-1,1739,1746,1747,-1,1741,1742,1744,-1,1741,1744,1745,-1,1741,1745,1740,-1,1758,1748,1757,-1,1757,1748,1749,-1,
  1757,1749,1756,-1,1756,1749,1750,-1,1756,1750,1755,-1,1755,1750,1751,-1,1755,1751,1754,-1,1754,1751,1752,-1,1754,1752,1753,-1,1810,1789,1809,-1,
  1809,1789,1790,-1,1809,1790,1797,-1,1797,1790,1791,-1,1797,1791,1796,-1,1796,1791,1792,-1,1796,1792,1795,-1,1795,1792,1793,-1,1795,1793,1794,-1,
  1825,1811,1818,-1,1818,1811,1812,-1,1818,1812,1817,-1,1817,1812,1813,-1,1817,1813,1816,-1,1816,1813,1814,-1,1816,1814,1815,-1,1821,1823,1820,-1,
  1820,1823,1824,-1,1820,1824,1819,-1,1819,1824,1825,-1,1819,1825,1818,-1,1825,1826,1811,-1,1811,1826,1827,-1,1811,1827,1832,-1,1832,1827,1828,-1,
  1832,1828,1831,-1,1831,1828,1829,-1,1831,1829,1830,-1,1838,1840,1837,-1,1837,1840,1841,-1,1837,1841,1836,-1,1836,1841,1842,-1,1836,1842,1835,-1,
  1835,1842,1843,-1,1835,1843,1834,-1,1834,1843,1844,-1,1834,1844,1833,-1,1800,1801,1808,-1,1808,1801,1802,-1,1808,1802,1807,-1,1807,1802,1803,-1,
  1807,1803,1806,-1,1806,1803,1804,-1,1806,1804,1805,-1,1798,1799,1800,-1,1798,1800,1808,-1,1798,1808,1809,-1,1798,1809,1797,-1,1862,1863,1868,-1,
  1868,1863,1864,-1,1868,1864,1866,-1,1866,1864,1865,-1,1856,1857,1874,-1,1856,1874,1875,-1,1856,1875,1876,-1,1856,1876,1877,-1,1856,1877,1878,-1,
  1856,1878,1879,-1,1856,1879,1880,-1,1856,1880,1881,-1,1856,1881,1882,-1,1856,1882,1883,-1,1856,1883,1884,-1,1856,1884,1960,-1,1856,1960,1961,-1,
  1856,1961,1845,-1,1856,1845,1846,-1,1856,1846,1855,-1,1850,1852,1849,-1,1849,1852,1853,-1,1849,1853,1848,-1,1848,1853,1854,-1,1848,1854,1847,-1,
  1847,1854,1855,-1,1847,1855,1846,-1,1969,1970,1968,-1,1968,1970,1971,-1,1968,1971,1967,-1,1967,1971,1972,-1,1967,1972,1973,-1,1964,1965,1974,-1,
  1974,1965,1966,-1,1974,1966,1973,-1,1973,1966,1967,-1,1975,1976,1962,-1,1975,1962,1963,-1,1975,1963,1964,-1,1975,1964,1974,-1,1977,1978,1961,-1,
  1977,1961,1962,-1,1977,1962,1976,-1,1961,1978,1979,-1,1961,1979,1980,-1,1961,1980,1981,-1,1961,1981,1982,-1,1961,1982,1983,-1,1961,1983,1984,-1,
  1961,1984,1985,-1,1961,1985,1986,-1,1961,1986,1845,-1,1857,1858,1872,-1,1857,1872,1873,-1,1857,1873,1874,-1,1859,1860,1871,-1,1859,1871,1872,-1,
  1859,1872,1858,-1,1868,1869,1862,-1,1862,1869,1870,-1,1862,1870,1861,-1,1861,1870,1871,-1,1861,1871,1860,-1,1933,1934,1945,-1,1945,1934,1935,-1,
  1945,1935,1944,-1,1944,1935,1936,-1,1944,1936,1943,-1,1943,1936,1937,-1,1943,1937,1942,-1,1942,1937,1938,-1,1942,1938,1941,-1,1941,1938,1939,-1,
  1941,1939,1940,-1,1946,1947,1932,-1,1946,1932,1933,-1,1946,1933,1945,-1,1927,1928,1951,-1,1951,1928,1929,-1,1951,1929,1950,-1,1950,1929,1930,-1,
  1950,1930,1949,-1,1949,1930,1931,-1,1949,1931,1948,-1,1948,1931,1932,-1,1948,1932,1947,-1,1952,1953,1926,-1,1952,1926,1927,-1,1952,1927,1951,-1,
  1887,1921,1958,-1,1958,1921,1922,-1,1958,1922,1957,-1,1957,1922,1923,-1,1957,1923,1956,-1,1956,1923,1924,-1,1956,1924,1955,-1,1955,1924,1925,-1,
  1955,1925,1954,-1,1954,1925,1926,-1,1954,1926,1953,-1,1958,1959,1885,-1,1958,1885,1886,-1,1958,1886,1887,-1,1960,1884,1885,-1,1960,1885,1959,-1,
  1921,1887,1888,-1,1921,1888,1889,-1,1921,1889,1890,-1,1921,1890,1920,-1,1890,1891,1916,-1,1890,1916,1917,-1,1890,1917,1918,-1,1890,1918,1919,-1,
  1890,1919,1920,-1,1892,1893,1911,-1,1892,1911,1912,-1,1892,1912,1913,-1,1892,1913,1914,-1,1892,1914,1915,-1,1892,1915,1916,-1,1892,1916,1891,-1,
  1911,1893,1894,-1,1911,1894,1895,-1,1911,1895,1896,-1,1911,1896,1910,-1,1896,1897,1904,-1,1896,1904,1905,-1,1896,1905,1906,-1,1896,1906,1907,-1,
  1896,1907,1908,-1,1896,1908,1909,-1,1896,1909,1910,-1,1900,1902,1899,-1,1899,1902,1903,-1,1899,1903,1898,-1,1898,1903,1904,-1,1898,1904,1897,-1,
  1992,1994,1991,-1,1991,1994,1995,-1,1991,1995,1990,-1,1990,1995,1996,-1,1990,1996,1989,-1,1989,1996,1997,-1,1989,1997,1988,-1,1988,1997,1998,-1,
  1988,1998,1987,-1,1994,1992,1993,-1,1902,1900,1901,-1,1868,1866,1867,-1,1852,1850,1851,-1,1840,1838,1839,-1,1823,1821,1822,-1,1768,1769,1767,-1,
  1744,1742,1743,-1,1604,1602,1603,-1,1602,1600,1601,-1,1599,1597,1598,-1,1662,1622,1661,-1,1575,1573,1574,-1,1563,1561,1562,-1,1551,1549,1550,-1,
  1459,1457,1458,-1,1425,1423,1424,-1,1409,1407,1408,-1,1302,1300,1301,-1,1300,1298,1299,-1,1297,1295,1296,-1,1360,1320,1359,-1,1233,1231,1232,-1,
  1248,1249,1247,-1,1132,1130,1131,-1,996,994,995,-1,962,960,961,-1,946,944,945,-1,934,932,933,-1,922,920,921,-1,910,908,909,-1,
  723,721,722,-1,721,719,720,-1,718,716,717,-1,781,741,780,-1,857,855,856,-1,886,857,858,-1,839,837,838,-1,830,828,829,-1,
  696,651,695,-1,622,575,621,-1,394,392,393,-1,570,568,569,-1,463,461,462,-1,461,459,460,-1,458,456,457,-1,521,481,520,-1,
  409,410,408,-1,597,595,596,-1,345,346,344,-1,321,319,320,-1,276,274,275,-1,268,221,267,-1,243,241,242,-1,200,201,199,-1,
  176,174,175,-1,135,88,134,-1,110,108,109,-1,73,28,72,-1,83,81,82,-1]
  normalPerVertex TRUE
  normal DEF NORM_318 Normal { vector [
  0 0 1,0 0 1,
  0 0 1,0 0 1,
  0 0 1,0 0 1,
  0 0 1,0 0 1,
  0 0 1,0 0 1,
  0 0 1,0 0 1,
  0 0 1,0 0 1,
  0 0 1,0 0 1,
  0 0 1,0 0 1,
  0 0 1,0 0 1,
  0 0 1,0 0 1,
  0 0 1,0 0 1,
  0 0 1,0 0 1,
  0 0 1,0 0 1,
  0 0 1,0 0 1,
  0 0 1,0 0 1,
  0 0 1,0 0 1,
  0 0 1,0 0 1,
  0 0 1,0 0 1,
  0 0 1,0 0 1,
  0 0 1,0 0 1,
  0 0 1,0 0 1,
  0 0 1,0 0 1,
  0 0 1,0 0 1,
  0 0 1,0 0 1,
  0 0 1,0 0 1,
  0 0 1,0 0 1,
  0 0 1,0 0 1,
  0 0 1,0 0 1,
  0 0 1,0 0 1,
  0 0 1,0 0 1,
  0 0 1,0 0 1,
  0 0 1,0 0 1,
  0 0 1,0 0 1,
  0 0 1,0 0 1,
  0 0 1,0 0 1,
  0 0 1,0 0 1,
  0 0 1,0 0 1,
  0 0 1,0 0 1,
  0 0 1,0 0 1,
  0 0 1,0 0 1,
  0 0 1,0 0 1,
  0 0 1,0 0 1,
  0 0 1,0 0 1,
  0 0 1,0 0 1,
  0 0 1,0 0 1,
  0 0 1,0 0 1,
  0 0 1,0 0 1,
  0 0 1,0 0 1,
  0 0 1,0 0 1,
  0 0 1,0 0 1,
  0 0 1,0 0 1,
  0 0 1,0 0 1,
  0 0 1,0 0 1,
  0 0 1,0 0 1,
  0 0 1,0 0 1,
  0 0 1,0 0 1,
  0 0 1,0 0 1,
  0 0 1,0 0 1,
  0 0 1,0 0 1,
  0 0 1,0 0 1,
  0 0 1,0 0 1,
  0 0 1,0 0 1,
  0 0 1,0 0 1,
  0 0 1,0 0 1,
  0 0 1,0 0 1,
  0 0 1,0 0 1,
  0 0 1,0 0 1,
  0 0 1,0 0 1,
  0 0 1,0 0 1,
  0 0 1,0 0 1,
  0 0 1,0 0 1,
  0 0 1,0 0 1,
  0 0 1,0 0 1,
  0 0 1,0 0 1,
  0 0 1,0 0 1,
  0 0 1,0 0 1,
  0 0 1,0 0 1,
  0 0 1,0 0 1,
  0 0 1,0 0 1,
  0 0 1,0 0 1,
  0 0 1,0 0 1,
  0 0 1,0 0 1,
  0 0 1,0 0 1,
  0 0 1,0 0 1,
  0 0 1,0 0 1,
  0 0 1,0 0 1,
  0 0 1,0 0 1,
  0 0 1,0 0 1,
  0 0 1,0 0 1,
  0 0 1,0 0 1,
  0 0 1,0 0 1,
  0 0 1,0 0 1,
  0 0 1,0 0 1,
  0 0 1,0 0 1,
  0 0 1,0 0 1,
  0 0 1,0 0 1,
  0 0 1,0 0 1,
  0 0 1,0 0 1,
  0 0 1,0 0 1,
  0 0 1,0 0 1,
  0 0 1,0 0 1,
  0 0 1,0 0 1,
  0 0 1,0 0 1,
  0 0 1,0 0 1,
  0 0 1,0 0 1,
  0 0 1,0 0 1,
  0 0 1,0 0 1,
  0 0 1,0 0 1,
  0 0 1,0 0 1,
  0 0 1,0 0 1,
  0 0 1,0 0 1,
  0 0 1,0 0 1,
  0 0 1,0 0 1,
  0 0 1,0 0 1,
  0 0 1,0 0 1,
  0 0 1,0 0 1,
  0 0 1,0 0 1,
  0 0 1,0 0 1,
  0 0 1,0 0 1,
  0 0 1,0 0 1,
  0 0 1,0 0 1,
  0 0 1,0 0 1,
  0 0 1,0 0 1,
  0 0 1,0 0 1,
  0 0 1,0 0 1,
  0 0 1,0 0 1,
  0 0 1,0 0 1,
  0 0 1,0 0 1,
  0 0 1,0 0 1,
  0 0 1,0 0 1,
  0 0 1,0 0 1,
  0 0 1,0 0 1,
  0 0 1,0 0 1,
  0 0 1,0 0 1,
  0 0 1,0 0 1,
  0 0 1,0 0 1,
  0 0 1,0 0 1,
  0 0 1,0 0 1,
  0 0 1,0 0 1,
  0 0 1,0 0 1,
  0 0 1,0 0 1,
  0 0 1,0 0 1,
  0 0 1,0 0 1,
  0 0 1,0 0 1,
  0 0 1,0 0 1,
  0 0 1,0 0 1,
  0 0 1,0 0 1,
  0 0 1,0 0 1,
  0 0 1,0 0 1,
  0 0 1,0 0 1,
  0 0 1,0 0 1,
  0 0 1,0 0 1,
  0 0 1,0 0 1,
  0 0 1,0 0 1,
  0 0 1,0 0 1,
  0 0 1,0 0 1,
  0 0 1,0 0 1,
  0 0 1,0 0 1,
  0 0 1,0 0 1,
  0 0 1,0 0 1,
  0 0 1,0 0 1,
  0 0 1,0 0 1,
  0 0 1,0 0 1,
  0 0 1,0 0 1,
  0 0 1,0 0 1,
  0 0 1,0 0 1,
  0 0 1,0 0 1,
  0 0 1,0 0 1,
  0 0 1,0 0 1,
  0 0 1,0 0 1,
  0 0 1,0 0 1,
  0 0 1,0 0 1,
  0 0 1,0 0 1,
  0 0 1,0 0 1,
  0 0 1,0 0 1,
  0 0 1,0 0 1,
  0 0 1,0 0 1,
  0 0 1,0 0 1,
  0 0 1,0 0 1,
  0 0 1,0 0 1,
  0 0 1,0 0 1,
  0 0 1,0 0 1,
  0 0 1,0 0 1,
  0 0 1,0 0 1,
  0 0 1,0 0 1,
  0 0 1,0 0 1,
  0 0 1,0 0 1,
  0 0 1,0 0 1,
  0 0 1,0 0 1,
  0 0 1,0 0 1,
  0 0 1,0 0 1,
  0 0 1,0 0 1,
  0 0 1,0 0 1,
  0 0 1,0 0 1,
  0 0 1,0 0 1,
  0 0 1,0 0 1,
  0 0 1,0 0 1,
  0 0 1,0 0 1,
  0 0 1,0 0 1,
  0 0 1,0 0 1,
  0 0 1,0 0 1,
  0 0 1,0 0 1,
  0 0 1,0 0 1,
  0 0 1,0 0 1,
  0 0 1,0 0 1,
  0 0 1,0 0 1,
  0 0 1,0 0 1,
  0 0 1,0 0 1,
  0 0 1,0 0 1,
  0 0 1,0 0 1,
  0 0 1,0 0 1,
  0 0 1,0 0 1,
  0 0 1,0 0 1,
  0 0 1,0 0 1,
  0 0 1,0 0 1,
  0 0 1,0 0 1,
  0 0 1,0 0 1,
  0 0 1,0 0 1,
  0 0 1,0 0 1,
  0 0 1,0 0 1,
  0 0 1,0 0 1,
  0 0 1,0 0 1,
  0 0 1,0 0 1,
  0 0 1,0 0 1,
  0 0 1,0 0 1,
  0 0 1,0 0 1,
  0 0 1,0 0 1,
  0 0 1,0 0 1,
  0 0 1,0 0 1,
  0 0 1,0 0 1,
  0 0 1,0 0 1,
  0 0 1,0 0 1,
  0 0 1,0 0 1,
  0 0 1,0 0 1,
  0 0 1,0 0 1,
  0 0 1,0 0 1,
  0 0 1,0 0 1,
  0 0 1,0 0 1,
  0 0 1,0 0 1,
  0 0 1,0 0 1,
  0 0 1,0 0 1,
  0 0 1,0 0 1,
  0 0 1,0 0 1,
  0 0 1,0 0 1,
  0 0 1,0 0 1,
  0 0 1,0 0 1,
  0 0 1,0 0 1,
  0 0 1,0 0 1,
  0 0 1,0 0 1,
  0 0 1,0 0 1,
  0 0 1,0 0 1,
  0 0 1,0 0 1,
  0 0 1,0 0 1,
  0 0 1,0 0 1,
  0 0 1,0 0 1,
  0 0 1,0 0 1,
  0 0 1,0 0 1,
  0 0 1,0 0 1,
  0 0 1,0 0 1,
  0 0 1,0 0 1,
  0 0 1,0 0 1,
  0 0 1,0 0 1,
  0 0 1,0 0 1,
  0 0 1,0 0 1,
  0 0 1,0 0 1,
  0 0 1,0 0 1,
  0 0 1,0 0 1,
  0 0 1,0 0 1,
  0 0 1,0 0 1,
  0 0 1,0 0 1,
  0 0 1,0 0 1,
  0 0 1,0 0 1,
  0 0 1,0 0 1,
  0 0 1,0 0 1,
  0 0 1,0 0 1,
  0 0 1,0 0 1,
  0 0 1,0 0 1,
  0 0 1,0 0 1,
  0 0 1,0 0 1,
  0 0 1,0 0 1,
  0 0 1,0 0 1,
  0 0 1,0 0 1,
  0 0 1,0 0 1,
  0 0 1,0 0 1,
  0 0 1,0 0 1,
  0 0 1,0 0 1,
  0 0 1,0 0 1,
  0 0 1,0 0 1,
  0 0 1,0 0 1,
  0 0 1,0 0 1,
  0 0 1,0 0 1,
  0 0 1,0 0 1,
  0 0 1,0 0 1,
  0 0 1,0 0 1,
  0 0 1,0 0 1,
  0 0 1,0 0 1,
  0 0 1,0 0 1,
  0 0 1,0 0 1,
  0 0 1,0 0 1,
  0 0 1,0 0 1,
  0 0 1,0 0 1,
  0 0 1,0 0 1,
  0 0 1,0 0 1,
  0 0 1,0 0 1,
  0 0 1,0 0 1,
  0 0 1,0 0 1,
  0 0 1,0 0 1,
  0 0 1,0 0 1,
  0 0 1,0 0 1,
  0 0 1,0 0 1,
  0 0 1,0 0 1,
  0 0 1,0 0 1,
  0 0 1,0 0 1,
  0 0 1,0 0 1,
  0 0 1,0 0 1,
  0 0 1,0 0 1,
  0 0 1,0 0 1,
  0 0 1,0 0 1,
  0 0 1,0 0 1,
  0 0 1,0 0 1,
  0 0 1,0 0 1,
  0 0 1,0 0 1,
  0 0 1,0 0 1,
  0 0 1,0 0 1,
  0 0 1,0 0 1,
  0 0 1,0 0 1,
  0 0 1,0 0 1,
  0 0 1,0 0 1,
  0 0 1,0 0 1,
  0 0 1,0 0 1,
  0 0 1,0 0 1,
  0 0 1,0 0 1,
  0 0 1,0 0 1,
  0 0 1,0 0 1,
  0 0 1,0 0 1,
  0 0 1,0 0 1,
  0 0 1,0 0 1,
  0 0 1,0 0 1,
  0 0 1,0 0 1,
  0 0 1,0 0 1,
  0 0 1,0 0 1,
  0 0 1,0 0 1,
  0 0 1,0 0 1,
  0 0 1,0 0 1,
  0 0 1,0 0 1,
  0 0 1,0 0 1,
  0 0 1,0 0 1,
  0 0 1,0 0 1,
  0 0 1,0 0 1,
  0 0 1,0 0 1,
  0 0 1,0 0 1,
  0 0 1,0 0 1,
  0 0 1,0 0 1,
  0 0 1,0 0 1,
  0 0 1,0 0 1,
  0 0 1,0 0 1,
  0 0 1,0 0 1,
  0 0 1,0 0 1,
  0 0 1,0 0 1,
  0 0 1,0 0 1,
  0 0 1,0 0 1,
  0 0 1,0 0 1,
  0 0 1,0 0 1,
  0 0 1,0 0 1,
  0 0 1,0 0 1,
  0 0 1,0 0 1,
  0 0 1,0 0 1,
  0 0 1,0 0 1,
  0 0 1,0 0 1,
  0 0 1,0 0 1,
  0 0 1,0 0 1,
  0 0 1,0 0 1,
  0 0 1,0 0 1,
  0 0 1,0 0 1,
  0 0 1,0 0 1,
  0 0 1,0 0 1,
  0 0 1,0 0 1,
  0 0 1,0 0 1,
  0 0 1,0 0 1,
  0 0 1,0 0 1,
  0 0 1,0 0 1,
  0 0 1,0 0 1,
  0 0 1,0 0 1,
  0 0 1,0 0 1,
  0 0 1,0 0 1,
  0 0 1,0 0 1,
  0 0 1,0 0 1,
  0 0 1,0 0 1,
  0 0 1,0 0 1,
  0 0 1,0 0 1,
  0 0 1,0 0 1,
  0 0 1,0 0 1,
  0 0 1,0 0 1,
  0 0 1,0 0 1,
  0 0 1,0 0 1,
  0 0 1,0 0 1,
  0 0 1,0 0 1,
  0 0 1,0 0 1,
  0 0 1,0 0 1,
  0 0 1,0 0 1,
  0 0 1,0 0 1,
  0 0 1,0 0 1,
  0 0 1,0 0 1,
  0 0 1,0 0 1,
  0 0 1,0 0 1,
  0 0 1,0 0 1,
  0 0 1,0 0 1,
  0 0 1,0 0 1,
  0 0 1,0 0 1,
  0 0 1,0 0 1,
  0 0 1,0 0 1,
  0 0 1,0 0 1,
  0 0 1,0 0 1,
  0 0 1,0 0 1,
  0 0 1,0 0 1,
  0 0 1,0 0 1,
  0 0 1,0 0 1,
  0 0 1,0 0 1,
  0 0 1,0 0 1,
  0 0 1,0 0 1,
  0 0 1,0 0 1,
  0 0 1,0 0 1,
  0 0 1,0 0 1,
  0 0 1,0 0 1,
  0 0 1,0 0 1,
  0 0 1,0 0 1,
  0 0 1,0 0 1,
  0 0 1,0 0 1,
  0 0 1,0 0 1,
  0 0 1,0 0 1,
  0 0 1,0 0 1,
  0 0 1,0 0 1,
  0 0 1,0 0 1,
  0 0 1,0 0 1,
  0 0 1,0 0 1,
  0 0 1,0 0 1,
  0 0 1,0 0 1,
  0 0 1,0 0 1,
  0 0 1,0 0 1,
  0 0 1,0 0 1,
  0 0 1,0 0 1,
  0 0 1,0 0 1,
  0 0 1,0 0 1,
  0 0 1,0 0 1,
  0 0 1,0 0 1,
  0 0 1,0 0 1,
  0 0 1,0 0 1,
  0 0 1,0 0 1,
  0 0 1,0 0 1,
  0 0 1,0 0 1,
  0 0 1,0 0 1,
  0 0 1,0 0 1,
  0 0 1,0 0 1,
  0 0 1,0 0 1,
  0 0 1,0 0 1,
  0 0 1,0 0 1,
  0 0 1,0 0 1,
  0 0 1,0 0 1,
  0 0 1,0 0 1,
  0 0 1,0 0 1,
  0 0 1,0 0 1,
  0 0 1,0 0 1,
  0 0 1,0 0 1,
  0 0 1,0 0 1,
  0 0 1,0 0 1,
  0 0 1,0 0 1,
  0 0 1,0 0 1,
  0 0 1,0 0 1,
  0 0 1,0 0 1,
  0 0 1,0 0 1,
  0 0 1,0 0 1,
  0 0 1,0 0 1,
  0 0 1,0 0 1,
  0 0 1,0 0 1,
  0 0 1,0 0 1,
  0 0 1,0 0 1,
  0 0 1,0 0 1,
  0 0 1,0 0 1,
  0 0 1,0 0 1,
  0 0 1,0 0 1,
  0 0 1,0 0 1,
  0 0 1,0 0 1,
  0 0 1,0 0 1,
  0 0 1,0 0 1,
  0 0 1,0 0 1,
  0 0 1,0 0 1,
  0 0 1,0 0 1,
  0 0 1,0 0 1,
  0 0 1,0 0 1,
  0 0 1,0 0 1,
  0 0 1,0 0 1,
  0 0 1,0 0 1,
  0 0 1,0 0 1,
  0 0 1,0 0 1,
  0 0 1,0 0 1,
  0 0 1,0 0 1,
  0 0 1,0 0 1,
  0 0 1,0 0 1,
  0 0 1,0 0 1,
  0 0 1,0 0 1,
  0 0 1,0 0 1,
  0 0 1,0 0 1,
  0 0 1,0 0 1,
  0 0 1,0 0 1,
  0 0 1,0 0 1,
  0 0 1,0 0 1,
  0 0 1,0 0 1,
  0 0 1,0 0 1,
  0 0 1,0 0 1,
  0 0 1,0 0 1,
  0 0 1,0 0 1,
  0 0 1,0 0 1,
  0 0 1,0 0 1,
  0 0 1,0 0 1,
  0 0 1,0 0 1,
  0 0 1,0 0 1,
  0 0 1,0 0 1,
  0 0 1,0 0 1,
  0 0 1,0 0 1,
  0 0 1,0 0 1,
  0 0 1,0 0 1,
  0 0 1,0 0 1,
  0 0 1,0 0 1,
  0 0 1,0 0 1,
  0 0 1,0 0 1,
  0 0 1,0 0 1,
  0 0 1,0 0 1,
  0 0 1,0 0 1,
  0 0 1,0 0 1,
  0 0 1,0 0 1,
  0 0 1,0 0 1,
  0 0 1,0 0 1,
  0 0 1,0 0 1,
  0 0 1,0 0 1,
  0 0 1,0 0 1,
  0 0 1,0 0 1,
  0 0 1,0 0 1,
  0 0 1,0 0 1,
  0 0 1,0 0 1,
  0 0 1,0 0 1,
  0 0 1,0 0 1,
  0 0 1,0 0 1,
  0 0 1,0 0 1,
  0 0 1,0 0 1,
  0 0 1,0 0 1,
  0 0 1,0 0 1,
  0 0 1,0 0 1,
  0 0 1,0 0 1,
  0 0 1,0 0 1,
  0 0 1,0 0 1,
  0 0 1,0 0 1,
  0 0 1,0 0 1,
  0 0 1,0 0 1,
  0 0 1,0 0 1,
  0 0 1,0 0 1,
  0 0 1,0 0 1,
  0 0 1,0 0 1,
  0 0 1,0 0 1,
  0 0 1,0 0 1,
  0 0 1,0 0 1,
  0 0 1,0 0 1,
  0 0 1,0 0 1,
  0 0 1,0 0 1,
  0 0 1,0 0 1,
  0 0 1,0 0 1,
  0 0 1,0 0 1,
  0 0 1,0 0 1,
  0 0 1,0 0 1,
  0 0 1,0 0 1,
  0 0 1,0 0 1,
  0 0 1,0 0 1,
  0 0 1,0 0 1,
  0 0 1,0 0 1,
  0 0 1,0 0 1,
  0 0 1,0 0 1,
  0 0 1,0 0 1,
  0 0 1,0 0 1,
  0 0 1,0 0 1,
  0 0 1,0 0 1,
  0 0 1,0 0 1,
  0 0 1,0 0 1,
  0 0 1,0 0 1,
  0 0 1,0 0 1,
  0 0 1,0 0 1,
  0 0 1,0 0 1,
  0 0 1,0 0 1,
  0 0 1,0 0 1,
  0 0 1,0 0 1,
  0 0 1,0 0 1,
  0 0 1,0 0 1,
  0 0 1,0 0 1,
  0 0 1,0 0 1,
  0 0 1,0 0 1,
  0 0 1,0 0 1,
  0 0 1,0 0 1,
  0 0 1,0 0 1,
  0 0 1,0 0 1,
  0 0 1,0 0 1,
  0 0 1,0 0 1,
  0 0 1,0 0 1,
  0 0 1,0 0 1,
  0 0 1,0 0 1,
  0 0 1,0 0 1,
  0 0 1,0 0 1,
  0 0 1,0 0 1,
  0 0 1,0 0 1,
  0 0 1,0 0 1,
  0 0 1,0 0 1,
  0 0 1,0 0 1,
  0 0 1,0 0 1,
  0 0 1,0 0 1,
  0 0 1,0 0 1,
  0 0 1,0 0 1,
  0 0 1,0 0 1,
  0 0 1,0 0 1,
  0 0 1,0 0 1,
  0 0 1,0 0 1,
  0 0 1,0 0 1,
  0 0 1,0 0 1,
  0 0 1,0 0 1,
  0 0 1,0 0 1,
  0 0 1,0 0 1,
  0 0 1,0 0 1,
  0 0 1,0 0 1,
  0 0 1,0 0 1,
  0 0 1,0 0 1,
  0 0 1,0 0 1,
  0 0 1,0 0 1,
  0 0 1,0 0 1,
  0 0 1,0 0 1,
  0 0 1,0 0 1,
  0 0 1,0 0 1,
  0 0 1,0 0 1,
  0 0 1,0 0 1,
  0 0 1,0 0 1,
  0 0 1,0 0 1,
  0 0 1,0 0 1,
  0 0 1,0 0 1,
  0 0 1,0 0 1,
  0 0 1,0 0 1,
  0 0 1,0 0 1,
  0 0 1,0 0 1,
  0 0 1,0 0 1,
  0 0 1,0 0 1,
  0 0 1,0 0 1,
  0 0 1,0 0 1,
  0 0 1,0 0 1,
  0 0 1,0 0 1,
  0 0 1,0 0 1,
  0 0 1,0 0 1,
  0 0 1,0 0 1,
  0 0 1,0 0 1,
  0 0 1,0 0 1,
  0 0 1,0 0 1,
  0 0 1,0 0 1,
  0 0 1,0 0 1,
  0 0 1,0 0 1,
  0 0 1,0 0 1,
  0 0 1,0 0 1,
  0 0 1,0 0 1,
  0 0 1,0 0 1,
  0 0 1,0 0 1,
  0 0 1,0 0 1,
  0 0 1,0 0 1,
  0 0 1,0 0 1,
  0 0 1,0 0 1,
  0 0 1,0 0 1,
  0 0 1,0 0 1,
  0 0 1,0 0 1,
  0 0 1,0 0 1,
  0 0 1,0 0 1,
  0 0 1,0 0 1,
  0 0 1,0 0 1,
  0 0 1,0 0 1,
  0 0 1,0 0 1,
  0 0 1,0 0 1,
  0 0 1,0 0 1,
  0 0 1,0 0 1,
  0 0 1,0 0 1,
  0 0 1,0 0 1,
  0 0 1,0 0 1,
  0 0 1,0 0 1,
  0 0 1,0 0 1,
  0 0 1,0 0 1,
  0 0 1,0 0 1,
  0 0 1,0 0 1,
  0 0 1,0 0 1,
  0 0 1,0 0 1,
  0 0 1,0 0 1,
  0 0 1,0 0 1,
  0 0 1,0 0 1,
  0 0 1,0 0 1,
  0 0 1,0 0 1,
  0 0 1,0 0 1,
  0 0 1,0 0 1,
  0 0 1,0 0 1,
  0 0 1,0 0 1,
  0 0 1,0 0 1,
  0 0 1,0 0 1,
  0 0 1,0 0 1,
  0 0 1,0 0 1,
  0 0 1,0 0 1,
  0 0 1,0 0 1,
  0 0 1,0 0 1,
  0 0 1,0 0 1,
  0 0 1,0 0 1,
  0 0 1,0 0 1,
  0 0 1,0 0 1,
  0 0 1,0 0 1,
  0 0 1,0 0 1,
  0 0 1,0 0 1,
  0 0 1,0 0 1,
  0 0 1,0 0 1,
  0 0 1,0 0 1,
  0 0 1,0 0 1,
  0 0 1,0 0 1,
  0 0 1,0 0 1,
  0 0 1,0 0 1,
  0 0 1,0 0 1,
  0 0 1,0 0 1,
  0 0 1,0 0 1,
  0 0 1,0 0 1,
  0 0 1,0 0 1,
  0 0 1,0 0 1,
  0 0 1,0 0 1,
  0 0 1,0 0 1,
  0 0 1,0 0 1,
  0 0 1,0 0 1,
  0 0 1,0 0 1,
  0 0 1,0 0 1,
  0 0 1,0 0 1,
  0 0 1,0 0 1,
  0 0 1,0 0 1,
  0 0 1,0 0 1,
  0 0 1,0 0 1,
  0 0 1,0 0 1,
  0 0 1,0 0 1,
  0 0 1,0 0 1,
  0 0 1,0 0 1,
  0 0 1,0 0 1,
  0 0 1,0 0 1,
  0 0 1,0 0 1,
  0 0 1,0 0 1,
  0 0 1,0 0 1,
  0 0 1,0 0 1,
  0 0 1,0 0 1,
  0 0 1,0 0 1,
  0 0 1,0 0 1,
  0 0 1,0 0 1,
  0 0 1,0 0 1,
  0 0 1,0 0 1,
  0 0 1,0 0 1,
  0 0 1,0 0 1,
  0 0 1,0 0 1,
  0 0 1,0 0 1,
  0 0 1,0 0 1,
  0 0 1,0 0 1,
  0 0 1,0 0 1,
  0 0 1,0 0 1,
  0 0 1,0 0 1,
  0 0 1,0 0 1,
  0 0 1,0 0 1,
  0 0 1,0 0 1,
  0 0 1,0 0 1,
  0 0 1,0 0 1,
  0 0 1,0 0 1,
  0 0 1,0 0 1,
  0 0 1,0 0 1,
  0 0 1,0 0 1,
  0 0 1,0 0 1,
  0 0 1,0 0 1,
  0 0 1,0 0 1,
  0 0 1,0 0 1,
  0 0 1,0 0 1,
  0 0 1,0 0 1,
  0 0 1,0 0 1,
  0 0 1,0 0 1,
  0 0 1,0 0 1,
  0 0 1,0 0 1,
  0 0 1,0 0 1,
  0 0 1,0 0 1,
  0 0 1,0 0 1,
  0 0 1,0 0 1,
  0 0 1,0 0 1,
  0 0 1,0 0 1,
  0 0 1,0 0 1,
  0 0 1,0 0 1,
  0 0 1,0 0 1,
  0 0 1,0 0 1,
  0 0 1,0 0 1,
  0 0 1,0 0 1,
  0 0 1,0 0 1,
  0 0 1,0 0 1,
  0 0 1,0 0 1,
  0 0 1,0 0 1,
  0 0 1,0 0 1,
  0 0 1,0 0 1,
  0 0 1,0 0 1,
  0 0 1,0 0 1,
  0 0 1,0 0 1,
  0 0 1,0 0 1,
  0 0 1,0 0 1,
  0 0 1,0 0 1,
  0 0 1,0 0 1,
  0 0 1,0 0 1,
  0 0 1,0 0 1,
  0 0 1,0 0 1,
  0 0 1,0 0 1,
  0 0 1,0 0 1,
  0 0 1,0 0 1,
  0 0 1,0 0 1,
  0 0 1,0 0 1,
  0 0 1,0 0 1,
  0 0 1,0 0 1,
  0 0 1,0 0 1,
  0 0 1,0 0 1,
  0 0 1,0 0 1,
  0 0 1,0 0 1,
  0 0 1,0 0 1,
  0 0 1,0 0 1,
  0 0 1,0 0 1,
  0 0 1,0 0 1,
  0 0 1,0 0 1,
  0 0 1,0 0 1,
  0 0 1,0 0 1,
  0 0 1,0 0 1,
  0 0 1,0 0 1,
  0 0 1,0 0 1,
  0 0 1,0 0 1,
  0 0 1,0 0 1,
  0 0 1,0 0 1,
  0 0 1,0 0 1,
  0 0 1,0 0 1,
  0 0 1,0 0 1,
  0 0 1,0 0 1,
  0 0 1,0 0 1,
  0 0 1,0 0 1,
  0 0 1,0 0 1,
  0 0 1,0 0 1,
  0 0 1,0 0 1,
  0 0 1,0 0 1,
  0 0 1,0 0 1,
  0 0 1,0 0 1,
  0 0 1,0 0 1,
  0 0 1,0 0 1,
  0 0 1,0 0 1,
  0 0 1,0 0 1,
  0 0 1,0 0 1,
  0 0 1,0 0 1,
  0 0 1,0 0 1,
  0 0 1,0 0 1,
  0 0 1,0 0 1,
  0 0 1,0 0 1,
  0 0 1,0 0 1,
  0 0 1,0 0 1,
  0 0 1,0 0 1,
  0 0 1,0 0 1,
  0 0 1,0 0 1,
  0 0 1,0 0 1,
  0 0 1,0 0 1,
  0 0 1,0 0 1,
  0 0 1,0 0 1,
  0 0 1,0 0 1,
  0 0 1,0 0 1,
  0 0 1,0 0 1,
  0 0 1,0 0 1,
  0 0 1,0 0 1,
  0 0 1,0 0 1,
  0 0 1,0 0 1,
  0 0 1,0 0 1,
  0 0 1,0 0 1,
  0 0 1,0 0 1,
  0 0 1,0 0 1,
  0 0 1,0 0 1,
  0 0 1,0 0 1,
  0 0 1,0 0 1,
  0 0 1,0 0 1,
  0 0 1,0 0 1,
  0 0 1,0 0 1,
  0 0 1,0 0 1,
  0 0 1,0 0 1,
  0 0 1,0 0 1,
  0 0 1,0 0 1,
  0 0 1,0 0 1,
  0 0 1,0 0 1,
  0 0 1,0 0 1,
  0 0 1,0 0 1,
  0 0 1,0 0 1,
  0 0 1,0 0 1,
  0 0 1,0 0 1,
  0 0 1,0 0 1,
  0 0 1,0 0 1,
  0 0 1,0 0 1,
  0 0 1,0 0 1,
  0 0 1,0 0 1,
  0 0 1,0 0 1,
  0 0 1,0 0 1,
  0 0 1,0 0 1,
  0 0 1,0 0 1,
  0 0 1,0 0 1,
  0 0 1,0 0 1,
  0 0 1,0 0 1,
  0 0 1,0 0 1,
  0 0 1,0 0 1,
  0 0 1,0 0 1,
  0 0 1,0 0 1,
  0 0 1,0 0 1,
  0 0 1,0 0 1,
  0 0 1,0 0 1,
  0 0 1,0 0 1,
  0 0 1,0 0 1,
  0 0 1,0 0 1,
  0 0 1,0 0 1,
  0 0 1,0 0 1,
  0 0 1,0 0 1,
  0 0 1,0 0 1,
  0 0 1,0 0 1,
  0 0 1,0 0 1,
  0 0 1,0 0 1,
  0 0 1,0 0 1,
  0 0 1,0 0 1,
  0 0 1,0 0 1,
  0 0 1,0 0 1,
  0 0 1,0 0 1,
  0 0 1,0 0 1,
  0 0 1,0 0 1,
  0 0 1,0 0 1,
  0 0 1,0 0 1,
  0 0 1,0 0 1,
  0 0 1,0 0 1,
  0 0 1,0 0 1,
  0 0 1,0 0 1,
  0 0 1,0 0 1,
  0 0 1,0 0 1,
  0 0 1,0 0 1,
  0 0 1,0 0 1,
  0 0 1,0 0 1,
  0 0 1,0 0 1,
  0 0 1,0 0 1,
  0 0 1,0 0 1,
  0 0 1,0 0 1,
  0 0 1,0 0 1,
  0 0 1,0 0 1,
  0 0 1,0 0 1,
  0 0 1,0 0 1,
  0 0 1,0 0 1,
  0 0 1,0 0 1,
  0 0 1,0 0 1,
  0 0 1,0 0 1,
  0 0 1,0 0 1,
  0 0 1,0 0 1,
  0 0 1,0 0 1,
  0 0 1,0 0 1,
  0 0 1,0 0 1,
  0 0 1,0 0 1,
  0 0 1,0 0 1,
  0 0 1,0 0 1,
  0 0 1,0 0 1,
  0 0 1,0 0 1,
  0 0 1,0 0 1,
  0 0 1,0 0 1,
  0 0 1,0 0 1,
  0 0 1,0 0 1,
  0 0 1,0 0 1,
  0 0 1,0 0 1,
  0 0 1,0 0 1,
  0 0 1,0 0 1,
  0 0 1,0 0 1,
  0 0 1,0 0 1,
  0 0 1,0 0 1,
  0 0 1,0 0 1,
  0 0 1,0 0 1,
  0 0 1,0 0 1,
  0 0 1,0 0 1,
  0 0 1,0 0 1,
  0 0 1,0 0 1,
  0 0 1,0 0 1,
  0 0 1,0 0 1,
  0 0 1,0 0 1,
  0 0 1,0 0 1,
  0 0 1,0 0 1,
  0 0 1,0 0 1,
  0 0 1,0 0 1,
  0 0 1,0 0 1,
  0 0 1,0 0 1,
  0 0 1,0 0 1,
  0 0 1,0 0 1,
  0 0 1,0 0 1,
  0 0 1,0 0 1,
  0 0 1,0 0 1,
  0 0 1,0 0 1,
  0 0 1,0 0 1,
  0 0 1,0 0 1,
  0 0 1,0 0 1,
  0 0 1,0 0 1,
  0 0 1,0 0 1,
  0 0 1,0 0 1,
  0 0 1,0 0 1,
  0 0 1] }
}
}
] }
] }
